table,G_order,G_solvable,false_characters,findall,run_started_at_utc,julia_version,oscar_version,fs2_git_revision,gap_version,ctbllib_version,scan_id,scan_total,scan_index,logged_at_utc
(11:5xD12).2,1320,true,0,true,2026-08-10T06:59:57.615Z,1.12.6,1.9.0-DEV,428070c0f9ad,4.16.0,1.3.11,ctbllib-fs2-q2-findall,2397,1,2026-08-10T07:00:05.04Z
(11:5xM12):2,10454400,false,0,true,2026-08-10T06:59:57.615Z,1.12.6,1.9.0-DEV,428070c0f9ad,4.16.0,1.3.11,ctbllib-fs2-q2-findall,2397,2,2026-08-10T07:00:07.247Z
(13:6xA4).2,1872,true,0,true,2026-08-10T06:59:57.615Z,1.12.6,1.9.0-DEV,428070c0f9ad,4.16.0,1.3.11,ctbllib-fs2-q2-findall,2397,3,2026-08-10T07:00:10.711Z
(13:6xL3(3)).2,876096,false,0,true,2026-08-10T06:59:57.615Z,1.12.6,1.9.0-DEV,428070c0f9ad,4.16.0,1.3.11,ctbllib-fs2-q2-findall,2397,4,2026-08-10T07:00:11.088Z
(2.A4x2.G2(4)).2,24153292800,false,0,true,2026-08-10T06:59:57.615Z,1.12.6,1.9.0-DEV,428070c0f9ad,4.16.0,1.3.11,ctbllib-fs2-q2-findall,2397,5,2026-08-10T07:00:11.809Z
(2.A4x3).2,144,true,0,true,2026-08-10T06:59:57.615Z,1.12.6,1.9.0-DEV,428070c0f9ad,4.16.0,1.3.11,ctbllib-fs2-q2-findall,2397,6,2026-08-10T07:00:11.954Z
(2.A5x2.J2).2,290304000,false,0,true,2026-08-10T06:59:57.615Z,1.12.6,1.9.0-DEV,428070c0f9ad,4.16.0,1.3.11,ctbllib-fs2-q2-findall,2397,7,2026-08-10T07:00:13.832Z
(2.A5x3).2,720,false,0,true,2026-08-10T06:59:57.615Z,1.12.6,1.9.0-DEV,428070c0f9ad,4.16.0,1.3.11,ctbllib-fs2-q2-findall,2397,8,2026-08-10T07:00:13.921Z
(2.A5xA5):2,14400,false,0,true,2026-08-10T06:59:57.615Z,1.12.6,1.9.0-DEV,428070c0f9ad,4.16.0,1.3.11,ctbllib-fs2-q2-findall,2397,9,2026-08-10T07:00:13.985Z
(2.A5xD10).2,2400,false,0,true,2026-08-10T06:59:57.615Z,1.12.6,1.9.0-DEV,428070c0f9ad,4.16.0,1.3.11,ctbllib-fs2-q2-findall,2397,10,2026-08-10T07:00:14.085Z
(2.A6x3).2_1,4320,false,0,true,2026-08-10T06:59:57.615Z,1.12.6,1.9.0-DEV,428070c0f9ad,4.16.0,1.3.11,ctbllib-fs2-q2-findall,2397,11,2026-08-10T07:00:14.173Z
(2.A6xU3(3)).2,8709120,false,0,true,2026-08-10T06:59:57.615Z,1.12.6,1.9.0-DEV,428070c0f9ad,4.16.0,1.3.11,ctbllib-fs2-q2-findall,2397,12,2026-08-10T07:00:14.663Z
(2.A7x3).2,30240,false,0,true,2026-08-10T06:59:57.615Z,1.12.6,1.9.0-DEV,428070c0f9ad,4.16.0,1.3.11,ctbllib-fs2-q2-findall,2397,13,2026-08-10T07:00:14.764Z
(2.A7xL2(7)).2,1693440,false,0,true,2026-08-10T06:59:57.615Z,1.12.6,1.9.0-DEV,428070c0f9ad,4.16.0,1.3.11,ctbllib-fs2-q2-findall,2397,14,2026-08-10T07:00:15.354Z
(2.A8x3).2,241920,false,0,true,2026-08-10T06:59:57.615Z,1.12.6,1.9.0-DEV,428070c0f9ad,4.16.0,1.3.11,ctbllib-fs2-q2-findall,2397,15,2026-08-10T07:00:15.492Z
(2.A9x3).2,2177280,false,0,true,2026-08-10T06:59:57.615Z,1.12.6,1.9.0-DEV,428070c0f9ad,4.16.0,1.3.11,ctbllib-fs2-q2-findall,2397,16,2026-08-10T07:00:15.597Z
(2.D10x3.A6).2_3,43200,false,0,true,2026-08-10T06:59:57.615Z,1.12.6,1.9.0-DEV,428070c0f9ad,4.16.0,1.3.11,ctbllib-fs2-q2-findall,2397,17,2026-08-10T07:00:16.386Z
(2.D10xA6).2,14400,false,0,true,2026-08-10T06:59:57.615Z,1.12.6,1.9.0-DEV,428070c0f9ad,4.16.0,1.3.11,ctbllib-fs2-q2-findall,2397,18,2026-08-10T07:00:17.046Z
"(2^(1+4)x3).GO+(4,2)",6912,true,0,true,2026-08-10T06:59:57.615Z,1.12.6,1.9.0-DEV,428070c0f9ad,4.16.0,1.3.11,ctbllib-fs2-q2-findall,2397,19,2026-08-10T07:00:17.354Z
(2^(1+8).2^3)a.L3(2),688128,false,0,true,2026-08-10T06:59:57.615Z,1.12.6,1.9.0-DEV,428070c0f9ad,4.16.0,1.3.11,ctbllib-fs2-q2-findall,2397,20,2026-08-10T07:00:17.414Z
(2^(1+8).2^3)b.L3(2),688128,false,0,true,2026-08-10T06:59:57.615Z,1.12.6,1.9.0-DEV,428070c0f9ad,4.16.0,1.3.11,ctbllib-fs2-q2-findall,2397,21,2026-08-10T07:00:17.44Z
(2^(1+8)x2^6):S6(2),47563407360,false,1,true,2026-08-10T06:59:57.615Z,1.12.6,1.9.0-DEV,428070c0f9ad,4.16.0,1.3.11,ctbllib-fs2-q2-findall,2397,22,2026-08-10T07:00:19.035Z
(2^2x11:5).2,440,true,0,true,2026-08-10T06:59:57.615Z,1.12.6,1.9.0-DEV,428070c0f9ad,4.16.0,1.3.11,ctbllib-fs2-q2-findall,2397,23,2026-08-10T07:00:19.587Z
(2^2x13:4):3,624,true,0,true,2026-08-10T06:59:57.615Z,1.12.6,1.9.0-DEV,428070c0f9ad,4.16.0,1.3.11,ctbllib-fs2-q2-findall,2397,24,2026-08-10T07:00:19.63Z
(2^2x2^(1+8)).(3xU4(2)).2,318504960,false,0,true,2026-08-10T06:59:57.615Z,1.12.6,1.9.0-DEV,428070c0f9ad,4.16.0,1.3.11,ctbllib-fs2-q2-findall,2397,25,2026-08-10T07:00:19.78Z
(2^2x3).(3^(1+4).[2^7.3]),1119744,true,0,true,2026-08-10T06:59:57.615Z,1.12.6,1.9.0-DEV,428070c0f9ad,4.16.0,1.3.11,ctbllib-fs2-q2-findall,2397,26,2026-08-10T07:00:21.19Z
(2^2x3).2,24,true,0,true,2026-08-10T06:59:57.615Z,1.12.6,1.9.0-DEV,428070c0f9ad,4.16.0,1.3.11,ctbllib-fs2-q2-findall,2397,27,2026-08-10T07:00:21.249Z
(2^2x3).2E6(2),918389756205298247270400,false,0,true,2026-08-10T06:59:57.615Z,1.12.6,1.9.0-DEV,428070c0f9ad,4.16.0,1.3.11,ctbllib-fs2-q2-findall,2397,28,2026-08-10T07:00:26.428Z
(2^2x3).2E6(2).2,1836779512410596494540800,false,0,true,2026-08-10T06:59:57.615Z,1.12.6,1.9.0-DEV,428070c0f9ad,4.16.0,1.3.11,ctbllib-fs2-q2-findall,2397,29,2026-08-10T07:00:28.718Z
(2^2x3).L3(4),241920,false,0,true,2026-08-10T06:59:57.615Z,1.12.6,1.9.0-DEV,428070c0f9ad,4.16.0,1.3.11,ctbllib-fs2-q2-findall,2397,30,2026-08-10T07:00:28.803Z
(2^2x3).L3(4).2_1,483840,false,0,true,2026-08-10T06:59:57.615Z,1.12.6,1.9.0-DEV,428070c0f9ad,4.16.0,1.3.11,ctbllib-fs2-q2-findall,2397,31,2026-08-10T07:00:28.872Z
(2^2x3).L3(4).2_2,483840,false,0,true,2026-08-10T06:59:57.615Z,1.12.6,1.9.0-DEV,428070c0f9ad,4.16.0,1.3.11,ctbllib-fs2-q2-findall,2397,32,2026-08-10T07:00:28.898Z
(2^2x3).L3(4).2_3,483840,false,0,true,2026-08-10T06:59:57.615Z,1.12.6,1.9.0-DEV,428070c0f9ad,4.16.0,1.3.11,ctbllib-fs2-q2-findall,2397,33,2026-08-10T07:00:28.921Z
(2^2x3).L3(4).3,725760,false,0,true,2026-08-10T06:59:57.615Z,1.12.6,1.9.0-DEV,428070c0f9ad,4.16.0,1.3.11,ctbllib-fs2-q2-findall,2397,34,2026-08-10T07:00:29.052Z
(2^2x3).U6(2),110361968640,false,0,true,2026-08-10T06:59:57.615Z,1.12.6,1.9.0-DEV,428070c0f9ad,4.16.0,1.3.11,ctbllib-fs2-q2-findall,2397,35,2026-08-10T07:00:30.076Z
(2^2x3).U6(2).2,220723937280,false,0,true,2026-08-10T06:59:57.615Z,1.12.6,1.9.0-DEV,428070c0f9ad,4.16.0,1.3.11,ctbllib-fs2-q2-findall,2397,36,2026-08-10T07:00:30.245Z
(2^2x3).U6(2).3,331085905920,false,0,true,2026-08-10T06:59:57.615Z,1.12.6,1.9.0-DEV,428070c0f9ad,4.16.0,1.3.11,ctbllib-fs2-q2-findall,2397,37,2026-08-10T07:00:31.568Z
(2^2x3).U6(2)M3,123863040,false,0,true,2026-08-10T06:59:57.615Z,1.12.6,1.9.0-DEV,428070c0f9ad,4.16.0,1.3.11,ctbllib-fs2-q2-findall,2397,38,2026-08-10T07:00:33.158Z
(2^2x3^4).2^3.S4,62208,true,0,true,2026-08-10T06:59:57.615Z,1.12.6,1.9.0-DEV,428070c0f9ad,4.16.0,1.3.11,ctbllib-fs2-q2-findall,2397,39,2026-08-10T07:00:33.222Z
(2^2x4).2^5.S3,3072,true,0,true,2026-08-10T06:59:57.615Z,1.12.6,1.9.0-DEV,428070c0f9ad,4.16.0,1.3.11,ctbllib-fs2-q2-findall,2397,40,2026-08-10T07:00:33.499Z
(2^2xA5):2,480,false,0,true,2026-08-10T06:59:57.615Z,1.12.6,1.9.0-DEV,428070c0f9ad,4.16.0,1.3.11,ctbllib-fs2-q2-findall,2397,41,2026-08-10T07:00:33.571Z
(2^2xD14):3,168,true,0,true,2026-08-10T06:59:57.615Z,1.12.6,1.9.0-DEV,428070c0f9ad,4.16.0,1.3.11,ctbllib-fs2-q2-findall,2397,42,2026-08-10T07:00:33.609Z
(2^2xF4(2)):2,26489012826931200,false,0,true,2026-08-10T06:59:57.615Z,1.12.6,1.9.0-DEV,428070c0f9ad,4.16.0,1.3.11,ctbllib-fs2-q2-findall,2397,43,2026-08-10T07:00:34.554Z
(2^2xSz(8)):3,349440,false,0,true,2026-08-10T06:59:57.615Z,1.12.6,1.9.0-DEV,428070c0f9ad,4.16.0,1.3.11,ctbllib-fs2-q2-findall,2397,44,2026-08-10T07:00:34.617Z
(2^2xU4(2)):2,207360,false,0,true,2026-08-10T06:59:57.615Z,1.12.6,1.9.0-DEV,428070c0f9ad,4.16.0,1.3.11,ctbllib-fs2-q2-findall,2397,45,2026-08-10T07:00:34.76Z
(2^4:A4xA4).2,4608,true,0,true,2026-08-10T06:59:57.615Z,1.12.6,1.9.0-DEV,428070c0f9ad,4.16.0,1.3.11,ctbllib-fs2-q2-findall,2397,46,2026-08-10T07:00:35.374Z
(2^4:S5x3).2,11520,false,0,true,2026-08-10T06:59:57.615Z,1.12.6,1.9.0-DEV,428070c0f9ad,4.16.0,1.3.11,ctbllib-fs2-q2-findall,2397,47,2026-08-10T07:00:35.71Z
(2^5.2^6)a.(S3xL3(2)),2064384,false,0,true,2026-08-10T06:59:57.615Z,1.12.6,1.9.0-DEV,428070c0f9ad,4.16.0,1.3.11,ctbllib-fs2-q2-findall,2397,48,2026-08-10T07:00:35.995Z
(2^5.2^6)b.(L3(2)xS3),2064384,false,0,true,2026-08-10T06:59:57.615Z,1.12.6,1.9.0-DEV,428070c0f9ad,4.16.0,1.3.11,ctbllib-fs2-q2-findall,2397,49,2026-08-10T07:00:36.022Z
(2^5.2^6.2^2)a.S3^2,294912,true,0,true,2026-08-10T06:59:57.615Z,1.12.6,1.9.0-DEV,428070c0f9ad,4.16.0,1.3.11,ctbllib-fs2-q2-findall,2397,50,2026-08-10T07:00:36.051Z
(2^5.2^6.2^2)b.S3^2,294912,true,0,true,2026-08-10T06:59:57.615Z,1.12.6,1.9.0-DEV,428070c0f9ad,4.16.0,1.3.11,ctbllib-fs2-q2-findall,2397,51,2026-08-10T07:00:36.079Z
(2^6x2^8):S6(2),23781703680,false,1,true,2026-08-10T06:59:57.615Z,1.12.6,1.9.0-DEV,428070c0f9ad,4.16.0,1.3.11,ctbllib-fs2-q2-findall,2397,52,2026-08-10T07:00:36.239Z
(2x12).L3(4),483840,false,0,true,2026-08-10T06:59:57.615Z,1.12.6,1.9.0-DEV,428070c0f9ad,4.16.0,1.3.11,ctbllib-fs2-q2-findall,2397,53,2026-08-10T07:00:36.397Z
(2x13).6,156,true,0,true,2026-08-10T06:59:57.615Z,1.12.6,1.9.0-DEV,428070c0f9ad,4.16.0,1.3.11,ctbllib-fs2-q2-findall,2397,54,2026-08-10T07:00:36.412Z
(2x17).8,272,true,0,true,2026-08-10T06:59:57.615Z,1.12.6,1.9.0-DEV,428070c0f9ad,4.16.0,1.3.11,ctbllib-fs2-q2-findall,2397,55,2026-08-10T07:00:36.422Z
(2x2.(A5xA5)):2^2,57600,false,0,true,2026-08-10T06:59:57.615Z,1.12.6,1.9.0-DEV,428070c0f9ad,4.16.0,1.3.11,ctbllib-fs2-q2-findall,2397,56,2026-08-10T07:00:37.573Z
(2x29).14,812,true,0,true,2026-08-10T06:59:57.615Z,1.12.6,1.9.0-DEV,428070c0f9ad,4.16.0,1.3.11,ctbllib-fs2-q2-findall,2397,57,2026-08-10T07:00:37.6Z
(2x2^(1+6)_+).A8,5160960,false,0,true,2026-08-10T06:59:57.615Z,1.12.6,1.9.0-DEV,428070c0f9ad,4.16.0,1.3.11,ctbllib-fs2-q2-findall,2397,58,2026-08-10T07:00:37.668Z
(2x2^(1+8)):(U4(2):2x2),106168320,false,0,true,2026-08-10T06:59:57.615Z,1.12.6,1.9.0-DEV,428070c0f9ad,4.16.0,1.3.11,ctbllib-fs2-q2-findall,2397,59,2026-08-10T07:00:37.872Z
(2x2^(1+8)):U4(2):2,53084160,false,0,true,2026-08-10T06:59:57.615Z,1.12.6,1.9.0-DEV,428070c0f9ad,4.16.0,1.3.11,ctbllib-fs2-q2-findall,2397,60,2026-08-10T07:00:37.919Z
(2x2^(1+8)_+).2.2^4.(S3xS3),1179648,true,0,true,2026-08-10T06:59:57.615Z,1.12.6,1.9.0-DEV,428070c0f9ad,4.16.0,1.3.11,ctbllib-fs2-q2-findall,2397,61,2026-08-10T07:00:38.263Z
(2x2^(1+8)_+).O8+(2),178362777600,false,2,true,2026-08-10T06:59:57.615Z,1.12.6,1.9.0-DEV,428070c0f9ad,4.16.0,1.3.11,ctbllib-fs2-q2-findall,2397,62,2026-08-10T07:00:38.866Z
(2x3.A6).2,4320,false,0,true,2026-08-10T06:59:57.615Z,1.12.6,1.9.0-DEV,428070c0f9ad,4.16.0,1.3.11,ctbllib-fs2-q2-findall,2397,63,2026-08-10T07:00:38.926Z
(2x3^(1+2)_+:8):2,864,true,0,true,2026-08-10T06:59:57.615Z,1.12.6,1.9.0-DEV,428070c0f9ad,4.16.0,1.3.11,ctbllib-fs2-q2-findall,2397,64,2026-08-10T07:00:38.967Z
(2x3^3).S4,1296,true,0,true,2026-08-10T06:59:57.615Z,1.12.6,1.9.0-DEV,428070c0f9ad,4.16.0,1.3.11,ctbllib-fs2-q2-findall,2397,65,2026-08-10T07:00:38.981Z
(2x3^3).S4`,1296,true,0,true,2026-08-10T06:59:57.615Z,1.12.6,1.9.0-DEV,428070c0f9ad,4.16.0,1.3.11,ctbllib-fs2-q2-findall,2397,66,2026-08-10T07:00:39.061Z
(2x3^4:2^3).S4,31104,true,0,true,2026-08-10T06:59:57.615Z,1.12.6,1.9.0-DEV,428070c0f9ad,4.16.0,1.3.11,ctbllib-fs2-q2-findall,2397,67,2026-08-10T07:00:39.107Z
(2x3^5).U4(2).2,25194240,false,0,true,2026-08-10T06:59:57.615Z,1.12.6,1.9.0-DEV,428070c0f9ad,4.16.0,1.3.11,ctbllib-fs2-q2-findall,2397,68,2026-08-10T07:00:39.215Z
(2x4).L3(4),161280,false,0,true,2026-08-10T06:59:57.615Z,1.12.6,1.9.0-DEV,428070c0f9ad,4.16.0,1.3.11,ctbllib-fs2-q2-findall,2397,69,2026-08-10T07:00:39.254Z
(2x4^2).2^4.S3,3072,true,0,true,2026-08-10T06:59:57.615Z,1.12.6,1.9.0-DEV,428070c0f9ad,4.16.0,1.3.11,ctbllib-fs2-q2-findall,2397,70,2026-08-10T07:00:39.538Z
(2x5^2).12,600,true,0,true,2026-08-10T06:59:57.615Z,1.12.6,1.9.0-DEV,428070c0f9ad,4.16.0,1.3.11,ctbllib-fs2-q2-findall,2397,71,2026-08-10T07:00:39.563Z
(2xA6).2^2,2880,false,0,true,2026-08-10T06:59:57.615Z,1.12.6,1.9.0-DEV,428070c0f9ad,4.16.0,1.3.11,ctbllib-fs2-q2-findall,2397,72,2026-08-10T07:00:39.636Z
(2xA6).2_3,1440,false,0,true,2026-08-10T06:59:57.615Z,1.12.6,1.9.0-DEV,428070c0f9ad,4.16.0,1.3.11,ctbllib-fs2-q2-findall,2397,73,2026-08-10T07:00:39.68Z
(2xA6.2^2).2,5760,false,0,true,2026-08-10T06:59:57.615Z,1.12.6,1.9.0-DEV,428070c0f9ad,4.16.0,1.3.11,ctbllib-fs2-q2-findall,2397,74,2026-08-10T07:00:39.748Z
(2xL3(2)).2,672,false,0,true,2026-08-10T06:59:57.615Z,1.12.6,1.9.0-DEV,428070c0f9ad,4.16.0,1.3.11,ctbllib-fs2-q2-findall,2397,75,2026-08-10T07:00:39.781Z
(2xL3(3)).2,22464,false,0,true,2026-08-10T06:59:57.615Z,1.12.6,1.9.0-DEV,428070c0f9ad,4.16.0,1.3.11,ctbllib-fs2-q2-findall,2397,76,2026-08-10T07:00:39.855Z
(2xO8+(3)).S4,237704631091200,false,0,true,2026-08-10T06:59:57.615Z,1.12.6,1.9.0-DEV,428070c0f9ad,4.16.0,1.3.11,ctbllib-fs2-q2-findall,2397,77,2026-08-10T07:00:40.456Z
(3.A6.2_2xA5):2,259200,false,0,true,2026-08-10T06:59:57.615Z,1.12.6,1.9.0-DEV,428070c0f9ad,4.16.0,1.3.11,ctbllib-fs2-q2-findall,2397,78,2026-08-10T07:00:40.657Z
(3.A6x2.A5).2,259200,false,0,true,2026-08-10T06:59:57.615Z,1.12.6,1.9.0-DEV,428070c0f9ad,4.16.0,1.3.11,ctbllib-fs2-q2-findall,2397,79,2026-08-10T07:00:40.833Z
(3.A6xA5):2,129600,false,0,true,2026-08-10T06:59:57.615Z,1.12.6,1.9.0-DEV,428070c0f9ad,4.16.0,1.3.11,ctbllib-fs2-q2-findall,2397,80,2026-08-10T07:00:42.041Z
(3^(1+2)+x3^2):2S4,11664,true,0,true,2026-08-10T06:59:57.615Z,1.12.6,1.9.0-DEV,428070c0f9ad,4.16.0,1.3.11,ctbllib-fs2-q2-findall,2397,81,2026-08-10T07:00:42.052Z
(3^(1+2):2^2xG2(3)):2,917070336,false,0,true,2026-08-10T06:59:57.615Z,1.12.6,1.9.0-DEV,428070c0f9ad,4.16.0,1.3.11,ctbllib-fs2-q2-findall,2397,82,2026-08-10T07:00:42.411Z
(3^(1+2):4x2.A6).2,155520,false,0,true,2026-08-10T06:59:57.615Z,1.12.6,1.9.0-DEV,428070c0f9ad,4.16.0,1.3.11,ctbllib-fs2-q2-findall,2397,83,2026-08-10T07:00:42.685Z
(3^(1+2):4xA6).2,77760,false,0,true,2026-08-10T06:59:57.615Z,1.12.6,1.9.0-DEV,428070c0f9ad,4.16.0,1.3.11,ctbllib-fs2-q2-findall,2397,84,2026-08-10T07:00:42.905Z
(3^(1+2):4xD10).2,2160,true,0,true,2026-08-10T06:59:57.615Z,1.12.6,1.9.0-DEV,428070c0f9ad,4.16.0,1.3.11,ctbllib-fs2-q2-findall,2397,85,2026-08-10T07:00:43.306Z
(3^(1+2):8x2.A6).2,311040,false,0,true,2026-08-10T06:59:57.615Z,1.12.6,1.9.0-DEV,428070c0f9ad,4.16.0,1.3.11,ctbllib-fs2-q2-findall,2397,86,2026-08-10T07:00:44.079Z
(3^(1+2):8xA6).2,155520,false,0,true,2026-08-10T06:59:57.615Z,1.12.6,1.9.0-DEV,428070c0f9ad,4.16.0,1.3.11,ctbllib-fs2-q2-findall,2397,87,2026-08-10T07:00:44.24Z
(3^(1+2)_+:2x13:6).2,8424,true,0,true,2026-08-10T06:59:57.615Z,1.12.6,1.9.0-DEV,428070c0f9ad,4.16.0,1.3.11,ctbllib-fs2-q2-findall,2397,88,2026-08-10T07:00:44.73Z
(3^(1+2)x2).SD16,864,true,0,true,2026-08-10T06:59:57.615Z,1.12.6,1.9.0-DEV,428070c0f9ad,4.16.0,1.3.11,ctbllib-fs2-q2-findall,2397,89,2026-08-10T07:00:44.782Z
(3^(1+6).3)a.2.S4,314928,true,0,true,2026-08-10T06:59:57.615Z,1.12.6,1.9.0-DEV,428070c0f9ad,4.16.0,1.3.11,ctbllib-fs2-q2-findall,2397,90,2026-08-10T07:00:45.247Z
(3^2:2x13:6).2,2808,true,0,true,2026-08-10T06:59:57.615Z,1.12.6,1.9.0-DEV,428070c0f9ad,4.16.0,1.3.11,ctbllib-fs2-q2-findall,2397,91,2026-08-10T07:00:45.336Z
(3^2:2xG2(3)).2,152845056,false,0,true,2026-08-10T06:59:57.615Z,1.12.6,1.9.0-DEV,428070c0f9ad,4.16.0,1.3.11,ctbllib-fs2-q2-findall,2397,92,2026-08-10T07:00:45.471Z
(3^2:2xO8+(3)).S4,2139341679820800,false,0,true,2026-08-10T06:59:57.615Z,1.12.6,1.9.0-DEV,428070c0f9ad,4.16.0,1.3.11,ctbllib-fs2-q2-findall,2397,93,2026-08-10T07:00:46.07Z
(3^2:4x2.A6).2,51840,false,0,true,2026-08-10T06:59:57.615Z,1.12.6,1.9.0-DEV,428070c0f9ad,4.16.0,1.3.11,ctbllib-fs2-q2-findall,2397,94,2026-08-10T07:00:46.214Z
(3^2:4xA6).2^2,51840,false,0,true,2026-08-10T06:59:57.615Z,1.12.6,1.9.0-DEV,428070c0f9ad,4.16.0,1.3.11,ctbllib-fs2-q2-findall,2397,95,2026-08-10T07:00:46.276Z
(3^2:4xD10).2,720,true,0,true,2026-08-10T06:59:57.615Z,1.12.6,1.9.0-DEV,428070c0f9ad,4.16.0,1.3.11,ctbllib-fs2-q2-findall,2397,96,2026-08-10T07:00:46.623Z
(3^2:4xa6).2,25920,false,0,true,2026-08-10T06:59:57.615Z,1.12.6,1.9.0-DEV,428070c0f9ad,4.16.0,1.3.11,ctbllib-fs2-q2-findall,2397,97,2026-08-10T07:00:46.763Z
(3^2:8xA6).2,51840,false,0,true,2026-08-10T06:59:57.615Z,1.12.6,1.9.0-DEV,428070c0f9ad,4.16.0,1.3.11,ctbllib-fs2-q2-findall,2397,98,2026-08-10T07:00:46.835Z
(3^2:D8xD10).2,1440,true,0,true,2026-08-10T06:59:57.615Z,1.12.6,1.9.0-DEV,428070c0f9ad,4.16.0,1.3.11,ctbllib-fs2-q2-findall,2397,99,2026-08-10T07:00:48.244Z
(3^2:D8xU4(3).2^2).2,1881169920,false,0,true,2026-08-10T06:59:57.615Z,1.12.6,1.9.0-DEV,428070c0f9ad,4.16.0,1.3.11,ctbllib-fs2-q2-findall,2397,100,2026-08-10T07:00:49.097Z
(3^2x2).U4(3),58786560,false,0,true,2026-08-10T06:59:57.615Z,1.12.6,1.9.0-DEV,428070c0f9ad,4.16.0,1.3.11,ctbllib-fs2-q2-findall,2397,101,2026-08-10T07:00:49.795Z
(3^2x2).U4(3).2_3',117573120,false,0,true,2026-08-10T06:59:57.615Z,1.12.6,1.9.0-DEV,428070c0f9ad,4.16.0,1.3.11,ctbllib-fs2-q2-findall,2397,102,2026-08-10T07:00:49.933Z
(3^2x2).U4(3).D8,470292480,false,0,true,2026-08-10T06:59:57.615Z,1.12.6,1.9.0-DEV,428070c0f9ad,4.16.0,1.3.11,ctbllib-fs2-q2-findall,2397,103,2026-08-10T07:00:50.299Z
(3^2x4).U4(3),117573120,false,0,true,2026-08-10T06:59:57.615Z,1.12.6,1.9.0-DEV,428070c0f9ad,4.16.0,1.3.11,ctbllib-fs2-q2-findall,2397,104,2026-08-10T07:00:51.75Z
(3x13:6).2,468,true,0,true,2026-08-10T06:59:57.615Z,1.12.6,1.9.0-DEV,428070c0f9ad,4.16.0,1.3.11,ctbllib-fs2-q2-findall,2397,105,2026-08-10T07:00:51.859Z
(3x2.D10).2,120,true,0,true,2026-08-10T06:59:57.615Z,1.12.6,1.9.0-DEV,428070c0f9ad,4.16.0,1.3.11,ctbllib-fs2-q2-findall,2397,106,2026-08-10T07:00:52.406Z
(3x2.U4(2)):2,311040,false,0,true,2026-08-10T06:59:57.615Z,1.12.6,1.9.0-DEV,428070c0f9ad,4.16.0,1.3.11,ctbllib-fs2-q2-findall,2397,107,2026-08-10T07:00:52.491Z
(3x2S5).2,1440,false,0,true,2026-08-10T06:59:57.615Z,1.12.6,1.9.0-DEV,428070c0f9ad,4.16.0,1.3.11,ctbllib-fs2-q2-findall,2397,108,2026-08-10T07:00:52.53Z
(3x2^(1+6)_-.U4(2)).2,19906560,false,0,true,2026-08-10T06:59:57.615Z,1.12.6,1.9.0-DEV,428070c0f9ad,4.16.0,1.3.11,ctbllib-fs2-q2-findall,2397,109,2026-08-10T07:00:53.893Z
(3x2^(2+8):(A5xS3)).2,2211840,false,0,true,2026-08-10T06:59:57.615Z,1.12.6,1.9.0-DEV,428070c0f9ad,4.16.0,1.3.11,ctbllib-fs2-q2-findall,2397,110,2026-08-10T07:00:54.006Z
(3x2^(4+6):3A6).2,6635520,false,0,true,2026-08-10T06:59:57.615Z,1.12.6,1.9.0-DEV,428070c0f9ad,4.16.0,1.3.11,ctbllib-fs2-q2-findall,2397,111,2026-08-10T07:00:54.109Z
(3x3^(1+2)+:2A4).2,3888,true,0,true,2026-08-10T06:59:57.615Z,1.12.6,1.9.0-DEV,428070c0f9ad,4.16.0,1.3.11,ctbllib-fs2-q2-findall,2397,112,2026-08-10T07:00:54.426Z
(3x3^3:S3):2,972,true,0,true,2026-08-10T06:59:57.615Z,1.12.6,1.9.0-DEV,428070c0f9ad,4.16.0,1.3.11,ctbllib-fs2-q2-findall,2397,113,2026-08-10T07:00:54.993Z
(3xA6).2_1,2160,false,0,true,2026-08-10T06:59:57.615Z,1.12.6,1.9.0-DEV,428070c0f9ad,4.16.0,1.3.11,ctbllib-fs2-q2-findall,2397,114,2026-08-10T07:00:55.058Z
(3xD10).2,60,true,0,true,2026-08-10T06:59:57.615Z,1.12.6,1.9.0-DEV,428070c0f9ad,4.16.0,1.3.11,ctbllib-fs2-q2-findall,2397,115,2026-08-10T07:00:55.097Z
(3xG2(3)):2,25474176,false,0,true,2026-08-10T06:59:57.615Z,1.12.6,1.9.0-DEV,428070c0f9ad,4.16.0,1.3.11,ctbllib-fs2-q2-findall,2397,116,2026-08-10T07:00:55.192Z
(3xG2(4)).2,1509580800,false,0,true,2026-08-10T06:59:57.615Z,1.12.6,1.9.0-DEV,428070c0f9ad,4.16.0,1.3.11,ctbllib-fs2-q2-findall,2397,117,2026-08-10T07:00:55.348Z
(3xL2(16):2).2,48960,false,0,true,2026-08-10T06:59:57.615Z,1.12.6,1.9.0-DEV,428070c0f9ad,4.16.0,1.3.11,ctbllib-fs2-q2-findall,2397,118,2026-08-10T07:00:55.653Z
(3xL2(25)).2_2,46800,false,0,true,2026-08-10T06:59:57.615Z,1.12.6,1.9.0-DEV,428070c0f9ad,4.16.0,1.3.11,ctbllib-fs2-q2-findall,2397,119,2026-08-10T07:00:55.781Z
(3xL3(4).2_2).2,241920,false,0,true,2026-08-10T06:59:57.615Z,1.12.6,1.9.0-DEV,428070c0f9ad,4.16.0,1.3.11,ctbllib-fs2-q2-findall,2397,120,2026-08-10T07:00:55.834Z
(3xM10):2,4320,false,0,true,2026-08-10T06:59:57.615Z,1.12.6,1.9.0-DEV,428070c0f9ad,4.16.0,1.3.11,ctbllib-fs2-q2-findall,2397,121,2026-08-10T07:00:55.855Z
(3xMcLN2).2,768,true,0,true,2026-08-10T06:59:57.615Z,1.12.6,1.9.0-DEV,428070c0f9ad,4.16.0,1.3.11,ctbllib-fs2-q2-findall,2397,122,2026-08-10T07:00:56.464Z
(3xO8+(2)):2,1045094400,false,0,true,2026-08-10T06:59:57.615Z,1.12.6,1.9.0-DEV,428070c0f9ad,4.16.0,1.3.11,ctbllib-fs2-q2-findall,2397,123,2026-08-10T07:00:56.626Z
(3xO8+(3):3):2,89139236659200,false,0,true,2026-08-10T06:59:57.615Z,1.12.6,1.9.0-DEV,428070c0f9ad,4.16.0,1.3.11,ctbllib-fs2-q2-findall,2397,124,2026-08-10T07:00:57.039Z
(3xO8-(2)):2,1184440320,false,0,true,2026-08-10T06:59:57.615Z,1.12.6,1.9.0-DEV,428070c0f9ad,4.16.0,1.3.11,ctbllib-fs2-q2-findall,2397,125,2026-08-10T07:00:57.157Z
(3xONN2).2,3072,true,0,true,2026-08-10T06:59:57.615Z,1.12.6,1.9.0-DEV,428070c0f9ad,4.16.0,1.3.11,ctbllib-fs2-q2-findall,2397,126,2026-08-10T07:00:57.481Z
"(3xSL(2,3)):2",144,true,0,true,2026-08-10T06:59:57.615Z,1.12.6,1.9.0-DEV,428070c0f9ad,4.16.0,1.3.11,ctbllib-fs2-q2-findall,2397,127,2026-08-10T07:00:57.755Z
(3xU4(2)):2,155520,false,0,true,2026-08-10T06:59:57.615Z,1.12.6,1.9.0-DEV,428070c0f9ad,4.16.0,1.3.11,ctbllib-fs2-q2-findall,2397,128,2026-08-10T07:00:57.826Z
(3xU5(2)).2,82114560,false,0,true,2026-08-10T06:59:57.615Z,1.12.6,1.9.0-DEV,428070c0f9ad,4.16.0,1.3.11,ctbllib-fs2-q2-findall,2397,129,2026-08-10T07:00:58.185Z
(4^2x2)(2xS4),1536,true,0,true,2026-08-10T06:59:57.615Z,1.12.6,1.9.0-DEV,428070c0f9ad,4.16.0,1.3.11,ctbllib-fs2-q2-findall,2397,130,2026-08-10T07:00:58.23Z
(4^2x2).2^3.S3,1536,true,0,true,2026-08-10T06:59:57.615Z,1.12.6,1.9.0-DEV,428070c0f9ad,4.16.0,1.3.11,ctbllib-fs2-q2-findall,2397,131,2026-08-10T07:00:58.498Z
(4^2x2)S4,768,true,0,true,2026-08-10T06:59:57.615Z,1.12.6,1.9.0-DEV,428070c0f9ad,4.16.0,1.3.11,ctbllib-fs2-q2-findall,2397,132,2026-08-10T07:00:58.533Z
(4^2x3).L3(4),967680,false,0,true,2026-08-10T06:59:57.615Z,1.12.6,1.9.0-DEV,428070c0f9ad,4.16.0,1.3.11,ctbllib-fs2-q2-findall,2397,133,2026-08-10T07:00:59.931Z
(4^2x3):S3,288,true,0,true,2026-08-10T06:59:57.615Z,1.12.6,1.9.0-DEV,428070c0f9ad,4.16.0,1.3.11,ctbllib-fs2-q2-findall,2397,134,2026-08-10T07:00:59.967Z
(4x2^2).2^4.S3,1536,true,0,true,2026-08-10T06:59:57.615Z,1.12.6,1.9.0-DEV,428070c0f9ad,4.16.0,1.3.11,ctbllib-fs2-q2-findall,2397,135,2026-08-10T07:01:00.235Z
(4xA6).2^2,5760,false,0,true,2026-08-10T06:59:57.615Z,1.12.6,1.9.0-DEV,428070c0f9ad,4.16.0,1.3.11,ctbllib-fs2-q2-findall,2397,136,2026-08-10T07:01:00.309Z
(4xA6).2_3,2880,false,0,true,2026-08-10T06:59:57.615Z,1.12.6,1.9.0-DEV,428070c0f9ad,4.16.0,1.3.11,ctbllib-fs2-q2-findall,2397,137,2026-08-10T07:01:00.368Z
(4xA6):2,2880,false,0,true,2026-08-10T06:59:57.615Z,1.12.6,1.9.0-DEV,428070c0f9ad,4.16.0,1.3.11,ctbllib-fs2-q2-findall,2397,138,2026-08-10T07:01:00.449Z
(5^2:4S4x2.A5):2,576000,false,0,true,2026-08-10T06:59:57.615Z,1.12.6,1.9.0-DEV,428070c0f9ad,4.16.0,1.3.11,ctbllib-fs2-q2-findall,2397,139,2026-08-10T07:01:00.846Z
(5^2:[2^4]xU3(5)).S3,302400000,false,0,true,2026-08-10T06:59:57.615Z,1.12.6,1.9.0-DEV,428070c0f9ad,4.16.0,1.3.11,ctbllib-fs2-q2-findall,2397,140,2026-08-10T07:01:01.077Z
(7:3x2.A7):2,211680,false,0,true,2026-08-10T06:59:57.615Z,1.12.6,1.9.0-DEV,428070c0f9ad,4.16.0,1.3.11,ctbllib-fs2-q2-findall,2397,141,2026-08-10T07:01:01.483Z
(7:3x2.L3(4).2).2,3386880,false,0,true,2026-08-10T06:59:57.615Z,1.12.6,1.9.0-DEV,428070c0f9ad,4.16.0,1.3.11,ctbllib-fs2-q2-findall,2397,142,2026-08-10T07:01:02.303Z
(7:3x3):2,126,true,0,true,2026-08-10T06:59:57.615Z,1.12.6,1.9.0-DEV,428070c0f9ad,4.16.0,1.3.11,ctbllib-fs2-q2-findall,2397,143,2026-08-10T07:01:02.337Z
(7:3x3):4,252,true,0,true,2026-08-10T06:59:57.615Z,1.12.6,1.9.0-DEV,428070c0f9ad,4.16.0,1.3.11,ctbllib-fs2-q2-findall,2397,144,2026-08-10T07:01:02.61Z
(7:3xA5):2,2520,false,0,true,2026-08-10T06:59:57.615Z,1.12.6,1.9.0-DEV,428070c0f9ad,4.16.0,1.3.11,ctbllib-fs2-q2-findall,2397,145,2026-08-10T07:01:02.685Z
(7:3xA7):2,105840,false,0,true,2026-08-10T06:59:57.615Z,1.12.6,1.9.0-DEV,428070c0f9ad,4.16.0,1.3.11,ctbllib-fs2-q2-findall,2397,146,2026-08-10T07:01:03.057Z
(7:3xHe):2,169276262400,false,0,true,2026-08-10T06:59:57.615Z,1.12.6,1.9.0-DEV,428070c0f9ad,4.16.0,1.3.11,ctbllib-fs2-q2-findall,2397,147,2026-08-10T07:01:03.488Z
(7:3xL2(7)):2,7056,false,0,true,2026-08-10T06:59:57.615Z,1.12.6,1.9.0-DEV,428070c0f9ad,4.16.0,1.3.11,ctbllib-fs2-q2-findall,2397,148,2026-08-10T07:01:03.798Z
(7^2:(3x2A4)xL2(7)).2,1185408,false,0,true,2026-08-10T06:59:57.615Z,1.12.6,1.9.0-DEV,428070c0f9ad,4.16.0,1.3.11,ctbllib-fs2-q2-findall,2397,149,2026-08-10T07:01:04.161Z
(7xL2(7)):2,2352,false,0,true,2026-08-10T06:59:57.615Z,1.12.6,1.9.0-DEV,428070c0f9ad,4.16.0,1.3.11,ctbllib-fs2-q2-findall,2397,150,2026-08-10T07:01:04.198Z
(7xL2(8)).3,10584,false,0,true,2026-08-10T06:59:57.615Z,1.12.6,1.9.0-DEV,428070c0f9ad,4.16.0,1.3.11,ctbllib-fs2-q2-findall,2397,151,2026-08-10T07:01:04.599Z
(9x3).S3,162,true,0,true,2026-08-10T06:59:57.615Z,1.12.6,1.9.0-DEV,428070c0f9ad,4.16.0,1.3.11,ctbllib-fs2-q2-findall,2397,152,2026-08-10T07:01:04.633Z
(A10x3):2,10886400,false,0,true,2026-08-10T06:59:57.615Z,1.12.6,1.9.0-DEV,428070c0f9ad,4.16.0,1.3.11,ctbllib-fs2-q2-findall,2397,153,2026-08-10T07:01:04.746Z
(A4wr2^2):2,165888,true,0,true,2026-08-10T06:59:57.615Z,1.12.6,1.9.0-DEV,428070c0f9ad,4.16.0,1.3.11,ctbllib-fs2-q2-findall,2397,154,2026-08-10T07:01:04.805Z
(A4x11:5).2,1320,true,0,true,2026-08-10T06:59:57.615Z,1.12.6,1.9.0-DEV,428070c0f9ad,4.16.0,1.3.11,ctbllib-fs2-q2-findall,2397,155,2026-08-10T07:01:05.166Z
(A4x2(A4xA4).2).2,13824,true,0,true,2026-08-10T06:59:57.615Z,1.12.6,1.9.0-DEV,428070c0f9ad,4.16.0,1.3.11,ctbllib-fs2-q2-findall,2397,156,2026-08-10T07:01:05.347Z
(A4x3):2,72,true,0,true,2026-08-10T06:59:57.615Z,1.12.6,1.9.0-DEV,428070c0f9ad,4.16.0,1.3.11,ctbllib-fs2-q2-findall,2397,157,2026-08-10T07:01:06.424Z
(A4x3.L3(4)).2,1451520,false,0,true,2026-08-10T06:59:57.615Z,1.12.6,1.9.0-DEV,428070c0f9ad,4.16.0,1.3.11,ctbllib-fs2-q2-findall,2397,158,2026-08-10T07:01:06.574Z
(A4x3.L3(4).2_3).2,2903040,false,0,true,2026-08-10T06:59:57.615Z,1.12.6,1.9.0-DEV,428070c0f9ad,4.16.0,1.3.11,ctbllib-fs2-q2-findall,2397,159,2026-08-10T07:01:06.718Z
(A4x7:3):2,504,true,0,true,2026-08-10T06:59:57.615Z,1.12.6,1.9.0-DEV,428070c0f9ad,4.16.0,1.3.11,ctbllib-fs2-q2-findall,2397,160,2026-08-10T07:01:07.04Z
(A4xA5):2,1440,false,0,true,2026-08-10T06:59:57.615Z,1.12.6,1.9.0-DEV,428070c0f9ad,4.16.0,1.3.11,ctbllib-fs2-q2-findall,2397,161,2026-08-10T07:01:07.12Z
(A4xD10).2,240,true,0,true,2026-08-10T06:59:57.615Z,1.12.6,1.9.0-DEV,428070c0f9ad,4.16.0,1.3.11,ctbllib-fs2-q2-findall,2397,162,2026-08-10T07:01:07.235Z
(A4xG2(4)):2,6038323200,false,0,true,2026-08-10T06:59:57.615Z,1.12.6,1.9.0-DEV,428070c0f9ad,4.16.0,1.3.11,ctbllib-fs2-q2-findall,2397,163,2026-08-10T07:01:07.389Z
(A4xL3(4):2_3):2,967680,false,0,true,2026-08-10T06:59:57.615Z,1.12.6,1.9.0-DEV,428070c0f9ad,4.16.0,1.3.11,ctbllib-fs2-q2-findall,2397,164,2026-08-10T07:01:07.52Z
(A4xO8+(2).3).2,12541132800,false,0,true,2026-08-10T06:59:57.615Z,1.12.6,1.9.0-DEV,428070c0f9ad,4.16.0,1.3.11,ctbllib-fs2-q2-findall,2397,165,2026-08-10T07:01:07.863Z
(A4xU4(2)):2,622080,false,0,true,2026-08-10T06:59:57.615Z,1.12.6,1.9.0-DEV,428070c0f9ad,4.16.0,1.3.11,ctbllib-fs2-q2-findall,2397,166,2026-08-10T07:01:07.966Z
(A5x3):2,360,false,0,true,2026-08-10T06:59:57.615Z,1.12.6,1.9.0-DEV,428070c0f9ad,4.16.0,1.3.11,ctbllib-fs2-q2-findall,2397,167,2026-08-10T07:01:07.974Z
(A5xA12):2,28740096000,false,0,true,2026-08-10T06:59:57.615Z,1.12.6,1.9.0-DEV,428070c0f9ad,4.16.0,1.3.11,ctbllib-fs2-q2-findall,2397,168,2026-08-10T07:01:08.913Z
(A5xA5).(2x4),28800,false,0,true,2026-08-10T06:59:57.615Z,1.12.6,1.9.0-DEV,428070c0f9ad,4.16.0,1.3.11,ctbllib-fs2-q2-findall,2397,169,2026-08-10T07:01:08.968Z
(A5xA5):2,7200,false,0,true,2026-08-10T06:59:57.615Z,1.12.6,1.9.0-DEV,428070c0f9ad,4.16.0,1.3.11,ctbllib-fs2-q2-findall,2397,170,2026-08-10T07:01:09.026Z
(A5xA5):2^2,14400,false,0,true,2026-08-10T06:59:57.615Z,1.12.6,1.9.0-DEV,428070c0f9ad,4.16.0,1.3.11,ctbllib-fs2-q2-findall,2397,171,2026-08-10T07:01:09.063Z
(A5xA5):4,14400,false,0,true,2026-08-10T06:59:57.615Z,1.12.6,1.9.0-DEV,428070c0f9ad,4.16.0,1.3.11,ctbllib-fs2-q2-findall,2397,172,2026-08-10T07:01:09.078Z
(A5xA9):2,21772800,false,0,true,2026-08-10T06:59:57.615Z,1.12.6,1.9.0-DEV,428070c0f9ad,4.16.0,1.3.11,ctbllib-fs2-q2-findall,2397,173,2026-08-10T07:01:09.254Z
(A5xD10).2,1200,false,0,true,2026-08-10T06:59:57.615Z,1.12.6,1.9.0-DEV,428070c0f9ad,4.16.0,1.3.11,ctbllib-fs2-q2-findall,2397,174,2026-08-10T07:01:09.354Z
(A5xJ2):2,72576000,false,0,true,2026-08-10T06:59:57.615Z,1.12.6,1.9.0-DEV,428070c0f9ad,4.16.0,1.3.11,ctbllib-fs2-q2-findall,2397,175,2026-08-10T07:01:09.761Z
(A5xU3(8):3):2,1985679360,false,0,true,2026-08-10T06:59:57.615Z,1.12.6,1.9.0-DEV,428070c0f9ad,4.16.0,1.3.11,ctbllib-fs2-q2-findall,2397,176,2026-08-10T07:01:10.063Z
(A5xU4(2)):2,3110400,false,0,true,2026-08-10T06:59:57.615Z,1.12.6,1.9.0-DEV,428070c0f9ad,4.16.0,1.3.11,ctbllib-fs2-q2-findall,2397,177,2026-08-10T07:01:10.179Z
(A6:2_2xA5).2,86400,false,0,true,2026-08-10T06:59:57.615Z,1.12.6,1.9.0-DEV,428070c0f9ad,4.16.0,1.3.11,ctbllib-fs2-q2-findall,2397,178,2026-08-10T07:01:10.288Z
(A6x2.A5).2,86400,false,0,true,2026-08-10T06:59:57.615Z,1.12.6,1.9.0-DEV,428070c0f9ad,4.16.0,1.3.11,ctbllib-fs2-q2-findall,2397,179,2026-08-10T07:01:10.39Z
(A6xA4).2,8640,false,0,true,2026-08-10T06:59:57.615Z,1.12.6,1.9.0-DEV,428070c0f9ad,4.16.0,1.3.11,ctbllib-fs2-q2-findall,2397,180,2026-08-10T07:01:10.479Z
(A6xA5):2,43200,false,0,true,2026-08-10T06:59:57.615Z,1.12.6,1.9.0-DEV,428070c0f9ad,4.16.0,1.3.11,ctbllib-fs2-q2-findall,2397,181,2026-08-10T07:01:10.544Z
(A6xA6).D8,1036800,false,0,true,2026-08-10T06:59:57.615Z,1.12.6,1.9.0-DEV,428070c0f9ad,4.16.0,1.3.11,ctbllib-fs2-q2-findall,2397,182,2026-08-10T07:01:10.616Z
(A6xA6):2^2,518400,false,0,true,2026-08-10T06:59:57.615Z,1.12.6,1.9.0-DEV,428070c0f9ad,4.16.0,1.3.11,ctbllib-fs2-q2-findall,2397,183,2026-08-10T07:01:10.655Z
(A6xA6xA6).(2xS4),2239488000,false,0,true,2026-08-10T06:59:57.615Z,1.12.6,1.9.0-DEV,428070c0f9ad,4.16.0,1.3.11,ctbllib-fs2-q2-findall,2397,184,2026-08-10T07:01:11.169Z
(A6xU3(3)):2,4354560,false,0,true,2026-08-10T06:59:57.615Z,1.12.6,1.9.0-DEV,428070c0f9ad,4.16.0,1.3.11,ctbllib-fs2-q2-findall,2397,185,2026-08-10T07:01:11.331Z
(A7x(A5xA5):2^2):2,72576000,false,0,true,2026-08-10T06:59:57.615Z,1.12.6,1.9.0-DEV,428070c0f9ad,4.16.0,1.3.11,ctbllib-fs2-q2-findall,2397,186,2026-08-10T07:01:11.85Z
(A7x3).2,15120,false,0,true,2026-08-10T06:59:57.615Z,1.12.6,1.9.0-DEV,428070c0f9ad,4.16.0,1.3.11,ctbllib-fs2-q2-findall,2397,187,2026-08-10T07:01:13.156Z
(A7xA4):2,60480,false,0,true,2026-08-10T06:59:57.615Z,1.12.6,1.9.0-DEV,428070c0f9ad,4.16.0,1.3.11,ctbllib-fs2-q2-findall,2397,188,2026-08-10T07:01:13.244Z
(A7xA5):2,302400,false,0,true,2026-08-10T06:59:57.615Z,1.12.6,1.9.0-DEV,428070c0f9ad,4.16.0,1.3.11,ctbllib-fs2-q2-findall,2397,189,2026-08-10T07:01:13.338Z
(A7xA6):2,1814400,false,0,true,2026-08-10T06:59:57.615Z,1.12.6,1.9.0-DEV,428070c0f9ad,4.16.0,1.3.11,ctbllib-fs2-q2-findall,2397,190,2026-08-10T07:01:13.454Z
(A7xL2(7)):2,846720,false,0,true,2026-08-10T06:59:57.615Z,1.12.6,1.9.0-DEV,428070c0f9ad,4.16.0,1.3.11,ctbllib-fs2-q2-findall,2397,191,2026-08-10T07:01:13.564Z
(A8x3).2,120960,false,0,true,2026-08-10T06:59:57.615Z,1.12.6,1.9.0-DEV,428070c0f9ad,4.16.0,1.3.11,ctbllib-fs2-q2-findall,2397,192,2026-08-10T07:01:13.654Z
(A8xA4):2,483840,false,0,true,2026-08-10T06:59:57.615Z,1.12.6,1.9.0-DEV,428070c0f9ad,4.16.0,1.3.11,ctbllib-fs2-q2-findall,2397,193,2026-08-10T07:01:13.782Z
(A8xA5):2,2419200,false,0,true,2026-08-10T06:59:57.615Z,1.12.6,1.9.0-DEV,428070c0f9ad,4.16.0,1.3.11,ctbllib-fs2-q2-findall,2397,194,2026-08-10T07:01:13.887Z
(A9x3):2,1088640,false,0,true,2026-08-10T06:59:57.615Z,1.12.6,1.9.0-DEV,428070c0f9ad,4.16.0,1.3.11,ctbllib-fs2-q2-findall,2397,195,2026-08-10T07:01:13.986Z
(A9xA4):2,4354560,false,0,true,2026-08-10T06:59:57.615Z,1.12.6,1.9.0-DEV,428070c0f9ad,4.16.0,1.3.11,ctbllib-fs2-q2-findall,2397,196,2026-08-10T07:01:14.125Z
(D10x(A5xA5).2).2,144000,false,0,true,2026-08-10T06:59:57.615Z,1.12.6,1.9.0-DEV,428070c0f9ad,4.16.0,1.3.11,ctbllib-fs2-q2-findall,2397,197,2026-08-10T07:01:14.186Z
(D10x2.(A5xA5).2).2,288000,false,0,true,2026-08-10T06:59:57.615Z,1.12.6,1.9.0-DEV,428070c0f9ad,4.16.0,1.3.11,ctbllib-fs2-q2-findall,2397,198,2026-08-10T07:01:14.882Z
(D10x2^3.L3(2)).2,26880,false,0,true,2026-08-10T06:59:57.615Z,1.12.6,1.9.0-DEV,428070c0f9ad,4.16.0,1.3.11,ctbllib-fs2-q2-findall,2397,199,2026-08-10T07:01:15.667Z
(D10x3.A6).2_3,21600,false,0,true,2026-08-10T06:59:57.615Z,1.12.6,1.9.0-DEV,428070c0f9ad,4.16.0,1.3.11,ctbllib-fs2-q2-findall,2397,200,2026-08-10T07:01:16.051Z
(D10xA6).2,7200,false,0,true,2026-08-10T06:59:57.615Z,1.12.6,1.9.0-DEV,428070c0f9ad,4.16.0,1.3.11,ctbllib-fs2-q2-findall,2397,201,2026-08-10T07:01:16.408Z
(D10xA9).2,3628800,false,0,true,2026-08-10T06:59:57.615Z,1.12.6,1.9.0-DEV,428070c0f9ad,4.16.0,1.3.11,ctbllib-fs2-q2-findall,2397,202,2026-08-10T07:01:16.893Z
(D10xD10).2^2,400,true,0,true,2026-08-10T06:59:57.615Z,1.12.6,1.9.0-DEV,428070c0f9ad,4.16.0,1.3.11,ctbllib-fs2-q2-findall,2397,203,2026-08-10T07:01:17.158Z
(D10xHN).2,5460618240000000,false,0,true,2026-08-10T06:59:57.615Z,1.12.6,1.9.0-DEV,428070c0f9ad,4.16.0,1.3.11,ctbllib-fs2-q2-findall,2397,204,2026-08-10T07:01:17.612Z
(D10xJ2).2,12096000,false,0,true,2026-08-10T06:59:57.615Z,1.12.6,1.9.0-DEV,428070c0f9ad,4.16.0,1.3.11,ctbllib-fs2-q2-findall,2397,205,2026-08-10T07:01:18.196Z
(D10xU3(5)).2,2520000,false,0,true,2026-08-10T06:59:57.615Z,1.12.6,1.9.0-DEV,428070c0f9ad,4.16.0,1.3.11,ctbllib-fs2-q2-findall,2397,206,2026-08-10T07:01:18.327Z
(D10xU3(5)N2).2,320,true,0,true,2026-08-10T06:59:57.615Z,1.12.6,1.9.0-DEV,428070c0f9ad,4.16.0,1.3.11,ctbllib-fs2-q2-findall,2397,207,2026-08-10T07:01:18.943Z
(D8xA6).2^2,11520,false,0,true,2026-08-10T06:59:57.615Z,1.12.6,1.9.0-DEV,428070c0f9ad,4.16.0,1.3.11,ctbllib-fs2-q2-findall,2397,208,2026-08-10T07:01:20.237Z
"(GL(2,3)x2F4(2)').2",1725235200,false,0,true,2026-08-10T06:59:57.615Z,1.12.6,1.9.0-DEV,428070c0f9ad,4.16.0,1.3.11,ctbllib-fs2-q2-findall,2397,209,2026-08-10T07:01:20.438Z
(L2(11)x3).2,3960,false,0,true,2026-08-10T06:59:57.615Z,1.12.6,1.9.0-DEV,428070c0f9ad,4.16.0,1.3.11,ctbllib-fs2-q2-findall,2397,210,2026-08-10T07:01:20.473Z
(L2(11)xL2(11)):4,1742400,false,0,true,2026-08-10T06:59:57.615Z,1.12.6,1.9.0-DEV,428070c0f9ad,4.16.0,1.3.11,ctbllib-fs2-q2-findall,2397,211,2026-08-10T07:01:20.582Z
(L2(11)xM12):2,125452800,false,0,true,2026-08-10T06:59:57.615Z,1.12.6,1.9.0-DEV,428070c0f9ad,4.16.0,1.3.11,ctbllib-fs2-q2-findall,2397,212,2026-08-10T07:01:20.706Z
(L3(2)xL3(2)).4,112896,false,0,true,2026-08-10T06:59:57.615Z,1.12.6,1.9.0-DEV,428070c0f9ad,4.16.0,1.3.11,ctbllib-fs2-q2-findall,2397,213,2026-08-10T07:01:20.748Z
(L3(2)xL3(2)):2,56448,false,0,true,2026-08-10T06:59:57.615Z,1.12.6,1.9.0-DEV,428070c0f9ad,4.16.0,1.3.11,ctbllib-fs2-q2-findall,2397,214,2026-08-10T07:01:20.804Z
(L3(2)xL3(4)).2,6773760,false,0,true,2026-08-10T06:59:57.615Z,1.12.6,1.9.0-DEV,428070c0f9ad,4.16.0,1.3.11,ctbllib-fs2-q2-findall,2397,215,2026-08-10T07:01:21.056Z
(L3(2)xL3(4).2_2).2,13547520,false,0,true,2026-08-10T06:59:57.615Z,1.12.6,1.9.0-DEV,428070c0f9ad,4.16.0,1.3.11,ctbllib-fs2-q2-findall,2397,216,2026-08-10T07:01:21.339Z
(L3(2)xS4(4):2).2,658022400,false,0,true,2026-08-10T06:59:57.615Z,1.12.6,1.9.0-DEV,428070c0f9ad,4.16.0,1.3.11,ctbllib-fs2-q2-findall,2397,217,2026-08-10T07:01:21.587Z
(Q16xU3(3)).2,193536,false,0,true,2026-08-10T06:59:57.615Z,1.12.6,1.9.0-DEV,428070c0f9ad,4.16.0,1.3.11,ctbllib-fs2-q2-findall,2397,218,2026-08-10T07:01:22.593Z
(Q8x13:4):3,1248,true,0,true,2026-08-10T06:59:57.615Z,1.12.6,1.9.0-DEV,428070c0f9ad,4.16.0,1.3.11,ctbllib-fs2-q2-findall,2397,219,2026-08-10T07:01:22.875Z
(Q8xD14):3,336,true,0,true,2026-08-10T06:59:57.615Z,1.12.6,1.9.0-DEV,428070c0f9ad,4.16.0,1.3.11,ctbllib-fs2-q2-findall,2397,220,2026-08-10T07:01:22.885Z
(QD16x2F4(2)').2,575078400,false,0,true,2026-08-10T06:59:57.615Z,1.12.6,1.9.0-DEV,428070c0f9ad,4.16.0,1.3.11,ctbllib-fs2-q2-findall,2397,221,2026-08-10T07:01:23.465Z
(S3x2.Fi22).2,1549482039705600,false,0,true,2026-08-10T06:59:57.615Z,1.12.6,1.9.0-DEV,428070c0f9ad,4.16.0,1.3.11,ctbllib-fs2-q2-findall,2397,222,2026-08-10T07:01:24.923Z
(S3x2.U4(3).2_2).2,156764160,false,0,true,2026-08-10T06:59:57.615Z,1.12.6,1.9.0-DEV,428070c0f9ad,4.16.0,1.3.11,ctbllib-fs2-q2-findall,2397,223,2026-08-10T07:01:26.066Z
(S3xS3):2xS5,8640,false,0,true,2026-08-10T06:59:57.615Z,1.12.6,1.9.0-DEV,428070c0f9ad,4.16.0,1.3.11,ctbllib-fs2-q2-findall,2397,224,2026-08-10T07:01:26.195Z
(S3xS3xA5):2,4320,false,0,true,2026-08-10T06:59:57.615Z,1.12.6,1.9.0-DEV,428070c0f9ad,4.16.0,1.3.11,ctbllib-fs2-q2-findall,2397,225,2026-08-10T07:01:26.233Z
(S3xS3xG2(3)):2,305690112,false,0,true,2026-08-10T06:59:57.615Z,1.12.6,1.9.0-DEV,428070c0f9ad,4.16.0,1.3.11,ctbllib-fs2-q2-findall,2397,226,2026-08-10T07:01:26.478Z
(S5xS5xS5):S3,10368000,false,0,true,2026-08-10T06:59:57.615Z,1.12.6,1.9.0-DEV,428070c0f9ad,4.16.0,1.3.11,ctbllib-fs2-q2-findall,2397,227,2026-08-10T07:01:27.951Z
(S6wr2).2,2073600,false,0,true,2026-08-10T06:59:57.615Z,1.12.6,1.9.0-DEV,428070c0f9ad,4.16.0,1.3.11,ctbllib-fs2-q2-findall,2397,228,2026-08-10T07:01:28.014Z
(S6xL3(4).2).2,58060800,false,0,true,2026-08-10T06:59:57.615Z,1.12.6,1.9.0-DEV,428070c0f9ad,4.16.0,1.3.11,ctbllib-fs2-q2-findall,2397,229,2026-08-10T07:01:28.401Z
(S6xS6).2^2,2073600,false,0,true,2026-08-10T06:59:57.615Z,1.12.6,1.9.0-DEV,428070c0f9ad,4.16.0,1.3.11,ctbllib-fs2-q2-findall,2397,230,2026-08-10T07:01:28.477Z
(S6xS6).4,2073600,false,0,true,2026-08-10T06:59:57.615Z,1.12.6,1.9.0-DEV,428070c0f9ad,4.16.0,1.3.11,ctbllib-fs2-q2-findall,2397,231,2026-08-10T07:01:28.686Z
(S6xS6):2,1036800,false,0,true,2026-08-10T06:59:57.615Z,1.12.6,1.9.0-DEV,428070c0f9ad,4.16.0,1.3.11,ctbllib-fs2-q2-findall,2397,232,2026-08-10T07:01:28.816Z
"(SL(2,3)x7:3).2",1008,true,0,true,2026-08-10T06:59:57.615Z,1.12.6,1.9.0-DEV,428070c0f9ad,4.16.0,1.3.11,ctbllib-fs2-q2-findall,2397,233,2026-08-10T07:01:29.159Z
(SL2(3)x7:3).2,1008,true,0,true,2026-08-10T06:59:57.615Z,1.12.6,1.9.0-DEV,428070c0f9ad,4.16.0,1.3.11,ctbllib-fs2-q2-findall,2397,234,2026-08-10T07:01:29.487Z
"(a4xpsl(3,4)):2",483840,false,0,true,2026-08-10T06:59:57.615Z,1.12.6,1.9.0-DEV,428070c0f9ad,4.16.0,1.3.11,ctbllib-fs2-q2-findall,2397,235,2026-08-10T07:01:29.554Z
(a6xa5).2,43200,false,0,true,2026-08-10T06:59:57.615Z,1.12.6,1.9.0-DEV,428070c0f9ad,4.16.0,1.3.11,ctbllib-fs2-q2-findall,2397,236,2026-08-10T07:01:29.604Z
1/2(8xS3),24,true,0,true,2026-08-10T06:59:57.615Z,1.12.6,1.9.0-DEV,428070c0f9ad,4.16.0,1.3.11,ctbllib-fs2-q2-findall,2397,237,2026-08-10T07:01:29.668Z
109:54,5886,true,0,true,2026-08-10T06:59:57.615Z,1.12.6,1.9.0-DEV,428070c0f9ad,4.16.0,1.3.11,ctbllib-fs2-q2-findall,2397,238,2026-08-10T07:01:30.109Z
10^2:S3,600,true,0,true,2026-08-10T06:59:57.615Z,1.12.6,1.9.0-DEV,428070c0f9ad,4.16.0,1.3.11,ctbllib-fs2-q2-findall,2397,239,2026-08-10T07:01:30.156Z
11+^(1+2):(5x2S4),319440,true,0,true,2026-08-10T06:59:57.615Z,1.12.6,1.9.0-DEV,428070c0f9ad,4.16.0,1.3.11,ctbllib-fs2-q2-findall,2397,240,2026-08-10T07:01:30.211Z
113:56,6328,true,0,true,2026-08-10T06:59:57.615Z,1.12.6,1.9.0-DEV,428070c0f9ad,4.16.0,1.3.11,ctbllib-fs2-q2-findall,2397,241,2026-08-10T07:01:30.298Z
11:10,110,true,0,true,2026-08-10T06:59:57.615Z,1.12.6,1.9.0-DEV,428070c0f9ad,4.16.0,1.3.11,ctbllib-fs2-q2-findall,2397,242,2026-08-10T07:01:30.322Z
11:10xS3,660,true,0,true,2026-08-10T06:59:57.615Z,1.12.6,1.9.0-DEV,428070c0f9ad,4.16.0,1.3.11,ctbllib-fs2-q2-findall,2397,243,2026-08-10T07:01:30.617Z
11:20,220,true,0,true,2026-08-10T06:59:57.615Z,1.12.6,1.9.0-DEV,428070c0f9ad,4.16.0,1.3.11,ctbllib-fs2-q2-findall,2397,244,2026-08-10T07:01:30.891Z
11:5,55,true,0,true,2026-08-10T06:59:57.615Z,1.12.6,1.9.0-DEV,428070c0f9ad,4.16.0,1.3.11,ctbllib-fs2-q2-findall,2397,245,2026-08-10T07:01:30.936Z
11:5xS3,330,true,0,true,2026-08-10T06:59:57.615Z,1.12.6,1.9.0-DEV,428070c0f9ad,4.16.0,1.3.11,ctbllib-fs2-q2-findall,2397,246,2026-08-10T07:01:31.259Z
11^(1+2)+:40,53240,true,0,true,2026-08-10T06:59:57.615Z,1.12.6,1.9.0-DEV,428070c0f9ad,4.16.0,1.3.11,ctbllib-fs2-q2-findall,2397,247,2026-08-10T07:01:31.33Z
11^2:(5x2.A5),72600,false,0,true,2026-08-10T06:59:57.615Z,1.12.6,1.9.0-DEV,428070c0f9ad,4.16.0,1.3.11,ctbllib-fs2-q2-findall,2397,248,2026-08-10T07:01:31.393Z
11^2:(5x2L2(11).2),1597200,false,0,true,2026-08-10T06:59:57.615Z,1.12.6,1.9.0-DEV,428070c0f9ad,4.16.0,1.3.11,ctbllib-fs2-q2-findall,2397,249,2026-08-10T07:01:31.726Z
11^2:60,7260,true,0,true,2026-08-10T06:59:57.615Z,1.12.6,1.9.0-DEV,428070c0f9ad,4.16.0,1.3.11,ctbllib-fs2-q2-findall,2397,250,2026-08-10T07:01:31.805Z
12.A6.2_3,8640,false,0,true,2026-08-10T06:59:57.615Z,1.12.6,1.9.0-DEV,428070c0f9ad,4.16.0,1.3.11,ctbllib-fs2-q2-findall,2397,251,2026-08-10T07:01:31.917Z
12.M22,5322240,false,0,true,2026-08-10T06:59:57.615Z,1.12.6,1.9.0-DEV,428070c0f9ad,4.16.0,1.3.11,ctbllib-fs2-q2-findall,2397,252,2026-08-10T07:01:32.008Z
12.M22.2,10644480,false,0,true,2026-08-10T06:59:57.615Z,1.12.6,1.9.0-DEV,428070c0f9ad,4.16.0,1.3.11,ctbllib-fs2-q2-findall,2397,253,2026-08-10T07:01:32.048Z
12.M22M2,69120,false,0,true,2026-08-10T06:59:57.615Z,1.12.6,1.9.0-DEV,428070c0f9ad,4.16.0,1.3.11,ctbllib-fs2-q2-findall,2397,254,2026-08-10T07:01:32.109Z
12.M22M7,8640,false,0,true,2026-08-10T06:59:57.615Z,1.12.6,1.9.0-DEV,428070c0f9ad,4.16.0,1.3.11,ctbllib-fs2-q2-findall,2397,255,2026-08-10T07:01:32.235Z
12.M22N3,864,true,0,true,2026-08-10T06:59:57.615Z,1.12.6,1.9.0-DEV,428070c0f9ad,4.16.0,1.3.11,ctbllib-fs2-q2-findall,2397,256,2026-08-10T07:01:32.548Z
127:7,889,true,0,true,2026-08-10T06:59:57.615Z,1.12.6,1.9.0-DEV,428070c0f9ad,4.16.0,1.3.11,ctbllib-fs2-q2-findall,2397,257,2026-08-10T07:01:33.933Z
12_1.L3(4),241920,false,0,true,2026-08-10T06:59:57.615Z,1.12.6,1.9.0-DEV,428070c0f9ad,4.16.0,1.3.11,ctbllib-fs2-q2-findall,2397,258,2026-08-10T07:01:34.015Z
12_1.L3(4).2_1,483840,false,0,true,2026-08-10T06:59:57.615Z,1.12.6,1.9.0-DEV,428070c0f9ad,4.16.0,1.3.11,ctbllib-fs2-q2-findall,2397,259,2026-08-10T07:01:34.064Z
12_1.L3(4).2_2,483840,false,0,true,2026-08-10T06:59:57.615Z,1.12.6,1.9.0-DEV,428070c0f9ad,4.16.0,1.3.11,ctbllib-fs2-q2-findall,2397,260,2026-08-10T07:01:34.087Z
12_1.L3(4).2_3,483840,false,0,true,2026-08-10T06:59:57.615Z,1.12.6,1.9.0-DEV,428070c0f9ad,4.16.0,1.3.11,ctbllib-fs2-q2-findall,2397,261,2026-08-10T07:01:34.113Z
12_1.U4(3),39191040,false,0,true,2026-08-10T06:59:57.615Z,1.12.6,1.9.0-DEV,428070c0f9ad,4.16.0,1.3.11,ctbllib-fs2-q2-findall,2397,262,2026-08-10T07:01:34.319Z
12_1.U4(3).2_1,78382080,false,0,true,2026-08-10T06:59:57.615Z,1.12.6,1.9.0-DEV,428070c0f9ad,4.16.0,1.3.11,ctbllib-fs2-q2-findall,2397,263,2026-08-10T07:01:34.407Z
12_1.U4(3).2_2,78382080,false,0,true,2026-08-10T06:59:57.615Z,1.12.6,1.9.0-DEV,428070c0f9ad,4.16.0,1.3.11,ctbllib-fs2-q2-findall,2397,264,2026-08-10T07:01:34.633Z
12_1.U4(3).2_2',78382080,false,0,true,2026-08-10T06:59:57.615Z,1.12.6,1.9.0-DEV,428070c0f9ad,4.16.0,1.3.11,ctbllib-fs2-q2-findall,2397,265,2026-08-10T07:01:34.705Z
12_2.L3(4),241920,false,0,true,2026-08-10T06:59:57.615Z,1.12.6,1.9.0-DEV,428070c0f9ad,4.16.0,1.3.11,ctbllib-fs2-q2-findall,2397,266,2026-08-10T07:01:34.792Z
12_2.L3(4).2_1,483840,false,0,true,2026-08-10T06:59:57.615Z,1.12.6,1.9.0-DEV,428070c0f9ad,4.16.0,1.3.11,ctbllib-fs2-q2-findall,2397,267,2026-08-10T07:01:34.847Z
12_2.L3(4).2_2,483840,false,0,true,2026-08-10T06:59:57.615Z,1.12.6,1.9.0-DEV,428070c0f9ad,4.16.0,1.3.11,ctbllib-fs2-q2-findall,2397,268,2026-08-10T07:01:34.881Z
12_2.L3(4).2_3,483840,false,0,true,2026-08-10T06:59:57.615Z,1.12.6,1.9.0-DEV,428070c0f9ad,4.16.0,1.3.11,ctbllib-fs2-q2-findall,2397,269,2026-08-10T07:01:34.906Z
12_2.U4(3),39191040,false,0,true,2026-08-10T06:59:57.615Z,1.12.6,1.9.0-DEV,428070c0f9ad,4.16.0,1.3.11,ctbllib-fs2-q2-findall,2397,270,2026-08-10T07:01:35.571Z
12_2.U4(3).2_1,78382080,false,0,true,2026-08-10T06:59:57.615Z,1.12.6,1.9.0-DEV,428070c0f9ad,4.16.0,1.3.11,ctbllib-fs2-q2-findall,2397,271,2026-08-10T07:01:35.656Z
12_2.U4(3).2_3,78382080,false,0,true,2026-08-10T06:59:57.615Z,1.12.6,1.9.0-DEV,428070c0f9ad,4.16.0,1.3.11,ctbllib-fs2-q2-findall,2397,272,2026-08-10T07:01:35.752Z
12_2.U4(3).2_3',78382080,false,0,true,2026-08-10T06:59:57.615Z,1.12.6,1.9.0-DEV,428070c0f9ad,4.16.0,1.3.11,ctbllib-fs2-q2-findall,2397,273,2026-08-10T07:01:35.786Z
12x11:5,660,true,0,true,2026-08-10T06:59:57.615Z,1.12.6,1.9.0-DEV,428070c0f9ad,4.16.0,1.3.11,ctbllib-fs2-q2-findall,2397,274,2026-08-10T07:01:36.27Z
12x7:3,252,true,0,true,2026-08-10T06:59:57.615Z,1.12.6,1.9.0-DEV,428070c0f9ad,4.16.0,1.3.11,ctbllib-fs2-q2-findall,2397,275,2026-08-10T07:01:36.644Z
133:3,399,true,0,true,2026-08-10T06:59:57.615Z,1.12.6,1.9.0-DEV,428070c0f9ad,4.16.0,1.3.11,ctbllib-fs2-q2-findall,2397,276,2026-08-10T07:01:37.47Z
13:12,156,true,0,true,2026-08-10T06:59:57.615Z,1.12.6,1.9.0-DEV,428070c0f9ad,4.16.0,1.3.11,ctbllib-fs2-q2-findall,2397,277,2026-08-10T07:01:37.516Z
13:3,39,true,0,true,2026-08-10T06:59:57.615Z,1.12.6,1.9.0-DEV,428070c0f9ad,4.16.0,1.3.11,ctbllib-fs2-q2-findall,2397,278,2026-08-10T07:01:37.532Z
13:4,52,true,0,true,2026-08-10T06:59:57.615Z,1.12.6,1.9.0-DEV,428070c0f9ad,4.16.0,1.3.11,ctbllib-fs2-q2-findall,2397,279,2026-08-10T07:01:37.572Z
13:6,78,true,0,true,2026-08-10T06:59:57.615Z,1.12.6,1.9.0-DEV,428070c0f9ad,4.16.0,1.3.11,ctbllib-fs2-q2-findall,2397,280,2026-08-10T07:01:37.594Z
13^(1+2):(3x4S4),632736,true,0,true,2026-08-10T06:59:57.615Z,1.12.6,1.9.0-DEV,428070c0f9ad,4.16.0,1.3.11,ctbllib-fs2-q2-findall,2397,281,2026-08-10T07:01:37.66Z
13^1+2.2A4,52728,true,0,true,2026-08-10T06:59:57.615Z,1.12.6,1.9.0-DEV,428070c0f9ad,4.16.0,1.3.11,ctbllib-fs2-q2-findall,2397,282,2026-08-10T07:01:37.858Z
13^2:2.L2(13).4,1476384,false,0,true,2026-08-10T06:59:57.615Z,1.12.6,1.9.0-DEV,428070c0f9ad,4.16.0,1.3.11,ctbllib-fs2-q2-findall,2397,283,2026-08-10T07:01:37.969Z
17:16,272,true,0,true,2026-08-10T06:59:57.615Z,1.12.6,1.9.0-DEV,428070c0f9ad,4.16.0,1.3.11,ctbllib-fs2-q2-findall,2397,284,2026-08-10T07:01:38.015Z
17:8,136,true,0,true,2026-08-10T06:59:57.615Z,1.12.6,1.9.0-DEV,428070c0f9ad,4.16.0,1.3.11,ctbllib-fs2-q2-findall,2397,285,2026-08-10T07:01:38.057Z
19:18,342,true,0,true,2026-08-10T06:59:57.615Z,1.12.6,1.9.0-DEV,428070c0f9ad,4.16.0,1.3.11,ctbllib-fs2-q2-findall,2397,286,2026-08-10T07:01:38.085Z
19:3,57,true,0,true,2026-08-10T06:59:57.615Z,1.12.6,1.9.0-DEV,428070c0f9ad,4.16.0,1.3.11,ctbllib-fs2-q2-findall,2397,287,2026-08-10T07:01:38.101Z
19:6,114,true,0,true,2026-08-10T06:59:57.615Z,1.12.6,1.9.0-DEV,428070c0f9ad,4.16.0,1.3.11,ctbllib-fs2-q2-findall,2397,288,2026-08-10T07:01:38.118Z
19:9,171,true,0,true,2026-08-10T06:59:57.615Z,1.12.6,1.9.0-DEV,428070c0f9ad,4.16.0,1.3.11,ctbllib-fs2-q2-findall,2397,289,2026-08-10T07:01:39.238Z
2(A4xA4).2^2,1152,true,0,true,2026-08-10T06:59:57.615Z,1.12.6,1.9.0-DEV,428070c0f9ad,4.16.0,1.3.11,ctbllib-fs2-q2-findall,2397,290,2026-08-10T07:01:39.249Z
2(A4xA4).4.2,2304,true,0,true,2026-08-10T06:59:57.615Z,1.12.6,1.9.0-DEV,428070c0f9ad,4.16.0,1.3.11,ctbllib-fs2-q2-findall,2397,291,2026-08-10T07:01:39.284Z
2(A4xA4).4.2^2,4608,true,0,true,2026-08-10T06:59:57.615Z,1.12.6,1.9.0-DEV,428070c0f9ad,4.16.0,1.3.11,ctbllib-fs2-q2-findall,2397,292,2026-08-10T07:01:39.304Z
2(L2(11)x2).2,5280,false,0,true,2026-08-10T06:59:57.615Z,1.12.6,1.9.0-DEV,428070c0f9ad,4.16.0,1.3.11,ctbllib-fs2-q2-findall,2397,293,2026-08-10T07:01:39.319Z
2(L2(7)x4).2,2688,false,0,true,2026-08-10T06:59:57.615Z,1.12.6,1.9.0-DEV,428070c0f9ad,4.16.0,1.3.11,ctbllib-fs2-q2-findall,2397,294,2026-08-10T07:01:39.344Z
2(S4xS4),1152,true,0,true,2026-08-10T06:59:57.615Z,1.12.6,1.9.0-DEV,428070c0f9ad,4.16.0,1.3.11,ctbllib-fs2-q2-findall,2397,295,2026-08-10T07:01:39.654Z
2.(13:6xA4).2,3744,true,0,true,2026-08-10T06:59:57.615Z,1.12.6,1.9.0-DEV,428070c0f9ad,4.16.0,1.3.11,ctbllib-fs2-q2-findall,2397,296,2026-08-10T07:01:39.945Z
2.(2.(A4xA4).2),1152,true,0,true,2026-08-10T06:59:57.615Z,1.12.6,1.9.0-DEV,428070c0f9ad,4.16.0,1.3.11,ctbllib-fs2-q2-findall,2397,297,2026-08-10T07:01:40.035Z
2.(2.(A4xA4).2.2),2304,true,0,true,2026-08-10T06:59:57.615Z,1.12.6,1.9.0-DEV,428070c0f9ad,4.16.0,1.3.11,ctbllib-fs2-q2-findall,2397,298,2026-08-10T07:01:40.077Z
2.(2^2xSz(8)):3,698880,false,0,true,2026-08-10T06:59:57.615Z,1.12.6,1.9.0-DEV,428070c0f9ad,4.16.0,1.3.11,ctbllib-fs2-q2-findall,2397,299,2026-08-10T07:01:40.149Z
2.(2^2xU4(2)).2,414720,false,0,true,2026-08-10T06:59:57.615Z,1.12.6,1.9.0-DEV,428070c0f9ad,4.16.0,1.3.11,ctbllib-fs2-q2-findall,2397,300,2026-08-10T07:01:40.262Z
2.(2^4:A5),1920,false,1,true,2026-08-10T06:59:57.615Z,1.12.6,1.9.0-DEV,428070c0f9ad,4.16.0,1.3.11,ctbllib-fs2-q2-findall,2397,301,2026-08-10T07:01:40.273Z
2.(2^5:S6),46080,false,0,true,2026-08-10T06:59:57.615Z,1.12.6,1.9.0-DEV,428070c0f9ad,4.16.0,1.3.11,ctbllib-fs2-q2-findall,2397,302,2026-08-10T07:01:40.321Z
2.(2x2^(1+8)):U4(2):2,106168320,false,0,true,2026-08-10T06:59:57.615Z,1.12.6,1.9.0-DEV,428070c0f9ad,4.16.0,1.3.11,ctbllib-fs2-q2-findall,2397,303,2026-08-10T07:01:40.478Z
2.(2x3.A7),30240,false,0,true,2026-08-10T06:59:57.615Z,1.12.6,1.9.0-DEV,428070c0f9ad,4.16.0,1.3.11,ctbllib-fs2-q2-findall,2397,304,2026-08-10T07:01:40.581Z
2.(2x3^4:A6),116640,false,0,true,2026-08-10T06:59:57.615Z,1.12.6,1.9.0-DEV,428070c0f9ad,4.16.0,1.3.11,ctbllib-fs2-q2-findall,2397,305,2026-08-10T07:01:40.674Z
2.(2xA7),10080,false,0,true,2026-08-10T06:59:57.615Z,1.12.6,1.9.0-DEV,428070c0f9ad,4.16.0,1.3.11,ctbllib-fs2-q2-findall,2397,306,2026-08-10T07:01:40.731Z
2.(2xF4(2)).2,26489012826931200,false,0,true,2026-08-10T06:59:57.615Z,1.12.6,1.9.0-DEV,428070c0f9ad,4.16.0,1.3.11,ctbllib-fs2-q2-findall,2397,307,2026-08-10T07:01:41.469Z
2.(2xL2(11)),2640,false,0,true,2026-08-10T06:59:57.615Z,1.12.6,1.9.0-DEV,428070c0f9ad,4.16.0,1.3.11,ctbllib-fs2-q2-findall,2397,308,2026-08-10T07:01:41.507Z
2.(3^(1+4).[2^7.3]),186624,true,0,true,2026-08-10T06:59:57.615Z,1.12.6,1.9.0-DEV,428070c0f9ad,4.16.0,1.3.11,ctbllib-fs2-q2-findall,2397,309,2026-08-10T07:01:41.618Z
2.(3^(1+6):2^(3+4):3^2:2),10077696,true,0,true,2026-08-10T06:59:57.615Z,1.12.6,1.9.0-DEV,428070c0f9ad,4.16.0,1.3.11,ctbllib-fs2-q2-findall,2397,310,2026-08-10T07:01:41.736Z
2.(3^2:D8xU4(3).2^2).2,3762339840,false,0,true,2026-08-10T06:59:57.615Z,1.12.6,1.9.0-DEV,428070c0f9ad,4.16.0,1.3.11,ctbllib-fs2-q2-findall,2397,311,2026-08-10T07:01:42.608Z
2.(3^3:(S4x2)),2592,true,0,true,2026-08-10T06:59:57.615Z,1.12.6,1.9.0-DEV,428070c0f9ad,4.16.0,1.3.11,ctbllib-fs2-q2-findall,2397,312,2026-08-10T07:01:42.648Z
2.(A4x2(A4xA4).2).2,27648,true,0,true,2026-08-10T06:59:57.615Z,1.12.6,1.9.0-DEV,428070c0f9ad,4.16.0,1.3.11,ctbllib-fs2-q2-findall,2397,313,2026-08-10T07:01:42.765Z
2.(A4xA4),288,true,0,true,2026-08-10T06:59:57.615Z,1.12.6,1.9.0-DEV,428070c0f9ad,4.16.0,1.3.11,ctbllib-fs2-q2-findall,2397,314,2026-08-10T07:01:42.835Z
2.(A4xG2(4)).2,12076646400,false,0,true,2026-08-10T06:59:57.615Z,1.12.6,1.9.0-DEV,428070c0f9ad,4.16.0,1.3.11,ctbllib-fs2-q2-findall,2397,315,2026-08-10T07:01:43.754Z
2.(A4xL3(4)).2,967680,false,0,true,2026-08-10T06:59:57.615Z,1.12.6,1.9.0-DEV,428070c0f9ad,4.16.0,1.3.11,ctbllib-fs2-q2-findall,2397,316,2026-08-10T07:01:43.825Z
2.(A4xU4(2)),622080,false,0,true,2026-08-10T06:59:57.615Z,1.12.6,1.9.0-DEV,428070c0f9ad,4.16.0,1.3.11,ctbllib-fs2-q2-findall,2397,317,2026-08-10T07:01:43.954Z
2.(A5wr2),14400,false,0,true,2026-08-10T06:59:57.615Z,1.12.6,1.9.0-DEV,428070c0f9ad,4.16.0,1.3.11,ctbllib-fs2-q2-findall,2397,318,2026-08-10T07:01:44.226Z
2.(A5xA4).2,2880,false,0,true,2026-08-10T06:59:57.615Z,1.12.6,1.9.0-DEV,428070c0f9ad,4.16.0,1.3.11,ctbllib-fs2-q2-findall,2397,319,2026-08-10T07:01:44.243Z
2.(A5xA5).2,14400,false,0,true,2026-08-10T06:59:57.615Z,1.12.6,1.9.0-DEV,428070c0f9ad,4.16.0,1.3.11,ctbllib-fs2-q2-findall,2397,320,2026-08-10T07:01:44.258Z
2.(A5xA5).2^2,28800,false,0,true,2026-08-10T06:59:57.615Z,1.12.6,1.9.0-DEV,428070c0f9ad,4.16.0,1.3.11,ctbllib-fs2-q2-findall,2397,321,2026-08-10T07:01:44.299Z
2.(A5xA5).4,28800,false,0,true,2026-08-10T06:59:57.615Z,1.12.6,1.9.0-DEV,428070c0f9ad,4.16.0,1.3.11,ctbllib-fs2-q2-findall,2397,322,2026-08-10T07:01:44.317Z
2.(A5xJ2).2,145152000,false,0,true,2026-08-10T06:59:57.615Z,1.12.6,1.9.0-DEV,428070c0f9ad,4.16.0,1.3.11,ctbllib-fs2-q2-findall,2397,323,2026-08-10T07:01:46.105Z
2.(A6xA4).2,17280,false,0,true,2026-08-10T06:59:57.615Z,1.12.6,1.9.0-DEV,428070c0f9ad,4.16.0,1.3.11,ctbllib-fs2-q2-findall,2397,324,2026-08-10T07:01:46.194Z
2.(A6xA5).2,86400,false,0,true,2026-08-10T06:59:57.615Z,1.12.6,1.9.0-DEV,428070c0f9ad,4.16.0,1.3.11,ctbllib-fs2-q2-findall,2397,325,2026-08-10T07:01:46.263Z
2.(A6xA6).2^2,1036800,false,0,true,2026-08-10T06:59:57.615Z,1.12.6,1.9.0-DEV,428070c0f9ad,4.16.0,1.3.11,ctbllib-fs2-q2-findall,2397,326,2026-08-10T07:01:46.363Z
2.(A7xA4).2,120960,false,0,true,2026-08-10T06:59:57.615Z,1.12.6,1.9.0-DEV,428070c0f9ad,4.16.0,1.3.11,ctbllib-fs2-q2-findall,2397,327,2026-08-10T07:01:46.458Z
2.(A7xA5).2,604800,false,0,true,2026-08-10T06:59:57.615Z,1.12.6,1.9.0-DEV,428070c0f9ad,4.16.0,1.3.11,ctbllib-fs2-q2-findall,2397,328,2026-08-10T07:01:46.564Z
2.(A8xA4).2,967680,false,0,true,2026-08-10T06:59:57.615Z,1.12.6,1.9.0-DEV,428070c0f9ad,4.16.0,1.3.11,ctbllib-fs2-q2-findall,2397,329,2026-08-10T07:01:46.595Z
2.(D10xJ2).2,24192000,false,0,true,2026-08-10T06:59:57.615Z,1.12.6,1.9.0-DEV,428070c0f9ad,4.16.0,1.3.11,ctbllib-fs2-q2-findall,2397,330,2026-08-10T07:01:46.913Z
2.(D8x2^2).S3,384,true,0,true,2026-08-10T06:59:57.615Z,1.12.6,1.9.0-DEV,428070c0f9ad,4.16.0,1.3.11,ctbllib-fs2-q2-findall,2397,331,2026-08-10T07:01:46.928Z
2.(D8x3^(1+2)_+:Q8),3456,true,0,true,2026-08-10T06:59:57.615Z,1.12.6,1.9.0-DEV,428070c0f9ad,4.16.0,1.3.11,ctbllib-fs2-q2-findall,2397,332,2026-08-10T07:01:47.037Z
2.(D8x3^2:Q8),1152,true,0,true,2026-08-10T06:59:57.615Z,1.12.6,1.9.0-DEV,428070c0f9ad,4.16.0,1.3.11,ctbllib-fs2-q2-findall,2397,333,2026-08-10T07:01:47.06Z
2.(S3x5:4),240,true,0,true,2026-08-10T06:59:57.615Z,1.12.6,1.9.0-DEV,428070c0f9ad,4.16.0,1.3.11,ctbllib-fs2-q2-findall,2397,334,2026-08-10T07:01:47.07Z
2.(S3xS6),8640,false,0,true,2026-08-10T06:59:57.615Z,1.12.6,1.9.0-DEV,428070c0f9ad,4.16.0,1.3.11,ctbllib-fs2-q2-findall,2397,335,2026-08-10T07:01:47.12Z
2.(S4xS5),5760,false,0,true,2026-08-10T06:59:57.615Z,1.12.6,1.9.0-DEV,428070c0f9ad,4.16.0,1.3.11,ctbllib-fs2-q2-findall,2397,336,2026-08-10T07:01:47.413Z
2.(S6x2),2880,false,0,true,2026-08-10T06:59:57.615Z,1.12.6,1.9.0-DEV,428070c0f9ad,4.16.0,1.3.11,ctbllib-fs2-q2-findall,2397,337,2026-08-10T07:01:47.457Z
2.(S6xS4),34560,false,0,true,2026-08-10T06:59:57.615Z,1.12.6,1.9.0-DEV,428070c0f9ad,4.16.0,1.3.11,ctbllib-fs2-q2-findall,2397,338,2026-08-10T07:01:47.583Z
2..11.m23,20891566080,false,0,true,2026-08-10T06:59:57.615Z,1.12.6,1.9.0-DEV,428070c0f9ad,4.16.0,1.3.11,ctbllib-fs2-q2-findall,2397,339,2026-08-10T07:01:47.622Z
2.2.2^4+6:S5,491520,false,0,true,2026-08-10T06:59:57.615Z,1.12.6,1.9.0-DEV,428070c0f9ad,4.16.0,1.3.11,ctbllib-fs2-q2-findall,2397,340,2026-08-10T07:01:47.7Z
2.2E6(2),153064959367549707878400,false,0,true,2026-08-10T06:59:57.615Z,1.12.6,1.9.0-DEV,428070c0f9ad,4.16.0,1.3.11,ctbllib-fs2-q2-findall,2397,341,2026-08-10T07:01:48.347Z
2.2E6(2).2,306129918735099415756800,false,0,true,2026-08-10T06:59:57.615Z,1.12.6,1.9.0-DEV,428070c0f9ad,4.16.0,1.3.11,ctbllib-fs2-q2-findall,2397,342,2026-08-10T07:01:48.614Z
2.2^(1+8)_+:(S3xS3xS3),221184,true,0,true,2026-08-10T06:59:57.615Z,1.12.6,1.9.0-DEV,428070c0f9ad,4.16.0,1.3.11,ctbllib-fs2-q2-findall,2397,343,2026-08-10T07:01:48.702Z
2.2^(1+8)_+:U4(2),26542080,false,0,true,2026-08-10T06:59:57.615Z,1.12.6,1.9.0-DEV,428070c0f9ad,4.16.0,1.3.11,ctbllib-fs2-q2-findall,2397,344,2026-08-10T07:01:48.845Z
2.2^(2+12):(A8xS3),3963617280,false,0,true,2026-08-10T06:59:57.615Z,1.12.6,1.9.0-DEV,428070c0f9ad,4.16.0,1.3.11,ctbllib-fs2-q2-findall,2397,345,2026-08-10T07:01:49.584Z
2.2^(2+2).2^(1+1+2+2):S4,49152,true,0,true,2026-08-10T06:59:57.615Z,1.12.6,1.9.0-DEV,428070c0f9ad,4.16.0,1.3.11,ctbllib-fs2-q2-findall,2397,346,2026-08-10T07:01:49.649Z
2.2^(2+8).(3xA5),368640,false,0,true,2026-08-10T06:59:57.615Z,1.12.6,1.9.0-DEV,428070c0f9ad,4.16.0,1.3.11,ctbllib-fs2-q2-findall,2397,347,2026-08-10T07:01:49.732Z
2.2^(3+3):7,896,true,0,true,2026-08-10T06:59:57.615Z,1.12.6,1.9.0-DEV,428070c0f9ad,4.16.0,1.3.11,ctbllib-fs2-q2-findall,2397,348,2026-08-10T07:01:49.814Z
2.2^(4+12).(S3x3S6),1698693120,false,0,true,2026-08-10T06:59:57.615Z,1.12.6,1.9.0-DEV,428070c0f9ad,4.16.0,1.3.11,ctbllib-fs2-q2-findall,2397,349,2026-08-10T07:01:50.326Z
2.2^(4+6).(A5x3),368640,false,0,true,2026-08-10T06:59:57.615Z,1.12.6,1.9.0-DEV,428070c0f9ad,4.16.0,1.3.11,ctbllib-fs2-q2-findall,2397,350,2026-08-10T07:01:50.438Z
2.2^(4+6).2.S3,24576,true,0,true,2026-08-10T06:59:57.615Z,1.12.6,1.9.0-DEV,428070c0f9ad,4.16.0,1.3.11,ctbllib-fs2-q2-findall,2397,351,2026-08-10T07:01:51.075Z
2.2^(4+8):(S3xA5),2949120,false,0,true,2026-08-10T06:59:57.615Z,1.12.6,1.9.0-DEV,428070c0f9ad,4.16.0,1.3.11,ctbllib-fs2-q2-findall,2397,352,2026-08-10T07:01:51.214Z
2.2^11:M24,1002795171840,false,0,true,2026-08-10T06:59:57.615Z,1.12.6,1.9.0-DEV,428070c0f9ad,4.16.0,1.3.11,ctbllib-fs2-q2-findall,2397,353,2026-08-10T07:01:51.329Z
2.2^3+8:L3(2),688128,false,0,true,2026-08-10T06:59:57.615Z,1.12.6,1.9.0-DEV,428070c0f9ad,4.16.0,1.3.11,ctbllib-fs2-q2-findall,2397,354,2026-08-10T07:01:51.395Z
2.2^3.2^5.S3,3072,true,0,true,2026-08-10T06:59:57.615Z,1.12.6,1.9.0-DEV,428070c0f9ad,4.16.0,1.3.11,ctbllib-fs2-q2-findall,2397,355,2026-08-10T07:01:51.678Z
2.2^4+6:S5,245760,false,0,true,2026-08-10T06:59:57.615Z,1.12.6,1.9.0-DEV,428070c0f9ad,4.16.0,1.3.11,ctbllib-fs2-q2-findall,2397,356,2026-08-10T07:01:51.743Z
2.2^4.(S3x3^2:2),3456,true,0,true,2026-08-10T06:59:57.615Z,1.12.6,1.9.0-DEV,428070c0f9ad,4.16.0,1.3.11,ctbllib-fs2-q2-findall,2397,357,2026-08-10T07:01:52.029Z
2.2^4.2.S3,384,true,0,true,2026-08-10T06:59:57.615Z,1.12.6,1.9.0-DEV,428070c0f9ad,4.16.0,1.3.11,ctbllib-fs2-q2-findall,2397,358,2026-08-10T07:01:52.045Z
2.2^4.2^4.S3,3072,true,0,true,2026-08-10T06:59:57.615Z,1.12.6,1.9.0-DEV,428070c0f9ad,4.16.0,1.3.11,ctbllib-fs2-q2-findall,2397,359,2026-08-10T07:01:52.072Z
2.2^4.S6,23040,false,0,true,2026-08-10T06:59:57.615Z,1.12.6,1.9.0-DEV,428070c0f9ad,4.16.0,1.3.11,ctbllib-fs2-q2-findall,2397,360,2026-08-10T07:01:53.338Z
2.2^4:3,96,true,0,true,2026-08-10T06:59:57.615Z,1.12.6,1.9.0-DEV,428070c0f9ad,4.16.0,1.3.11,ctbllib-fs2-q2-findall,2397,361,2026-08-10T07:01:53.348Z
2.2^5.S6,46080,false,0,true,2026-08-10T06:59:57.615Z,1.12.6,1.9.0-DEV,428070c0f9ad,4.16.0,1.3.11,ctbllib-fs2-q2-findall,2397,362,2026-08-10T07:01:53.441Z
2.2^6.L3(2),21504,false,0,true,2026-08-10T06:59:57.615Z,1.12.6,1.9.0-DEV,428070c0f9ad,4.16.0,1.3.11,ctbllib-fs2-q2-findall,2397,363,2026-08-10T07:01:53.484Z
2.2^6:u3(3):2,1548288,false,0,true,2026-08-10T06:59:57.615Z,1.12.6,1.9.0-DEV,428070c0f9ad,4.16.0,1.3.11,ctbllib-fs2-q2-findall,2397,364,2026-08-10T07:01:53.555Z
2.2^8.f20,10240,true,0,true,2026-08-10T06:59:57.615Z,1.12.6,1.9.0-DEV,428070c0f9ad,4.16.0,1.3.11,ctbllib-fs2-q2-findall,2397,365,2026-08-10T07:01:53.573Z
2.3^4.2^3.S4,31104,true,0,true,2026-08-10T06:59:57.615Z,1.12.6,1.9.0-DEV,428070c0f9ad,4.16.0,1.3.11,ctbllib-fs2-q2-findall,2397,366,2026-08-10T07:01:53.663Z
2.4^3.L3(2),21504,false,0,true,2026-08-10T06:59:57.615Z,1.12.6,1.9.0-DEV,428070c0f9ad,4.16.0,1.3.11,ctbllib-fs2-q2-findall,2397,367,2026-08-10T07:01:53.721Z
2.A10,3628800,false,0,true,2026-08-10T06:59:57.615Z,1.12.6,1.9.0-DEV,428070c0f9ad,4.16.0,1.3.11,ctbllib-fs2-q2-findall,2397,368,2026-08-10T07:01:53.764Z
2.A10.2,7257600,false,0,true,2026-08-10T06:59:57.615Z,1.12.6,1.9.0-DEV,428070c0f9ad,4.16.0,1.3.11,ctbllib-fs2-q2-findall,2397,369,2026-08-10T07:01:53.788Z
2.A11,39916800,false,0,true,2026-08-10T06:59:57.615Z,1.12.6,1.9.0-DEV,428070c0f9ad,4.16.0,1.3.11,ctbllib-fs2-q2-findall,2397,370,2026-08-10T07:01:53.803Z
2.A11.2,79833600,false,0,true,2026-08-10T06:59:57.615Z,1.12.6,1.9.0-DEV,428070c0f9ad,4.16.0,1.3.11,ctbllib-fs2-q2-findall,2397,371,2026-08-10T07:01:53.834Z
2.A12,479001600,false,0,true,2026-08-10T06:59:57.615Z,1.12.6,1.9.0-DEV,428070c0f9ad,4.16.0,1.3.11,ctbllib-fs2-q2-findall,2397,372,2026-08-10T07:01:53.862Z
2.A12.2,958003200,false,0,true,2026-08-10T06:59:57.615Z,1.12.6,1.9.0-DEV,428070c0f9ad,4.16.0,1.3.11,ctbllib-fs2-q2-findall,2397,373,2026-08-10T07:01:53.928Z
2.A13,6227020800,false,0,true,2026-08-10T06:59:57.615Z,1.12.6,1.9.0-DEV,428070c0f9ad,4.16.0,1.3.11,ctbllib-fs2-q2-findall,2397,374,2026-08-10T07:01:53.962Z
2.A13.2,12454041600,false,0,true,2026-08-10T06:59:57.615Z,1.12.6,1.9.0-DEV,428070c0f9ad,4.16.0,1.3.11,ctbllib-fs2-q2-findall,2397,375,2026-08-10T07:01:54.053Z
2.A14.2,174356582400,false,0,true,2026-08-10T06:59:57.615Z,1.12.6,1.9.0-DEV,428070c0f9ad,4.16.0,1.3.11,ctbllib-fs2-q2-findall,2397,376,2026-08-10T07:01:54.289Z
2.A15.2,2615348736000,false,0,true,2026-08-10T06:59:57.615Z,1.12.6,1.9.0-DEV,428070c0f9ad,4.16.0,1.3.11,ctbllib-fs2-q2-findall,2397,377,2026-08-10T07:01:55.226Z
2.A16.2,41845579776000,false,0,true,2026-08-10T06:59:57.615Z,1.12.6,1.9.0-DEV,428070c0f9ad,4.16.0,1.3.11,ctbllib-fs2-q2-findall,2397,378,2026-08-10T07:01:55.465Z
2.A17.2,711374856192000,false,0,true,2026-08-10T06:59:57.615Z,1.12.6,1.9.0-DEV,428070c0f9ad,4.16.0,1.3.11,ctbllib-fs2-q2-findall,2397,379,2026-08-10T07:01:55.795Z
2.A18.2,12804747411456000,false,0,true,2026-08-10T06:59:57.615Z,1.12.6,1.9.0-DEV,428070c0f9ad,4.16.0,1.3.11,ctbllib-fs2-q2-findall,2397,380,2026-08-10T07:01:56.67Z
2.A4x3,72,true,0,true,2026-08-10T06:59:57.615Z,1.12.6,1.9.0-DEV,428070c0f9ad,4.16.0,1.3.11,ctbllib-fs2-q2-findall,2397,381,2026-08-10T07:01:56.701Z
2.A4xS3,144,true,0,true,2026-08-10T06:59:57.615Z,1.12.6,1.9.0-DEV,428070c0f9ad,4.16.0,1.3.11,ctbllib-fs2-q2-findall,2397,382,2026-08-10T07:01:56.729Z
2.A5,120,false,0,true,2026-08-10T06:59:57.615Z,1.12.6,1.9.0-DEV,428070c0f9ad,4.16.0,1.3.11,ctbllib-fs2-q2-findall,2397,383,2026-08-10T07:01:56.766Z
2.A5.2,240,false,0,true,2026-08-10T06:59:57.615Z,1.12.6,1.9.0-DEV,428070c0f9ad,4.16.0,1.3.11,ctbllib-fs2-q2-findall,2397,384,2026-08-10T07:01:56.771Z
2.A5.2xS3,1440,false,0,true,2026-08-10T06:59:57.615Z,1.12.6,1.9.0-DEV,428070c0f9ad,4.16.0,1.3.11,ctbllib-fs2-q2-findall,2397,385,2026-08-10T07:01:57.074Z
2.A5xA5,7200,false,0,true,2026-08-10T06:59:57.615Z,1.12.6,1.9.0-DEV,428070c0f9ad,4.16.0,1.3.11,ctbllib-fs2-q2-findall,2397,386,2026-08-10T07:01:57.205Z
2.A6,720,false,0,true,2026-08-10T06:59:57.615Z,1.12.6,1.9.0-DEV,428070c0f9ad,4.16.0,1.3.11,ctbllib-fs2-q2-findall,2397,387,2026-08-10T07:01:57.211Z
2.A6.2_1,1440,false,0,true,2026-08-10T06:59:57.615Z,1.12.6,1.9.0-DEV,428070c0f9ad,4.16.0,1.3.11,ctbllib-fs2-q2-findall,2397,388,2026-08-10T07:01:57.219Z
2.A6.2_2,1440,false,0,true,2026-08-10T06:59:57.615Z,1.12.6,1.9.0-DEV,428070c0f9ad,4.16.0,1.3.11,ctbllib-fs2-q2-findall,2397,389,2026-08-10T07:01:57.226Z
2.A6x3,2160,false,0,true,2026-08-10T06:59:57.615Z,1.12.6,1.9.0-DEV,428070c0f9ad,4.16.0,1.3.11,ctbllib-fs2-q2-findall,2397,390,2026-08-10T07:01:57.286Z
2.A7,5040,false,0,true,2026-08-10T06:59:57.615Z,1.12.6,1.9.0-DEV,428070c0f9ad,4.16.0,1.3.11,ctbllib-fs2-q2-findall,2397,391,2026-08-10T07:01:57.323Z
2.A7.2,10080,false,0,true,2026-08-10T06:59:57.615Z,1.12.6,1.9.0-DEV,428070c0f9ad,4.16.0,1.3.11,ctbllib-fs2-q2-findall,2397,392,2026-08-10T07:01:57.333Z
2.A7x3,15120,false,0,true,2026-08-10T06:59:57.615Z,1.12.6,1.9.0-DEV,428070c0f9ad,4.16.0,1.3.11,ctbllib-fs2-q2-findall,2397,393,2026-08-10T07:01:58.646Z
2.A8,40320,false,0,true,2026-08-10T06:59:57.615Z,1.12.6,1.9.0-DEV,428070c0f9ad,4.16.0,1.3.11,ctbllib-fs2-q2-findall,2397,394,2026-08-10T07:01:58.688Z
2.A8.2,80640,false,0,true,2026-08-10T06:59:57.615Z,1.12.6,1.9.0-DEV,428070c0f9ad,4.16.0,1.3.11,ctbllib-fs2-q2-findall,2397,395,2026-08-10T07:01:58.699Z
2.A8N3,144,true,0,true,2026-08-10T06:59:57.615Z,1.12.6,1.9.0-DEV,428070c0f9ad,4.16.0,1.3.11,ctbllib-fs2-q2-findall,2397,396,2026-08-10T07:01:58.965Z
2.A9,362880,false,0,true,2026-08-10T06:59:57.615Z,1.12.6,1.9.0-DEV,428070c0f9ad,4.16.0,1.3.11,ctbllib-fs2-q2-findall,2397,397,2026-08-10T07:01:59.008Z
2.A9.2,725760,false,0,true,2026-08-10T06:59:57.615Z,1.12.6,1.9.0-DEV,428070c0f9ad,4.16.0,1.3.11,ctbllib-fs2-q2-findall,2397,398,2026-08-10T07:01:59.021Z
2.A9x3,1088640,false,0,true,2026-08-10T06:59:57.615Z,1.12.6,1.9.0-DEV,428070c0f9ad,4.16.0,1.3.11,ctbllib-fs2-q2-findall,2397,399,2026-08-10T07:01:59.125Z
2.A9xS3,2177280,false,0,true,2026-08-10T06:59:57.615Z,1.12.6,1.9.0-DEV,428070c0f9ad,4.16.0,1.3.11,ctbllib-fs2-q2-findall,2397,400,2026-08-10T07:01:59.236Z
2.Alt(14),87178291200,false,0,true,2026-08-10T06:59:57.615Z,1.12.6,1.9.0-DEV,428070c0f9ad,4.16.0,1.3.11,ctbllib-fs2-q2-findall,2397,401,2026-08-10T07:01:59.329Z
2.Alt(15),1307674368000,false,0,true,2026-08-10T06:59:57.615Z,1.12.6,1.9.0-DEV,428070c0f9ad,4.16.0,1.3.11,ctbllib-fs2-q2-findall,2397,402,2026-08-10T07:01:59.457Z
2.Alt(16),20922789888000,false,0,true,2026-08-10T06:59:57.615Z,1.12.6,1.9.0-DEV,428070c0f9ad,4.16.0,1.3.11,ctbllib-fs2-q2-findall,2397,403,2026-08-10T07:01:59.632Z
2.Alt(17),355687428096000,false,0,true,2026-08-10T06:59:57.615Z,1.12.6,1.9.0-DEV,428070c0f9ad,4.16.0,1.3.11,ctbllib-fs2-q2-findall,2397,404,2026-08-10T07:01:59.87Z
2.Alt(18),6402373705728000,false,0,true,2026-08-10T06:59:57.615Z,1.12.6,1.9.0-DEV,428070c0f9ad,4.16.0,1.3.11,ctbllib-fs2-q2-findall,2397,405,2026-08-10T07:02:00.508Z
2.Alt(19),121645100408832000,false,0,true,2026-08-10T06:59:57.615Z,1.12.6,1.9.0-DEV,428070c0f9ad,4.16.0,1.3.11,ctbllib-fs2-q2-findall,2397,406,2026-08-10T07:02:00.869Z
2.B,8309562962452852382355161088000000,false,2,true,2026-08-10T06:59:57.615Z,1.12.6,1.9.0-DEV,428070c0f9ad,4.16.0,1.3.11,ctbllib-fs2-q2-findall,2397,407,2026-08-10T07:02:02.625Z
2.BN7,56448,true,0,true,2026-08-10T06:59:57.615Z,1.12.6,1.9.0-DEV,428070c0f9ad,4.16.0,1.3.11,ctbllib-fs2-q2-findall,2397,408,2026-08-10T07:02:02.955Z
2.Co1,8315553613086720000,false,0,true,2026-08-10T06:59:57.615Z,1.12.6,1.9.0-DEV,428070c0f9ad,4.16.0,1.3.11,ctbllib-fs2-q2-findall,2397,409,2026-08-10T07:02:03.099Z
2.D10xA5,1200,false,0,true,2026-08-10T06:59:57.615Z,1.12.6,1.9.0-DEV,428070c0f9ad,4.16.0,1.3.11,ctbllib-fs2-q2-findall,2397,410,2026-08-10T07:02:03.432Z
2.D12,24,true,0,true,2026-08-10T06:59:57.615Z,1.12.6,1.9.0-DEV,428070c0f9ad,4.16.0,1.3.11,ctbllib-fs2-q2-findall,2397,411,2026-08-10T07:02:03.443Z
2.D14,28,true,0,true,2026-08-10T06:59:57.615Z,1.12.6,1.9.0-DEV,428070c0f9ad,4.16.0,1.3.11,ctbllib-fs2-q2-findall,2397,412,2026-08-10T07:02:03.449Z
2.D16,32,true,0,true,2026-08-10T06:59:57.615Z,1.12.6,1.9.0-DEV,428070c0f9ad,4.16.0,1.3.11,ctbllib-fs2-q2-findall,2397,413,2026-08-10T07:02:03.454Z
2.D18,36,true,0,true,2026-08-10T06:59:57.615Z,1.12.6,1.9.0-DEV,428070c0f9ad,4.16.0,1.3.11,ctbllib-fs2-q2-findall,2397,414,2026-08-10T07:02:03.459Z
2.D20,40,true,0,true,2026-08-10T06:59:57.615Z,1.12.6,1.9.0-DEV,428070c0f9ad,4.16.0,1.3.11,ctbllib-fs2-q2-findall,2397,415,2026-08-10T07:02:03.464Z
2.D22,44,true,0,true,2026-08-10T06:59:57.615Z,1.12.6,1.9.0-DEV,428070c0f9ad,4.16.0,1.3.11,ctbllib-fs2-q2-findall,2397,416,2026-08-10T07:02:03.469Z
2.D24,48,true,0,true,2026-08-10T06:59:57.615Z,1.12.6,1.9.0-DEV,428070c0f9ad,4.16.0,1.3.11,ctbllib-fs2-q2-findall,2397,417,2026-08-10T07:02:03.475Z
2.D26,52,true,0,true,2026-08-10T06:59:57.615Z,1.12.6,1.9.0-DEV,428070c0f9ad,4.16.0,1.3.11,ctbllib-fs2-q2-findall,2397,418,2026-08-10T07:02:03.48Z
2.D28,56,true,0,true,2026-08-10T06:59:57.615Z,1.12.6,1.9.0-DEV,428070c0f9ad,4.16.0,1.3.11,ctbllib-fs2-q2-findall,2397,419,2026-08-10T07:02:03.81Z
2.D30,60,true,0,true,2026-08-10T06:59:57.615Z,1.12.6,1.9.0-DEV,428070c0f9ad,4.16.0,1.3.11,ctbllib-fs2-q2-findall,2397,420,2026-08-10T07:02:03.817Z
2.D32,64,true,0,true,2026-08-10T06:59:57.615Z,1.12.6,1.9.0-DEV,428070c0f9ad,4.16.0,1.3.11,ctbllib-fs2-q2-findall,2397,421,2026-08-10T07:02:03.823Z
2.D8,16,true,0,true,2026-08-10T06:59:57.615Z,1.12.6,1.9.0-DEV,428070c0f9ad,4.16.0,1.3.11,ctbllib-fs2-q2-findall,2397,422,2026-08-10T07:02:03.829Z
2.D8.S5,1920,false,0,true,2026-08-10T06:59:57.615Z,1.12.6,1.9.0-DEV,428070c0f9ad,4.16.0,1.3.11,ctbllib-fs2-q2-findall,2397,423,2026-08-10T07:02:04.108Z
2.F4(2),6622253206732800,false,0,true,2026-08-10T06:59:57.615Z,1.12.6,1.9.0-DEV,428070c0f9ad,4.16.0,1.3.11,ctbllib-fs2-q2-findall,2397,424,2026-08-10T07:02:04.246Z
2.F4(2).2,13244506413465600,false,0,true,2026-08-10T06:59:57.615Z,1.12.6,1.9.0-DEV,428070c0f9ad,4.16.0,1.3.11,ctbllib-fs2-q2-findall,2397,425,2026-08-10T07:02:04.317Z
2.F4(2)M1,95126814720,false,1,true,2026-08-10T06:59:57.615Z,1.12.6,1.9.0-DEV,428070c0f9ad,4.16.0,1.3.11,ctbllib-fs2-q2-findall,2397,426,2026-08-10T07:02:05.884Z
2.F4(2)M5,2113929216,false,0,true,2026-08-10T06:59:57.615Z,1.12.6,1.9.0-DEV,428070c0f9ad,4.16.0,1.3.11,ctbllib-fs2-q2-findall,2397,427,2026-08-10T07:02:06.981Z
2.Fi22,129123503308800,false,0,true,2026-08-10T06:59:57.615Z,1.12.6,1.9.0-DEV,428070c0f9ad,4.16.0,1.3.11,ctbllib-fs2-q2-findall,2397,428,2026-08-10T07:02:07.045Z
2.Fi22.2,258247006617600,false,0,true,2026-08-10T06:59:57.615Z,1.12.6,1.9.0-DEV,428070c0f9ad,4.16.0,1.3.11,ctbllib-fs2-q2-findall,2397,429,2026-08-10T07:02:07.158Z
2.Fi22M5,908328960,false,0,true,2026-08-10T06:59:57.615Z,1.12.6,1.9.0-DEV,428070c0f9ad,4.16.0,1.3.11,ctbllib-fs2-q2-findall,2397,430,2026-08-10T07:02:07.203Z
2.Fi22N2,262144,true,0,true,2026-08-10T06:59:57.615Z,1.12.6,1.9.0-DEV,428070c0f9ad,4.16.0,1.3.11,ctbllib-fs2-q2-findall,2397,431,2026-08-10T07:02:07.645Z
2.G2(4),503193600,false,0,true,2026-08-10T06:59:57.615Z,1.12.6,1.9.0-DEV,428070c0f9ad,4.16.0,1.3.11,ctbllib-fs2-q2-findall,2397,432,2026-08-10T07:02:07.694Z
2.G2(4).2,1006387200,false,0,true,2026-08-10T06:59:57.615Z,1.12.6,1.9.0-DEV,428070c0f9ad,4.16.0,1.3.11,ctbllib-fs2-q2-findall,2397,433,2026-08-10T07:02:07.717Z
2.G2(4)N2,73728,true,0,true,2026-08-10T06:59:57.615Z,1.12.6,1.9.0-DEV,428070c0f9ad,4.16.0,1.3.11,ctbllib-fs2-q2-findall,2397,434,2026-08-10T07:02:08.554Z
2.HS,88704000,false,0,true,2026-08-10T06:59:57.615Z,1.12.6,1.9.0-DEV,428070c0f9ad,4.16.0,1.3.11,ctbllib-fs2-q2-findall,2397,435,2026-08-10T07:02:08.583Z
2.HS.2,177408000,false,0,true,2026-08-10T06:59:57.615Z,1.12.6,1.9.0-DEV,428070c0f9ad,4.16.0,1.3.11,ctbllib-fs2-q2-findall,2397,436,2026-08-10T07:02:08.608Z
2.HS.2N2,2048,true,0,true,2026-08-10T06:59:57.615Z,1.12.6,1.9.0-DEV,428070c0f9ad,4.16.0,1.3.11,ctbllib-fs2-q2-findall,2397,437,2026-08-10T07:02:08.903Z
2.HS.2N3,1152,true,0,true,2026-08-10T06:59:57.615Z,1.12.6,1.9.0-DEV,428070c0f9ad,4.16.0,1.3.11,ctbllib-fs2-q2-findall,2397,438,2026-08-10T07:02:08.917Z
2.HS.2N5,8000,true,0,true,2026-08-10T06:59:57.615Z,1.12.6,1.9.0-DEV,428070c0f9ad,4.16.0,1.3.11,ctbllib-fs2-q2-findall,2397,439,2026-08-10T07:02:08.963Z
2.HSM10,15360,false,0,true,2026-08-10T06:59:57.615Z,1.12.6,1.9.0-DEV,428070c0f9ad,4.16.0,1.3.11,ctbllib-fs2-q2-findall,2397,440,2026-08-10T07:02:09.025Z
2.HSM11,5760,false,0,true,2026-08-10T06:59:57.615Z,1.12.6,1.9.0-DEV,428070c0f9ad,4.16.0,1.3.11,ctbllib-fs2-q2-findall,2397,441,2026-08-10T07:02:09.042Z
2.HSN2,1024,true,0,true,2026-08-10T06:59:57.615Z,1.12.6,1.9.0-DEV,428070c0f9ad,4.16.0,1.3.11,ctbllib-fs2-q2-findall,2397,442,2026-08-10T07:02:09.328Z
2.HSN3,576,true,0,true,2026-08-10T06:59:57.615Z,1.12.6,1.9.0-DEV,428070c0f9ad,4.16.0,1.3.11,ctbllib-fs2-q2-findall,2397,443,2026-08-10T07:02:09.374Z
2.HSN3A,1440,false,0,true,2026-08-10T06:59:57.615Z,1.12.6,1.9.0-DEV,428070c0f9ad,4.16.0,1.3.11,ctbllib-fs2-q2-findall,2397,444,2026-08-10T07:02:09.715Z
2.J2,1209600,false,0,true,2026-08-10T06:59:57.615Z,1.12.6,1.9.0-DEV,428070c0f9ad,4.16.0,1.3.11,ctbllib-fs2-q2-findall,2397,445,2026-08-10T07:02:09.742Z
2.J2.2,2419200,false,0,true,2026-08-10T06:59:57.615Z,1.12.6,1.9.0-DEV,428070c0f9ad,4.16.0,1.3.11,ctbllib-fs2-q2-findall,2397,446,2026-08-10T07:02:09.758Z
2.J2.2N5,1200,true,0,true,2026-08-10T06:59:57.615Z,1.12.6,1.9.0-DEV,428070c0f9ad,4.16.0,1.3.11,ctbllib-fs2-q2-findall,2397,447,2026-08-10T07:02:10.056Z
2.J2M8,600,true,0,true,2026-08-10T06:59:57.615Z,1.12.6,1.9.0-DEV,428070c0f9ad,4.16.0,1.3.11,ctbllib-fs2-q2-findall,2397,448,2026-08-10T07:02:11.316Z
2.J2N2,768,true,0,true,2026-08-10T06:59:57.615Z,1.12.6,1.9.0-DEV,428070c0f9ad,4.16.0,1.3.11,ctbllib-fs2-q2-findall,2397,449,2026-08-10T07:02:11.591Z
2.J2N3,432,true,0,true,2026-08-10T06:59:57.615Z,1.12.6,1.9.0-DEV,428070c0f9ad,4.16.0,1.3.11,ctbllib-fs2-q2-findall,2397,450,2026-08-10T07:02:11.604Z
2.L2(11),1320,false,0,true,2026-08-10T06:59:57.615Z,1.12.6,1.9.0-DEV,428070c0f9ad,4.16.0,1.3.11,ctbllib-fs2-q2-findall,2397,451,2026-08-10T07:02:11.622Z
2.L2(11).2,2640,false,0,true,2026-08-10T06:59:57.615Z,1.12.6,1.9.0-DEV,428070c0f9ad,4.16.0,1.3.11,ctbllib-fs2-q2-findall,2397,452,2026-08-10T07:02:11.63Z
2.L2(13),2184,false,0,true,2026-08-10T06:59:57.615Z,1.12.6,1.9.0-DEV,428070c0f9ad,4.16.0,1.3.11,ctbllib-fs2-q2-findall,2397,453,2026-08-10T07:02:11.638Z
2.L2(13).2,4368,false,0,true,2026-08-10T06:59:57.615Z,1.12.6,1.9.0-DEV,428070c0f9ad,4.16.0,1.3.11,ctbllib-fs2-q2-findall,2397,454,2026-08-10T07:02:11.647Z
2.L2(17),4896,false,0,true,2026-08-10T06:59:57.615Z,1.12.6,1.9.0-DEV,428070c0f9ad,4.16.0,1.3.11,ctbllib-fs2-q2-findall,2397,455,2026-08-10T07:02:11.657Z
2.L2(17).2,9792,false,0,true,2026-08-10T06:59:57.615Z,1.12.6,1.9.0-DEV,428070c0f9ad,4.16.0,1.3.11,ctbllib-fs2-q2-findall,2397,456,2026-08-10T07:02:11.667Z
2.L2(19),6840,false,0,true,2026-08-10T06:59:57.615Z,1.12.6,1.9.0-DEV,428070c0f9ad,4.16.0,1.3.11,ctbllib-fs2-q2-findall,2397,457,2026-08-10T07:02:11.677Z
2.L2(19).2,13680,false,0,true,2026-08-10T06:59:57.615Z,1.12.6,1.9.0-DEV,428070c0f9ad,4.16.0,1.3.11,ctbllib-fs2-q2-findall,2397,458,2026-08-10T07:02:11.688Z
2.L2(23),12144,false,0,true,2026-08-10T06:59:57.615Z,1.12.6,1.9.0-DEV,428070c0f9ad,4.16.0,1.3.11,ctbllib-fs2-q2-findall,2397,459,2026-08-10T07:02:11.7Z
2.L2(23).2,24288,false,0,true,2026-08-10T06:59:57.615Z,1.12.6,1.9.0-DEV,428070c0f9ad,4.16.0,1.3.11,ctbllib-fs2-q2-findall,2397,460,2026-08-10T07:02:11.713Z
2.L2(25),15600,false,0,true,2026-08-10T06:59:57.615Z,1.12.6,1.9.0-DEV,428070c0f9ad,4.16.0,1.3.11,ctbllib-fs2-q2-findall,2397,461,2026-08-10T07:02:11.721Z
2.L2(25).2_1,31200,false,0,true,2026-08-10T06:59:57.615Z,1.12.6,1.9.0-DEV,428070c0f9ad,4.16.0,1.3.11,ctbllib-fs2-q2-findall,2397,462,2026-08-10T07:02:11.736Z
2.L2(25).2_2,31200,false,0,true,2026-08-10T06:59:57.615Z,1.12.6,1.9.0-DEV,428070c0f9ad,4.16.0,1.3.11,ctbllib-fs2-q2-findall,2397,463,2026-08-10T07:02:11.745Z
2.L2(27),19656,false,0,true,2026-08-10T06:59:57.615Z,1.12.6,1.9.0-DEV,428070c0f9ad,4.16.0,1.3.11,ctbllib-fs2-q2-findall,2397,464,2026-08-10T07:02:11.754Z
2.L2(27).2,39312,false,0,true,2026-08-10T06:59:57.615Z,1.12.6,1.9.0-DEV,428070c0f9ad,4.16.0,1.3.11,ctbllib-fs2-q2-findall,2397,465,2026-08-10T07:02:11.77Z
2.L2(27).3,58968,false,0,true,2026-08-10T06:59:57.615Z,1.12.6,1.9.0-DEV,428070c0f9ad,4.16.0,1.3.11,ctbllib-fs2-q2-findall,2397,466,2026-08-10T07:02:11.783Z
2.L2(27).6,117936,false,0,true,2026-08-10T06:59:57.615Z,1.12.6,1.9.0-DEV,428070c0f9ad,4.16.0,1.3.11,ctbllib-fs2-q2-findall,2397,467,2026-08-10T07:02:11.8Z
2.L2(29),24360,false,0,true,2026-08-10T06:59:57.615Z,1.12.6,1.9.0-DEV,428070c0f9ad,4.16.0,1.3.11,ctbllib-fs2-q2-findall,2397,468,2026-08-10T07:02:11.815Z
2.L2(29).2,48720,false,0,true,2026-08-10T06:59:57.615Z,1.12.6,1.9.0-DEV,428070c0f9ad,4.16.0,1.3.11,ctbllib-fs2-q2-findall,2397,469,2026-08-10T07:02:11.833Z
2.L2(3),24,true,0,true,2026-08-10T06:59:57.615Z,1.12.6,1.9.0-DEV,428070c0f9ad,4.16.0,1.3.11,ctbllib-fs2-q2-findall,2397,470,2026-08-10T07:02:11.846Z
2.L2(31),29760,false,0,true,2026-08-10T06:59:57.615Z,1.12.6,1.9.0-DEV,428070c0f9ad,4.16.0,1.3.11,ctbllib-fs2-q2-findall,2397,471,2026-08-10T07:02:11.871Z
2.L2(31).2,59520,false,0,true,2026-08-10T06:59:57.615Z,1.12.6,1.9.0-DEV,428070c0f9ad,4.16.0,1.3.11,ctbllib-fs2-q2-findall,2397,472,2026-08-10T07:02:11.889Z
2.L2(49),117600,false,0,true,2026-08-10T06:59:57.615Z,1.12.6,1.9.0-DEV,428070c0f9ad,4.16.0,1.3.11,ctbllib-fs2-q2-findall,2397,473,2026-08-10T07:02:11.915Z
2.L2(49).2_1,235200,false,0,true,2026-08-10T06:59:57.615Z,1.12.6,1.9.0-DEV,428070c0f9ad,4.16.0,1.3.11,ctbllib-fs2-q2-findall,2397,474,2026-08-10T07:02:11.948Z
2.L2(49).2_2,235200,false,0,true,2026-08-10T06:59:57.615Z,1.12.6,1.9.0-DEV,428070c0f9ad,4.16.0,1.3.11,ctbllib-fs2-q2-findall,2397,475,2026-08-10T07:02:11.963Z
2.L2(81),531360,false,0,true,2026-08-10T06:59:57.615Z,1.12.6,1.9.0-DEV,428070c0f9ad,4.16.0,1.3.11,ctbllib-fs2-q2-findall,2397,476,2026-08-10T07:02:11.992Z
2.L2(81).2_1,1062720,false,0,true,2026-08-10T06:59:57.615Z,1.12.6,1.9.0-DEV,428070c0f9ad,4.16.0,1.3.11,ctbllib-fs2-q2-findall,2397,477,2026-08-10T07:02:12.015Z
2.L2(81).2_2,1062720,false,0,true,2026-08-10T06:59:57.615Z,1.12.6,1.9.0-DEV,428070c0f9ad,4.16.0,1.3.11,ctbllib-fs2-q2-findall,2397,478,2026-08-10T07:02:12.106Z
2.L2(81).4_1,2125440,false,0,true,2026-08-10T06:59:57.615Z,1.12.6,1.9.0-DEV,428070c0f9ad,4.16.0,1.3.11,ctbllib-fs2-q2-findall,2397,479,2026-08-10T07:02:12.129Z
2.L3(2),336,false,0,true,2026-08-10T06:59:57.615Z,1.12.6,1.9.0-DEV,428070c0f9ad,4.16.0,1.3.11,ctbllib-fs2-q2-findall,2397,480,2026-08-10T07:02:12.144Z
2.L3(2).2,672,false,0,true,2026-08-10T06:59:57.615Z,1.12.6,1.9.0-DEV,428070c0f9ad,4.16.0,1.3.11,ctbllib-fs2-q2-findall,2397,481,2026-08-10T07:02:12.15Z
2.L3(4),40320,false,0,true,2026-08-10T06:59:57.615Z,1.12.6,1.9.0-DEV,428070c0f9ad,4.16.0,1.3.11,ctbllib-fs2-q2-findall,2397,482,2026-08-10T07:02:12.176Z
2.L3(4).(2^2)_{1*2*3*},161280,false,0,true,2026-08-10T06:59:57.615Z,1.12.6,1.9.0-DEV,428070c0f9ad,4.16.0,1.3.11,ctbllib-fs2-q2-findall,2397,483,2026-08-10T07:02:12.189Z
2.L3(4).(2^2)_{1*2*3},161280,false,0,true,2026-08-10T06:59:57.615Z,1.12.6,1.9.0-DEV,428070c0f9ad,4.16.0,1.3.11,ctbllib-fs2-q2-findall,2397,484,2026-08-10T07:02:12.203Z
2.L3(4).(2^2)_{1*23*},161280,false,0,true,2026-08-10T06:59:57.615Z,1.12.6,1.9.0-DEV,428070c0f9ad,4.16.0,1.3.11,ctbllib-fs2-q2-findall,2397,485,2026-08-10T07:02:12.217Z
2.L3(4).(2^2)_{1*23},161280,false,0,true,2026-08-10T06:59:57.615Z,1.12.6,1.9.0-DEV,428070c0f9ad,4.16.0,1.3.11,ctbllib-fs2-q2-findall,2397,486,2026-08-10T07:02:12.23Z
2.L3(4).(2^2)_{12*3*},161280,false,0,true,2026-08-10T06:59:57.615Z,1.12.6,1.9.0-DEV,428070c0f9ad,4.16.0,1.3.11,ctbllib-fs2-q2-findall,2397,487,2026-08-10T07:02:12.244Z
2.L3(4).(2^2)_{12*3},161280,false,0,true,2026-08-10T06:59:57.615Z,1.12.6,1.9.0-DEV,428070c0f9ad,4.16.0,1.3.11,ctbllib-fs2-q2-findall,2397,488,2026-08-10T07:02:12.256Z
2.L3(4).(2^2)_{123*},161280,false,0,true,2026-08-10T06:59:57.615Z,1.12.6,1.9.0-DEV,428070c0f9ad,4.16.0,1.3.11,ctbllib-fs2-q2-findall,2397,489,2026-08-10T07:02:12.267Z
2.L3(4).(2^2)_{123},161280,false,0,true,2026-08-10T06:59:57.615Z,1.12.6,1.9.0-DEV,428070c0f9ad,4.16.0,1.3.11,ctbllib-fs2-q2-findall,2397,490,2026-08-10T07:02:12.279Z
2.L3(4).2_1,80640,false,0,true,2026-08-10T06:59:57.615Z,1.12.6,1.9.0-DEV,428070c0f9ad,4.16.0,1.3.11,ctbllib-fs2-q2-findall,2397,491,2026-08-10T07:02:12.288Z
2.L3(4).2_2,80640,false,0,true,2026-08-10T06:59:57.615Z,1.12.6,1.9.0-DEV,428070c0f9ad,4.16.0,1.3.11,ctbllib-fs2-q2-findall,2397,492,2026-08-10T07:02:12.3Z
2.L3(4).2_3,80640,false,0,true,2026-08-10T06:59:57.615Z,1.12.6,1.9.0-DEV,428070c0f9ad,4.16.0,1.3.11,ctbllib-fs2-q2-findall,2397,493,2026-08-10T07:02:12.312Z
2.L4(3),12130560,false,0,true,2026-08-10T06:59:57.615Z,1.12.6,1.9.0-DEV,428070c0f9ad,4.16.0,1.3.11,ctbllib-fs2-q2-findall,2397,494,2026-08-10T07:02:12.341Z
2.L4(3).2_1,24261120,false,0,true,2026-08-10T06:59:57.615Z,1.12.6,1.9.0-DEV,428070c0f9ad,4.16.0,1.3.11,ctbllib-fs2-q2-findall,2397,495,2026-08-10T07:02:12.369Z
2.L4(3).2_2,24261120,false,0,true,2026-08-10T06:59:57.615Z,1.12.6,1.9.0-DEV,428070c0f9ad,4.16.0,1.3.11,ctbllib-fs2-q2-findall,2397,496,2026-08-10T07:02:12.756Z
2.L4(3).2_3,24261120,false,0,true,2026-08-10T06:59:57.615Z,1.12.6,1.9.0-DEV,428070c0f9ad,4.16.0,1.3.11,ctbllib-fs2-q2-findall,2397,497,2026-08-10T07:02:12.774Z
2.L4(5),14508000000,false,0,true,2026-08-10T06:59:57.615Z,1.12.6,1.9.0-DEV,428070c0f9ad,4.16.0,1.3.11,ctbllib-fs2-q2-findall,2397,498,2026-08-10T07:02:12.821Z
2.M12,190080,false,0,true,2026-08-10T06:59:57.615Z,1.12.6,1.9.0-DEV,428070c0f9ad,4.16.0,1.3.11,ctbllib-fs2-q2-findall,2397,499,2026-08-10T07:02:12.836Z
2.M12.2,380160,false,0,true,2026-08-10T06:59:57.615Z,1.12.6,1.9.0-DEV,428070c0f9ad,4.16.0,1.3.11,ctbllib-fs2-q2-findall,2397,500,2026-08-10T07:02:12.849Z
2.M12M10,384,true,0,true,2026-08-10T06:59:57.615Z,1.12.6,1.9.0-DEV,428070c0f9ad,4.16.0,1.3.11,ctbllib-fs2-q2-findall,2397,501,2026-08-10T07:02:12.863Z
2.M12M8,480,false,0,true,2026-08-10T06:59:57.615Z,1.12.6,1.9.0-DEV,428070c0f9ad,4.16.0,1.3.11,ctbllib-fs2-q2-findall,2397,502,2026-08-10T07:02:12.925Z
2.M12M9,384,true,0,true,2026-08-10T06:59:57.615Z,1.12.6,1.9.0-DEV,428070c0f9ad,4.16.0,1.3.11,ctbllib-fs2-q2-findall,2397,503,2026-08-10T07:02:12.94Z
2.M12N2,128,true,0,true,2026-08-10T06:59:57.615Z,1.12.6,1.9.0-DEV,428070c0f9ad,4.16.0,1.3.11,ctbllib-fs2-q2-findall,2397,504,2026-08-10T07:02:13.207Z
2.M12N5,80,true,0,true,2026-08-10T06:59:57.615Z,1.12.6,1.9.0-DEV,428070c0f9ad,4.16.0,1.3.11,ctbllib-fs2-q2-findall,2397,505,2026-08-10T07:02:13.215Z
2.M22,887040,false,0,true,2026-08-10T06:59:57.615Z,1.12.6,1.9.0-DEV,428070c0f9ad,4.16.0,1.3.11,ctbllib-fs2-q2-findall,2397,506,2026-08-10T07:02:13.229Z
2.M22.2,1774080,false,0,true,2026-08-10T06:59:57.615Z,1.12.6,1.9.0-DEV,428070c0f9ad,4.16.0,1.3.11,ctbllib-fs2-q2-findall,2397,507,2026-08-10T07:02:13.249Z
2.M22M5,3840,false,0,true,2026-08-10T06:59:57.615Z,1.12.6,1.9.0-DEV,428070c0f9ad,4.16.0,1.3.11,ctbllib-fs2-q2-findall,2397,508,2026-08-10T07:02:13.263Z
2.M22N2,256,true,0,true,2026-08-10T06:59:57.615Z,1.12.6,1.9.0-DEV,428070c0f9ad,4.16.0,1.3.11,ctbllib-fs2-q2-findall,2397,509,2026-08-10T07:02:13.531Z
2.O10-(3),1300169930519332454400,false,0,true,2026-08-10T06:59:57.615Z,1.12.6,1.9.0-DEV,428070c0f9ad,4.16.0,1.3.11,ctbllib-fs2-q2-findall,2397,510,2026-08-10T07:02:14.068Z
2.O7(3),9170703360,false,0,true,2026-08-10T06:59:57.615Z,1.12.6,1.9.0-DEV,428070c0f9ad,4.16.0,1.3.11,ctbllib-fs2-q2-findall,2397,511,2026-08-10T07:02:14.113Z
2.O7(3).2,18341406720,false,0,true,2026-08-10T06:59:57.615Z,1.12.6,1.9.0-DEV,428070c0f9ad,4.16.0,1.3.11,ctbllib-fs2-q2-findall,2397,512,2026-08-10T07:02:14.212Z
2.O7(3)M9,2519424,true,0,true,2026-08-10T06:59:57.615Z,1.12.6,1.9.0-DEV,428070c0f9ad,4.16.0,1.3.11,ctbllib-fs2-q2-findall,2397,513,2026-08-10T07:02:14.331Z
2.O8+(2),348364800,false,0,true,2026-08-10T06:59:57.615Z,1.12.6,1.9.0-DEV,428070c0f9ad,4.16.0,1.3.11,ctbllib-fs2-q2-findall,2397,514,2026-08-10T07:02:14.407Z
2.O8+(2).2,696729600,false,0,true,2026-08-10T06:59:57.615Z,1.12.6,1.9.0-DEV,428070c0f9ad,4.16.0,1.3.11,ctbllib-fs2-q2-findall,2397,515,2026-08-10T07:02:14.46Z
2.O8+(3),9904359628800,false,0,true,2026-08-10T06:59:57.615Z,1.12.6,1.9.0-DEV,428070c0f9ad,4.16.0,1.3.11,ctbllib-fs2-q2-findall,2397,516,2026-08-10T07:02:14.56Z
2.O8+(7),225109982355597803520000,false,0,true,2026-08-10T06:59:57.615Z,1.12.6,1.9.0-DEV,428070c0f9ad,4.16.0,1.3.11,ctbllib-fs2-q2-findall,2397,517,2026-08-10T07:02:23.955Z
2.O8-(3),20303937239040,false,0,true,2026-08-10T06:59:57.615Z,1.12.6,1.9.0-DEV,428070c0f9ad,4.16.0,1.3.11,ctbllib-fs2-q2-findall,2397,518,2026-08-10T07:02:24.131Z
2.O9(3),131569513308979200,false,0,true,2026-08-10T06:59:57.615Z,1.12.6,1.9.0-DEV,428070c0f9ad,4.16.0,1.3.11,ctbllib-fs2-q2-findall,2397,519,2026-08-10T07:02:25.187Z
2.Ru,291852288000,false,0,true,2026-08-10T06:59:57.615Z,1.12.6,1.9.0-DEV,428070c0f9ad,4.16.0,1.3.11,ctbllib-fs2-q2-findall,2397,520,2026-08-10T07:02:25.222Z
2.RuM1,71884800,false,0,true,2026-08-10T06:59:57.615Z,1.12.6,1.9.0-DEV,428070c0f9ad,4.16.0,1.3.11,ctbllib-fs2-q2-findall,2397,521,2026-08-10T07:02:25.33Z
2.RuN2,32768,true,0,true,2026-08-10T06:59:57.615Z,1.12.6,1.9.0-DEV,428070c0f9ad,4.16.0,1.3.11,ctbllib-fs2-q2-findall,2397,522,2026-08-10T07:02:25.632Z
2.S3,12,true,0,true,2026-08-10T06:59:57.615Z,1.12.6,1.9.0-DEV,428070c0f9ad,4.16.0,1.3.11,ctbllib-fs2-q2-findall,2397,523,2026-08-10T07:02:25.64Z
2.S4,48,true,0,true,2026-08-10T06:59:57.615Z,1.12.6,1.9.0-DEV,428070c0f9ad,4.16.0,1.3.11,ctbllib-fs2-q2-findall,2397,524,2026-08-10T07:02:25.651Z
2.S4(5),9360000,false,0,true,2026-08-10T06:59:57.615Z,1.12.6,1.9.0-DEV,428070c0f9ad,4.16.0,1.3.11,ctbllib-fs2-q2-findall,2397,525,2026-08-10T07:02:25.693Z
2.S4(5).2,18720000,false,0,true,2026-08-10T06:59:57.615Z,1.12.6,1.9.0-DEV,428070c0f9ad,4.16.0,1.3.11,ctbllib-fs2-q2-findall,2397,526,2026-08-10T07:02:25.718Z
2.S4x2.S4,2304,true,0,true,2026-08-10T06:59:57.615Z,1.12.6,1.9.0-DEV,428070c0f9ad,4.16.0,1.3.11,ctbllib-fs2-q2-findall,2397,527,2026-08-10T07:02:26.023Z
2.S6(2),2903040,false,0,true,2026-08-10T06:59:57.615Z,1.12.6,1.9.0-DEV,428070c0f9ad,4.16.0,1.3.11,ctbllib-fs2-q2-findall,2397,528,2026-08-10T07:02:26.064Z
2.S6(3),9170703360,false,0,true,2026-08-10T06:59:57.615Z,1.12.6,1.9.0-DEV,428070c0f9ad,4.16.0,1.3.11,ctbllib-fs2-q2-findall,2397,529,2026-08-10T07:02:26.181Z
2.S6(3).2,18341406720,false,0,true,2026-08-10T06:59:57.615Z,1.12.6,1.9.0-DEV,428070c0f9ad,4.16.0,1.3.11,ctbllib-fs2-q2-findall,2397,530,2026-08-10T07:02:26.249Z
2.Suz,896690995200,false,0,true,2026-08-10T06:59:57.615Z,1.12.6,1.9.0-DEV,428070c0f9ad,4.16.0,1.3.11,ctbllib-fs2-q2-findall,2397,531,2026-08-10T07:02:26.301Z
2.Suz.2,1793381990400,false,0,true,2026-08-10T06:59:57.615Z,1.12.6,1.9.0-DEV,428070c0f9ad,4.16.0,1.3.11,ctbllib-fs2-q2-findall,2397,532,2026-08-10T07:02:26.35Z
2.SuzM11,279936,true,0,true,2026-08-10T06:59:57.615Z,1.12.6,1.9.0-DEV,428070c0f9ad,4.16.0,1.3.11,ctbllib-fs2-q2-findall,2397,533,2026-08-10T07:02:26.431Z
2.SuzM4,6635520,false,2,true,2026-08-10T06:59:57.615Z,1.12.6,1.9.0-DEV,428070c0f9ad,4.16.0,1.3.11,ctbllib-fs2-q2-findall,2397,534,2026-08-10T07:02:26.482Z
2.SuzM7,2211840,false,0,true,2026-08-10T06:59:57.615Z,1.12.6,1.9.0-DEV,428070c0f9ad,4.16.0,1.3.11,ctbllib-fs2-q2-findall,2397,535,2026-08-10T07:02:26.522Z
2.SuzM9,737280,false,0,true,2026-08-10T06:59:57.615Z,1.12.6,1.9.0-DEV,428070c0f9ad,4.16.0,1.3.11,ctbllib-fs2-q2-findall,2397,536,2026-08-10T07:02:26.562Z
2.SuzN2,49152,true,0,true,2026-08-10T06:59:57.615Z,1.12.6,1.9.0-DEV,428070c0f9ad,4.16.0,1.3.11,ctbllib-fs2-q2-findall,2397,537,2026-08-10T07:02:26.893Z
2.Sym(15),2615348736000,false,0,true,2026-08-10T06:59:57.615Z,1.12.6,1.9.0-DEV,428070c0f9ad,4.16.0,1.3.11,ctbllib-fs2-q2-findall,2397,538,2026-08-10T07:02:28.758Z
2.Sym(16),41845579776000,false,0,true,2026-08-10T06:59:57.615Z,1.12.6,1.9.0-DEV,428070c0f9ad,4.16.0,1.3.11,ctbllib-fs2-q2-findall,2397,539,2026-08-10T07:02:28.962Z
2.Sym(17),711374856192000,false,0,true,2026-08-10T06:59:57.615Z,1.12.6,1.9.0-DEV,428070c0f9ad,4.16.0,1.3.11,ctbllib-fs2-q2-findall,2397,540,2026-08-10T07:02:29.245Z
2.Sym(18),12804747411456000,false,0,true,2026-08-10T06:59:57.615Z,1.12.6,1.9.0-DEV,428070c0f9ad,4.16.0,1.3.11,ctbllib-fs2-q2-findall,2397,541,2026-08-10T07:02:30.212Z
2.Sym(19),243290200817664000,false,0,true,2026-08-10T06:59:57.615Z,1.12.6,1.9.0-DEV,428070c0f9ad,4.16.0,1.3.11,ctbllib-fs2-q2-findall,2397,542,2026-08-10T07:02:31.32Z
2.Symm(4),48,true,0,true,2026-08-10T06:59:57.615Z,1.12.6,1.9.0-DEV,428070c0f9ad,4.16.0,1.3.11,ctbllib-fs2-q2-findall,2397,543,2026-08-10T07:02:31.346Z
2.Sz(8),58240,false,0,true,2026-08-10T06:59:57.615Z,1.12.6,1.9.0-DEV,428070c0f9ad,4.16.0,1.3.11,ctbllib-fs2-q2-findall,2397,544,2026-08-10T07:02:31.37Z
2.U4(2),51840,false,0,true,2026-08-10T06:59:57.615Z,1.12.6,1.9.0-DEV,428070c0f9ad,4.16.0,1.3.11,ctbllib-fs2-q2-findall,2397,545,2026-08-10T07:02:31.391Z
2.U4(2).2,103680,false,0,true,2026-08-10T06:59:57.615Z,1.12.6,1.9.0-DEV,428070c0f9ad,4.16.0,1.3.11,ctbllib-fs2-q2-findall,2397,546,2026-08-10T07:02:31.403Z
2.U4(2)N2,384,true,0,true,2026-08-10T06:59:57.615Z,1.12.6,1.9.0-DEV,428070c0f9ad,4.16.0,1.3.11,ctbllib-fs2-q2-findall,2397,547,2026-08-10T07:02:31.669Z
2.U4(3),6531840,false,0,true,2026-08-10T06:59:57.615Z,1.12.6,1.9.0-DEV,428070c0f9ad,4.16.0,1.3.11,ctbllib-fs2-q2-findall,2397,548,2026-08-10T07:02:31.765Z
2.U4(3).(2^2)_{1*2*2*},26127360,false,0,true,2026-08-10T06:59:57.615Z,1.12.6,1.9.0-DEV,428070c0f9ad,4.16.0,1.3.11,ctbllib-fs2-q2-findall,2397,549,2026-08-10T07:02:31.844Z
2.U4(3).(2^2)_{1*2*2},26127360,false,0,true,2026-08-10T06:59:57.615Z,1.12.6,1.9.0-DEV,428070c0f9ad,4.16.0,1.3.11,ctbllib-fs2-q2-findall,2397,550,2026-08-10T07:02:31.913Z
2.U4(3).(2^2)_{1*22},26127360,false,0,true,2026-08-10T06:59:57.615Z,1.12.6,1.9.0-DEV,428070c0f9ad,4.16.0,1.3.11,ctbllib-fs2-q2-findall,2397,551,2026-08-10T07:02:31.984Z
2.U4(3).(2^2)_{1*3*3*},26127360,false,0,true,2026-08-10T06:59:57.615Z,1.12.6,1.9.0-DEV,428070c0f9ad,4.16.0,1.3.11,ctbllib-fs2-q2-findall,2397,552,2026-08-10T07:02:32.022Z
2.U4(3).(2^2)_{1*3*3},26127360,false,0,true,2026-08-10T06:59:57.615Z,1.12.6,1.9.0-DEV,428070c0f9ad,4.16.0,1.3.11,ctbllib-fs2-q2-findall,2397,553,2026-08-10T07:02:32.058Z
2.U4(3).(2^2)_{1*33},26127360,false,0,true,2026-08-10T06:59:57.615Z,1.12.6,1.9.0-DEV,428070c0f9ad,4.16.0,1.3.11,ctbllib-fs2-q2-findall,2397,554,2026-08-10T07:02:32.091Z
2.U4(3).(2^2)_{12*2*},26127360,false,0,true,2026-08-10T06:59:57.615Z,1.12.6,1.9.0-DEV,428070c0f9ad,4.16.0,1.3.11,ctbllib-fs2-q2-findall,2397,555,2026-08-10T07:02:32.157Z
2.U4(3).(2^2)_{12*2},26127360,false,0,true,2026-08-10T06:59:57.615Z,1.12.6,1.9.0-DEV,428070c0f9ad,4.16.0,1.3.11,ctbllib-fs2-q2-findall,2397,556,2026-08-10T07:02:33.751Z
2.U4(3).(2^2)_{122},26127360,false,0,true,2026-08-10T06:59:57.615Z,1.12.6,1.9.0-DEV,428070c0f9ad,4.16.0,1.3.11,ctbllib-fs2-q2-findall,2397,557,2026-08-10T07:02:33.806Z
2.U4(3).(2^2)_{13*3*},26127360,false,0,true,2026-08-10T06:59:57.615Z,1.12.6,1.9.0-DEV,428070c0f9ad,4.16.0,1.3.11,ctbllib-fs2-q2-findall,2397,558,2026-08-10T07:02:33.836Z
2.U4(3).(2^2)_{13*3},26127360,false,0,true,2026-08-10T06:59:57.615Z,1.12.6,1.9.0-DEV,428070c0f9ad,4.16.0,1.3.11,ctbllib-fs2-q2-findall,2397,559,2026-08-10T07:02:33.87Z
2.U4(3).(2^2)_{133},26127360,false,0,true,2026-08-10T06:59:57.615Z,1.12.6,1.9.0-DEV,428070c0f9ad,4.16.0,1.3.11,ctbllib-fs2-q2-findall,2397,560,2026-08-10T07:02:33.897Z
2.U4(3).2_1,13063680,false,0,true,2026-08-10T06:59:57.615Z,1.12.6,1.9.0-DEV,428070c0f9ad,4.16.0,1.3.11,ctbllib-fs2-q2-findall,2397,561,2026-08-10T07:02:33.925Z
2.U4(3).2_2,13063680,false,0,true,2026-08-10T06:59:57.615Z,1.12.6,1.9.0-DEV,428070c0f9ad,4.16.0,1.3.11,ctbllib-fs2-q2-findall,2397,562,2026-08-10T07:02:33.951Z
2.U4(3).2_3,13063680,false,0,true,2026-08-10T06:59:57.615Z,1.12.6,1.9.0-DEV,428070c0f9ad,4.16.0,1.3.11,ctbllib-fs2-q2-findall,2397,563,2026-08-10T07:02:33.965Z
2.U4(3).4,26127360,false,0,true,2026-08-10T06:59:57.615Z,1.12.6,1.9.0-DEV,428070c0f9ad,4.16.0,1.3.11,ctbllib-fs2-q2-findall,2397,564,2026-08-10T07:02:34.007Z
2.U4(3).D8,52254720,false,0,true,2026-08-10T06:59:57.615Z,1.12.6,1.9.0-DEV,428070c0f9ad,4.16.0,1.3.11,ctbllib-fs2-q2-findall,2397,565,2026-08-10T07:02:34.046Z
2.U6(2),18393661440,false,0,true,2026-08-10T06:59:57.615Z,1.12.6,1.9.0-DEV,428070c0f9ad,4.16.0,1.3.11,ctbllib-fs2-q2-findall,2397,566,2026-08-10T07:02:34.103Z
2.U6(2).2,36787322880,false,0,true,2026-08-10T06:59:57.615Z,1.12.6,1.9.0-DEV,428070c0f9ad,4.16.0,1.3.11,ctbllib-fs2-q2-findall,2397,567,2026-08-10T07:02:34.152Z
2.U6(2)M3,20643840,false,0,true,2026-08-10T06:59:57.615Z,1.12.6,1.9.0-DEV,428070c0f9ad,4.16.0,1.3.11,ctbllib-fs2-q2-findall,2397,568,2026-08-10T07:02:34.236Z
2.[2^6].(2xS3),1536,true,0,true,2026-08-10T06:59:57.615Z,1.12.6,1.9.0-DEV,428070c0f9ad,4.16.0,1.3.11,ctbllib-fs2-q2-findall,2397,569,2026-08-10T07:02:34.532Z
2.[2^6]:(S3xS3),4608,true,0,true,2026-08-10T06:59:57.615Z,1.12.6,1.9.0-DEV,428070c0f9ad,4.16.0,1.3.11,ctbllib-fs2-q2-findall,2397,570,2026-08-10T07:02:34.575Z
2.[2^9]:5:4,20480,true,0,true,2026-08-10T06:59:57.615Z,1.12.6,1.9.0-DEV,428070c0f9ad,4.16.0,1.3.11,ctbllib-fs2-q2-findall,2397,571,2026-08-10T07:02:34.604Z
23:11,253,true,0,true,2026-08-10T06:59:57.615Z,1.12.6,1.9.0-DEV,428070c0f9ad,4.16.0,1.3.11,ctbllib-fs2-q2-findall,2397,572,2026-08-10T07:02:34.627Z
23:22,506,true,0,true,2026-08-10T06:59:57.615Z,1.12.6,1.9.0-DEV,428070c0f9ad,4.16.0,1.3.11,ctbllib-fs2-q2-findall,2397,573,2026-08-10T07:02:34.918Z
25:4,100,true,0,true,2026-08-10T06:59:57.615Z,1.12.6,1.9.0-DEV,428070c0f9ad,4.16.0,1.3.11,ctbllib-fs2-q2-findall,2397,574,2026-08-10T07:02:34.926Z
29:14,406,true,0,true,2026-08-10T06:59:57.615Z,1.12.6,1.9.0-DEV,428070c0f9ad,4.16.0,1.3.11,ctbllib-fs2-q2-findall,2397,575,2026-08-10T07:02:35.008Z
2A4xA5,1440,false,0,true,2026-08-10T06:59:57.615Z,1.12.6,1.9.0-DEV,428070c0f9ad,4.16.0,1.3.11,ctbllib-fs2-q2-findall,2397,576,2026-08-10T07:02:35.084Z
2A5xD10,1200,false,0,true,2026-08-10T06:59:57.615Z,1.12.6,1.9.0-DEV,428070c0f9ad,4.16.0,1.3.11,ctbllib-fs2-q2-findall,2397,577,2026-08-10T07:02:35.149Z
2E6(2),76532479683774853939200,false,0,true,2026-08-10T06:59:57.615Z,1.12.6,1.9.0-DEV,428070c0f9ad,4.16.0,1.3.11,ctbllib-fs2-q2-findall,2397,578,2026-08-10T07:02:35.31Z
2E6(2).2,153064959367549707878400,false,0,true,2026-08-10T06:59:57.615Z,1.12.6,1.9.0-DEV,428070c0f9ad,4.16.0,1.3.11,ctbllib-fs2-q2-findall,2397,579,2026-08-10T07:02:35.468Z
2E6(2).2N3C,40310784,true,0,true,2026-08-10T06:59:57.615Z,1.12.6,1.9.0-DEV,428070c0f9ad,4.16.0,1.3.11,ctbllib-fs2-q2-findall,2397,580,2026-08-10T07:02:36.302Z
2E6(2).3,229597439051324561817600,false,0,true,2026-08-10T06:59:57.615Z,1.12.6,1.9.0-DEV,428070c0f9ad,4.16.0,1.3.11,ctbllib-fs2-q2-findall,2397,581,2026-08-10T07:02:36.819Z
2E6(2).3.2,459194878102649123635200,false,0,true,2026-08-10T06:59:57.615Z,1.12.6,1.9.0-DEV,428070c0f9ad,4.16.0,1.3.11,ctbllib-fs2-q2-findall,2397,582,2026-08-10T07:02:37.041Z
2E6(2)N3C,20155392,true,0,true,2026-08-10T06:59:57.615Z,1.12.6,1.9.0-DEV,428070c0f9ad,4.16.0,1.3.11,ctbllib-fs2-q2-findall,2397,583,2026-08-10T07:02:37.281Z
2F4(2)',17971200,false,0,true,2026-08-10T06:59:57.615Z,1.12.6,1.9.0-DEV,428070c0f9ad,4.16.0,1.3.11,ctbllib-fs2-q2-findall,2397,584,2026-08-10T07:02:37.31Z
2F4(2)'.2,35942400,false,0,true,2026-08-10T06:59:57.615Z,1.12.6,1.9.0-DEV,428070c0f9ad,4.16.0,1.3.11,ctbllib-fs2-q2-findall,2397,585,2026-08-10T07:02:37.324Z
2F4(2)'.2N2,4096,true,0,true,2026-08-10T06:59:57.615Z,1.12.6,1.9.0-DEV,428070c0f9ad,4.16.0,1.3.11,ctbllib-fs2-q2-findall,2397,586,2026-08-10T07:02:38.044Z
2F4(2)'N2,2048,true,0,true,2026-08-10T06:59:57.615Z,1.12.6,1.9.0-DEV,428070c0f9ad,4.16.0,1.3.11,ctbllib-fs2-q2-findall,2397,587,2026-08-10T07:02:38.055Z
2F4(2)x2,71884800,false,0,true,2026-08-10T06:59:57.615Z,1.12.6,1.9.0-DEV,428070c0f9ad,4.16.0,1.3.11,ctbllib-fs2-q2-findall,2397,588,2026-08-10T07:02:38.149Z
2F4(8),264905352699586176614400,false,0,true,2026-08-10T06:59:57.615Z,1.12.6,1.9.0-DEV,428070c0f9ad,4.16.0,1.3.11,ctbllib-fs2-q2-findall,2397,589,2026-08-10T07:02:38.617Z
2S5.2,480,false,0,true,2026-08-10T06:59:57.615Z,1.12.6,1.9.0-DEV,428070c0f9ad,4.16.0,1.3.11,ctbllib-fs2-q2-findall,2397,590,2026-08-10T07:02:38.652Z
2^(1+1+2+2):S3,384,true,0,true,2026-08-10T06:59:57.615Z,1.12.6,1.9.0-DEV,428070c0f9ad,4.16.0,1.3.11,ctbllib-fs2-q2-findall,2397,591,2026-08-10T07:02:38.707Z
2^(1+1+2+4).(2x2^(2+4).S3^2),1179648,true,0,true,2026-08-10T06:59:57.615Z,1.12.6,1.9.0-DEV,428070c0f9ad,4.16.0,1.3.11,ctbllib-fs2-q2-findall,2397,592,2026-08-10T07:02:39.168Z
2^(1+1+3+3).(2x2^(3+3).L3(2)),5505024,false,0,true,2026-08-10T06:59:57.615Z,1.12.6,1.9.0-DEV,428070c0f9ad,4.16.0,1.3.11,ctbllib-fs2-q2-findall,2397,593,2026-08-10T07:02:39.279Z
2^(1+12).3_1.U4(3).2_2',160526499840,false,0,true,2026-08-10T06:59:57.615Z,1.12.6,1.9.0-DEV,428070c0f9ad,4.16.0,1.3.11,ctbllib-fs2-q2-findall,2397,594,2026-08-10T07:02:39.466Z
2^(1+12)_+.3_1.U4(3).2^2_{122},321052999680,false,0,true,2026-08-10T06:59:57.615Z,1.12.6,1.9.0-DEV,428070c0f9ad,4.16.0,1.3.11,ctbllib-fs2-q2-findall,2397,595,2026-08-10T07:02:41.326Z
2^(1+22).Co2,354883595661213696000,false,1,true,2026-08-10T06:59:57.615Z,1.12.6,1.9.0-DEV,428070c0f9ad,4.16.0,1.3.11,ctbllib-fs2-q2-findall,2397,596,2026-08-10T07:02:43.299Z
2^(1+3):L3(2),2688,false,0,true,2026-08-10T06:59:57.615Z,1.12.6,1.9.0-DEV,428070c0f9ad,4.16.0,1.3.11,ctbllib-fs2-q2-findall,2397,597,2026-08-10T07:02:43.354Z
2^(1+4)+.(S3xS3),1152,true,0,true,2026-08-10T06:59:57.615Z,1.12.6,1.9.0-DEV,428070c0f9ad,4.16.0,1.3.11,ctbllib-fs2-q2-findall,2397,598,2026-08-10T07:02:43.391Z
2^(1+4)+:3^2.2,576,true,0,true,2026-08-10T06:59:57.615Z,1.12.6,1.9.0-DEV,428070c0f9ad,4.16.0,1.3.11,ctbllib-fs2-q2-findall,2397,599,2026-08-10T07:02:43.401Z
2^(1+4).S3,192,true,0,true,2026-08-10T06:59:57.615Z,1.12.6,1.9.0-DEV,428070c0f9ad,4.16.0,1.3.11,ctbllib-fs2-q2-findall,2397,600,2026-08-10T07:02:43.463Z
2^(1+4).S3^2,1152,true,0,true,2026-08-10T06:59:57.615Z,1.12.6,1.9.0-DEV,428070c0f9ad,4.16.0,1.3.11,ctbllib-fs2-q2-findall,2397,601,2026-08-10T07:02:43.745Z
2^(1+4).S5,3840,false,0,true,2026-08-10T06:59:57.615Z,1.12.6,1.9.0-DEV,428070c0f9ad,4.16.0,1.3.11,ctbllib-fs2-q2-findall,2397,602,2026-08-10T07:02:43.768Z
2^(1+4)_+.(S3x3^2:2),3456,true,0,true,2026-08-10T06:59:57.615Z,1.12.6,1.9.0-DEV,428070c0f9ad,4.16.0,1.3.11,ctbllib-fs2-q2-findall,2397,603,2026-08-10T07:02:44.054Z
2^(1+5+8).(S3xA6),35389440,false,0,true,2026-08-10T06:59:57.615Z,1.12.6,1.9.0-DEV,428070c0f9ad,4.16.0,1.3.11,ctbllib-fs2-q2-findall,2397,604,2026-08-10T07:02:44.207Z
2^(1+6).3^(1+2).2S4,165888,true,0,true,2026-08-10T06:59:57.615Z,1.12.6,1.9.0-DEV,428070c0f9ad,4.16.0,1.3.11,ctbllib-fs2-q2-findall,2397,605,2026-08-10T07:02:44.576Z
2^(1+6)_+.A8,2580480,false,0,true,2026-08-10T06:59:57.615Z,1.12.6,1.9.0-DEV,428070c0f9ad,4.16.0,1.3.11,ctbllib-fs2-q2-findall,2397,606,2026-08-10T07:02:44.618Z
2^(1+6)_+.L3(2).2,43008,false,0,true,2026-08-10T06:59:57.615Z,1.12.6,1.9.0-DEV,428070c0f9ad,4.16.0,1.3.11,ctbllib-fs2-q2-findall,2397,607,2026-08-10T07:02:44.68Z
2^(1+6)_+:3A7,967680,false,1,true,2026-08-10T06:59:57.615Z,1.12.6,1.9.0-DEV,428070c0f9ad,4.16.0,1.3.11,ctbllib-fs2-q2-findall,2397,608,2026-08-10T07:02:44.865Z
2^(1+6)_+:A7,322560,false,0,true,2026-08-10T06:59:57.615Z,1.12.6,1.9.0-DEV,428070c0f9ad,4.16.0,1.3.11,ctbllib-fs2-q2-findall,2397,609,2026-08-10T07:02:44.885Z
2^(1+6)_+:S5,15360,false,0,true,2026-08-10T06:59:57.615Z,1.12.6,1.9.0-DEV,428070c0f9ad,4.16.0,1.3.11,ctbllib-fs2-q2-findall,2397,610,2026-08-10T07:02:45.453Z
2^(1+6)_-.2^4.A5,122880,false,2,true,2026-08-10T06:59:57.615Z,1.12.6,1.9.0-DEV,428070c0f9ad,4.16.0,1.3.11,ctbllib-fs2-q2-findall,2397,611,2026-08-10T07:02:45.746Z
2^(1+6)_-.3^3.S4,82944,true,0,true,2026-08-10T06:59:57.615Z,1.12.6,1.9.0-DEV,428070c0f9ad,4.16.0,1.3.11,ctbllib-fs2-q2-findall,2397,612,2026-08-10T07:02:45.842Z
2^(1+6)_-.U4(2).2,6635520,false,0,true,2026-08-10T06:59:57.615Z,1.12.6,1.9.0-DEV,428070c0f9ad,4.16.0,1.3.11,ctbllib-fs2-q2-findall,2397,613,2026-08-10T07:02:45.921Z
2^(1+6)_-3.3.3^2:2,20736,true,0,true,2026-08-10T06:59:57.615Z,1.12.6,1.9.0-DEV,428070c0f9ad,4.16.0,1.3.11,ctbllib-fs2-q2-findall,2397,614,2026-08-10T07:02:45.995Z
2^(1+8)+.O8+(2),89181388800,false,2,true,2026-08-10T06:59:57.615Z,1.12.6,1.9.0-DEV,428070c0f9ad,4.16.0,1.3.11,ctbllib-fs2-q2-findall,2397,615,2026-08-10T07:02:46.133Z
2^(1+8)+:L2(8),258048,false,1,true,2026-08-10T06:59:57.615Z,1.12.6,1.9.0-DEV,428070c0f9ad,4.16.0,1.3.11,ctbllib-fs2-q2-findall,2397,616,2026-08-10T07:02:46.183Z
2^(1+8).(A5xA5).2,3686400,false,0,true,2026-08-10T06:59:57.615Z,1.12.6,1.9.0-DEV,428070c0f9ad,4.16.0,1.3.11,ctbllib-fs2-q2-findall,2397,617,2026-08-10T07:02:46.257Z
2^(1+8).2^(1+4).S3,98304,true,0,true,2026-08-10T06:59:57.615Z,1.12.6,1.9.0-DEV,428070c0f9ad,4.16.0,1.3.11,ctbllib-fs2-q2-findall,2397,618,2026-08-10T07:02:46.562Z
2^(1+8).2^2.(3xA5).2,737280,false,0,true,2026-08-10T06:59:57.615Z,1.12.6,1.9.0-DEV,428070c0f9ad,4.16.0,1.3.11,ctbllib-fs2-q2-findall,2397,619,2026-08-10T07:02:46.585Z
2^(1+8).2^2.S3^2,73728,true,0,true,2026-08-10T06:59:57.615Z,1.12.6,1.9.0-DEV,428070c0f9ad,4.16.0,1.3.11,ctbllib-fs2-q2-findall,2397,620,2026-08-10T07:02:46.613Z
2^(1+8).2^3.2^2.S3,98304,true,0,true,2026-08-10T06:59:57.615Z,1.12.6,1.9.0-DEV,428070c0f9ad,4.16.0,1.3.11,ctbllib-fs2-q2-findall,2397,621,2026-08-10T07:02:46.645Z
2^(1+8).2^4.2.S3,98304,true,0,true,2026-08-10T06:59:57.615Z,1.12.6,1.9.0-DEV,428070c0f9ad,4.16.0,1.3.11,ctbllib-fs2-q2-findall,2397,622,2026-08-10T07:02:46.68Z
2^(1+8).2^4.S3^2,294912,true,0,true,2026-08-10T06:59:57.615Z,1.12.6,1.9.0-DEV,428070c0f9ad,4.16.0,1.3.11,ctbllib-fs2-q2-findall,2397,623,2026-08-10T07:02:46.71Z
2^(1+8).D8.S3,24576,true,0,true,2026-08-10T06:59:57.615Z,1.12.6,1.9.0-DEV,428070c0f9ad,4.16.0,1.3.11,ctbllib-fs2-q2-findall,2397,624,2026-08-10T07:02:46.739Z
2^(1+8):S8,20643840,false,0,true,2026-08-10T06:59:57.615Z,1.12.6,1.9.0-DEV,428070c0f9ad,4.16.0,1.3.11,ctbllib-fs2-q2-findall,2397,625,2026-08-10T07:02:46.834Z
2^(1+8)_+.(2xA5),61440,false,2,true,2026-08-10T06:59:57.615Z,1.12.6,1.9.0-DEV,428070c0f9ad,4.16.0,1.3.11,ctbllib-fs2-q2-findall,2397,626,2026-08-10T07:02:48.535Z
2^(1+8)_+.(A4xA4).2,147456,true,0,true,2026-08-10T06:59:57.615Z,1.12.6,1.9.0-DEV,428070c0f9ad,4.16.0,1.3.11,ctbllib-fs2-q2-findall,2397,627,2026-08-10T07:02:48.562Z
2^(1+8)_+.(A4xA5),368640,false,0,true,2026-08-10T06:59:57.615Z,1.12.6,1.9.0-DEV,428070c0f9ad,4.16.0,1.3.11,ctbllib-fs2-q2-findall,2397,628,2026-08-10T07:02:48.601Z
2^(1+8)_+.(A5xA5).2^2,7372800,false,0,true,2026-08-10T06:59:57.615Z,1.12.6,1.9.0-DEV,428070c0f9ad,4.16.0,1.3.11,ctbllib-fs2-q2-findall,2397,629,2026-08-10T07:02:48.682Z
2^(1+8)_+.2^2.2^2.2^4.S3,786432,true,0,true,2026-08-10T06:59:57.615Z,1.12.6,1.9.0-DEV,428070c0f9ad,4.16.0,1.3.11,ctbllib-fs2-q2-findall,2397,630,2026-08-10T07:02:49.162Z
2^(1+8)_+.2^3.2^2.2^3.S3,786432,true,0,true,2026-08-10T06:59:57.615Z,1.12.6,1.9.0-DEV,428070c0f9ad,4.16.0,1.3.11,ctbllib-fs2-q2-findall,2397,631,2026-08-10T07:02:49.403Z
2^(1+8)_+.2^3.2^5.S3,786432,true,0,true,2026-08-10T06:59:57.615Z,1.12.6,1.9.0-DEV,428070c0f9ad,4.16.0,1.3.11,ctbllib-fs2-q2-findall,2397,632,2026-08-10T07:02:49.639Z
2^(1+8)_+.2^5.S4(2),11796480,false,0,true,2026-08-10T06:59:57.615Z,1.12.6,1.9.0-DEV,428070c0f9ad,4.16.0,1.3.11,ctbllib-fs2-q2-findall,2397,633,2026-08-10T07:02:50.388Z
2^(1+8)_+:(S3xS3xS3),110592,true,0,true,2026-08-10T06:59:57.615Z,1.12.6,1.9.0-DEV,428070c0f9ad,4.16.0,1.3.11,ctbllib-fs2-q2-findall,2397,634,2026-08-10T07:02:50.457Z
2^(1+8)_+:L2(8):3,774144,false,1,true,2026-08-10T06:59:57.615Z,1.12.6,1.9.0-DEV,428070c0f9ad,4.16.0,1.3.11,ctbllib-fs2-q2-findall,2397,635,2026-08-10T07:02:50.491Z
2^(1+8)_+:U4(2),13271040,false,0,true,2026-08-10T06:59:57.615Z,1.12.6,1.9.0-DEV,428070c0f9ad,4.16.0,1.3.11,ctbllib-fs2-q2-findall,2397,636,2026-08-10T07:02:50.61Z
2^(10+16).O10+(2),1577011055923770163200,false,2,true,2026-08-10T06:59:57.615Z,1.12.6,1.9.0-DEV,428070c0f9ad,4.16.0,1.3.11,ctbllib-fs2-q2-findall,2397,637,2026-08-10T07:02:51.628Z
2^(2+1+2).2^(1+1+2).2^2.S4,49152,true,0,true,2026-08-10T06:59:57.615Z,1.12.6,1.9.0-DEV,428070c0f9ad,4.16.0,1.3.11,ctbllib-fs2-q2-findall,2397,638,2026-08-10T07:02:51.697Z
2^(2+1+2+4+2).(3xS4),147456,true,0,true,2026-08-10T06:59:57.615Z,1.12.6,1.9.0-DEV,428070c0f9ad,4.16.0,1.3.11,ctbllib-fs2-q2-findall,2397,639,2026-08-10T07:02:52.453Z
2^(2+10+20).(M22.2xS3),22858846741463040,false,0,true,2026-08-10T06:59:57.615Z,1.12.6,1.9.0-DEV,428070c0f9ad,4.16.0,1.3.11,ctbllib-fs2-q2-findall,2397,640,2026-08-10T07:02:57.184Z
2^(2+11+22).(M24xS3),50472333605150392320,false,0,true,2026-08-10T06:59:57.615Z,1.12.6,1.9.0-DEV,428070c0f9ad,4.16.0,1.3.11,ctbllib-fs2-q2-findall,2397,641,2026-08-10T07:03:00.313Z
2^(2+12):(A8xS3),1981808640,false,0,true,2026-08-10T06:59:57.615Z,1.12.6,1.9.0-DEV,428070c0f9ad,4.16.0,1.3.11,ctbllib-fs2-q2-findall,2397,642,2026-08-10T07:03:00.487Z
2^(2+2+4).(S3xS3),9216,true,0,true,2026-08-10T06:59:57.615Z,1.12.6,1.9.0-DEV,428070c0f9ad,4.16.0,1.3.11,ctbllib-fs2-q2-findall,2397,643,2026-08-10T07:03:00.776Z
2^(2+4).(S3x2),768,true,0,true,2026-08-10T06:59:57.615Z,1.12.6,1.9.0-DEV,428070c0f9ad,4.16.0,1.3.11,ctbllib-fs2-q2-findall,2397,644,2026-08-10T07:03:00.834Z
2^(2+4):(3x3):2,1152,true,0,true,2026-08-10T06:59:57.615Z,1.12.6,1.9.0-DEV,428070c0f9ad,4.16.0,1.3.11,ctbllib-fs2-q2-findall,2397,645,2026-08-10T07:03:01.659Z
2^(2+4):(3xD10),1920,true,0,true,2026-08-10T06:59:57.615Z,1.12.6,1.9.0-DEV,428070c0f9ad,4.16.0,1.3.11,ctbllib-fs2-q2-findall,2397,646,2026-08-10T07:03:01.694Z
2^(2+4):(S3xS3),2304,true,0,true,2026-08-10T06:59:57.615Z,1.12.6,1.9.0-DEV,428070c0f9ad,4.16.0,1.3.11,ctbllib-fs2-q2-findall,2397,647,2026-08-10T07:03:01.715Z
2^(2+4):15,960,true,0,true,2026-08-10T06:59:57.615Z,1.12.6,1.9.0-DEV,428070c0f9ad,4.16.0,1.3.11,ctbllib-fs2-q2-findall,2397,648,2026-08-10T07:03:01.755Z
2^(2+6):3^3:S3,41472,true,0,true,2026-08-10T06:59:57.615Z,1.12.6,1.9.0-DEV,428070c0f9ad,4.16.0,1.3.11,ctbllib-fs2-q2-findall,2397,649,2026-08-10T07:03:01.831Z
2^(2+8).2^2.(3xS3),73728,true,0,true,2026-08-10T06:59:57.615Z,1.12.6,1.9.0-DEV,428070c0f9ad,4.16.0,1.3.11,ctbllib-fs2-q2-findall,2397,650,2026-08-10T07:03:02.124Z
2^(2+8):(3xA5),184320,false,0,true,2026-08-10T06:59:57.615Z,1.12.6,1.9.0-DEV,428070c0f9ad,4.16.0,1.3.11,ctbllib-fs2-q2-findall,2397,651,2026-08-10T07:03:02.199Z
2^(2+8):(3xA5):2,368640,false,0,true,2026-08-10T06:59:57.615Z,1.12.6,1.9.0-DEV,428070c0f9ad,4.16.0,1.3.11,ctbllib-fs2-q2-findall,2397,652,2026-08-10T07:03:02.473Z
2^(2+8):(S5xS3),737280,false,0,true,2026-08-10T06:59:57.615Z,1.12.6,1.9.0-DEV,428070c0f9ad,4.16.0,1.3.11,ctbllib-fs2-q2-findall,2397,653,2026-08-10T07:03:02.554Z
2^(3+1+3).L3(2),21504,false,0,true,2026-08-10T06:59:57.615Z,1.12.6,1.9.0-DEV,428070c0f9ad,4.16.0,1.3.11,ctbllib-fs2-q2-findall,2397,654,2026-08-10T07:03:02.845Z
2^(3+12).(L3(2)xA6),1981808640,false,0,true,2026-08-10T06:59:57.615Z,1.12.6,1.9.0-DEV,428070c0f9ad,4.16.0,1.3.11,ctbllib-fs2-q2-findall,2397,655,2026-08-10T07:03:03.038Z
2^(3+12).(L3(2)xS6),3963617280,false,0,true,2026-08-10T06:59:57.615Z,1.12.6,1.9.0-DEV,428070c0f9ad,4.16.0,1.3.11,ctbllib-fs2-q2-findall,2397,656,2026-08-10T07:03:03.338Z
2^(3+3):7,448,true,0,true,2026-08-10T06:59:57.615Z,1.12.6,1.9.0-DEV,428070c0f9ad,4.16.0,1.3.11,ctbllib-fs2-q2-findall,2397,657,2026-08-10T07:03:03.379Z
2^(3+3):7:3,1344,true,0,true,2026-08-10T06:59:57.615Z,1.12.6,1.9.0-DEV,428070c0f9ad,4.16.0,1.3.11,ctbllib-fs2-q2-findall,2397,658,2026-08-10T07:03:03.388Z
2^(3+3+3).L3(2),86016,false,0,true,2026-08-10T06:59:57.615Z,1.12.6,1.9.0-DEV,428070c0f9ad,4.16.0,1.3.11,ctbllib-fs2-q2-findall,2397,659,2026-08-10T07:03:05.16Z
2^(3+6):21,10752,true,0,true,2026-08-10T06:59:57.615Z,1.12.6,1.9.0-DEV,428070c0f9ad,4.16.0,1.3.11,ctbllib-fs2-q2-findall,2397,660,2026-08-10T07:03:05.208Z
2^(3+8):(S3xS6),8847360,false,0,true,2026-08-10T06:59:57.615Z,1.12.6,1.9.0-DEV,428070c0f9ad,4.16.0,1.3.11,ctbllib-fs2-q2-findall,2397,661,2026-08-10T07:03:05.395Z
2^(4+10)(S5xS3),11796480,false,0,true,2026-08-10T06:59:57.615Z,1.12.6,1.9.0-DEV,428070c0f9ad,4.16.0,1.3.11,ctbllib-fs2-q2-findall,2397,662,2026-08-10T07:03:05.535Z
2^(4+10).(S4xS3),2359296,true,0,true,2026-08-10T06:59:57.615Z,1.12.6,1.9.0-DEV,428070c0f9ad,4.16.0,1.3.11,ctbllib-fs2-q2-findall,2397,663,2026-08-10T07:03:05.732Z
2^(4+12).(S3x3S6),849346560,false,0,true,2026-08-10T06:59:57.615Z,1.12.6,1.9.0-DEV,428070c0f9ad,4.16.0,1.3.11,ctbllib-fs2-q2-findall,2397,664,2026-08-10T07:03:05.936Z
2^(4+12).(S3x3^(1+2)_+:D8),84934656,true,0,true,2026-08-10T06:59:57.615Z,1.12.6,1.9.0-DEV,428070c0f9ad,4.16.0,1.3.11,ctbllib-fs2-q2-findall,2397,665,2026-08-10T07:03:06.12Z
2^(4+4).(S3xS3).2,18432,true,0,true,2026-08-10T06:59:57.615Z,1.12.6,1.9.0-DEV,428070c0f9ad,4.16.0,1.3.11,ctbllib-fs2-q2-findall,2397,666,2026-08-10T07:03:06.133Z
2^(4+4):(3xA5),46080,false,0,true,2026-08-10T06:59:57.615Z,1.12.6,1.9.0-DEV,428070c0f9ad,4.16.0,1.3.11,ctbllib-fs2-q2-findall,2397,667,2026-08-10T07:03:06.165Z
2^(4+6).2^2.(3xS3),73728,true,0,true,2026-08-10T06:59:57.615Z,1.12.6,1.9.0-DEV,428070c0f9ad,4.16.0,1.3.11,ctbllib-fs2-q2-findall,2397,668,2026-08-10T07:03:06.473Z
2^(4+6):(A5x3),184320,false,0,true,2026-08-10T06:59:57.615Z,1.12.6,1.9.0-DEV,428070c0f9ad,4.16.0,1.3.11,ctbllib-fs2-q2-findall,2397,669,2026-08-10T07:03:06.558Z
2^(4+6):(A5x3):2,368640,false,0,true,2026-08-10T06:59:57.615Z,1.12.6,1.9.0-DEV,428070c0f9ad,4.16.0,1.3.11,ctbllib-fs2-q2-findall,2397,670,2026-08-10T07:03:06.844Z
2^(4+6):3S6,2211840,false,0,true,2026-08-10T06:59:57.615Z,1.12.6,1.9.0-DEV,428070c0f9ad,4.16.0,1.3.11,ctbllib-fs2-q2-findall,2397,671,2026-08-10T07:03:07.515Z
2^(4+8).(2xA4),98304,true,0,true,2026-08-10T06:59:57.615Z,1.12.6,1.9.0-DEV,428070c0f9ad,4.16.0,1.3.11,ctbllib-fs2-q2-findall,2397,672,2026-08-10T07:03:07.813Z
2^(4+8):(A4xS3),294912,true,0,true,2026-08-10T06:59:57.615Z,1.12.6,1.9.0-DEV,428070c0f9ad,4.16.0,1.3.11,ctbllib-fs2-q2-findall,2397,673,2026-08-10T07:03:07.856Z
2^(4+8):(S3xA5),1474560,false,0,true,2026-08-10T06:59:57.615Z,1.12.6,1.9.0-DEV,428070c0f9ad,4.16.0,1.3.11,ctbllib-fs2-q2-findall,2397,674,2026-08-10T07:03:07.941Z
2^(5+10+20).(S3xL5(2)),2061452360684666880,false,0,true,2026-08-10T06:59:57.615Z,1.12.6,1.9.0-DEV,428070c0f9ad,4.16.0,1.3.11,ctbllib-fs2-q2-findall,2397,675,2026-08-10T07:03:09.589Z
2^(5+5):31,31744,true,0,true,2026-08-10T06:59:57.615Z,1.12.6,1.9.0-DEV,428070c0f9ad,4.16.0,1.3.11,ctbllib-fs2-q2-findall,2397,676,2026-08-10T07:03:09.634Z
2^(5+8):(2x3.A6),17694720,false,0,true,2026-08-10T06:59:57.615Z,1.12.6,1.9.0-DEV,428070c0f9ad,4.16.0,1.3.11,ctbllib-fs2-q2-findall,2397,677,2026-08-10T07:03:11.791Z
2^(5+8):(2xA6),5898240,false,0,true,2026-08-10T06:59:57.615Z,1.12.6,1.9.0-DEV,428070c0f9ad,4.16.0,1.3.11,ctbllib-fs2-q2-findall,2397,678,2026-08-10T07:03:11.829Z
2^(5+8):(2xS4),393216,true,0,true,2026-08-10T06:59:57.615Z,1.12.6,1.9.0-DEV,428070c0f9ad,4.16.0,1.3.11,ctbllib-fs2-q2-findall,2397,679,2026-08-10T07:03:11.899Z
2^(5+8):(S3x3.A6),53084160,false,0,true,2026-08-10T06:59:57.615Z,1.12.6,1.9.0-DEV,428070c0f9ad,4.16.0,1.3.11,ctbllib-fs2-q2-findall,2397,680,2026-08-10T07:03:12.236Z
2^(5+8):(S3xA6),17694720,false,0,true,2026-08-10T06:59:57.615Z,1.12.6,1.9.0-DEV,428070c0f9ad,4.16.0,1.3.11,ctbllib-fs2-q2-findall,2397,681,2026-08-10T07:03:12.351Z
2^(5+8):(S3xD8),393216,true,0,true,2026-08-10T06:59:57.615Z,1.12.6,1.9.0-DEV,428070c0f9ad,4.16.0,1.3.11,ctbllib-fs2-q2-findall,2397,682,2026-08-10T07:03:12.727Z
2^(5+8):(S3xS4),1179648,true,0,true,2026-08-10T06:59:57.615Z,1.12.6,1.9.0-DEV,428070c0f9ad,4.16.0,1.3.11,ctbllib-fs2-q2-findall,2397,683,2026-08-10T07:03:12.798Z
2^(5+8):(S3xS6),35389440,false,0,true,2026-08-10T06:59:57.615Z,1.12.6,1.9.0-DEV,428070c0f9ad,4.16.0,1.3.11,ctbllib-fs2-q2-findall,2397,684,2026-08-10T07:03:13.013Z
2^(6+6):(S3xL3(2)),4128768,false,0,true,2026-08-10T06:59:57.615Z,1.12.6,1.9.0-DEV,428070c0f9ad,4.16.0,1.3.11,ctbllib-fs2-q2-findall,2397,685,2026-08-10T07:03:13.181Z
2^(6+8).(S3xA8),1981808640,false,0,true,2026-08-10T06:59:57.615Z,1.12.6,1.9.0-DEV,428070c0f9ad,4.16.0,1.3.11,ctbllib-fs2-q2-findall,2397,686,2026-08-10T07:03:14.123Z
2^(6+8):(A7xS3),247726080,false,0,true,2026-08-10T06:59:57.615Z,1.12.6,1.9.0-DEV,428070c0f9ad,4.16.0,1.3.11,ctbllib-fs2-q2-findall,2397,687,2026-08-10T07:03:14.247Z
2^(7+8).(S3xA8),3963617280,false,0,true,2026-08-10T06:59:57.615Z,1.12.6,1.9.0-DEV,428070c0f9ad,4.16.0,1.3.11,ctbllib-fs2-q2-findall,2397,688,2026-08-10T07:03:14.755Z
2^(9+16).S8(2),1589728887019929600,false,1,true,2026-08-10T06:59:57.615Z,1.12.6,1.9.0-DEV,428070c0f9ad,4.16.0,1.3.11,ctbllib-fs2-q2-findall,2397,689,2026-08-10T07:03:16.459Z
2^1+24.2.Co1,279023678252672656343040000,false,0,true,2026-08-10T06:59:57.615Z,1.12.6,1.9.0-DEV,428070c0f9ad,4.16.0,1.3.11,ctbllib-fs2-q2-findall,2397,690,2026-08-10T07:03:19.865Z
2^1+24.Co1,139511839126336328171520000,false,0,true,2026-08-10T06:59:57.615Z,1.12.6,1.9.0-DEV,428070c0f9ad,4.16.0,1.3.11,ctbllib-fs2-q2-findall,2397,691,2026-08-10T07:03:20.34Z
2^1+4+6.a8,41287680,false,0,true,2026-08-10T06:59:57.615Z,1.12.6,1.9.0-DEV,428070c0f9ad,4.16.0,1.3.11,ctbllib-fs2-q2-findall,2397,692,2026-08-10T07:03:20.456Z
2^1+4b:a5,1920,false,1,true,2026-08-10T06:59:57.615Z,1.12.6,1.9.0-DEV,428070c0f9ad,4.16.0,1.3.11,ctbllib-fs2-q2-findall,2397,693,2026-08-10T07:03:20.479Z
"2^1+6.psl(3,2)",21504,false,0,true,2026-08-10T06:59:57.615Z,1.12.6,1.9.0-DEV,428070c0f9ad,4.16.0,1.3.11,ctbllib-fs2-q2-findall,2397,694,2026-08-10T07:03:20.542Z
2^1+6.u4q2,3317760,false,2,true,2026-08-10T06:59:57.615Z,1.12.6,1.9.0-DEV,428070c0f9ad,4.16.0,1.3.11,ctbllib-fs2-q2-findall,2397,695,2026-08-10T07:03:20.572Z
2^1+8.2.A9,185794560,false,1,true,2026-08-10T06:59:57.615Z,1.12.6,1.9.0-DEV,428070c0f9ad,4.16.0,1.3.11,ctbllib-fs2-q2-findall,2397,696,2026-08-10T07:03:20.622Z
2^1+8.a9,92897280,false,1,true,2026-08-10T06:59:57.615Z,1.12.6,1.9.0-DEV,428070c0f9ad,4.16.0,1.3.11,ctbllib-fs2-q2-findall,2397,697,2026-08-10T07:03:20.649Z
2^1+8:s6f2,743178240,false,1,true,2026-08-10T06:59:57.615Z,1.12.6,1.9.0-DEV,428070c0f9ad,4.16.0,1.3.11,ctbllib-fs2-q2-findall,2397,698,2026-08-10T07:03:20.754Z
2^10.2^2.2^2.S4,393216,true,0,true,2026-08-10T06:59:57.615Z,1.12.6,1.9.0-DEV,428070c0f9ad,4.16.0,1.3.11,ctbllib-fs2-q2-findall,2397,699,2026-08-10T07:03:21.735Z
2^10.2^3.2^3.S3,393216,true,0,true,2026-08-10T06:59:57.615Z,1.12.6,1.9.0-DEV,428070c0f9ad,4.16.0,1.3.11,ctbllib-fs2-q2-findall,2397,700,2026-08-10T07:03:22.058Z
2^10.2^3.L3(2),1376256,false,0,true,2026-08-10T06:59:57.615Z,1.12.6,1.9.0-DEV,428070c0f9ad,4.16.0,1.3.11,ctbllib-fs2-q2-findall,2397,701,2026-08-10T07:03:22.132Z
2^10.2^3.S4,196608,true,0,true,2026-08-10T06:59:57.615Z,1.12.6,1.9.0-DEV,428070c0f9ad,4.16.0,1.3.11,ctbllib-fs2-q2-findall,2397,702,2026-08-10T07:03:22.282Z
2^10.2^4.S5,1966080,false,0,true,2026-08-10T06:59:57.615Z,1.12.6,1.9.0-DEV,428070c0f9ad,4.16.0,1.3.11,ctbllib-fs2-q2-findall,2397,703,2026-08-10T07:03:22.327Z
2^10.A8,20643840,false,0,true,2026-08-10T06:59:57.615Z,1.12.6,1.9.0-DEV,428070c0f9ad,4.16.0,1.3.11,ctbllib-fs2-q2-findall,2397,704,2026-08-10T07:03:22.446Z
2^10:(2^5:s5),3932160,false,0,true,2026-08-10T06:59:57.615Z,1.12.6,1.9.0-DEV,428070c0f9ad,4.16.0,1.3.11,ctbllib-fs2-q2-findall,2397,705,2026-08-10T07:03:22.606Z
2^10:(L5(2)xS3),61436067840,false,0,true,2026-08-10T06:59:57.615Z,1.12.6,1.9.0-DEV,428070c0f9ad,4.16.0,1.3.11,ctbllib-fs2-q2-findall,2397,706,2026-08-10T07:03:24.592Z
2^10:L5(2),10239344640,false,0,true,2026-08-10T06:59:57.615Z,1.12.6,1.9.0-DEV,428070c0f9ad,4.16.0,1.3.11,ctbllib-fs2-q2-findall,2397,707,2026-08-10T07:03:24.703Z
2^10:M22',454164480,false,0,true,2026-08-10T06:59:57.615Z,1.12.6,1.9.0-DEV,428070c0f9ad,4.16.0,1.3.11,ctbllib-fs2-q2-findall,2397,708,2026-08-10T07:03:24.731Z
2^10:m22,454164480,false,0,true,2026-08-10T06:59:57.615Z,1.12.6,1.9.0-DEV,428070c0f9ad,4.16.0,1.3.11,ctbllib-fs2-q2-findall,2397,709,2026-08-10T07:03:24.765Z
2^10:m22:2,908328960,false,0,true,2026-08-10T06:59:57.615Z,1.12.6,1.9.0-DEV,428070c0f9ad,4.16.0,1.3.11,ctbllib-fs2-q2-findall,2397,710,2026-08-10T07:03:24.852Z
2^11.2^6.3^(1+2).D8,28311552,true,0,true,2026-08-10T06:59:57.615Z,1.12.6,1.9.0-DEV,428070c0f9ad,4.16.0,1.3.11,ctbllib-fs2-q2-findall,2397,711,2026-08-10T07:03:24.999Z
2^11:M24,501397585920,false,0,true,2026-08-10T06:59:57.615Z,1.12.6,1.9.0-DEV,428070c0f9ad,4.16.0,1.3.11,ctbllib-fs2-q2-findall,2397,712,2026-08-10T07:03:25.087Z
2^12.(2^2xD8),131072,true,0,true,2026-08-10T06:59:57.615Z,1.12.6,1.9.0-DEV,428070c0f9ad,4.16.0,1.3.11,ctbllib-fs2-q2-findall,2397,713,2026-08-10T07:03:26.574Z
2^12.(S3x3S6),53084160,false,0,true,2026-08-10T06:59:57.615Z,1.12.6,1.9.0-DEV,428070c0f9ad,4.16.0,1.3.11,ctbllib-fs2-q2-findall,2397,714,2026-08-10T07:03:26.721Z
2^12.3^2.U4(3).2_2',240789749760,false,0,true,2026-08-10T06:59:57.615Z,1.12.6,1.9.0-DEV,428070c0f9ad,4.16.0,1.3.11,ctbllib-fs2-q2-findall,2397,715,2026-08-10T07:03:27.367Z
2^12.3_1.U4(3).2_2',80263249920,false,0,true,2026-08-10T06:59:57.615Z,1.12.6,1.9.0-DEV,428070c0f9ad,4.16.0,1.3.11,ctbllib-fs2-q2-findall,2397,716,2026-08-10T07:03:27.452Z
2^12.M24,1002795171840,false,0,true,2026-08-10T06:59:57.615Z,1.12.6,1.9.0-DEV,428070c0f9ad,4.16.0,1.3.11,ctbllib-fs2-q2-findall,2397,717,2026-08-10T07:03:27.622Z
2^12:(L4(2)xL3(2)),13872660480,false,0,true,2026-08-10T06:59:57.615Z,1.12.6,1.9.0-DEV,428070c0f9ad,4.16.0,1.3.11,ctbllib-fs2-q2-findall,2397,718,2026-08-10T07:03:27.937Z
2^12:J2,2477260800,false,0,true,2026-08-10T06:59:57.615Z,1.12.6,1.9.0-DEV,428070c0f9ad,4.16.0,1.3.11,ctbllib-fs2-q2-findall,2397,719,2026-08-10T07:03:27.971Z
2^12:Sz(8),119275520,false,0,true,2026-08-10T06:59:57.615Z,1.12.6,1.9.0-DEV,428070c0f9ad,4.16.0,1.3.11,ctbllib-fs2-q2-findall,2397,720,2026-08-10T07:03:28.737Z
2^2+4.3xs3,1152,true,0,true,2026-08-10T06:59:57.615Z,1.12.6,1.9.0-DEV,428070c0f9ad,4.16.0,1.3.11,ctbllib-fs2-q2-findall,2397,721,2026-08-10T07:03:28.76Z
2^2+8(a5xs3),368640,false,0,true,2026-08-10T06:59:57.615Z,1.12.6,1.9.0-DEV,428070c0f9ad,4.16.0,1.3.11,ctbllib-fs2-q2-findall,2397,722,2026-08-10T07:03:28.83Z
2^2.(2^(1+8)_+:(S3xS3xS3)),442368,true,0,true,2026-08-10T06:59:57.615Z,1.12.6,1.9.0-DEV,428070c0f9ad,4.16.0,1.3.11,ctbllib-fs2-q2-findall,2397,723,2026-08-10T07:03:28.947Z
2^2.(3^2:2A4),864,true,0,true,2026-08-10T06:59:57.615Z,1.12.6,1.9.0-DEV,428070c0f9ad,4.16.0,1.3.11,ctbllib-fs2-q2-findall,2397,724,2026-08-10T07:03:28.956Z
2^2.(3^2:Q8),288,true,0,true,2026-08-10T06:59:57.615Z,1.12.6,1.9.0-DEV,428070c0f9ad,4.16.0,1.3.11,ctbllib-fs2-q2-findall,2397,725,2026-08-10T07:03:28.968Z
2^2.(3^2:Q8.2),576,true,0,true,2026-08-10T06:59:57.615Z,1.12.6,1.9.0-DEV,428070c0f9ad,4.16.0,1.3.11,ctbllib-fs2-q2-findall,2397,726,2026-08-10T07:03:28.976Z
2^2.(U3(3).2xS4),1161216,false,0,true,2026-08-10T06:59:57.615Z,1.12.6,1.9.0-DEV,428070c0f9ad,4.16.0,1.3.11,ctbllib-fs2-q2-findall,2397,727,2026-08-10T07:03:29.239Z
2^2.2E6(2),306129918735099415756800,false,0,true,2026-08-10T06:59:57.615Z,1.12.6,1.9.0-DEV,428070c0f9ad,4.16.0,1.3.11,ctbllib-fs2-q2-findall,2397,728,2026-08-10T07:03:29.638Z
2^2.2E6(2).2,612259837470198831513600,false,0,true,2026-08-10T06:59:57.615Z,1.12.6,1.9.0-DEV,428070c0f9ad,4.16.0,1.3.11,ctbllib-fs2-q2-findall,2397,729,2026-08-10T07:03:31.575Z
2^2.2E6(2).3,918389756205298247270400,false,0,true,2026-08-10T06:59:57.615Z,1.12.6,1.9.0-DEV,428070c0f9ad,4.16.0,1.3.11,ctbllib-fs2-q2-findall,2397,730,2026-08-10T07:03:32.205Z
2^2.2E6(2).3.2,1836779512410596494540800,false,0,true,2026-08-10T06:59:57.615Z,1.12.6,1.9.0-DEV,428070c0f9ad,4.16.0,1.3.11,ctbllib-fs2-q2-findall,2397,731,2026-08-10T07:03:32.599Z
2^2.2^(1+8)_+:U4(2),53084160,false,0,true,2026-08-10T06:59:57.615Z,1.12.6,1.9.0-DEV,428070c0f9ad,4.16.0,1.3.11,ctbllib-fs2-q2-findall,2397,732,2026-08-10T07:03:32.801Z
2^2.2^(3+3):7,1792,true,0,true,2026-08-10T06:59:57.615Z,1.12.6,1.9.0-DEV,428070c0f9ad,4.16.0,1.3.11,ctbllib-fs2-q2-findall,2397,733,2026-08-10T07:03:32.891Z
2^2.2^(4+8):(S3xA5),5898240,false,0,true,2026-08-10T06:59:57.615Z,1.12.6,1.9.0-DEV,428070c0f9ad,4.16.0,1.3.11,ctbllib-fs2-q2-findall,2397,734,2026-08-10T07:03:33.707Z
2^2.2^8:s3,6144,true,0,true,2026-08-10T06:59:57.615Z,1.12.6,1.9.0-DEV,428070c0f9ad,4.16.0,1.3.11,ctbllib-fs2-q2-findall,2397,735,2026-08-10T07:03:33.725Z
2^2.Fi22.2,516494013235200,false,0,true,2026-08-10T06:59:57.615Z,1.12.6,1.9.0-DEV,428070c0f9ad,4.16.0,1.3.11,ctbllib-fs2-q2-findall,2397,736,2026-08-10T07:03:34.473Z
2^2.L3(4),80640,false,0,true,2026-08-10T06:59:57.615Z,1.12.6,1.9.0-DEV,428070c0f9ad,4.16.0,1.3.11,ctbllib-fs2-q2-findall,2397,737,2026-08-10T07:03:34.505Z
2^2.L3(4).2^2,322560,false,0,true,2026-08-10T06:59:57.615Z,1.12.6,1.9.0-DEV,428070c0f9ad,4.16.0,1.3.11,ctbllib-fs2-q2-findall,2397,738,2026-08-10T07:03:34.524Z
2^2.L3(4).2_1,161280,false,0,true,2026-08-10T06:59:57.615Z,1.12.6,1.9.0-DEV,428070c0f9ad,4.16.0,1.3.11,ctbllib-fs2-q2-findall,2397,739,2026-08-10T07:03:34.538Z
2^2.L3(4).2_2,161280,false,0,true,2026-08-10T06:59:57.615Z,1.12.6,1.9.0-DEV,428070c0f9ad,4.16.0,1.3.11,ctbllib-fs2-q2-findall,2397,740,2026-08-10T07:03:34.554Z
2^2.L3(4).2_3,161280,false,0,true,2026-08-10T06:59:57.615Z,1.12.6,1.9.0-DEV,428070c0f9ad,4.16.0,1.3.11,ctbllib-fs2-q2-findall,2397,741,2026-08-10T07:03:34.569Z
2^2.L3(4).3,241920,false,0,true,2026-08-10T06:59:57.615Z,1.12.6,1.9.0-DEV,428070c0f9ad,4.16.0,1.3.11,ctbllib-fs2-q2-findall,2397,742,2026-08-10T07:03:34.59Z
2^2.L3(4).3.2_2,483840,false,0,true,2026-08-10T06:59:57.615Z,1.12.6,1.9.0-DEV,428070c0f9ad,4.16.0,1.3.11,ctbllib-fs2-q2-findall,2397,743,2026-08-10T07:03:34.604Z
2^2.L3(4).3.2_3,483840,false,0,true,2026-08-10T06:59:57.615Z,1.12.6,1.9.0-DEV,428070c0f9ad,4.16.0,1.3.11,ctbllib-fs2-q2-findall,2397,744,2026-08-10T07:03:34.617Z
2^2.L3(4).6,483840,false,0,true,2026-08-10T06:59:57.615Z,1.12.6,1.9.0-DEV,428070c0f9ad,4.16.0,1.3.11,ctbllib-fs2-q2-findall,2397,745,2026-08-10T07:03:34.63Z
2^2.L3(4).D12,967680,false,0,true,2026-08-10T06:59:57.615Z,1.12.6,1.9.0-DEV,428070c0f9ad,4.16.0,1.3.11,ctbllib-fs2-q2-findall,2397,746,2026-08-10T07:03:34.645Z
2^2.O8+(2),696729600,false,0,true,2026-08-10T06:59:57.615Z,1.12.6,1.9.0-DEV,428070c0f9ad,4.16.0,1.3.11,ctbllib-fs2-q2-findall,2397,747,2026-08-10T07:03:34.755Z
2^2.O8+(2).2,1393459200,false,0,true,2026-08-10T06:59:57.615Z,1.12.6,1.9.0-DEV,428070c0f9ad,4.16.0,1.3.11,ctbllib-fs2-q2-findall,2397,748,2026-08-10T07:03:34.827Z
2^2.O8+(2).3,2090188800,false,0,true,2026-08-10T06:59:57.615Z,1.12.6,1.9.0-DEV,428070c0f9ad,4.16.0,1.3.11,ctbllib-fs2-q2-findall,2397,749,2026-08-10T07:03:34.869Z
2^2.O8+(2).3.2,4180377600,false,0,true,2026-08-10T06:59:57.615Z,1.12.6,1.9.0-DEV,428070c0f9ad,4.16.0,1.3.11,ctbllib-fs2-q2-findall,2397,750,2026-08-10T07:03:34.926Z
2^2.O8+(3),19808719257600,false,0,true,2026-08-10T06:59:57.615Z,1.12.6,1.9.0-DEV,428070c0f9ad,4.16.0,1.3.11,ctbllib-fs2-q2-findall,2397,751,2026-08-10T07:03:35.673Z
2^2.O8+(3).3,59426157772800,false,0,true,2026-08-10T06:59:57.615Z,1.12.6,1.9.0-DEV,428070c0f9ad,4.16.0,1.3.11,ctbllib-fs2-q2-findall,2397,752,2026-08-10T07:03:35.76Z
2^2.S6,2880,false,0,true,2026-08-10T06:59:57.615Z,1.12.6,1.9.0-DEV,428070c0f9ad,4.16.0,1.3.11,ctbllib-fs2-q2-findall,2397,753,2026-08-10T07:03:35.801Z
2^2.Sz(8),116480,false,0,true,2026-08-10T06:59:57.615Z,1.12.6,1.9.0-DEV,428070c0f9ad,4.16.0,1.3.11,ctbllib-fs2-q2-findall,2397,754,2026-08-10T07:03:35.832Z
2^2.Sz(8).3,349440,false,0,true,2026-08-10T06:59:57.615Z,1.12.6,1.9.0-DEV,428070c0f9ad,4.16.0,1.3.11,ctbllib-fs2-q2-findall,2397,755,2026-08-10T07:03:35.843Z
2^2.U4(3).(2^2)_{122},52254720,false,0,true,2026-08-10T06:59:57.615Z,1.12.6,1.9.0-DEV,428070c0f9ad,4.16.0,1.3.11,ctbllib-fs2-q2-findall,2397,756,2026-08-10T07:03:36.318Z
2^2.U6(2),36787322880,false,0,true,2026-08-10T06:59:57.615Z,1.12.6,1.9.0-DEV,428070c0f9ad,4.16.0,1.3.11,ctbllib-fs2-q2-findall,2397,757,2026-08-10T07:03:36.411Z
2^2.U6(2).2,73574645760,false,0,true,2026-08-10T06:59:57.615Z,1.12.6,1.9.0-DEV,428070c0f9ad,4.16.0,1.3.11,ctbllib-fs2-q2-findall,2397,758,2026-08-10T07:03:36.483Z
2^2.U6(2).3,110361968640,false,0,true,2026-08-10T06:59:57.615Z,1.12.6,1.9.0-DEV,428070c0f9ad,4.16.0,1.3.11,ctbllib-fs2-q2-findall,2397,759,2026-08-10T07:03:36.603Z
2^2.U6(2).3.2,220723937280,false,0,true,2026-08-10T06:59:57.615Z,1.12.6,1.9.0-DEV,428070c0f9ad,4.16.0,1.3.11,ctbllib-fs2-q2-findall,2397,760,2026-08-10T07:03:36.679Z
2^2.U6(2):S3x2,441447874560,false,0,true,2026-08-10T06:59:57.615Z,1.12.6,1.9.0-DEV,428070c0f9ad,4.16.0,1.3.11,ctbllib-fs2-q2-findall,2397,761,2026-08-10T07:03:38.588Z
2^2.U6(2)M3,41287680,false,0,true,2026-08-10T06:59:57.615Z,1.12.6,1.9.0-DEV,428070c0f9ad,4.16.0,1.3.11,ctbllib-fs2-q2-findall,2397,762,2026-08-10T07:03:38.686Z
2^2.[2^6].(S3xS3),9216,true,0,true,2026-08-10T06:59:57.615Z,1.12.6,1.9.0-DEV,428070c0f9ad,4.16.0,1.3.11,ctbllib-fs2-q2-findall,2397,763,2026-08-10T07:03:38.736Z
2^2.[2^7*3^2].S3,27648,true,0,true,2026-08-10T06:59:57.615Z,1.12.6,1.9.0-DEV,428070c0f9ad,4.16.0,1.3.11,ctbllib-fs2-q2-findall,2397,764,2026-08-10T07:03:38.786Z
2^2.[2^9]:(7:3xS3),258048,true,0,true,2026-08-10T06:59:57.615Z,1.12.6,1.9.0-DEV,428070c0f9ad,4.16.0,1.3.11,ctbllib-fs2-q2-findall,2397,765,2026-08-10T07:03:38.819Z
2^2.[2^9]:(7xS3),86016,true,0,true,2026-08-10T06:59:57.615Z,1.12.6,1.9.0-DEV,428070c0f9ad,4.16.0,1.3.11,ctbllib-fs2-q2-findall,2397,766,2026-08-10T07:03:38.838Z
2^2.[2^9]:S3,12288,true,0,true,2026-08-10T06:59:57.615Z,1.12.6,1.9.0-DEV,428070c0f9ad,4.16.0,1.3.11,ctbllib-fs2-q2-findall,2397,767,2026-08-10T07:03:38.863Z
2^24.Co1,69755919563168164085760000,false,0,true,2026-08-10T06:59:57.615Z,1.12.6,1.9.0-DEV,428070c0f9ad,4.16.0,1.3.11,ctbllib-fs2-q2-findall,2397,768,2026-08-10T07:03:39.431Z
2^2:S4,96,true,0,true,2026-08-10T06:59:57.615Z,1.12.6,1.9.0-DEV,428070c0f9ad,4.16.0,1.3.11,ctbllib-fs2-q2-findall,2397,769,2026-08-10T07:03:39.44Z
2^2x11:5,220,true,0,true,2026-08-10T06:59:57.615Z,1.12.6,1.9.0-DEV,428070c0f9ad,4.16.0,1.3.11,ctbllib-fs2-q2-findall,2397,770,2026-08-10T07:03:39.797Z
2^2x13:4,208,true,0,true,2026-08-10T06:59:57.615Z,1.12.6,1.9.0-DEV,428070c0f9ad,4.16.0,1.3.11,ctbllib-fs2-q2-findall,2397,771,2026-08-10T07:03:39.936Z
2^2x3^2.2.S4,1728,true,0,true,2026-08-10T06:59:57.615Z,1.12.6,1.9.0-DEV,428070c0f9ad,4.16.0,1.3.11,ctbllib-fs2-q2-findall,2397,772,2026-08-10T07:03:40.865Z
2^2x3xS3xU4(2),1866240,false,0,true,2026-08-10T06:59:57.615Z,1.12.6,1.9.0-DEV,428070c0f9ad,4.16.0,1.3.11,ctbllib-fs2-q2-findall,2397,773,2026-08-10T07:03:46.566Z
2^2x3xS6(2),17418240,false,0,true,2026-08-10T06:59:57.615Z,1.12.6,1.9.0-DEV,428070c0f9ad,4.16.0,1.3.11,ctbllib-fs2-q2-findall,2397,774,2026-08-10T07:03:47.994Z
2^2x3xU5(2),164229120,false,0,true,2026-08-10T06:59:57.615Z,1.12.6,1.9.0-DEV,428070c0f9ad,4.16.0,1.3.11,ctbllib-fs2-q2-findall,2397,775,2026-08-10T07:03:51.818Z
2^2xA6,1440,false,0,true,2026-08-10T06:59:57.615Z,1.12.6,1.9.0-DEV,428070c0f9ad,4.16.0,1.3.11,ctbllib-fs2-q2-findall,2397,776,2026-08-10T07:03:51.886Z
2^2xD14,56,true,0,true,2026-08-10T06:59:57.615Z,1.12.6,1.9.0-DEV,428070c0f9ad,4.16.0,1.3.11,ctbllib-fs2-q2-findall,2397,777,2026-08-10T07:03:54.235Z
2^2xF4(2),13244506413465600,false,0,true,2026-08-10T06:59:57.615Z,1.12.6,1.9.0-DEV,428070c0f9ad,4.16.0,1.3.11,ctbllib-fs2-q2-findall,2397,778,2026-08-10T07:03:55.329Z
2^2xL2(7),672,false,0,true,2026-08-10T06:59:57.615Z,1.12.6,1.9.0-DEV,428070c0f9ad,4.16.0,1.3.11,ctbllib-fs2-q2-findall,2397,779,2026-08-10T07:03:55.377Z
2^2xS3xU4(2),622080,false,0,true,2026-08-10T06:59:57.615Z,1.12.6,1.9.0-DEV,428070c0f9ad,4.16.0,1.3.11,ctbllib-fs2-q2-findall,2397,780,2026-08-10T07:03:55.82Z
2^2xS6(2),5806080,false,0,true,2026-08-10T06:59:57.615Z,1.12.6,1.9.0-DEV,428070c0f9ad,4.16.0,1.3.11,ctbllib-fs2-q2-findall,2397,781,2026-08-10T07:03:56.094Z
2^2xU5(2),54743040,false,0,true,2026-08-10T06:59:57.615Z,1.12.6,1.9.0-DEV,428070c0f9ad,4.16.0,1.3.11,ctbllib-fs2-q2-findall,2397,782,2026-08-10T07:03:57.6Z
2^3,8,true,0,true,2026-08-10T06:59:57.615Z,1.12.6,1.9.0-DEV,428070c0f9ad,4.16.0,1.3.11,ctbllib-fs2-q2-findall,2397,783,2026-08-10T07:03:57.609Z
2^3+8:L3(2),344064,false,0,true,2026-08-10T06:59:57.615Z,1.12.6,1.9.0-DEV,428070c0f9ad,4.16.0,1.3.11,ctbllib-fs2-q2-findall,2397,784,2026-08-10T07:03:57.67Z
2^3.(2x2^(1+3+3+3).L3(2)),2752512,false,0,true,2026-08-10T06:59:57.615Z,1.12.6,1.9.0-DEV,428070c0f9ad,4.16.0,1.3.11,ctbllib-fs2-q2-findall,2397,785,2026-08-10T07:03:58.068Z
2^3.(2x2^3.L3(2)),21504,false,0,true,2026-08-10T06:59:57.615Z,1.12.6,1.9.0-DEV,428070c0f9ad,4.16.0,1.3.11,ctbllib-fs2-q2-findall,2397,786,2026-08-10T07:03:58.086Z
2^3.(S4x2),384,true,0,true,2026-08-10T06:59:57.615Z,1.12.6,1.9.0-DEV,428070c0f9ad,4.16.0,1.3.11,ctbllib-fs2-q2-findall,2397,787,2026-08-10T07:03:58.106Z
2^3.2^2.2^6.(3xL3(2)),1032192,false,0,true,2026-08-10T06:59:57.615Z,1.12.6,1.9.0-DEV,428070c0f9ad,4.16.0,1.3.11,ctbllib-fs2-q2-findall,2397,788,2026-08-10T07:03:58.179Z
2^3.2^2.2^6.(S3xL3(2)),2064384,false,0,true,2026-08-10T06:59:57.615Z,1.12.6,1.9.0-DEV,428070c0f9ad,4.16.0,1.3.11,ctbllib-fs2-q2-findall,2397,789,2026-08-10T07:03:58.206Z
2^3.7.3,168,true,0,true,2026-08-10T06:59:57.615Z,1.12.6,1.9.0-DEV,428070c0f9ad,4.16.0,1.3.11,ctbllib-fs2-q2-findall,2397,790,2026-08-10T07:03:58.245Z
2^3.D8,64,true,0,true,2026-08-10T06:59:57.615Z,1.12.6,1.9.0-DEV,428070c0f9ad,4.16.0,1.3.11,ctbllib-fs2-q2-findall,2397,791,2026-08-10T07:03:58.253Z
2^3.L3(2),1344,false,0,true,2026-08-10T06:59:57.615Z,1.12.6,1.9.0-DEV,428070c0f9ad,4.16.0,1.3.11,ctbllib-fs2-q2-findall,2397,792,2026-08-10T07:03:58.36Z
2^3.L3(2):2,2688,false,0,true,2026-08-10T06:59:57.615Z,1.12.6,1.9.0-DEV,428070c0f9ad,4.16.0,1.3.11,ctbllib-fs2-q2-findall,2397,793,2026-08-10T07:03:58.402Z
2^3.S4v1,192,true,0,true,2026-08-10T06:59:57.615Z,1.12.6,1.9.0-DEV,428070c0f9ad,4.16.0,1.3.11,ctbllib-fs2-q2-findall,2397,794,2026-08-10T07:03:58.411Z
2^3.S4v2,192,true,0,true,2026-08-10T06:59:57.615Z,1.12.6,1.9.0-DEV,428070c0f9ad,4.16.0,1.3.11,ctbllib-fs2-q2-findall,2397,795,2026-08-10T07:03:58.417Z
2^3:7,56,true,0,true,2026-08-10T06:59:57.615Z,1.12.6,1.9.0-DEV,428070c0f9ad,4.16.0,1.3.11,ctbllib-fs2-q2-findall,2397,796,2026-08-10T07:03:58.422Z
2^3:L3(2)xS3,8064,false,0,true,2026-08-10T06:59:57.615Z,1.12.6,1.9.0-DEV,428070c0f9ad,4.16.0,1.3.11,ctbllib-fs2-q2-findall,2397,797,2026-08-10T07:03:58.454Z
"2^3:sl(3,2)",1344,false,0,true,2026-08-10T06:59:57.615Z,1.12.6,1.9.0-DEV,428070c0f9ad,4.16.0,1.3.11,ctbllib-fs2-q2-findall,2397,798,2026-08-10T07:03:58.466Z
2^4+6:3a6,1105920,false,0,true,2026-08-10T06:59:57.615Z,1.12.6,1.9.0-DEV,428070c0f9ad,4.16.0,1.3.11,ctbllib-fs2-q2-findall,2397,799,2026-08-10T07:03:58.538Z
2^4.(S4x2),768,true,0,true,2026-08-10T06:59:57.615Z,1.12.6,1.9.0-DEV,428070c0f9ad,4.16.0,1.3.11,ctbllib-fs2-q2-findall,2397,800,2026-08-10T07:03:58.551Z
2^4.a8,322560,false,0,true,2026-08-10T06:59:57.615Z,1.12.6,1.9.0-DEV,428070c0f9ad,4.16.0,1.3.11,ctbllib-fs2-q2-findall,2397,801,2026-08-10T07:03:58.6Z
2^4.s6,11520,false,0,true,2026-08-10T06:59:57.615Z,1.12.6,1.9.0-DEV,428070c0f9ad,4.16.0,1.3.11,ctbllib-fs2-q2-findall,2397,802,2026-08-10T07:03:58.66Z
2^4:(3x3):2,288,true,0,true,2026-08-10T06:59:57.615Z,1.12.6,1.9.0-DEV,428070c0f9ad,4.16.0,1.3.11,ctbllib-fs2-q2-findall,2397,803,2026-08-10T07:03:58.669Z
2^4:(3xA5).2,5760,false,0,true,2026-08-10T06:59:57.615Z,1.12.6,1.9.0-DEV,428070c0f9ad,4.16.0,1.3.11,ctbllib-fs2-q2-findall,2397,804,2026-08-10T07:03:58.683Z
2^4:(S3xS3),576,true,0,true,2026-08-10T06:59:57.615Z,1.12.6,1.9.0-DEV,428070c0f9ad,4.16.0,1.3.11,ctbllib-fs2-q2-findall,2397,805,2026-08-10T07:03:58.702Z
2^4:3.S6,34560,false,0,true,2026-08-10T06:59:57.615Z,1.12.6,1.9.0-DEV,428070c0f9ad,4.16.0,1.3.11,ctbllib-fs2-q2-findall,2397,806,2026-08-10T07:03:58.722Z
2^4:3^2:4,576,true,0,true,2026-08-10T06:59:57.615Z,1.12.6,1.9.0-DEV,428070c0f9ad,4.16.0,1.3.11,ctbllib-fs2-q2-findall,2397,807,2026-08-10T07:03:58.778Z
2^4:A4,192,true,0,true,2026-08-10T06:59:57.615Z,1.12.6,1.9.0-DEV,428070c0f9ad,4.16.0,1.3.11,ctbllib-fs2-q2-findall,2397,808,2026-08-10T07:03:59.058Z
2^4:A4b,192,true,0,true,2026-08-10T06:59:57.615Z,1.12.6,1.9.0-DEV,428070c0f9ad,4.16.0,1.3.11,ctbllib-fs2-q2-findall,2397,809,2026-08-10T07:03:59.064Z
2^4:A5,960,false,0,true,2026-08-10T06:59:57.615Z,1.12.6,1.9.0-DEV,428070c0f9ad,4.16.0,1.3.11,ctbllib-fs2-q2-findall,2397,810,2026-08-10T07:03:59.073Z
2^4:D8,128,true,0,true,2026-08-10T06:59:57.615Z,1.12.6,1.9.0-DEV,428070c0f9ad,4.16.0,1.3.11,ctbllib-fs2-q2-findall,2397,811,2026-08-10T07:03:59.114Z
2^4:a6,5760,false,0,true,2026-08-10T06:59:57.615Z,1.12.6,1.9.0-DEV,428070c0f9ad,4.16.0,1.3.11,ctbllib-fs2-q2-findall,2397,812,2026-08-10T07:03:59.127Z
2^4:a7,40320,false,0,true,2026-08-10T06:59:57.615Z,1.12.6,1.9.0-DEV,428070c0f9ad,4.16.0,1.3.11,ctbllib-fs2-q2-findall,2397,813,2026-08-10T07:03:59.135Z
2^4:a8,322560,false,0,true,2026-08-10T06:59:57.615Z,1.12.6,1.9.0-DEV,428070c0f9ad,4.16.0,1.3.11,ctbllib-fs2-q2-findall,2397,814,2026-08-10T07:03:59.15Z
2^4:s5,1920,false,0,true,2026-08-10T06:59:57.615Z,1.12.6,1.9.0-DEV,428070c0f9ad,4.16.0,1.3.11,ctbllib-fs2-q2-findall,2397,815,2026-08-10T07:03:59.156Z
2^5.2^4.L4(2),10321920,false,0,true,2026-08-10T06:59:57.615Z,1.12.6,1.9.0-DEV,428070c0f9ad,4.16.0,1.3.11,ctbllib-fs2-q2-findall,2397,816,2026-08-10T07:03:59.452Z
2^5.2^6.(2xL3(2)),688128,false,0,true,2026-08-10T06:59:57.615Z,1.12.6,1.9.0-DEV,428070c0f9ad,4.16.0,1.3.11,ctbllib-fs2-q2-findall,2397,817,2026-08-10T07:03:59.481Z
2^5.2^6.D8.S3,98304,true,0,true,2026-08-10T06:59:57.615Z,1.12.6,1.9.0-DEV,428070c0f9ad,4.16.0,1.3.11,ctbllib-fs2-q2-findall,2397,818,2026-08-10T07:03:59.516Z
2^5.S6,23040,false,0,true,2026-08-10T06:59:57.615Z,1.12.6,1.9.0-DEV,428070c0f9ad,4.16.0,1.3.11,ctbllib-fs2-q2-findall,2397,819,2026-08-10T07:03:59.596Z
"2^5.psl(5,2)",319979520,false,0,true,2026-08-10T06:59:57.615Z,1.12.6,1.9.0-DEV,428070c0f9ad,4.16.0,1.3.11,ctbllib-fs2-q2-findall,2397,820,2026-08-10T07:03:59.627Z
2^5:A6,11520,false,0,true,2026-08-10T06:59:57.615Z,1.12.6,1.9.0-DEV,428070c0f9ad,4.16.0,1.3.11,ctbllib-fs2-q2-findall,2397,821,2026-08-10T07:04:01.557Z
2^5:L5(2),319979520,false,0,true,2026-08-10T06:59:57.615Z,1.12.6,1.9.0-DEV,428070c0f9ad,4.16.0,1.3.11,ctbllib-fs2-q2-findall,2397,822,2026-08-10T07:04:01.668Z
2^5:S6,23040,false,0,true,2026-08-10T06:59:57.615Z,1.12.6,1.9.0-DEV,428070c0f9ad,4.16.0,1.3.11,ctbllib-fs2-q2-findall,2397,823,2026-08-10T07:04:01.708Z
2^6.2^5.S6,1474560,false,0,true,2026-08-10T06:59:57.615Z,1.12.6,1.9.0-DEV,428070c0f9ad,4.16.0,1.3.11,ctbllib-fs2-q2-findall,2397,824,2026-08-10T07:04:02.069Z
2^6.U4(2),1658880,false,2,true,2026-08-10T06:59:57.615Z,1.12.6,1.9.0-DEV,428070c0f9ad,4.16.0,1.3.11,ctbllib-fs2-q2-findall,2397,825,2026-08-10T07:04:02.139Z
2^6.U4(2).2,3317760,false,0,true,2026-08-10T06:59:57.615Z,1.12.6,1.9.0-DEV,428070c0f9ad,4.16.0,1.3.11,ctbllib-fs2-q2-findall,2397,826,2026-08-10T07:04:02.165Z
2^6:(3xA5),11520,false,0,true,2026-08-10T06:59:57.615Z,1.12.6,1.9.0-DEV,428070c0f9ad,4.16.0,1.3.11,ctbllib-fs2-q2-findall,2397,827,2026-08-10T07:04:02.209Z
2^6:(3xA5):2,23040,false,0,true,2026-08-10T06:59:57.615Z,1.12.6,1.9.0-DEV,428070c0f9ad,4.16.0,1.3.11,ctbllib-fs2-q2-findall,2397,828,2026-08-10T07:04:02.219Z
2^6:(7xL2(8)),225792,false,0,true,2026-08-10T06:59:57.615Z,1.12.6,1.9.0-DEV,428070c0f9ad,4.16.0,1.3.11,ctbllib-fs2-q2-findall,2397,829,2026-08-10T07:04:02.344Z
"2^6:(psl(3,2)xs3)",64512,false,0,true,2026-08-10T06:59:57.615Z,1.12.6,1.9.0-DEV,428070c0f9ad,4.16.0,1.3.11,ctbllib-fs2-q2-findall,2397,830,2026-08-10T07:04:02.367Z
2^6:3.s6,138240,false,0,true,2026-08-10T06:59:57.615Z,1.12.6,1.9.0-DEV,428070c0f9ad,4.16.0,1.3.11,ctbllib-fs2-q2-findall,2397,831,2026-08-10T07:04:02.381Z
2^6:3A7,483840,false,1,true,2026-08-10T06:59:57.615Z,1.12.6,1.9.0-DEV,428070c0f9ad,4.16.0,1.3.11,ctbllib-fs2-q2-findall,2397,832,2026-08-10T07:04:02.54Z
2^6:3^(1+2).D8,13824,true,0,true,2026-08-10T06:59:57.615Z,1.12.6,1.9.0-DEV,428070c0f9ad,4.16.0,1.3.11,ctbllib-fs2-q2-findall,2397,833,2026-08-10T07:04:02.602Z
2^6:3^3:S4,41472,true,0,true,2026-08-10T06:59:57.615Z,1.12.6,1.9.0-DEV,428070c0f9ad,4.16.0,1.3.11,ctbllib-fs2-q2-findall,2397,834,2026-08-10T07:04:02.649Z
2^6:A8,1290240,false,0,true,2026-08-10T06:59:57.615Z,1.12.6,1.9.0-DEV,428070c0f9ad,4.16.0,1.3.11,ctbllib-fs2-q2-findall,2397,835,2026-08-10T07:04:02.682Z
2^6:L6(2),1290157424640,false,0,true,2026-08-10T06:59:57.615Z,1.12.6,1.9.0-DEV,428070c0f9ad,4.16.0,1.3.11,ctbllib-fs2-q2-findall,2397,836,2026-08-10T07:04:02.907Z
2^6:S4a,1536,true,0,true,2026-08-10T06:59:57.615Z,1.12.6,1.9.0-DEV,428070c0f9ad,4.16.0,1.3.11,ctbllib-fs2-q2-findall,2397,837,2026-08-10T07:04:03.206Z
2^6:S4b,1536,true,0,true,2026-08-10T06:59:57.615Z,1.12.6,1.9.0-DEV,428070c0f9ad,4.16.0,1.3.11,ctbllib-fs2-q2-findall,2397,838,2026-08-10T07:04:03.226Z
2^6:S5,7680,false,0,true,2026-08-10T06:59:57.615Z,1.12.6,1.9.0-DEV,428070c0f9ad,4.16.0,1.3.11,ctbllib-fs2-q2-findall,2397,839,2026-08-10T07:04:03.304Z
2^6:S6,46080,false,0,true,2026-08-10T06:59:57.615Z,1.12.6,1.9.0-DEV,428070c0f9ad,4.16.0,1.3.11,ctbllib-fs2-q2-findall,2397,840,2026-08-10T07:04:03.373Z
2^6:S7,322560,false,0,true,2026-08-10T06:59:57.615Z,1.12.6,1.9.0-DEV,428070c0f9ad,4.16.0,1.3.11,ctbllib-fs2-q2-findall,2397,841,2026-08-10T07:04:03.687Z
2^6:S8,2580480,false,0,true,2026-08-10T06:59:57.615Z,1.12.6,1.9.0-DEV,428070c0f9ad,4.16.0,1.3.11,ctbllib-fs2-q2-findall,2397,842,2026-08-10T07:04:03.775Z
2^6:U4(2).2,3317760,false,0,true,2026-08-10T06:59:57.615Z,1.12.6,1.9.0-DEV,428070c0f9ad,4.16.0,1.3.11,ctbllib-fs2-q2-findall,2397,843,2026-08-10T07:04:04.48Z
2^6:s6f2,92897280,false,0,true,2026-08-10T06:59:57.615Z,1.12.6,1.9.0-DEV,428070c0f9ad,4.16.0,1.3.11,ctbllib-fs2-q2-findall,2397,844,2026-08-10T07:04:04.537Z
2^6:u3(3),387072,false,0,true,2026-08-10T06:59:57.615Z,1.12.6,1.9.0-DEV,428070c0f9ad,4.16.0,1.3.11,ctbllib-fs2-q2-findall,2397,845,2026-08-10T07:04:04.557Z
2^6:u3(3):2,774144,false,0,true,2026-08-10T06:59:57.615Z,1.12.6,1.9.0-DEV,428070c0f9ad,4.16.0,1.3.11,ctbllib-fs2-q2-findall,2397,846,2026-08-10T07:04:04.617Z
2^7:S6(2),185794560,false,0,true,2026-08-10T06:59:57.615Z,1.12.6,1.9.0-DEV,428070c0f9ad,4.16.0,1.3.11,ctbllib-fs2-q2-findall,2397,847,2026-08-10T07:04:04.884Z
2^8.A9,46448640,false,1,true,2026-08-10T06:59:57.615Z,1.12.6,1.9.0-DEV,428070c0f9ad,4.16.0,1.3.11,ctbllib-fs2-q2-findall,2397,848,2026-08-10T07:04:04.944Z
2^8:O8+(2),44590694400,false,2,true,2026-08-10T06:59:57.615Z,1.12.6,1.9.0-DEV,428070c0f9ad,4.16.0,1.3.11,ctbllib-fs2-q2-findall,2397,849,2026-08-10T07:04:05.164Z
2^8:O8+(2):2,89181388800,false,0,true,2026-08-10T06:59:57.615Z,1.12.6,1.9.0-DEV,428070c0f9ad,4.16.0,1.3.11,ctbllib-fs2-q2-findall,2397,850,2026-08-10T07:04:05.368Z
2^8:O8-(2),50536120320,false,3,true,2026-08-10T06:59:57.615Z,1.12.6,1.9.0-DEV,428070c0f9ad,4.16.0,1.3.11,ctbllib-fs2-q2-findall,2397,851,2026-08-10T07:04:05.518Z
2^8:O8-(2):2,101072240640,false,0,true,2026-08-10T06:59:57.615Z,1.12.6,1.9.0-DEV,428070c0f9ad,4.16.0,1.3.11,ctbllib-fs2-q2-findall,2397,852,2026-08-10T07:04:05.737Z
2^8:S6(2),371589120,false,1,true,2026-08-10T06:59:57.615Z,1.12.6,1.9.0-DEV,428070c0f9ad,4.16.0,1.3.11,ctbllib-fs2-q2-findall,2397,853,2026-08-10T07:04:05.849Z
2^8:S8,10321920,false,0,true,2026-08-10T06:59:57.615Z,1.12.6,1.9.0-DEV,428070c0f9ad,4.16.0,1.3.11,ctbllib-fs2-q2-findall,2397,854,2026-08-10T07:04:05.878Z
2^8:S8(2),12128668876800,false,0,true,2026-08-10T06:59:57.615Z,1.12.6,1.9.0-DEV,428070c0f9ad,4.16.0,1.3.11,ctbllib-fs2-q2-findall,2397,855,2026-08-10T07:04:06.888Z
2^9.2^4.A5a,491520,false,1,true,2026-08-10T06:59:57.615Z,1.12.6,1.9.0-DEV,428070c0f9ad,4.16.0,1.3.11,ctbllib-fs2-q2-findall,2397,856,2026-08-10T07:04:07.177Z
2^9.2^4.A5b,491520,false,0,true,2026-08-10T06:59:57.615Z,1.12.6,1.9.0-DEV,428070c0f9ad,4.16.0,1.3.11,ctbllib-fs2-q2-findall,2397,857,2026-08-10T07:04:07.203Z
2^9.L3(4),10321920,false,0,true,2026-08-10T06:59:57.615Z,1.12.6,1.9.0-DEV,428070c0f9ad,4.16.0,1.3.11,ctbllib-fs2-q2-findall,2397,858,2026-08-10T07:04:07.275Z
2^[39].(L3(2)x3.S6),199495389743677440,false,0,true,2026-08-10T06:59:57.615Z,1.12.6,1.9.0-DEV,428070c0f9ad,4.16.0,1.3.11,ctbllib-fs2-q2-findall,2397,859,2026-08-10T07:04:14.565Z
2^{1+4}_-:2A5,3840,false,1,true,2026-08-10T06:59:57.615Z,1.12.6,1.9.0-DEV,428070c0f9ad,4.16.0,1.3.11,ctbllib-fs2-q2-findall,2397,860,2026-08-10T07:04:14.594Z
2^{1+6}:3^{1+2}:2A4,82944,true,0,true,2026-08-10T06:59:57.615Z,1.12.6,1.9.0-DEV,428070c0f9ad,4.16.0,1.3.11,ctbllib-fs2-q2-findall,2397,861,2026-08-10T07:04:14.634Z
2^{1+8}_+:(S3xA5),184320,false,0,true,2026-08-10T06:59:57.615Z,1.12.6,1.9.0-DEV,428070c0f9ad,4.16.0,1.3.11,ctbllib-fs2-q2-findall,2397,862,2026-08-10T07:04:14.688Z
2^{3+4}:(3xS3),2304,true,0,true,2026-08-10T06:59:57.615Z,1.12.6,1.9.0-DEV,428070c0f9ad,4.16.0,1.3.11,ctbllib-fs2-q2-findall,2397,863,2026-08-10T07:04:14.716Z
2^{3+6}:(L3(2)x3),258048,false,0,true,2026-08-10T06:59:57.615Z,1.12.6,1.9.0-DEV,428070c0f9ad,4.16.0,1.3.11,ctbllib-fs2-q2-findall,2397,864,2026-08-10T07:04:14.771Z
2_1.O12+(3),13525689401217540476505921945600,false,0,true,2026-08-10T06:59:57.615Z,1.12.6,1.9.0-DEV,428070c0f9ad,4.16.0,1.3.11,ctbllib-fs2-q2-findall,2397,865,2026-08-10T07:04:23.185Z
2x(3.A7),15120,false,0,true,2026-08-10T06:59:57.615Z,1.12.6,1.9.0-DEV,428070c0f9ad,4.16.0,1.3.11,ctbllib-fs2-q2-findall,2397,866,2026-08-10T07:04:23.258Z
2x(3^(1+6).3)a.2.S4,629856,true,0,true,2026-08-10T06:59:57.615Z,1.12.6,1.9.0-DEV,428070c0f9ad,4.16.0,1.3.11,ctbllib-fs2-q2-findall,2397,867,2026-08-10T07:04:23.582Z
2x(3^2.QD16),288,true,0,true,2026-08-10T06:59:57.615Z,1.12.6,1.9.0-DEV,428070c0f9ad,4.16.0,1.3.11,ctbllib-fs2-q2-findall,2397,868,2026-08-10T07:04:23.625Z
2x(3x2.U4(2)):2,622080,false,0,true,2026-08-10T06:59:57.615Z,1.12.6,1.9.0-DEV,428070c0f9ad,4.16.0,1.3.11,ctbllib-fs2-q2-findall,2397,869,2026-08-10T07:04:23.792Z
2x(3xU4(2)):2,311040,false,0,true,2026-08-10T06:59:57.615Z,1.12.6,1.9.0-DEV,428070c0f9ad,4.16.0,1.3.11,ctbllib-fs2-q2-findall,2397,870,2026-08-10T07:04:23.924Z
2x(7:3xL2(7)):2,14112,false,0,true,2026-08-10T06:59:57.615Z,1.12.6,1.9.0-DEV,428070c0f9ad,4.16.0,1.3.11,ctbllib-fs2-q2-findall,2397,871,2026-08-10T07:04:24.286Z
2x(A4x3):2,144,true,0,true,2026-08-10T06:59:57.615Z,1.12.6,1.9.0-DEV,428070c0f9ad,4.16.0,1.3.11,ctbllib-fs2-q2-findall,2397,872,2026-08-10T07:04:24.308Z
2x11:10,220,true,0,true,2026-08-10T06:59:57.615Z,1.12.6,1.9.0-DEV,428070c0f9ad,4.16.0,1.3.11,ctbllib-fs2-q2-findall,2397,873,2026-08-10T07:04:24.614Z
2x11:5,110,true,0,true,2026-08-10T06:59:57.615Z,1.12.6,1.9.0-DEV,428070c0f9ad,4.16.0,1.3.11,ctbllib-fs2-q2-findall,2397,874,2026-08-10T07:04:26.507Z
2x13:4,104,true,0,true,2026-08-10T06:59:57.615Z,1.12.6,1.9.0-DEV,428070c0f9ad,4.16.0,1.3.11,ctbllib-fs2-q2-findall,2397,875,2026-08-10T07:04:26.63Z
2x13:6,156,true,0,true,2026-08-10T06:59:57.615Z,1.12.6,1.9.0-DEV,428070c0f9ad,4.16.0,1.3.11,ctbllib-fs2-q2-findall,2397,876,2026-08-10T07:04:26.918Z
2x19:9,342,true,0,true,2026-08-10T06:59:57.615Z,1.12.6,1.9.0-DEV,428070c0f9ad,4.16.0,1.3.11,ctbllib-fs2-q2-findall,2397,877,2026-08-10T07:04:26.988Z
2x2.(3^3:(S4x2)),5184,true,0,true,2026-08-10T06:59:57.615Z,1.12.6,1.9.0-DEV,428070c0f9ad,4.16.0,1.3.11,ctbllib-fs2-q2-findall,2397,878,2026-08-10T07:04:27.31Z
2x2.A4xS3,288,true,0,true,2026-08-10T06:59:57.615Z,1.12.6,1.9.0-DEV,428070c0f9ad,4.16.0,1.3.11,ctbllib-fs2-q2-findall,2397,879,2026-08-10T07:04:27.625Z
2x2.A9,725760,false,0,true,2026-08-10T06:59:57.615Z,1.12.6,1.9.0-DEV,428070c0f9ad,4.16.0,1.3.11,ctbllib-fs2-q2-findall,2397,880,2026-08-10T07:04:27.724Z
2x2.F4(2),13244506413465600,false,0,true,2026-08-10T06:59:57.615Z,1.12.6,1.9.0-DEV,428070c0f9ad,4.16.0,1.3.11,ctbllib-fs2-q2-findall,2397,881,2026-08-10T07:04:28.397Z
2x2.Fi22,258247006617600,false,0,true,2026-08-10T06:59:57.615Z,1.12.6,1.9.0-DEV,428070c0f9ad,4.16.0,1.3.11,ctbllib-fs2-q2-findall,2397,882,2026-08-10T07:04:29.376Z
2x2.M12,380160,false,0,true,2026-08-10T06:59:57.615Z,1.12.6,1.9.0-DEV,428070c0f9ad,4.16.0,1.3.11,ctbllib-fs2-q2-findall,2397,883,2026-08-10T07:04:29.669Z
2x2.M22,1774080,false,0,true,2026-08-10T06:59:57.615Z,1.12.6,1.9.0-DEV,428070c0f9ad,4.16.0,1.3.11,ctbllib-fs2-q2-findall,2397,884,2026-08-10T07:04:29.79Z
2x2.S6(2),5806080,false,0,true,2026-08-10T06:59:57.615Z,1.12.6,1.9.0-DEV,428070c0f9ad,4.16.0,1.3.11,ctbllib-fs2-q2-findall,2397,885,2026-08-10T07:04:29.898Z
2x2.U4(2).2,207360,false,0,true,2026-08-10T06:59:57.615Z,1.12.6,1.9.0-DEV,428070c0f9ad,4.16.0,1.3.11,ctbllib-fs2-q2-findall,2397,886,2026-08-10T07:04:30.216Z
2x2.U4(3).2_2,26127360,false,0,true,2026-08-10T06:59:57.615Z,1.12.6,1.9.0-DEV,428070c0f9ad,4.16.0,1.3.11,ctbllib-fs2-q2-findall,2397,887,2026-08-10T07:04:30.468Z
2x23:11,506,true,0,true,2026-08-10T06:59:57.615Z,1.12.6,1.9.0-DEV,428070c0f9ad,4.16.0,1.3.11,ctbllib-fs2-q2-findall,2397,888,2026-08-10T07:04:30.517Z
2x2F4(2)',35942400,false,0,true,2026-08-10T06:59:57.615Z,1.12.6,1.9.0-DEV,428070c0f9ad,4.16.0,1.3.11,ctbllib-fs2-q2-findall,2397,889,2026-08-10T07:04:30.63Z
2x2^3:L3(2),2688,false,0,true,2026-08-10T06:59:57.615Z,1.12.6,1.9.0-DEV,428070c0f9ad,4.16.0,1.3.11,ctbllib-fs2-q2-findall,2397,890,2026-08-10T07:04:30.656Z
2x2^3:L3(2)x2,5376,false,0,true,2026-08-10T06:59:57.615Z,1.12.6,1.9.0-DEV,428070c0f9ad,4.16.0,1.3.11,ctbllib-fs2-q2-findall,2397,891,2026-08-10T07:04:30.718Z
2x3.(3^(3+3):L3(3)),24564384,false,0,true,2026-08-10T06:59:57.615Z,1.12.6,1.9.0-DEV,428070c0f9ad,4.16.0,1.3.11,ctbllib-fs2-q2-findall,2397,892,2026-08-10T07:04:31.365Z
2x3.(A4x3):2,432,true,0,true,2026-08-10T06:59:57.615Z,1.12.6,1.9.0-DEV,428070c0f9ad,4.16.0,1.3.11,ctbllib-fs2-q2-findall,2397,893,2026-08-10T07:04:31.663Z
2x3.3^5:(3^2:SD16),209952,true,0,true,2026-08-10T06:59:57.615Z,1.12.6,1.9.0-DEV,428070c0f9ad,4.16.0,1.3.11,ctbllib-fs2-q2-findall,2397,894,2026-08-10T07:04:32.113Z
2x3.A6,2160,false,0,true,2026-08-10T06:59:57.615Z,1.12.6,1.9.0-DEV,428070c0f9ad,4.16.0,1.3.11,ctbllib-fs2-q2-findall,2397,895,2026-08-10T07:04:32.23Z
2x3.Fi22,387370509926400,false,0,true,2026-08-10T06:59:57.615Z,1.12.6,1.9.0-DEV,428070c0f9ad,4.16.0,1.3.11,ctbllib-fs2-q2-findall,2397,896,2026-08-10T07:04:34.654Z
2x3.Fi22N3,472392,true,0,true,2026-08-10T06:59:57.615Z,1.12.6,1.9.0-DEV,428070c0f9ad,4.16.0,1.3.11,ctbllib-fs2-q2-findall,2397,897,2026-08-10T07:04:35.084Z
2x3.G2(3),25474176,false,0,true,2026-08-10T06:59:57.615Z,1.12.6,1.9.0-DEV,428070c0f9ad,4.16.0,1.3.11,ctbllib-fs2-q2-findall,2397,898,2026-08-10T07:04:35.279Z
2x3.M22,2661120,false,0,true,2026-08-10T06:59:57.615Z,1.12.6,1.9.0-DEV,428070c0f9ad,4.16.0,1.3.11,ctbllib-fs2-q2-findall,2397,899,2026-08-10T07:04:35.471Z
2x3.O7(3),27512110080,false,0,true,2026-08-10T06:59:57.615Z,1.12.6,1.9.0-DEV,428070c0f9ad,4.16.0,1.3.11,ctbllib-fs2-q2-findall,2397,900,2026-08-10T07:04:36.002Z
2x3.S6,4320,false,0,true,2026-08-10T06:59:57.615Z,1.12.6,1.9.0-DEV,428070c0f9ad,4.16.0,1.3.11,ctbllib-fs2-q2-findall,2397,901,2026-08-10T07:04:36.328Z
2x31:15,930,true,0,true,2026-08-10T06:59:57.615Z,1.12.6,1.9.0-DEV,428070c0f9ad,4.16.0,1.3.11,ctbllib-fs2-q2-findall,2397,902,2026-08-10T07:04:36.433Z
2x3^(1+2)+:2A4,1296,true,0,true,2026-08-10T06:59:57.615Z,1.12.6,1.9.0-DEV,428070c0f9ad,4.16.0,1.3.11,ctbllib-fs2-q2-findall,2397,903,2026-08-10T07:04:36.554Z
2x3^(1+2)_+:2S4,2592,true,0,true,2026-08-10T06:59:57.615Z,1.12.6,1.9.0-DEV,428070c0f9ad,4.16.0,1.3.11,ctbllib-fs2-q2-findall,2397,904,2026-08-10T07:04:36.63Z
2x3^(1+4).2U4(2).2,50388480,false,0,true,2026-08-10T06:59:57.615Z,1.12.6,1.9.0-DEV,428070c0f9ad,4.16.0,1.3.11,ctbllib-fs2-q2-findall,2397,905,2026-08-10T07:04:37.808Z
2x3^(3+3):L3(3),8188128,false,0,true,2026-08-10T06:59:57.615Z,1.12.6,1.9.0-DEV,428070c0f9ad,4.16.0,1.3.11,ctbllib-fs2-q2-findall,2397,906,2026-08-10T07:04:37.991Z
2x3^2.2.S4,864,true,0,true,2026-08-10T06:59:57.615Z,1.12.6,1.9.0-DEV,428070c0f9ad,4.16.0,1.3.11,ctbllib-fs2-q2-findall,2397,907,2026-08-10T07:04:38.017Z
2x3^2:2A4,432,true,0,true,2026-08-10T06:59:57.615Z,1.12.6,1.9.0-DEV,428070c0f9ad,4.16.0,1.3.11,ctbllib-fs2-q2-findall,2397,908,2026-08-10T07:04:38.039Z
2x3^3:(S3x2),648,true,0,true,2026-08-10T06:59:57.615Z,1.12.6,1.9.0-DEV,428070c0f9ad,4.16.0,1.3.11,ctbllib-fs2-q2-findall,2397,909,2026-08-10T07:04:38.317Z
2x3^3:13,702,true,0,true,2026-08-10T06:59:57.615Z,1.12.6,1.9.0-DEV,428070c0f9ad,4.16.0,1.3.11,ctbllib-fs2-q2-findall,2397,910,2026-08-10T07:04:38.357Z
2x3^3:S3,324,true,0,true,2026-08-10T06:59:57.615Z,1.12.6,1.9.0-DEV,428070c0f9ad,4.16.0,1.3.11,ctbllib-fs2-q2-findall,2397,911,2026-08-10T07:04:38.671Z
2x3^4:(2xA6),116640,false,0,true,2026-08-10T06:59:57.615Z,1.12.6,1.9.0-DEV,428070c0f9ad,4.16.0,1.3.11,ctbllib-fs2-q2-findall,2397,912,2026-08-10T07:04:38.743Z
2x3^4:A6,58320,false,0,true,2026-08-10T06:59:57.615Z,1.12.6,1.9.0-DEV,428070c0f9ad,4.16.0,1.3.11,ctbllib-fs2-q2-findall,2397,913,2026-08-10T07:04:38.882Z
2x3^5.3^(1+2).2.S4,629856,true,0,true,2026-08-10T06:59:57.615Z,1.12.6,1.9.0-DEV,428070c0f9ad,4.16.0,1.3.11,ctbllib-fs2-q2-findall,2397,914,2026-08-10T07:04:39.222Z
2x3^5.3^3.(2xS4),629856,true,0,true,2026-08-10T06:59:57.615Z,1.12.6,1.9.0-DEV,428070c0f9ad,4.16.0,1.3.11,ctbllib-fs2-q2-findall,2397,915,2026-08-10T07:04:39.615Z
2x3^5:(3^2:SD16),69984,true,0,true,2026-08-10T06:59:57.615Z,1.12.6,1.9.0-DEV,428070c0f9ad,4.16.0,1.3.11,ctbllib-fs2-q2-findall,2397,916,2026-08-10T07:04:40.343Z
2x3^5:M11,3849120,false,0,true,2026-08-10T06:59:57.615Z,1.12.6,1.9.0-DEV,428070c0f9ad,4.16.0,1.3.11,ctbllib-fs2-q2-findall,2397,917,2026-08-10T07:04:40.458Z
2x3^5:U4(2):2,25194240,false,0,true,2026-08-10T06:59:57.615Z,1.12.6,1.9.0-DEV,428070c0f9ad,4.16.0,1.3.11,ctbllib-fs2-q2-findall,2397,918,2026-08-10T07:04:40.871Z
2x3^6.M11,11547360,false,0,true,2026-08-10T06:59:57.615Z,1.12.6,1.9.0-DEV,428070c0f9ad,4.16.0,1.3.11,ctbllib-fs2-q2-findall,2397,919,2026-08-10T07:04:41.069Z
2x3^6:2.M12,277136640,false,0,true,2026-08-10T06:59:57.615Z,1.12.6,1.9.0-DEV,428070c0f9ad,4.16.0,1.3.11,ctbllib-fs2-q2-findall,2397,920,2026-08-10T07:04:41.166Z
2x3_1.U4(3).2_2,39191040,false,0,true,2026-08-10T06:59:57.615Z,1.12.6,1.9.0-DEV,428070c0f9ad,4.16.0,1.3.11,ctbllib-fs2-q2-findall,2397,921,2026-08-10T07:04:41.592Z
2x47:23,2162,true,0,true,2026-08-10T06:59:57.615Z,1.12.6,1.9.0-DEV,428070c0f9ad,4.16.0,1.3.11,ctbllib-fs2-q2-findall,2397,922,2026-08-10T07:04:43.571Z
2x5:4,40,true,0,true,2026-08-10T06:59:57.615Z,1.12.6,1.9.0-DEV,428070c0f9ad,4.16.0,1.3.11,ctbllib-fs2-q2-findall,2397,923,2026-08-10T07:04:43.653Z
2x5^(1+2):GL2(5),120000,false,0,true,2026-08-10T06:59:57.615Z,1.12.6,1.9.0-DEV,428070c0f9ad,4.16.0,1.3.11,ctbllib-fs2-q2-findall,2397,924,2026-08-10T07:04:43.983Z
2x5^2:2A5,6000,false,0,true,2026-08-10T06:59:57.615Z,1.12.6,1.9.0-DEV,428070c0f9ad,4.16.0,1.3.11,ctbllib-fs2-q2-findall,2397,925,2026-08-10T07:04:44.033Z
2x5^2:4S5,24000,false,0,true,2026-08-10T06:59:57.615Z,1.12.6,1.9.0-DEV,428070c0f9ad,4.16.0,1.3.11,ctbllib-fs2-q2-findall,2397,926,2026-08-10T07:04:44.11Z
2x6.Fi22,774741019852800,false,0,true,2026-08-10T06:59:57.615Z,1.12.6,1.9.0-DEV,428070c0f9ad,4.16.0,1.3.11,ctbllib-fs2-q2-findall,2397,927,2026-08-10T07:04:46.096Z
2x6.M22,5322240,false,0,true,2026-08-10T06:59:57.615Z,1.12.6,1.9.0-DEV,428070c0f9ad,4.16.0,1.3.11,ctbllib-fs2-q2-findall,2397,928,2026-08-10T07:04:46.363Z
2x6_1.U4(3).2_2,78382080,false,0,true,2026-08-10T06:59:57.615Z,1.12.6,1.9.0-DEV,428070c0f9ad,4.16.0,1.3.11,ctbllib-fs2-q2-findall,2397,929,2026-08-10T07:04:47.224Z
2x6x11:5,660,true,0,true,2026-08-10T06:59:57.615Z,1.12.6,1.9.0-DEV,428070c0f9ad,4.16.0,1.3.11,ctbllib-fs2-q2-findall,2397,930,2026-08-10T07:04:48.574Z
2x7:3,42,true,0,true,2026-08-10T06:59:57.615Z,1.12.6,1.9.0-DEV,428070c0f9ad,4.16.0,1.3.11,ctbllib-fs2-q2-findall,2397,931,2026-08-10T07:04:48.59Z
2x7:6,84,true,0,true,2026-08-10T06:59:57.615Z,1.12.6,1.9.0-DEV,428070c0f9ad,4.16.0,1.3.11,ctbllib-fs2-q2-findall,2397,932,2026-08-10T07:04:48.878Z
2x7^2:(3x2A4),7056,true,0,true,2026-08-10T06:59:57.615Z,1.12.6,1.9.0-DEV,428070c0f9ad,4.16.0,1.3.11,ctbllib-fs2-q2-findall,2397,933,2026-08-10T07:04:49.212Z
2xA5,120,false,0,true,2026-08-10T06:59:57.615Z,1.12.6,1.9.0-DEV,428070c0f9ad,4.16.0,1.3.11,ctbllib-fs2-q2-findall,2397,934,2026-08-10T07:04:49.268Z
2xA6,720,false,0,true,2026-08-10T06:59:57.615Z,1.12.6,1.9.0-DEV,428070c0f9ad,4.16.0,1.3.11,ctbllib-fs2-q2-findall,2397,935,2026-08-10T07:04:49.313Z
2xA7,5040,false,0,true,2026-08-10T06:59:57.615Z,1.12.6,1.9.0-DEV,428070c0f9ad,4.16.0,1.3.11,ctbllib-fs2-q2-findall,2397,936,2026-08-10T07:04:49.362Z
2xA8,40320,false,0,true,2026-08-10T06:59:57.615Z,1.12.6,1.9.0-DEV,428070c0f9ad,4.16.0,1.3.11,ctbllib-fs2-q2-findall,2397,937,2026-08-10T07:04:49.464Z
2xA9,362880,false,0,true,2026-08-10T06:59:57.615Z,1.12.6,1.9.0-DEV,428070c0f9ad,4.16.0,1.3.11,ctbllib-fs2-q2-findall,2397,938,2026-08-10T07:04:49.551Z
2xBN5,500000,true,0,true,2026-08-10T06:59:57.615Z,1.12.6,1.9.0-DEV,428070c0f9ad,4.16.0,1.3.11,ctbllib-fs2-q2-findall,2397,939,2026-08-10T07:04:49.937Z
2xCo1N3,314928,true,0,true,2026-08-10T06:59:57.615Z,1.12.6,1.9.0-DEV,428070c0f9ad,4.16.0,1.3.11,ctbllib-fs2-q2-findall,2397,940,2026-08-10T07:04:50.424Z
2xCo1N5,20000,true,0,true,2026-08-10T06:59:57.615Z,1.12.6,1.9.0-DEV,428070c0f9ad,4.16.0,1.3.11,ctbllib-fs2-q2-findall,2397,941,2026-08-10T07:04:52.338Z
2xCo2,84610842624000,false,2,true,2026-08-10T06:59:57.615Z,1.12.6,1.9.0-DEV,428070c0f9ad,4.16.0,1.3.11,ctbllib-fs2-q2-findall,2397,942,2026-08-10T07:04:52.561Z
2xCo3,991533312000,false,0,true,2026-08-10T06:59:57.615Z,1.12.6,1.9.0-DEV,428070c0f9ad,4.16.0,1.3.11,ctbllib-fs2-q2-findall,2397,943,2026-08-10T07:04:52.673Z
2xF4(2),6622253206732800,false,0,true,2026-08-10T06:59:57.615Z,1.12.6,1.9.0-DEV,428070c0f9ad,4.16.0,1.3.11,ctbllib-fs2-q2-findall,2397,944,2026-08-10T07:04:53.107Z
2xF4(2).2,13244506413465600,false,0,true,2026-08-10T06:59:57.615Z,1.12.6,1.9.0-DEV,428070c0f9ad,4.16.0,1.3.11,ctbllib-fs2-q2-findall,2397,945,2026-08-10T07:04:53.454Z
2xFi22,129123503308800,false,0,true,2026-08-10T06:59:57.615Z,1.12.6,1.9.0-DEV,428070c0f9ad,4.16.0,1.3.11,ctbllib-fs2-q2-findall,2397,946,2026-08-10T07:04:53.755Z
2xFi22.2,258247006617600,false,0,true,2026-08-10T06:59:57.615Z,1.12.6,1.9.0-DEV,428070c0f9ad,4.16.0,1.3.11,ctbllib-fs2-q2-findall,2397,947,2026-08-10T07:04:54.893Z
2xFi22N3,157464,true,0,true,2026-08-10T06:59:57.615Z,1.12.6,1.9.0-DEV,428070c0f9ad,4.16.0,1.3.11,ctbllib-fs2-q2-findall,2397,948,2026-08-10T07:04:55.293Z
2xFi22N5,4800,true,0,true,2026-08-10T06:59:57.615Z,1.12.6,1.9.0-DEV,428070c0f9ad,4.16.0,1.3.11,ctbllib-fs2-q2-findall,2397,949,2026-08-10T07:04:55.62Z
2xFi23,8178940946586009600,false,0,true,2026-08-10T06:59:57.615Z,1.12.6,1.9.0-DEV,428070c0f9ad,4.16.0,1.3.11,ctbllib-fs2-q2-findall,2397,950,2026-08-10T07:04:55.98Z
2xG2(3),8491392,false,0,true,2026-08-10T06:59:57.615Z,1.12.6,1.9.0-DEV,428070c0f9ad,4.16.0,1.3.11,ctbllib-fs2-q2-findall,2397,951,2026-08-10T07:04:56.099Z
2xL2(11),1320,false,0,true,2026-08-10T06:59:57.615Z,1.12.6,1.9.0-DEV,428070c0f9ad,4.16.0,1.3.11,ctbllib-fs2-q2-findall,2397,952,2026-08-10T07:04:56.131Z
2xL2(11).2,2640,false,0,true,2026-08-10T06:59:57.615Z,1.12.6,1.9.0-DEV,428070c0f9ad,4.16.0,1.3.11,ctbllib-fs2-q2-findall,2397,953,2026-08-10T07:04:56.163Z
2xL3(2),336,false,0,true,2026-08-10T06:59:57.615Z,1.12.6,1.9.0-DEV,428070c0f9ad,4.16.0,1.3.11,ctbllib-fs2-q2-findall,2397,954,2026-08-10T07:04:56.185Z
2xM11,15840,false,0,true,2026-08-10T06:59:57.615Z,1.12.6,1.9.0-DEV,428070c0f9ad,4.16.0,1.3.11,ctbllib-fs2-q2-findall,2397,955,2026-08-10T07:04:56.21Z
2xM12N3,216,true,0,true,2026-08-10T06:59:57.615Z,1.12.6,1.9.0-DEV,428070c0f9ad,4.16.0,1.3.11,ctbllib-fs2-q2-findall,2397,956,2026-08-10T07:04:56.532Z
2xM22,887040,false,0,true,2026-08-10T06:59:57.615Z,1.12.6,1.9.0-DEV,428070c0f9ad,4.16.0,1.3.11,ctbllib-fs2-q2-findall,2397,957,2026-08-10T07:04:57.013Z
2xO7(3),9170703360,false,0,true,2026-08-10T06:59:57.615Z,1.12.6,1.9.0-DEV,428070c0f9ad,4.16.0,1.3.11,ctbllib-fs2-q2-findall,2397,958,2026-08-10T07:04:57.171Z
2xS3x2.S4,576,true,0,true,2026-08-10T06:59:57.615Z,1.12.6,1.9.0-DEV,428070c0f9ad,4.16.0,1.3.11,ctbllib-fs2-q2-findall,2397,959,2026-08-10T07:04:57.466Z
2xS3x2.U4(3).2_2,156764160,false,0,true,2026-08-10T06:59:57.615Z,1.12.6,1.9.0-DEV,428070c0f9ad,4.16.0,1.3.11,ctbllib-fs2-q2-findall,2397,960,2026-08-10T07:04:58.226Z
2xS3x7:6,504,true,0,true,2026-08-10T06:59:57.615Z,1.12.6,1.9.0-DEV,428070c0f9ad,4.16.0,1.3.11,ctbllib-fs2-q2-findall,2397,961,2026-08-10T07:04:59.068Z
2xS3xS6(2),17418240,false,0,true,2026-08-10T06:59:57.615Z,1.12.6,1.9.0-DEV,428070c0f9ad,4.16.0,1.3.11,ctbllib-fs2-q2-findall,2397,962,2026-08-10T07:04:59.38Z
2xS3xU4(2),311040,false,0,true,2026-08-10T06:59:57.615Z,1.12.6,1.9.0-DEV,428070c0f9ad,4.16.0,1.3.11,ctbllib-fs2-q2-findall,2397,963,2026-08-10T07:04:59.576Z
2xS3xU4(3).(2^2)_{122},156764160,false,0,true,2026-08-10T06:59:57.615Z,1.12.6,1.9.0-DEV,428070c0f9ad,4.16.0,1.3.11,ctbllib-fs2-q2-findall,2397,964,2026-08-10T07:05:02.348Z
2xS3xU4(3).2_2,78382080,false,0,true,2026-08-10T06:59:57.615Z,1.12.6,1.9.0-DEV,428070c0f9ad,4.16.0,1.3.11,ctbllib-fs2-q2-findall,2397,965,2026-08-10T07:05:02.842Z
2xS5,240,false,0,true,2026-08-10T06:59:57.615Z,1.12.6,1.9.0-DEV,428070c0f9ad,4.16.0,1.3.11,ctbllib-fs2-q2-findall,2397,966,2026-08-10T07:05:02.893Z
2xS6(2),2903040,false,0,true,2026-08-10T06:59:57.615Z,1.12.6,1.9.0-DEV,428070c0f9ad,4.16.0,1.3.11,ctbllib-fs2-q2-findall,2397,967,2026-08-10T07:05:03.018Z
2xSymm(4),48,true,0,true,2026-08-10T06:59:57.615Z,1.12.6,1.9.0-DEV,428070c0f9ad,4.16.0,1.3.11,ctbllib-fs2-q2-findall,2397,968,2026-08-10T07:05:03.027Z
2xTh,181491887775744000,false,0,true,2026-08-10T06:59:57.615Z,1.12.6,1.9.0-DEV,428070c0f9ad,4.16.0,1.3.11,ctbllib-fs2-q2-findall,2397,969,2026-08-10T07:05:03.34Z
2xU3(3),12096,false,0,true,2026-08-10T06:59:57.615Z,1.12.6,1.9.0-DEV,428070c0f9ad,4.16.0,1.3.11,ctbllib-fs2-q2-findall,2397,970,2026-08-10T07:05:03.386Z
2xU3(3).2,24192,false,0,true,2026-08-10T06:59:57.615Z,1.12.6,1.9.0-DEV,428070c0f9ad,4.16.0,1.3.11,ctbllib-fs2-q2-findall,2397,971,2026-08-10T07:05:03.443Z
2xU3(5).2,504000,false,0,true,2026-08-10T06:59:57.615Z,1.12.6,1.9.0-DEV,428070c0f9ad,4.16.0,1.3.11,ctbllib-fs2-q2-findall,2397,972,2026-08-10T07:05:03.528Z
2xU4(3).(2^2)_{122},26127360,false,0,true,2026-08-10T06:59:57.615Z,1.12.6,1.9.0-DEV,428070c0f9ad,4.16.0,1.3.11,ctbllib-fs2-q2-findall,2397,973,2026-08-10T07:05:03.841Z
2xU4(3).2_2,13063680,false,0,true,2026-08-10T06:59:57.615Z,1.12.6,1.9.0-DEV,428070c0f9ad,4.16.0,1.3.11,ctbllib-fs2-q2-findall,2397,974,2026-08-10T07:05:04.927Z
2xU5(2),27371520,false,0,true,2026-08-10T06:59:57.615Z,1.12.6,1.9.0-DEV,428070c0f9ad,4.16.0,1.3.11,ctbllib-fs2-q2-findall,2397,975,2026-08-10T07:05:05.068Z
2xU5(2).2,54743040,false,0,true,2026-08-10T06:59:57.615Z,1.12.6,1.9.0-DEV,428070c0f9ad,4.16.0,1.3.11,ctbllib-fs2-q2-findall,2397,976,2026-08-10T07:05:05.173Z
2xU6(2).3.2,110361968640,false,0,true,2026-08-10T06:59:57.615Z,1.12.6,1.9.0-DEV,428070c0f9ad,4.16.0,1.3.11,ctbllib-fs2-q2-findall,2397,977,2026-08-10T07:05:05.377Z
2xa6.2^2,2880,false,0,true,2026-08-10T06:59:57.615Z,1.12.6,1.9.0-DEV,428070c0f9ad,4.16.0,1.3.11,ctbllib-fs2-q2-findall,2397,978,2026-08-10T07:05:05.438Z
2xm12,190080,false,0,true,2026-08-10T06:59:57.615Z,1.12.6,1.9.0-DEV,428070c0f9ad,4.16.0,1.3.11,ctbllib-fs2-q2-findall,2397,979,2026-08-10T07:05:05.494Z
3.(2x2^(1+8)):(U4(2):2x2),318504960,false,0,true,2026-08-10T06:59:57.615Z,1.12.6,1.9.0-DEV,428070c0f9ad,4.16.0,1.3.11,ctbllib-fs2-q2-findall,2397,980,2026-08-10T07:05:05.848Z
3.(3^(1+2)+x3^2):2S4,34992,true,0,true,2026-08-10T06:59:57.615Z,1.12.6,1.9.0-DEV,428070c0f9ad,4.16.0,1.3.11,ctbllib-fs2-q2-findall,2397,981,2026-08-10T07:05:05.944Z
3.(3^(1+4).[2^7.3]),279936,true,0,true,2026-08-10T06:59:57.615Z,1.12.6,1.9.0-DEV,428070c0f9ad,4.16.0,1.3.11,ctbllib-fs2-q2-findall,2397,982,2026-08-10T07:05:06.123Z
3.(3^(3+3):L3(3)),12282192,false,0,true,2026-08-10T06:59:57.615Z,1.12.6,1.9.0-DEV,428070c0f9ad,4.16.0,1.3.11,ctbllib-fs2-q2-findall,2397,983,2026-08-10T07:05:06.228Z
3.(3xM10):2,12960,false,0,true,2026-08-10T06:59:57.615Z,1.12.6,1.9.0-DEV,428070c0f9ad,4.16.0,1.3.11,ctbllib-fs2-q2-findall,2397,984,2026-08-10T07:05:06.6Z
3.(A4x2(A4xA4).2).2,41472,true,0,true,2026-08-10T06:59:57.615Z,1.12.6,1.9.0-DEV,428070c0f9ad,4.16.0,1.3.11,ctbllib-fs2-q2-findall,2397,985,2026-08-10T07:05:07.411Z
3.(A4x3):2,216,true,0,true,2026-08-10T06:59:57.615Z,1.12.6,1.9.0-DEV,428070c0f9ad,4.16.0,1.3.11,ctbllib-fs2-q2-findall,2397,986,2026-08-10T07:05:07.429Z
3.2E6(2),229597439051324561817600,false,0,true,2026-08-10T06:59:57.615Z,1.12.6,1.9.0-DEV,428070c0f9ad,4.16.0,1.3.11,ctbllib-fs2-q2-findall,2397,987,2026-08-10T07:05:08.264Z
3.2E6(2).2,459194878102649123635200,false,0,true,2026-08-10T06:59:57.615Z,1.12.6,1.9.0-DEV,428070c0f9ad,4.16.0,1.3.11,ctbllib-fs2-q2-findall,2397,988,2026-08-10T07:05:08.528Z
3.2^(1+12).3U4(3).2,481579499520,false,0,true,2026-08-10T06:59:57.615Z,1.12.6,1.9.0-DEV,428070c0f9ad,4.16.0,1.3.11,ctbllib-fs2-q2-findall,2397,989,2026-08-10T07:05:11.177Z
3.2^(1+4)+:3^2.2,1728,true,0,true,2026-08-10T06:59:57.615Z,1.12.6,1.9.0-DEV,428070c0f9ad,4.16.0,1.3.11,ctbllib-fs2-q2-findall,2397,990,2026-08-10T07:05:11.28Z
3.2^(2+4):(3x3):2,3456,true,0,true,2026-08-10T06:59:57.615Z,1.12.6,1.9.0-DEV,428070c0f9ad,4.16.0,1.3.11,ctbllib-fs2-q2-findall,2397,991,2026-08-10T07:05:11.355Z
3.2^(2+4):(S3xS3),6912,true,0,true,2026-08-10T06:59:57.615Z,1.12.6,1.9.0-DEV,428070c0f9ad,4.16.0,1.3.11,ctbllib-fs2-q2-findall,2397,992,2026-08-10T07:05:11.434Z
3.2^4:a7,120960,false,0,true,2026-08-10T06:59:57.615Z,1.12.6,1.9.0-DEV,428070c0f9ad,4.16.0,1.3.11,ctbllib-fs2-q2-findall,2397,993,2026-08-10T07:05:11.471Z
3.3^(1+4):2S5,174960,false,0,true,2026-08-10T06:59:57.615Z,1.12.6,1.9.0-DEV,428070c0f9ad,4.16.0,1.3.11,ctbllib-fs2-q2-findall,2397,994,2026-08-10T07:05:11.549Z
3.3^(1+4):4S5,349920,false,0,true,2026-08-10T06:59:57.615Z,1.12.6,1.9.0-DEV,428070c0f9ad,4.16.0,1.3.11,ctbllib-fs2-q2-findall,2397,995,2026-08-10T07:05:11.568Z
3.3^(1+6):2^(3+4):3^2:2,15116544,true,0,true,2026-08-10T06:59:57.615Z,1.12.6,1.9.0-DEV,428070c0f9ad,4.16.0,1.3.11,ctbllib-fs2-q2-findall,2397,996,2026-08-10T07:05:11.949Z
3.3^(2+4):2(A4x2^2).2,419904,true,0,true,2026-08-10T06:59:57.615Z,1.12.6,1.9.0-DEV,428070c0f9ad,4.16.0,1.3.11,ctbllib-fs2-q2-findall,2397,997,2026-08-10T07:05:12.097Z
3.3^(2+4):2(S4xD8),839808,true,0,true,2026-08-10T06:59:57.615Z,1.12.6,1.9.0-DEV,428070c0f9ad,4.16.0,1.3.11,ctbllib-fs2-q2-findall,2397,998,2026-08-10T07:05:12.156Z
3.3^4.3^2.Q8,17496,true,0,true,2026-08-10T06:59:57.615Z,1.12.6,1.9.0-DEV,428070c0f9ad,4.16.0,1.3.11,ctbllib-fs2-q2-findall,2397,999,2026-08-10T07:05:12.18Z
3.3^5.U4(2),18895680,false,0,true,2026-08-10T06:59:57.615Z,1.12.6,1.9.0-DEV,428070c0f9ad,4.16.0,1.3.11,ctbllib-fs2-q2-findall,2397,1000,2026-08-10T07:05:13.213Z
3.3^5:(3^2:SD16),104976,true,0,true,2026-08-10T06:59:57.615Z,1.12.6,1.9.0-DEV,428070c0f9ad,4.16.0,1.3.11,ctbllib-fs2-q2-findall,2397,1001,2026-08-10T07:05:13.527Z
3.3^5:U4(2):2,37791360,false,0,true,2026-08-10T06:59:57.615Z,1.12.6,1.9.0-DEV,428070c0f9ad,4.16.0,1.3.11,ctbllib-fs2-q2-findall,2397,1002,2026-08-10T07:05:13.683Z
3.A6,1080,false,0,true,2026-08-10T06:59:57.615Z,1.12.6,1.9.0-DEV,428070c0f9ad,4.16.0,1.3.11,ctbllib-fs2-q2-findall,2397,1003,2026-08-10T07:05:13.726Z
3.A6.(2x4),8640,false,0,true,2026-08-10T06:59:57.615Z,1.12.6,1.9.0-DEV,428070c0f9ad,4.16.0,1.3.11,ctbllib-fs2-q2-findall,2397,1004,2026-08-10T07:05:13.827Z
3.A6.2^2,4320,false,0,true,2026-08-10T06:59:57.615Z,1.12.6,1.9.0-DEV,428070c0f9ad,4.16.0,1.3.11,ctbllib-fs2-q2-findall,2397,1005,2026-08-10T07:05:13.866Z
3.A6.2_1,2160,false,0,true,2026-08-10T06:59:57.615Z,1.12.6,1.9.0-DEV,428070c0f9ad,4.16.0,1.3.11,ctbllib-fs2-q2-findall,2397,1006,2026-08-10T07:05:13.874Z
3.A6.2_2,2160,false,0,true,2026-08-10T06:59:57.615Z,1.12.6,1.9.0-DEV,428070c0f9ad,4.16.0,1.3.11,ctbllib-fs2-q2-findall,2397,1007,2026-08-10T07:05:13.881Z
3.A6.2_3,2160,false,0,true,2026-08-10T06:59:57.615Z,1.12.6,1.9.0-DEV,428070c0f9ad,4.16.0,1.3.11,ctbllib-fs2-q2-findall,2397,1008,2026-08-10T07:05:13.892Z
3.A7,7560,false,0,true,2026-08-10T06:59:57.615Z,1.12.6,1.9.0-DEV,428070c0f9ad,4.16.0,1.3.11,ctbllib-fs2-q2-findall,2397,1009,2026-08-10T07:05:13.903Z
3.A7.2,15120,false,0,true,2026-08-10T06:59:57.615Z,1.12.6,1.9.0-DEV,428070c0f9ad,4.16.0,1.3.11,ctbllib-fs2-q2-findall,2397,1010,2026-08-10T07:05:13.911Z
3.F3+,3765617127571985163878400,false,0,true,2026-08-10T06:59:57.615Z,1.12.6,1.9.0-DEV,428070c0f9ad,4.16.0,1.3.11,ctbllib-fs2-q2-findall,2397,1011,2026-08-10T07:05:14.49Z
3.F3+.2,7531234255143970327756800,false,0,true,2026-08-10T06:59:57.615Z,1.12.6,1.9.0-DEV,428070c0f9ad,4.16.0,1.3.11,ctbllib-fs2-q2-findall,2397,1012,2026-08-10T07:05:14.865Z
3.F3+.2N5,172800,true,0,true,2026-08-10T06:59:57.615Z,1.12.6,1.9.0-DEV,428070c0f9ad,4.16.0,1.3.11,ctbllib-fs2-q2-findall,2397,1013,2026-08-10T07:05:16.197Z
3.F3+.2N7,74088,true,0,true,2026-08-10T06:59:57.615Z,1.12.6,1.9.0-DEV,428070c0f9ad,4.16.0,1.3.11,ctbllib-fs2-q2-findall,2397,1014,2026-08-10T07:05:16.62Z
3.F3+N5,86400,true,0,true,2026-08-10T06:59:57.615Z,1.12.6,1.9.0-DEV,428070c0f9ad,4.16.0,1.3.11,ctbllib-fs2-q2-findall,2397,1015,2026-08-10T07:05:17.023Z
3.Fi22,193685254963200,false,0,true,2026-08-10T06:59:57.615Z,1.12.6,1.9.0-DEV,428070c0f9ad,4.16.0,1.3.11,ctbllib-fs2-q2-findall,2397,1016,2026-08-10T07:05:17.215Z
3.Fi22.2,387370509926400,false,0,true,2026-08-10T06:59:57.615Z,1.12.6,1.9.0-DEV,428070c0f9ad,4.16.0,1.3.11,ctbllib-fs2-q2-findall,2397,1017,2026-08-10T07:05:17.334Z
3.Fi22M5,1362493440,false,1,true,2026-08-10T06:59:57.615Z,1.12.6,1.9.0-DEV,428070c0f9ad,4.16.0,1.3.11,ctbllib-fs2-q2-findall,2397,1018,2026-08-10T07:05:17.49Z
3.Fi22N3,236196,true,0,true,2026-08-10T06:59:57.615Z,1.12.6,1.9.0-DEV,428070c0f9ad,4.16.0,1.3.11,ctbllib-fs2-q2-findall,2397,1019,2026-08-10T07:05:19.482Z
3.G2(3),12737088,false,0,true,2026-08-10T06:59:57.615Z,1.12.6,1.9.0-DEV,428070c0f9ad,4.16.0,1.3.11,ctbllib-fs2-q2-findall,2397,1020,2026-08-10T07:05:19.529Z
3.G2(3).2,25474176,false,0,true,2026-08-10T06:59:57.615Z,1.12.6,1.9.0-DEV,428070c0f9ad,4.16.0,1.3.11,ctbllib-fs2-q2-findall,2397,1021,2026-08-10T07:05:19.543Z
3.J3,150698880,false,0,true,2026-08-10T06:59:57.615Z,1.12.6,1.9.0-DEV,428070c0f9ad,4.16.0,1.3.11,ctbllib-fs2-q2-findall,2397,1022,2026-08-10T07:05:19.608Z
3.J3.2,301397760,false,0,true,2026-08-10T06:59:57.615Z,1.12.6,1.9.0-DEV,428070c0f9ad,4.16.0,1.3.11,ctbllib-fs2-q2-findall,2397,1023,2026-08-10T07:05:19.63Z
3.L3(4),60480,false,0,true,2026-08-10T06:59:57.615Z,1.12.6,1.9.0-DEV,428070c0f9ad,4.16.0,1.3.11,ctbllib-fs2-q2-findall,2397,1024,2026-08-10T07:05:19.67Z
3.L3(4).2^2,241920,false,0,true,2026-08-10T06:59:57.615Z,1.12.6,1.9.0-DEV,428070c0f9ad,4.16.0,1.3.11,ctbllib-fs2-q2-findall,2397,1025,2026-08-10T07:05:19.683Z
3.L3(4).2_1,120960,false,0,true,2026-08-10T06:59:57.615Z,1.12.6,1.9.0-DEV,428070c0f9ad,4.16.0,1.3.11,ctbllib-fs2-q2-findall,2397,1026,2026-08-10T07:05:19.706Z
3.L3(4).2_2,120960,false,0,true,2026-08-10T06:59:57.615Z,1.12.6,1.9.0-DEV,428070c0f9ad,4.16.0,1.3.11,ctbllib-fs2-q2-findall,2397,1027,2026-08-10T07:05:19.717Z
3.L3(4).2_3,120960,false,0,true,2026-08-10T06:59:57.615Z,1.12.6,1.9.0-DEV,428070c0f9ad,4.16.0,1.3.11,ctbllib-fs2-q2-findall,2397,1028,2026-08-10T07:05:19.727Z
3.L3(4).3,181440,false,0,true,2026-08-10T06:59:57.615Z,1.12.6,1.9.0-DEV,428070c0f9ad,4.16.0,1.3.11,ctbllib-fs2-q2-findall,2397,1029,2026-08-10T07:05:19.827Z
3.L3(4).3.2_2,362880,false,0,true,2026-08-10T06:59:57.615Z,1.12.6,1.9.0-DEV,428070c0f9ad,4.16.0,1.3.11,ctbllib-fs2-q2-findall,2397,1030,2026-08-10T07:05:19.842Z
3.L3(4).3.2_3,362880,false,0,true,2026-08-10T06:59:57.615Z,1.12.6,1.9.0-DEV,428070c0f9ad,4.16.0,1.3.11,ctbllib-fs2-q2-findall,2397,1031,2026-08-10T07:05:19.857Z
3.L3(4).6,362880,false,0,true,2026-08-10T06:59:57.615Z,1.12.6,1.9.0-DEV,428070c0f9ad,4.16.0,1.3.11,ctbllib-fs2-q2-findall,2397,1032,2026-08-10T07:05:19.898Z
3.L3(7),5630688,false,0,true,2026-08-10T06:59:57.615Z,1.12.6,1.9.0-DEV,428070c0f9ad,4.16.0,1.3.11,ctbllib-fs2-q2-findall,2397,1033,2026-08-10T07:05:19.932Z
3.L3(7).2,11261376,false,0,true,2026-08-10T06:59:57.615Z,1.12.6,1.9.0-DEV,428070c0f9ad,4.16.0,1.3.11,ctbllib-fs2-q2-findall,2397,1034,2026-08-10T07:05:19.949Z
3.L3(7).3,16892064,false,0,true,2026-08-10T06:59:57.615Z,1.12.6,1.9.0-DEV,428070c0f9ad,4.16.0,1.3.11,ctbllib-fs2-q2-findall,2397,1035,2026-08-10T07:05:20.117Z
3.L3(7).S3,33784128,false,0,true,2026-08-10T06:59:57.615Z,1.12.6,1.9.0-DEV,428070c0f9ad,4.16.0,1.3.11,ctbllib-fs2-q2-findall,2397,1036,2026-08-10T07:05:20.156Z
3.M22,1330560,false,0,true,2026-08-10T06:59:57.615Z,1.12.6,1.9.0-DEV,428070c0f9ad,4.16.0,1.3.11,ctbllib-fs2-q2-findall,2397,1037,2026-08-10T07:05:20.189Z
3.M22.2,2661120,false,0,true,2026-08-10T06:59:57.615Z,1.12.6,1.9.0-DEV,428070c0f9ad,4.16.0,1.3.11,ctbllib-fs2-q2-findall,2397,1038,2026-08-10T07:05:20.206Z
3.M22M2,17280,false,0,true,2026-08-10T06:59:57.615Z,1.12.6,1.9.0-DEV,428070c0f9ad,4.16.0,1.3.11,ctbllib-fs2-q2-findall,2397,1039,2026-08-10T07:05:20.234Z
3.McL,2694384000,false,0,true,2026-08-10T06:59:57.615Z,1.12.6,1.9.0-DEV,428070c0f9ad,4.16.0,1.3.11,ctbllib-fs2-q2-findall,2397,1040,2026-08-10T07:05:20.296Z
3.McL.2,5388768000,false,0,true,2026-08-10T06:59:57.615Z,1.12.6,1.9.0-DEV,428070c0f9ad,4.16.0,1.3.11,ctbllib-fs2-q2-findall,2397,1041,2026-08-10T07:05:20.315Z
3.McL.2N3,34992,true,0,true,2026-08-10T06:59:57.615Z,1.12.6,1.9.0-DEV,428070c0f9ad,4.16.0,1.3.11,ctbllib-fs2-q2-findall,2397,1042,2026-08-10T07:05:20.652Z
3.McL.2N5,18000,true,0,true,2026-08-10T06:59:57.615Z,1.12.6,1.9.0-DEV,428070c0f9ad,4.16.0,1.3.11,ctbllib-fs2-q2-findall,2397,1043,2026-08-10T07:05:21.064Z
3.O7(3),13756055040,false,0,true,2026-08-10T06:59:57.615Z,1.12.6,1.9.0-DEV,428070c0f9ad,4.16.0,1.3.11,ctbllib-fs2-q2-findall,2397,1044,2026-08-10T07:05:21.199Z
3.O7(3).2,27512110080,false,0,true,2026-08-10T06:59:57.615Z,1.12.6,1.9.0-DEV,428070c0f9ad,4.16.0,1.3.11,ctbllib-fs2-q2-findall,2397,1045,2026-08-10T07:05:21.3Z
3.O7(3)M9,3779136,true,0,true,2026-08-10T06:59:57.615Z,1.12.6,1.9.0-DEV,428070c0f9ad,4.16.0,1.3.11,ctbllib-fs2-q2-findall,2397,1046,2026-08-10T07:05:22.149Z
3.ON,1382446517760,false,0,true,2026-08-10T06:59:57.615Z,1.12.6,1.9.0-DEV,428070c0f9ad,4.16.0,1.3.11,ctbllib-fs2-q2-findall,2397,1047,2026-08-10T07:05:22.214Z
3.ON.2,2764893035520,false,0,true,2026-08-10T06:59:57.615Z,1.12.6,1.9.0-DEV,428070c0f9ad,4.16.0,1.3.11,ctbllib-fs2-q2-findall,2397,1048,2026-08-10T07:05:22.238Z
3.ON.2M4,155520,false,0,true,2026-08-10T06:59:57.615Z,1.12.6,1.9.0-DEV,428070c0f9ad,4.16.0,1.3.11,ctbllib-fs2-q2-findall,2397,1049,2026-08-10T07:05:22.637Z
3.ON.2N3,155520,true,0,true,2026-08-10T06:59:57.615Z,1.12.6,1.9.0-DEV,428070c0f9ad,4.16.0,1.3.11,ctbllib-fs2-q2-findall,2397,1050,2026-08-10T07:05:22.995Z
3.ON.2N7,49392,true,0,true,2026-08-10T06:59:57.615Z,1.12.6,1.9.0-DEV,428070c0f9ad,4.16.0,1.3.11,ctbllib-fs2-q2-findall,2397,1051,2026-08-10T07:05:23.653Z
3.ONM5,77760,false,0,true,2026-08-10T06:59:57.615Z,1.12.6,1.9.0-DEV,428070c0f9ad,4.16.0,1.3.11,ctbllib-fs2-q2-findall,2397,1052,2026-08-10T07:05:23.826Z
3.ONM6,77760,true,0,true,2026-08-10T06:59:57.615Z,1.12.6,1.9.0-DEV,428070c0f9ad,4.16.0,1.3.11,ctbllib-fs2-q2-findall,2397,1053,2026-08-10T07:05:23.915Z
3.Suz,1345036492800,false,0,true,2026-08-10T06:59:57.615Z,1.12.6,1.9.0-DEV,428070c0f9ad,4.16.0,1.3.11,ctbllib-fs2-q2-findall,2397,1054,2026-08-10T07:05:24.07Z
3.Suz.2,2690072985600,false,0,true,2026-08-10T06:59:57.615Z,1.12.6,1.9.0-DEV,428070c0f9ad,4.16.0,1.3.11,ctbllib-fs2-q2-findall,2397,1055,2026-08-10T07:05:24.124Z
3.U3(11),212747040,false,0,true,2026-08-10T06:59:57.615Z,1.12.6,1.9.0-DEV,428070c0f9ad,4.16.0,1.3.11,ctbllib-fs2-q2-findall,2397,1056,2026-08-10T07:05:24.238Z
3.U3(11).2,425494080,false,0,true,2026-08-10T06:59:57.615Z,1.12.6,1.9.0-DEV,428070c0f9ad,4.16.0,1.3.11,ctbllib-fs2-q2-findall,2397,1057,2026-08-10T07:05:24.278Z
3.U3(11).3,638241120,false,0,true,2026-08-10T06:59:57.615Z,1.12.6,1.9.0-DEV,428070c0f9ad,4.16.0,1.3.11,ctbllib-fs2-q2-findall,2397,1058,2026-08-10T07:05:25.559Z
3.U3(11).S3,1276482240,false,0,true,2026-08-10T06:59:57.615Z,1.12.6,1.9.0-DEV,428070c0f9ad,4.16.0,1.3.11,ctbllib-fs2-q2-findall,2397,1059,2026-08-10T07:05:25.711Z
3.U3(5),378000,false,0,true,2026-08-10T06:59:57.615Z,1.12.6,1.9.0-DEV,428070c0f9ad,4.16.0,1.3.11,ctbllib-fs2-q2-findall,2397,1060,2026-08-10T07:05:25.741Z
3.U3(5).2,756000,false,0,true,2026-08-10T06:59:57.615Z,1.12.6,1.9.0-DEV,428070c0f9ad,4.16.0,1.3.11,ctbllib-fs2-q2-findall,2397,1061,2026-08-10T07:05:25.753Z
3.U3(5).3,1134000,false,0,true,2026-08-10T06:59:57.615Z,1.12.6,1.9.0-DEV,428070c0f9ad,4.16.0,1.3.11,ctbllib-fs2-q2-findall,2397,1062,2026-08-10T07:05:25.83Z
3.U3(5).S3,2268000,false,0,true,2026-08-10T06:59:57.615Z,1.12.6,1.9.0-DEV,428070c0f9ad,4.16.0,1.3.11,ctbllib-fs2-q2-findall,2397,1063,2026-08-10T07:05:25.849Z
3.U3(8),16547328,false,0,true,2026-08-10T06:59:57.615Z,1.12.6,1.9.0-DEV,428070c0f9ad,4.16.0,1.3.11,ctbllib-fs2-q2-findall,2397,1064,2026-08-10T07:05:26.052Z
3.U3(8).2,33094656,false,0,true,2026-08-10T06:59:57.615Z,1.12.6,1.9.0-DEV,428070c0f9ad,4.16.0,1.3.11,ctbllib-fs2-q2-findall,2397,1065,2026-08-10T07:05:26.084Z
3.U3(8).3_1,49641984,false,0,true,2026-08-10T06:59:57.615Z,1.12.6,1.9.0-DEV,428070c0f9ad,4.16.0,1.3.11,ctbllib-fs2-q2-findall,2397,1066,2026-08-10T07:05:26.184Z
3.U3(8).3_2,49641984,false,0,true,2026-08-10T06:59:57.615Z,1.12.6,1.9.0-DEV,428070c0f9ad,4.16.0,1.3.11,ctbllib-fs2-q2-findall,2397,1067,2026-08-10T07:05:31.938Z
3.U3(8).6,99283968,false,0,true,2026-08-10T06:59:57.615Z,1.12.6,1.9.0-DEV,428070c0f9ad,4.16.0,1.3.11,ctbllib-fs2-q2-findall,2397,1068,2026-08-10T07:05:31.969Z
3.U3(8).S3,99283968,false,0,true,2026-08-10T06:59:57.615Z,1.12.6,1.9.0-DEV,428070c0f9ad,4.16.0,1.3.11,ctbllib-fs2-q2-findall,2397,1069,2026-08-10T07:05:32.064Z
3.U6(2),27590492160,false,0,true,2026-08-10T06:59:57.615Z,1.12.6,1.9.0-DEV,428070c0f9ad,4.16.0,1.3.11,ctbllib-fs2-q2-findall,2397,1070,2026-08-10T07:05:32.225Z
3.U6(2).2,55180984320,false,0,true,2026-08-10T06:59:57.615Z,1.12.6,1.9.0-DEV,428070c0f9ad,4.16.0,1.3.11,ctbllib-fs2-q2-findall,2397,1071,2026-08-10T07:05:32.274Z
3.U6(2).3,82771476480,false,0,true,2026-08-10T06:59:57.615Z,1.12.6,1.9.0-DEV,428070c0f9ad,4.16.0,1.3.11,ctbllib-fs2-q2-findall,2397,1072,2026-08-10T07:05:33.301Z
3.U6(2).3.2,165542952960,false,0,true,2026-08-10T06:59:57.615Z,1.12.6,1.9.0-DEV,428070c0f9ad,4.16.0,1.3.11,ctbllib-fs2-q2-findall,2397,1073,2026-08-10T07:05:33.404Z
3.U6(2)M3,30965760,false,0,true,2026-08-10T06:59:57.615Z,1.12.6,1.9.0-DEV,428070c0f9ad,4.16.0,1.3.11,ctbllib-fs2-q2-findall,2397,1074,2026-08-10T07:05:33.58Z
3.s7x2,30240,false,0,true,2026-08-10T06:59:57.615Z,1.12.6,1.9.0-DEV,428070c0f9ad,4.16.0,1.3.11,ctbllib-fs2-q2-findall,2397,1075,2026-08-10T07:05:33.647Z
31:10,310,true,0,true,2026-08-10T06:59:57.615Z,1.12.6,1.9.0-DEV,428070c0f9ad,4.16.0,1.3.11,ctbllib-fs2-q2-findall,2397,1076,2026-08-10T07:05:33.926Z
31:15,465,true,0,true,2026-08-10T06:59:57.615Z,1.12.6,1.9.0-DEV,428070c0f9ad,4.16.0,1.3.11,ctbllib-fs2-q2-findall,2397,1077,2026-08-10T07:05:33.996Z
31:3,93,true,0,true,2026-08-10T06:59:57.615Z,1.12.6,1.9.0-DEV,428070c0f9ad,4.16.0,1.3.11,ctbllib-fs2-q2-findall,2397,1078,2026-08-10T07:05:34.022Z
31:30,930,true,0,true,2026-08-10T06:59:57.615Z,1.12.6,1.9.0-DEV,428070c0f9ad,4.16.0,1.3.11,ctbllib-fs2-q2-findall,2397,1079,2026-08-10T07:05:34.101Z
31:5,155,true,0,true,2026-08-10T06:59:57.615Z,1.12.6,1.9.0-DEV,428070c0f9ad,4.16.0,1.3.11,ctbllib-fs2-q2-findall,2397,1080,2026-08-10T07:05:34.124Z
31:6,186,true,0,true,2026-08-10T06:59:57.615Z,1.12.6,1.9.0-DEV,428070c0f9ad,4.16.0,1.3.11,ctbllib-fs2-q2-findall,2397,1081,2026-08-10T07:05:34.918Z
37:12,444,true,0,true,2026-08-10T06:59:57.615Z,1.12.6,1.9.0-DEV,428070c0f9ad,4.16.0,1.3.11,ctbllib-fs2-q2-findall,2397,1082,2026-08-10T07:05:34.94Z
37:18,666,true,0,true,2026-08-10T06:59:57.615Z,1.12.6,1.9.0-DEV,428070c0f9ad,4.16.0,1.3.11,ctbllib-fs2-q2-findall,2397,1083,2026-08-10T07:05:35.006Z
37:3,111,true,0,true,2026-08-10T06:59:57.615Z,1.12.6,1.9.0-DEV,428070c0f9ad,4.16.0,1.3.11,ctbllib-fs2-q2-findall,2397,1084,2026-08-10T07:05:35.04Z
3D4(2),211341312,false,0,true,2026-08-10T06:59:57.615Z,1.12.6,1.9.0-DEV,428070c0f9ad,4.16.0,1.3.11,ctbllib-fs2-q2-findall,2397,1085,2026-08-10T07:05:35.081Z
3D4(2).3,634023936,false,0,true,2026-08-10T06:59:57.615Z,1.12.6,1.9.0-DEV,428070c0f9ad,4.16.0,1.3.11,ctbllib-fs2-q2-findall,2397,1086,2026-08-10T07:05:35.106Z
3D4(3),20560831566912,false,0,true,2026-08-10T06:59:57.615Z,1.12.6,1.9.0-DEV,428070c0f9ad,4.16.0,1.3.11,ctbllib-fs2-q2-findall,2397,1087,2026-08-10T07:05:35.158Z
3D4(4),67802350642790400,false,0,true,2026-08-10T06:59:57.615Z,1.12.6,1.9.0-DEV,428070c0f9ad,4.16.0,1.3.11,ctbllib-fs2-q2-findall,2397,1088,2026-08-10T07:05:47.917Z
3^(1+10):(2xU5(2):2),9697565306880,false,0,true,2026-08-10T06:59:57.615Z,1.12.6,1.9.0-DEV,428070c0f9ad,4.16.0,1.3.11,ctbllib-fs2-q2-findall,2397,1089,2026-08-10T07:05:48.263Z
3^(1+10):U5(2):2,4848782653440,false,0,true,2026-08-10T06:59:57.615Z,1.12.6,1.9.0-DEV,428070c0f9ad,4.16.0,1.3.11,ctbllib-fs2-q2-findall,2397,1090,2026-08-10T07:05:48.472Z
3^(1+10)_+:(2x2^(1+6)_-:3^(1+2)_+:2S4),58773123072,true,0,true,2026-08-10T06:59:57.615Z,1.12.6,1.9.0-DEV,428070c0f9ad,4.16.0,1.3.11,ctbllib-fs2-q2-findall,2397,1091,2026-08-10T07:05:49.105Z
3^(1+10)_+:2^(1+6)_-:3^(1+2)_+:2S4,29386561536,true,0,true,2026-08-10T06:59:57.615Z,1.12.6,1.9.0-DEV,428070c0f9ad,4.16.0,1.3.11,ctbllib-fs2-q2-findall,2397,1092,2026-08-10T07:05:49.225Z
3^(1+12).(2xU5(2).2),87278087761920,false,0,true,2026-08-10T06:59:57.615Z,1.12.6,1.9.0-DEV,428070c0f9ad,4.16.0,1.3.11,ctbllib-fs2-q2-findall,2397,1093,2026-08-10T07:05:49.892Z
3^(1+12).2.Suz.2,2859230155080499200,false,0,true,2026-08-10T06:59:57.615Z,1.12.6,1.9.0-DEV,428070c0f9ad,4.16.0,1.3.11,ctbllib-fs2-q2-findall,2397,1094,2026-08-10T07:05:50.139Z
3^(1+12):6.Suz.2,8577690465241497600,false,0,true,2026-08-10T06:59:57.615Z,1.12.6,1.9.0-DEV,428070c0f9ad,4.16.0,1.3.11,ctbllib-fs2-q2-findall,2397,1095,2026-08-10T07:05:50.795Z
3^(1+2)+.2S4,1296,true,0,true,2026-08-10T06:59:57.615Z,1.12.6,1.9.0-DEV,428070c0f9ad,4.16.0,1.3.11,ctbllib-fs2-q2-findall,2397,1096,2026-08-10T07:05:50.829Z
3^(1+2)+:2A4,648,true,0,true,2026-08-10T06:59:57.615Z,1.12.6,1.9.0-DEV,428070c0f9ad,4.16.0,1.3.11,ctbllib-fs2-q2-findall,2397,1097,2026-08-10T07:05:50.846Z
3^(1+2)+:2S4,1296,true,0,true,2026-08-10T06:59:57.615Z,1.12.6,1.9.0-DEV,428070c0f9ad,4.16.0,1.3.11,ctbllib-fs2-q2-findall,2397,1098,2026-08-10T07:05:50.88Z
3^(1+2):4,108,true,0,true,2026-08-10T06:59:57.615Z,1.12.6,1.9.0-DEV,428070c0f9ad,4.16.0,1.3.11,ctbllib-fs2-q2-findall,2397,1099,2026-08-10T07:05:50.891Z
3^(1+2):8,216,true,0,true,2026-08-10T06:59:57.615Z,1.12.6,1.9.0-DEV,428070c0f9ad,4.16.0,1.3.11,ctbllib-fs2-q2-findall,2397,1100,2026-08-10T07:05:50.931Z
3^(1+2):8:4,864,true,0,true,2026-08-10T06:59:57.615Z,1.12.6,1.9.0-DEV,428070c0f9ad,4.16.0,1.3.11,ctbllib-fs2-q2-findall,2397,1101,2026-08-10T07:05:51.201Z
3^(1+2):D8,216,true,0,true,2026-08-10T06:59:57.615Z,1.12.6,1.9.0-DEV,428070c0f9ad,4.16.0,1.3.11,ctbllib-fs2-q2-findall,2397,1102,2026-08-10T07:05:51.24Z
3^(1+2):SD16,432,true,0,true,2026-08-10T06:59:57.615Z,1.12.6,1.9.0-DEV,428070c0f9ad,4.16.0,1.3.11,ctbllib-fs2-q2-findall,2397,1103,2026-08-10T07:05:51.246Z
3^(1+2)_+,27,true,0,true,2026-08-10T06:59:57.615Z,1.12.6,1.9.0-DEV,428070c0f9ad,4.16.0,1.3.11,ctbllib-fs2-q2-findall,2397,1104,2026-08-10T07:05:51.257Z
3^(1+2)_+.(2S4x3),3888,true,0,true,2026-08-10T06:59:57.615Z,1.12.6,1.9.0-DEV,428070c0f9ad,4.16.0,1.3.11,ctbllib-fs2-q2-findall,2397,1105,2026-08-10T07:05:51.279Z
3^(1+2)_+:2,54,true,0,true,2026-08-10T06:59:57.615Z,1.12.6,1.9.0-DEV,428070c0f9ad,4.16.0,1.3.11,ctbllib-fs2-q2-findall,2397,1106,2026-08-10T07:05:51.287Z
3^(1+2)_+:Q8,216,true,0,true,2026-08-10T06:59:57.615Z,1.12.6,1.9.0-DEV,428070c0f9ad,4.16.0,1.3.11,ctbllib-fs2-q2-findall,2397,1107,2026-08-10T07:05:51.334Z
3^(1+4)+.2^(1+4)-.S3,46656,true,0,true,2026-08-10T06:59:57.615Z,1.12.6,1.9.0-DEV,428070c0f9ad,4.16.0,1.3.11,ctbllib-fs2-q2-findall,2397,1108,2026-08-10T07:05:52.916Z
3^(1+4)+.4S4,23328,true,0,true,2026-08-10T06:59:57.615Z,1.12.6,1.9.0-DEV,428070c0f9ad,4.16.0,1.3.11,ctbllib-fs2-q2-findall,2397,1109,2026-08-10T07:05:52.929Z
3^(1+4).2U4(2),12597120,false,0,true,2026-08-10T06:59:57.615Z,1.12.6,1.9.0-DEV,428070c0f9ad,4.16.0,1.3.11,ctbllib-fs2-q2-findall,2397,1110,2026-08-10T07:05:53.063Z
3^(1+4).2U4(2).2,25194240,false,0,true,2026-08-10T06:59:57.615Z,1.12.6,1.9.0-DEV,428070c0f9ad,4.16.0,1.3.11,ctbllib-fs2-q2-findall,2397,1111,2026-08-10T07:05:53.093Z
3^(1+4).2^(1+1+2+2).S3,93312,true,0,true,2026-08-10T06:59:57.615Z,1.12.6,1.9.0-DEV,428070c0f9ad,4.16.0,1.3.11,ctbllib-fs2-q2-findall,2397,1112,2026-08-10T07:05:53.194Z
3^(1+4):2S5,58320,false,0,true,2026-08-10T06:59:57.615Z,1.12.6,1.9.0-DEV,428070c0f9ad,4.16.0,1.3.11,ctbllib-fs2-q2-findall,2397,1113,2026-08-10T07:05:53.249Z
3^(1+4):4A5,58320,false,0,true,2026-08-10T06:59:57.615Z,1.12.6,1.9.0-DEV,428070c0f9ad,4.16.0,1.3.11,ctbllib-fs2-q2-findall,2397,1114,2026-08-10T07:05:53.262Z
3^(1+4):4S4,23328,true,0,true,2026-08-10T06:59:57.615Z,1.12.6,1.9.0-DEV,428070c0f9ad,4.16.0,1.3.11,ctbllib-fs2-q2-findall,2397,1115,2026-08-10T07:05:53.321Z
3^(1+4):4S5,116640,false,0,true,2026-08-10T06:59:57.615Z,1.12.6,1.9.0-DEV,428070c0f9ad,4.16.0,1.3.11,ctbllib-fs2-q2-findall,2397,1116,2026-08-10T07:05:53.38Z
3^(1+4)_+.2S4,11664,true,0,true,2026-08-10T06:59:57.615Z,1.12.6,1.9.0-DEV,428070c0f9ad,4.16.0,1.3.11,ctbllib-fs2-q2-findall,2397,1117,2026-08-10T07:05:53.39Z
3^(1+4)_+:(S3xQD16),23328,true,0,true,2026-08-10T06:59:57.615Z,1.12.6,1.9.0-DEV,428070c0f9ad,4.16.0,1.3.11,ctbllib-fs2-q2-findall,2397,1118,2026-08-10T07:05:53.439Z
3^(1+6):2^(3+4):3^2:2,5038848,true,0,true,2026-08-10T06:59:57.615Z,1.12.6,1.9.0-DEV,428070c0f9ad,4.16.0,1.3.11,ctbllib-fs2-q2-findall,2397,1119,2026-08-10T07:05:53.512Z
3^(1+6)_+:2^(3+4):(S3xS3),10077696,true,0,true,2026-08-10T06:59:57.615Z,1.12.6,1.9.0-DEV,428070c0f9ad,4.16.0,1.3.11,ctbllib-fs2-q2-findall,2397,1120,2026-08-10T07:05:53.552Z
3^(1+8).2^(1+6).3^(1+2).2S4,3265173504,true,0,true,2026-08-10T06:59:57.615Z,1.12.6,1.9.0-DEV,428070c0f9ad,4.16.0,1.3.11,ctbllib-fs2-q2-findall,2397,1121,2026-08-10T07:05:53.678Z
3^(1+8).2^(1+6).U4(2).2,130606940160,false,0,true,2026-08-10T06:59:57.615Z,1.12.6,1.9.0-DEV,428070c0f9ad,4.16.0,1.3.11,ctbllib-fs2-q2-findall,2397,1122,2026-08-10T07:05:53.969Z
3^(2+4):2(S4xD8),279936,true,0,true,2026-08-10T06:59:57.615Z,1.12.6,1.9.0-DEV,428070c0f9ad,4.16.0,1.3.11,ctbllib-fs2-q2-findall,2397,1123,2026-08-10T07:05:54.05Z
3^(2+4):2A5.D8,699840,false,0,true,2026-08-10T06:59:57.615Z,1.12.6,1.9.0-DEV,428070c0f9ad,4.16.0,1.3.11,ctbllib-fs2-q2-findall,2397,1124,2026-08-10T07:05:54.07Z
3^(2+4):80,58320,true,0,true,2026-08-10T06:59:57.615Z,1.12.6,1.9.0-DEV,428070c0f9ad,4.16.0,1.3.11,ctbllib-fs2-q2-findall,2397,1125,2026-08-10T07:05:54.298Z
3^(2+5+10).(M11x2S4),49093924366080,false,0,true,2026-08-10T06:59:57.615Z,1.12.6,1.9.0-DEV,428070c0f9ad,4.16.0,1.3.11,ctbllib-fs2-q2-findall,2397,1126,2026-08-10T07:05:54.704Z
3^(3+2+6+6):(L3(3)xSD16),11604018486528,false,0,true,2026-08-10T06:59:57.615Z,1.12.6,1.9.0-DEV,428070c0f9ad,4.16.0,1.3.11,ctbllib-fs2-q2-findall,2397,1127,2026-08-10T07:05:55.521Z
3^(3+3):L3(3),4094064,false,0,true,2026-08-10T06:59:57.615Z,1.12.6,1.9.0-DEV,428070c0f9ad,4.16.0,1.3.11,ctbllib-fs2-q2-findall,2397,1128,2026-08-10T07:05:55.606Z
3^(3+4):(2.S4)^2,5038848,true,0,true,2026-08-10T06:59:57.615Z,1.12.6,1.9.0-DEV,428070c0f9ad,4.16.0,1.3.11,ctbllib-fs2-q2-findall,2397,1129,2026-08-10T07:05:55.966Z
3^(3+4):2(S4xA4),1259712,true,0,true,2026-08-10T06:59:57.615Z,1.12.6,1.9.0-DEV,428070c0f9ad,4.16.0,1.3.11,ctbllib-fs2-q2-findall,2397,1130,2026-08-10T07:05:56.056Z
3^(3+4):2(S4xS4),2519424,true,0,true,2026-08-10T06:59:57.615Z,1.12.6,1.9.0-DEV,428070c0f9ad,4.16.0,1.3.11,ctbllib-fs2-q2-findall,2397,1131,2026-08-10T07:05:56.136Z
3^(3+6):(L3(3)x2),221079456,false,0,true,2026-08-10T06:59:57.615Z,1.12.6,1.9.0-DEV,428070c0f9ad,4.16.0,1.3.11,ctbllib-fs2-q2-findall,2397,1132,2026-08-10T07:05:56.462Z
3^(3+6):(L3(3)xD8),884317824,false,0,true,2026-08-10T06:59:57.615Z,1.12.6,1.9.0-DEV,428070c0f9ad,4.16.0,1.3.11,ctbllib-fs2-q2-findall,2397,1133,2026-08-10T07:05:56.737Z
3^(3+6):26,511758,true,0,true,2026-08-10T06:59:57.615Z,1.12.6,1.9.0-DEV,428070c0f9ad,4.16.0,1.3.11,ctbllib-fs2-q2-findall,2397,1134,2026-08-10T07:05:56.772Z
3^1+4:2^1+4.s5,933120,false,0,true,2026-08-10T06:59:57.615Z,1.12.6,1.9.0-DEV,428070c0f9ad,4.16.0,1.3.11,ctbllib-fs2-q2-findall,2397,1135,2026-08-10T07:05:56.822Z
3^1+4:4s6,699840,false,0,true,2026-08-10T06:59:57.615Z,1.12.6,1.9.0-DEV,428070c0f9ad,4.16.0,1.3.11,ctbllib-fs2-q2-findall,2397,1136,2026-08-10T07:05:56.849Z
3^12.6.Suz.2,2859230155080499200,false,0,true,2026-08-10T06:59:57.615Z,1.12.6,1.9.0-DEV,428070c0f9ad,4.16.0,1.3.11,ctbllib-fs2-q2-findall,2397,1137,2026-08-10T07:05:57.564Z
3^2,9,true,0,true,2026-08-10T06:59:57.615Z,1.12.6,1.9.0-DEV,428070c0f9ad,4.16.0,1.3.11,ctbllib-fs2-q2-findall,2397,1138,2026-08-10T07:05:57.575Z
3^2+4:2(2^2xa4)2,139968,true,0,true,2026-08-10T06:59:57.615Z,1.12.6,1.9.0-DEV,428070c0f9ad,4.16.0,1.3.11,ctbllib-fs2-q2-findall,2397,1139,2026-08-10T07:05:57.638Z
3^2.(3^(1+4)_+.2S4),104976,true,0,true,2026-08-10T06:59:57.615Z,1.12.6,1.9.0-DEV,428070c0f9ad,4.16.0,1.3.11,ctbllib-fs2-q2-findall,2397,1140,2026-08-10T07:05:57.821Z
3^2.(3^4:A6),262440,false,0,true,2026-08-10T06:59:57.615Z,1.12.6,1.9.0-DEV,428070c0f9ad,4.16.0,1.3.11,ctbllib-fs2-q2-findall,2397,1141,2026-08-10T07:05:57.901Z
3^2.(3x3^(1+2)+):2^2,2916,true,0,true,2026-08-10T06:59:57.615Z,1.12.6,1.9.0-DEV,428070c0f9ad,4.16.0,1.3.11,ctbllib-fs2-q2-findall,2397,1142,2026-08-10T07:05:58.179Z
3^2.(3x3^(1+2)+):D8,5832,true,0,true,2026-08-10T06:59:57.615Z,1.12.6,1.9.0-DEV,428070c0f9ad,4.16.0,1.3.11,ctbllib-fs2-q2-findall,2397,1143,2026-08-10T07:05:58.219Z
3^2.2.S4,432,true,0,true,2026-08-10T06:59:57.615Z,1.12.6,1.9.0-DEV,428070c0f9ad,4.16.0,1.3.11,ctbllib-fs2-q2-findall,2397,1144,2026-08-10T07:05:58.231Z
3^2.3^(1+2):8,1944,true,0,true,2026-08-10T06:59:57.615Z,1.12.6,1.9.0-DEV,428070c0f9ad,4.16.0,1.3.11,ctbllib-fs2-q2-findall,2397,1145,2026-08-10T07:05:58.273Z
3^2.3^(1+2):8.2,3888,true,0,true,2026-08-10T06:59:57.615Z,1.12.6,1.9.0-DEV,428070c0f9ad,4.16.0,1.3.11,ctbllib-fs2-q2-findall,2397,1146,2026-08-10T07:05:58.294Z
3^2.3^3.3^6.(S4x2S4),204073344,true,0,true,2026-08-10T06:59:57.615Z,1.12.6,1.9.0-DEV,428070c0f9ad,4.16.0,1.3.11,ctbllib-fs2-q2-findall,2397,1147,2026-08-10T07:05:58.967Z
3^2.3^4.3^8.(A5x2A4).2,13774950720,false,0,true,2026-08-10T06:59:57.615Z,1.12.6,1.9.0-DEV,428070c0f9ad,4.16.0,1.3.11,ctbllib-fs2-q2-findall,2397,1148,2026-08-10T07:05:59.171Z
3^2.3^4.3^8.(S5x2S4),27549901440,false,0,true,2026-08-10T06:59:57.615Z,1.12.6,1.9.0-DEV,428070c0f9ad,4.16.0,1.3.11,ctbllib-fs2-q2-findall,2397,1149,2026-08-10T07:05:59.453Z
3^2.U4(3),29393280,false,0,true,2026-08-10T06:59:57.615Z,1.12.6,1.9.0-DEV,428070c0f9ad,4.16.0,1.3.11,ctbllib-fs2-q2-findall,2397,1150,2026-08-10T07:05:59.732Z
3^2.U4(3).(2^2)_{133},117573120,false,0,true,2026-08-10T06:59:57.615Z,1.12.6,1.9.0-DEV,428070c0f9ad,4.16.0,1.3.11,ctbllib-fs2-q2-findall,2397,1151,2026-08-10T07:06:01.454Z
3^2.U4(3).2_3',58786560,false,0,true,2026-08-10T06:59:57.615Z,1.12.6,1.9.0-DEV,428070c0f9ad,4.16.0,1.3.11,ctbllib-fs2-q2-findall,2397,1152,2026-08-10T07:06:01.518Z
3^2.U4(3).D8,235146240,false,0,true,2026-08-10T06:59:57.615Z,1.12.6,1.9.0-DEV,428070c0f9ad,4.16.0,1.3.11,ctbllib-fs2-q2-findall,2397,1153,2026-08-10T07:06:01.567Z
3^2:2,18,true,0,true,2026-08-10T06:59:57.615Z,1.12.6,1.9.0-DEV,428070c0f9ad,4.16.0,1.3.11,ctbllib-fs2-q2-findall,2397,1154,2026-08-10T07:06:01.574Z
3^2:2A4,216,true,0,true,2026-08-10T06:59:57.615Z,1.12.6,1.9.0-DEV,428070c0f9ad,4.16.0,1.3.11,ctbllib-fs2-q2-findall,2397,1155,2026-08-10T07:06:01.587Z
3^2:2A4x3,648,true,0,true,2026-08-10T06:59:57.615Z,1.12.6,1.9.0-DEV,428070c0f9ad,4.16.0,1.3.11,ctbllib-fs2-q2-findall,2397,1156,2026-08-10T07:06:01.619Z
3^2:4,36,true,0,true,2026-08-10T06:59:57.615Z,1.12.6,1.9.0-DEV,428070c0f9ad,4.16.0,1.3.11,ctbllib-fs2-q2-findall,2397,1157,2026-08-10T07:06:01.626Z
3^2:8,72,true,0,true,2026-08-10T06:59:57.615Z,1.12.6,1.9.0-DEV,428070c0f9ad,4.16.0,1.3.11,ctbllib-fs2-q2-findall,2397,1158,2026-08-10T07:06:01.639Z
3^2:Q8,72,true,0,true,2026-08-10T06:59:57.615Z,1.12.6,1.9.0-DEV,428070c0f9ad,4.16.0,1.3.11,ctbllib-fs2-q2-findall,2397,1159,2026-08-10T07:06:01.676Z
3^2:Q8.2,144,true,0,true,2026-08-10T06:59:57.615Z,1.12.6,1.9.0-DEV,428070c0f9ad,4.16.0,1.3.11,ctbllib-fs2-q2-findall,2397,1160,2026-08-10T07:06:01.681Z
3^3.(3x3^(1+2)+):2^2,8748,true,0,true,2026-08-10T06:59:57.615Z,1.12.6,1.9.0-DEV,428070c0f9ad,4.16.0,1.3.11,ctbllib-fs2-q2-findall,2397,1161,2026-08-10T07:06:01.958Z
3^3.3^(1+2):8,5832,true,0,true,2026-08-10T06:59:57.615Z,1.12.6,1.9.0-DEV,428070c0f9ad,4.16.0,1.3.11,ctbllib-fs2-q2-findall,2397,1162,2026-08-10T07:06:01.981Z
3^3.3^(1+2):8.2,11664,true,0,true,2026-08-10T06:59:57.615Z,1.12.6,1.9.0-DEV,428070c0f9ad,4.16.0,1.3.11,ctbllib-fs2-q2-findall,2397,1163,2026-08-10T07:06:01.991Z
3^3.S4,648,true,0,true,2026-08-10T06:59:57.615Z,1.12.6,1.9.0-DEV,428070c0f9ad,4.16.0,1.3.11,ctbllib-fs2-q2-findall,2397,1164,2026-08-10T07:06:02.051Z
3^3.[3^10].(L3(3)x2^2),35814871872,false,0,true,2026-08-10T06:59:57.615Z,1.12.6,1.9.0-DEV,428070c0f9ad,4.16.0,1.3.11,ctbllib-fs2-q2-findall,2397,1165,2026-08-10T07:06:02.426Z
3^3.[3^10].GL3(3),17907435936,false,0,true,2026-08-10T06:59:57.615Z,1.12.6,1.9.0-DEV,428070c0f9ad,4.16.0,1.3.11,ctbllib-fs2-q2-findall,2397,1166,2026-08-10T07:06:02.61Z
3^3:(S3x2),324,true,0,true,2026-08-10T06:59:57.615Z,1.12.6,1.9.0-DEV,428070c0f9ad,4.16.0,1.3.11,ctbllib-fs2-q2-findall,2397,1167,2026-08-10T07:06:02.89Z
3^3:13,351,true,0,true,2026-08-10T06:59:57.615Z,1.12.6,1.9.0-DEV,428070c0f9ad,4.16.0,1.3.11,ctbllib-fs2-q2-findall,2397,1168,2026-08-10T07:06:02.907Z
3^3:A4,324,true,0,true,2026-08-10T06:59:57.615Z,1.12.6,1.9.0-DEV,428070c0f9ad,4.16.0,1.3.11,ctbllib-fs2-q2-findall,2397,1169,2026-08-10T07:06:02.972Z
3^3:L3(3),151632,false,0,true,2026-08-10T06:59:57.615Z,1.12.6,1.9.0-DEV,428070c0f9ad,4.16.0,1.3.11,ctbllib-fs2-q2-findall,2397,1170,2026-08-10T07:06:03.009Z
3^3:S3,162,true,0,true,2026-08-10T06:59:57.615Z,1.12.6,1.9.0-DEV,428070c0f9ad,4.16.0,1.3.11,ctbllib-fs2-q2-findall,2397,1171,2026-08-10T07:06:03.841Z
3^3:S4`,648,true,0,true,2026-08-10T06:59:57.615Z,1.12.6,1.9.0-DEV,428070c0f9ad,4.16.0,1.3.11,ctbllib-fs2-q2-findall,2397,1172,2026-08-10T07:06:03.875Z
"3^4.(3xSL(2,3)).2",11664,true,0,true,2026-08-10T06:59:57.615Z,1.12.6,1.9.0-DEV,428070c0f9ad,4.16.0,1.3.11,ctbllib-fs2-q2-findall,2397,1173,2026-08-10T07:06:04.146Z
3^4.2U4(2),4199040,false,0,true,2026-08-10T06:59:57.615Z,1.12.6,1.9.0-DEV,428070c0f9ad,4.16.0,1.3.11,ctbllib-fs2-q2-findall,2397,1174,2026-08-10T07:06:04.221Z
3^4.2U4(2).2,8398080,false,0,true,2026-08-10T06:59:57.615Z,1.12.6,1.9.0-DEV,428070c0f9ad,4.16.0,1.3.11,ctbllib-fs2-q2-findall,2397,1175,2026-08-10T07:06:04.238Z
3^4.3^2.Q8,5832,true,0,true,2026-08-10T06:59:57.615Z,1.12.6,1.9.0-DEV,428070c0f9ad,4.16.0,1.3.11,ctbllib-fs2-q2-findall,2397,1176,2026-08-10T07:06:04.293Z
3^4.3^2:4,2916,true,0,true,2026-08-10T06:59:57.615Z,1.12.6,1.9.0-DEV,428070c0f9ad,4.16.0,1.3.11,ctbllib-fs2-q2-findall,2397,1177,2026-08-10T07:06:04.561Z
3^4.A6.D8,233280,false,0,true,2026-08-10T06:59:57.615Z,1.12.6,1.9.0-DEV,428070c0f9ad,4.16.0,1.3.11,ctbllib-fs2-q2-findall,2397,1178,2026-08-10T07:06:04.575Z
3^4:(2xA5),9720,false,0,true,2026-08-10T06:59:57.615Z,1.12.6,1.9.0-DEV,428070c0f9ad,4.16.0,1.3.11,ctbllib-fs2-q2-findall,2397,1179,2026-08-10T07:06:04.639Z
3^4:(2xA6),58320,false,0,true,2026-08-10T06:59:57.615Z,1.12.6,1.9.0-DEV,428070c0f9ad,4.16.0,1.3.11,ctbllib-fs2-q2-findall,2397,1180,2026-08-10T07:06:04.677Z
3^4:(M10x2),116640,false,0,true,2026-08-10T06:59:57.615Z,1.12.6,1.9.0-DEV,428070c0f9ad,4.16.0,1.3.11,ctbllib-fs2-q2-findall,2397,1181,2026-08-10T07:06:04.741Z
3^4:2(A4xA4).2,46656,true,0,true,2026-08-10T06:59:57.615Z,1.12.6,1.9.0-DEV,428070c0f9ad,4.16.0,1.3.11,ctbllib-fs2-q2-findall,2397,1182,2026-08-10T07:06:04.782Z
3^4:2(A4xA4).4,93312,true,0,true,2026-08-10T06:59:57.615Z,1.12.6,1.9.0-DEV,428070c0f9ad,4.16.0,1.3.11,ctbllib-fs2-q2-findall,2397,1183,2026-08-10T07:06:04.841Z
3^4:2(S4xS4).2,186624,true,0,true,2026-08-10T06:59:57.615Z,1.12.6,1.9.0-DEV,428070c0f9ad,4.16.0,1.3.11,ctbllib-fs2-q2-findall,2397,1184,2026-08-10T07:06:04.857Z
3^4:2.A6,58320,false,0,true,2026-08-10T06:59:57.615Z,1.12.6,1.9.0-DEV,428070c0f9ad,4.16.0,1.3.11,ctbllib-fs2-q2-findall,2397,1185,2026-08-10T07:06:04.925Z
3^4:2^(1+4).(5:4),51840,true,0,true,2026-08-10T06:59:57.615Z,1.12.6,1.9.0-DEV,428070c0f9ad,4.16.0,1.3.11,ctbllib-fs2-q2-findall,2397,1186,2026-08-10T07:06:04.969Z
3^4:2^(1+4)D10,25920,true,0,true,2026-08-10T06:59:57.615Z,1.12.6,1.9.0-DEV,428070c0f9ad,4.16.0,1.3.11,ctbllib-fs2-q2-findall,2397,1187,2026-08-10T07:06:04.978Z
3^4:2^3.S4,15552,true,0,true,2026-08-10T06:59:57.615Z,1.12.6,1.9.0-DEV,428070c0f9ad,4.16.0,1.3.11,ctbllib-fs2-q2-findall,2397,1188,2026-08-10T07:06:05.018Z
3^4:2^3.S4(a),15552,true,0,true,2026-08-10T06:59:57.615Z,1.12.6,1.9.0-DEV,428070c0f9ad,4.16.0,1.3.11,ctbllib-fs2-q2-findall,2397,1189,2026-08-10T07:06:05.031Z
3^4:3^2:D8,5832,true,0,true,2026-08-10T06:59:57.615Z,1.12.6,1.9.0-DEV,428070c0f9ad,4.16.0,1.3.11,ctbllib-fs2-q2-findall,2397,1190,2026-08-10T07:06:05.314Z
3^4:40,3240,true,0,true,2026-08-10T06:59:57.615Z,1.12.6,1.9.0-DEV,428070c0f9ad,4.16.0,1.3.11,ctbllib-fs2-q2-findall,2397,1191,2026-08-10T07:06:05.359Z
3^4:A6,29160,false,0,true,2026-08-10T06:59:57.615Z,1.12.6,1.9.0-DEV,428070c0f9ad,4.16.0,1.3.11,ctbllib-fs2-q2-findall,2397,1192,2026-08-10T07:06:05.423Z
3^4:GL2(9),466560,false,0,true,2026-08-10T06:59:57.615Z,1.12.6,1.9.0-DEV,428070c0f9ad,4.16.0,1.3.11,ctbllib-fs2-q2-findall,2397,1193,2026-08-10T07:06:05.493Z
3^4:S5,9720,false,0,true,2026-08-10T06:59:57.615Z,1.12.6,1.9.0-DEV,428070c0f9ad,4.16.0,1.3.11,ctbllib-fs2-q2-findall,2397,1194,2026-08-10T07:06:05.518Z
3^4:S6,58320,false,0,true,2026-08-10T06:59:57.615Z,1.12.6,1.9.0-DEV,428070c0f9ad,4.16.0,1.3.11,ctbllib-fs2-q2-findall,2397,1195,2026-08-10T07:06:05.802Z
3^4:m10,58320,false,0,true,2026-08-10T06:59:57.615Z,1.12.6,1.9.0-DEV,428070c0f9ad,4.16.0,1.3.11,ctbllib-fs2-q2-findall,2397,1196,2026-08-10T07:06:05.859Z
3^5.3^(1+2).2.S4,314928,true,0,true,2026-08-10T06:59:57.615Z,1.12.6,1.9.0-DEV,428070c0f9ad,4.16.0,1.3.11,ctbllib-fs2-q2-findall,2397,1197,2026-08-10T07:06:06.151Z
3^5.3^3.(2xS4),314928,true,0,true,2026-08-10T06:59:57.615Z,1.12.6,1.9.0-DEV,428070c0f9ad,4.16.0,1.3.11,ctbllib-fs2-q2-findall,2397,1198,2026-08-10T07:06:06.396Z
3^5.U4(2),6298560,false,0,true,2026-08-10T06:59:57.615Z,1.12.6,1.9.0-DEV,428070c0f9ad,4.16.0,1.3.11,ctbllib-fs2-q2-findall,2397,1199,2026-08-10T07:06:06.591Z
3^5:(2xU4(2).2),25194240,false,0,true,2026-08-10T06:59:57.615Z,1.12.6,1.9.0-DEV,428070c0f9ad,4.16.0,1.3.11,ctbllib-fs2-q2-findall,2397,1200,2026-08-10T07:06:06.707Z
3^5:(2xm11),3849120,false,0,true,2026-08-10T06:59:57.615Z,1.12.6,1.9.0-DEV,428070c0f9ad,4.16.0,1.3.11,ctbllib-fs2-q2-findall,2397,1201,2026-08-10T07:06:06.75Z
3^5:(3^2:SD16),34992,true,0,true,2026-08-10T06:59:57.615Z,1.12.6,1.9.0-DEV,428070c0f9ad,4.16.0,1.3.11,ctbllib-fs2-q2-findall,2397,1202,2026-08-10T07:06:06.793Z
3^5:(M10x2),349920,false,0,true,2026-08-10T06:59:57.615Z,1.12.6,1.9.0-DEV,428070c0f9ad,4.16.0,1.3.11,ctbllib-fs2-q2-findall,2397,1203,2026-08-10T07:06:06.861Z
3^5:(M11x2),3849120,false,0,true,2026-08-10T06:59:57.615Z,1.12.6,1.9.0-DEV,428070c0f9ad,4.16.0,1.3.11,ctbllib-fs2-q2-findall,2397,1204,2026-08-10T07:06:06.873Z
3^5:2S6,349920,false,0,true,2026-08-10T06:59:57.615Z,1.12.6,1.9.0-DEV,428070c0f9ad,4.16.0,1.3.11,ctbllib-fs2-q2-findall,2397,1205,2026-08-10T07:06:06.888Z
3^5:M10,174960,false,0,true,2026-08-10T06:59:57.615Z,1.12.6,1.9.0-DEV,428070c0f9ad,4.16.0,1.3.11,ctbllib-fs2-q2-findall,2397,1206,2026-08-10T07:06:06.905Z
3^5:M11,1924560,false,0,true,2026-08-10T06:59:57.615Z,1.12.6,1.9.0-DEV,428070c0f9ad,4.16.0,1.3.11,ctbllib-fs2-q2-findall,2397,1207,2026-08-10T07:06:06.913Z
3^5:U4(2),6298560,false,0,true,2026-08-10T06:59:57.615Z,1.12.6,1.9.0-DEV,428070c0f9ad,4.16.0,1.3.11,ctbllib-fs2-q2-findall,2397,1208,2026-08-10T07:06:07.053Z
3^5:U4(2):2,12597120,false,0,true,2026-08-10T06:59:57.615Z,1.12.6,1.9.0-DEV,428070c0f9ad,4.16.0,1.3.11,ctbllib-fs2-q2-findall,2397,1209,2026-08-10T07:06:07.149Z
3^6.L4(3).D8,35372712960,false,0,true,2026-08-10T06:59:57.615Z,1.12.6,1.9.0-DEV,428070c0f9ad,4.16.0,1.3.11,ctbllib-fs2-q2-findall,2397,1210,2026-08-10T07:06:07.434Z
3^6.M11,5773680,false,0,true,2026-08-10T06:59:57.615Z,1.12.6,1.9.0-DEV,428070c0f9ad,4.16.0,1.3.11,ctbllib-fs2-q2-findall,2397,1211,2026-08-10T07:06:07.514Z
3^6:(L4(3)x2),8843178240,false,0,true,2026-08-10T06:59:57.615Z,1.12.6,1.9.0-DEV,428070c0f9ad,4.16.0,1.3.11,ctbllib-fs2-q2-findall,2397,1212,2026-08-10T07:06:07.663Z
3^6:(M11x2),11547360,false,0,true,2026-08-10T06:59:57.615Z,1.12.6,1.9.0-DEV,428070c0f9ad,4.16.0,1.3.11,ctbllib-fs2-q2-findall,2397,1213,2026-08-10T07:06:07.735Z
3^6:2M12,138568320,false,0,true,2026-08-10T06:59:57.615Z,1.12.6,1.9.0-DEV,428070c0f9ad,4.16.0,1.3.11,ctbllib-fs2-q2-findall,2397,1214,2026-08-10T07:06:07.788Z
3^6:2U4(3).2_1,9523422720,false,0,true,2026-08-10T06:59:57.615Z,1.12.6,1.9.0-DEV,428070c0f9ad,4.16.0,1.3.11,ctbllib-fs2-q2-findall,2397,1215,2026-08-10T07:06:08.171Z
3^6:L3(3),4094064,false,0,true,2026-08-10T06:59:57.615Z,1.12.6,1.9.0-DEV,428070c0f9ad,4.16.0,1.3.11,ctbllib-fs2-q2-findall,2397,1216,2026-08-10T07:06:08.219Z
3^6:L4(3),4421589120,false,0,true,2026-08-10T06:59:57.615Z,1.12.6,1.9.0-DEV,428070c0f9ad,4.16.0,1.3.11,ctbllib-fs2-q2-findall,2397,1217,2026-08-10T07:06:08.308Z
3^6:L4(3):2_2,8843178240,false,0,true,2026-08-10T06:59:57.615Z,1.12.6,1.9.0-DEV,428070c0f9ad,4.16.0,1.3.11,ctbllib-fs2-q2-findall,2397,1218,2026-08-10T07:06:08.641Z
3^7.O7(3),10028164124160,false,0,true,2026-08-10T06:59:57.615Z,1.12.6,1.9.0-DEV,428070c0f9ad,4.16.0,1.3.11,ctbllib-fs2-q2-findall,2397,1219,2026-08-10T07:06:08.782Z
3^7.O7(3):2,20056328248320,false,0,true,2026-08-10T06:59:57.615Z,1.12.6,1.9.0-DEV,428070c0f9ad,4.16.0,1.3.11,ctbllib-fs2-q2-findall,2397,1220,2026-08-10T07:06:09.496Z
3^7:O7(3),10028164124160,false,0,true,2026-08-10T06:59:57.615Z,1.12.6,1.9.0-DEV,428070c0f9ad,4.16.0,1.3.11,ctbllib-fs2-q2-findall,2397,1221,2026-08-10T07:06:09.904Z
3^8.O8-(3).2_3,133214132225341440,false,0,true,2026-08-10T06:59:57.615Z,1.12.6,1.9.0-DEV,428070c0f9ad,4.16.0,1.3.11,ctbllib-fs2-q2-findall,2397,1222,2026-08-10T07:06:10.2Z
3_1.U4(3),9797760,false,0,true,2026-08-10T06:59:57.615Z,1.12.6,1.9.0-DEV,428070c0f9ad,4.16.0,1.3.11,ctbllib-fs2-q2-findall,2397,1223,2026-08-10T07:06:10.314Z
3_1.U4(3).(2^2)_{122},39191040,false,0,true,2026-08-10T06:59:57.615Z,1.12.6,1.9.0-DEV,428070c0f9ad,4.16.0,1.3.11,ctbllib-fs2-q2-findall,2397,1224,2026-08-10T07:06:10.376Z
3_1.U4(3).2_1,19595520,false,0,true,2026-08-10T06:59:57.615Z,1.12.6,1.9.0-DEV,428070c0f9ad,4.16.0,1.3.11,ctbllib-fs2-q2-findall,2397,1225,2026-08-10T07:06:10.399Z
3_1.U4(3).2_2,19595520,false,0,true,2026-08-10T06:59:57.615Z,1.12.6,1.9.0-DEV,428070c0f9ad,4.16.0,1.3.11,ctbllib-fs2-q2-findall,2397,1226,2026-08-10T07:06:10.485Z
3_1.U4(3).2_2',19595520,false,0,true,2026-08-10T06:59:57.615Z,1.12.6,1.9.0-DEV,428070c0f9ad,4.16.0,1.3.11,ctbllib-fs2-q2-findall,2397,1227,2026-08-10T07:06:10.509Z
3_2.U4(3),9797760,false,0,true,2026-08-10T06:59:57.615Z,1.12.6,1.9.0-DEV,428070c0f9ad,4.16.0,1.3.11,ctbllib-fs2-q2-findall,2397,1228,2026-08-10T07:06:10.539Z
3_2.U4(3).(2^2)_{133},39191040,false,0,true,2026-08-10T06:59:57.615Z,1.12.6,1.9.0-DEV,428070c0f9ad,4.16.0,1.3.11,ctbllib-fs2-q2-findall,2397,1229,2026-08-10T07:06:10.571Z
3_2.U4(3).2_1,19595520,false,0,true,2026-08-10T06:59:57.615Z,1.12.6,1.9.0-DEV,428070c0f9ad,4.16.0,1.3.11,ctbllib-fs2-q2-findall,2397,1230,2026-08-10T07:06:10.593Z
3_2.U4(3).2_3,19595520,false,0,true,2026-08-10T06:59:57.615Z,1.12.6,1.9.0-DEV,428070c0f9ad,4.16.0,1.3.11,ctbllib-fs2-q2-findall,2397,1231,2026-08-10T07:06:10.631Z
3_2.U4(3).2_3',19595520,false,0,true,2026-08-10T06:59:57.615Z,1.12.6,1.9.0-DEV,428070c0f9ad,4.16.0,1.3.11,ctbllib-fs2-q2-findall,2397,1232,2026-08-10T07:06:10.646Z
3x(2.A5xD10).2,7200,false,0,true,2026-08-10T06:59:57.615Z,1.12.6,1.9.0-DEV,428070c0f9ad,4.16.0,1.3.11,ctbllib-fs2-q2-findall,2397,1233,2026-08-10T07:06:12.786Z
3x(2^2xU4(2)):2,622080,false,0,true,2026-08-10T06:59:57.615Z,1.12.6,1.9.0-DEV,428070c0f9ad,4.16.0,1.3.11,ctbllib-fs2-q2-findall,2397,1234,2026-08-10T07:06:13.209Z
3x(2x13).6,468,true,0,true,2026-08-10T06:59:57.615Z,1.12.6,1.9.0-DEV,428070c0f9ad,4.16.0,1.3.11,ctbllib-fs2-q2-findall,2397,1235,2026-08-10T07:06:13.52Z
3x(2x2^(1+8)):U4(2):2,159252480,false,0,true,2026-08-10T06:59:57.615Z,1.12.6,1.9.0-DEV,428070c0f9ad,4.16.0,1.3.11,ctbllib-fs2-q2-findall,2397,1236,2026-08-10T07:06:14.014Z
3x(2x2^(1+8)_+).2.2^4.(S3xS3),3538944,true,0,true,2026-08-10T06:59:57.615Z,1.12.6,1.9.0-DEV,428070c0f9ad,4.16.0,1.3.11,ctbllib-fs2-q2-findall,2397,1237,2026-08-10T07:06:15.686Z
3x(2xL3(3)).2,67392,false,0,true,2026-08-10T06:59:57.615Z,1.12.6,1.9.0-DEV,428070c0f9ad,4.16.0,1.3.11,ctbllib-fs2-q2-findall,2397,1238,2026-08-10T07:06:15.882Z
3x(3xA6):2_2,6480,false,0,true,2026-08-10T06:59:57.615Z,1.12.6,1.9.0-DEV,428070c0f9ad,4.16.0,1.3.11,ctbllib-fs2-q2-findall,2397,1239,2026-08-10T07:06:16.235Z
3x(4^2x2).2^3.S3,4608,true,0,true,2026-08-10T06:59:57.615Z,1.12.6,1.9.0-DEV,428070c0f9ad,4.16.0,1.3.11,ctbllib-fs2-q2-findall,2397,1240,2026-08-10T07:06:16.837Z
3x(4x2^2).2^4.S3,4608,true,0,true,2026-08-10T06:59:57.615Z,1.12.6,1.9.0-DEV,428070c0f9ad,4.16.0,1.3.11,ctbllib-fs2-q2-findall,2397,1241,2026-08-10T07:06:17.164Z
3x(A4x11:5).2,3960,true,0,true,2026-08-10T06:59:57.615Z,1.12.6,1.9.0-DEV,428070c0f9ad,4.16.0,1.3.11,ctbllib-fs2-q2-findall,2397,1242,2026-08-10T07:06:17.364Z
3x(A4x7:3):2,1512,true,0,true,2026-08-10T06:59:57.615Z,1.12.6,1.9.0-DEV,428070c0f9ad,4.16.0,1.3.11,ctbllib-fs2-q2-findall,2397,1243,2026-08-10T07:06:18.332Z
3x(A5xD10).2,3600,false,0,true,2026-08-10T06:59:57.615Z,1.12.6,1.9.0-DEV,428070c0f9ad,4.16.0,1.3.11,ctbllib-fs2-q2-findall,2397,1244,2026-08-10T07:06:18.72Z
3x(D10xA9).2,10886400,false,0,true,2026-08-10T06:59:57.615Z,1.12.6,1.9.0-DEV,428070c0f9ad,4.16.0,1.3.11,ctbllib-fs2-q2-findall,2397,1245,2026-08-10T07:06:19.324Z
"3x(SL(2,3)x7:3).2",3024,true,0,true,2026-08-10T06:59:57.615Z,1.12.6,1.9.0-DEV,428070c0f9ad,4.16.0,1.3.11,ctbllib-fs2-q2-findall,2397,1246,2026-08-10T07:06:19.741Z
3x11:10,330,true,0,true,2026-08-10T06:59:57.615Z,1.12.6,1.9.0-DEV,428070c0f9ad,4.16.0,1.3.11,ctbllib-fs2-q2-findall,2397,1247,2026-08-10T07:06:21.722Z
3x11:20,660,true,0,true,2026-08-10T06:59:57.615Z,1.12.6,1.9.0-DEV,428070c0f9ad,4.16.0,1.3.11,ctbllib-fs2-q2-findall,2397,1248,2026-08-10T07:06:22.076Z
3x11:5,165,true,0,true,2026-08-10T06:59:57.615Z,1.12.6,1.9.0-DEV,428070c0f9ad,4.16.0,1.3.11,ctbllib-fs2-q2-findall,2397,1249,2026-08-10T07:06:22.4Z
3x13:6,234,true,0,true,2026-08-10T06:59:57.615Z,1.12.6,1.9.0-DEV,428070c0f9ad,4.16.0,1.3.11,ctbllib-fs2-q2-findall,2397,1250,2026-08-10T07:06:22.703Z
3x17:16,816,true,0,true,2026-08-10T06:59:57.615Z,1.12.6,1.9.0-DEV,428070c0f9ad,4.16.0,1.3.11,ctbllib-fs2-q2-findall,2397,1251,2026-08-10T07:06:23.069Z
3x17:8,408,true,0,true,2026-08-10T06:59:57.615Z,1.12.6,1.9.0-DEV,428070c0f9ad,4.16.0,1.3.11,ctbllib-fs2-q2-findall,2397,1252,2026-08-10T07:06:23.405Z
3x19:3,171,true,0,true,2026-08-10T06:59:57.615Z,1.12.6,1.9.0-DEV,428070c0f9ad,4.16.0,1.3.11,ctbllib-fs2-q2-findall,2397,1253,2026-08-10T07:06:23.55Z
3x19:6,342,true,0,true,2026-08-10T06:59:57.615Z,1.12.6,1.9.0-DEV,428070c0f9ad,4.16.0,1.3.11,ctbllib-fs2-q2-findall,2397,1254,2026-08-10T07:06:23.867Z
3x19:9,513,true,0,true,2026-08-10T06:59:57.615Z,1.12.6,1.9.0-DEV,428070c0f9ad,4.16.0,1.3.11,ctbllib-fs2-q2-findall,2397,1255,2026-08-10T07:06:24.227Z
3x2(A4xA4).2^2,3456,true,0,true,2026-08-10T06:59:57.615Z,1.12.6,1.9.0-DEV,428070c0f9ad,4.16.0,1.3.11,ctbllib-fs2-q2-findall,2397,1256,2026-08-10T07:06:24.737Z
3x2.(2^2xU4(2)).2,1244160,false,0,true,2026-08-10T06:59:57.615Z,1.12.6,1.9.0-DEV,428070c0f9ad,4.16.0,1.3.11,ctbllib-fs2-q2-findall,2397,1257,2026-08-10T07:06:25.162Z
3x2.(2xL2(11)),7920,false,0,true,2026-08-10T06:59:57.615Z,1.12.6,1.9.0-DEV,428070c0f9ad,4.16.0,1.3.11,ctbllib-fs2-q2-findall,2397,1258,2026-08-10T07:06:25.274Z
3x2.(S6xS4),103680,false,0,true,2026-08-10T06:59:57.615Z,1.12.6,1.9.0-DEV,428070c0f9ad,4.16.0,1.3.11,ctbllib-fs2-q2-findall,2397,1259,2026-08-10T07:06:25.79Z
3x2.2^(1+8)_+:U4(2),79626240,false,0,true,2026-08-10T06:59:57.615Z,1.12.6,1.9.0-DEV,428070c0f9ad,4.16.0,1.3.11,ctbllib-fs2-q2-findall,2397,1260,2026-08-10T07:06:26.868Z
3x2.2^(4+8):(S3xA5),8847360,false,0,true,2026-08-10T06:59:57.615Z,1.12.6,1.9.0-DEV,428070c0f9ad,4.16.0,1.3.11,ctbllib-fs2-q2-findall,2397,1261,2026-08-10T07:06:27.365Z
3x2.A5,360,false,0,true,2026-08-10T06:59:57.615Z,1.12.6,1.9.0-DEV,428070c0f9ad,4.16.0,1.3.11,ctbllib-fs2-q2-findall,2397,1262,2026-08-10T07:06:27.424Z
3x2.A8,120960,false,0,true,2026-08-10T06:59:57.615Z,1.12.6,1.9.0-DEV,428070c0f9ad,4.16.0,1.3.11,ctbllib-fs2-q2-findall,2397,1263,2026-08-10T07:06:27.561Z
3x2.D10,60,true,0,true,2026-08-10T06:59:57.615Z,1.12.6,1.9.0-DEV,428070c0f9ad,4.16.0,1.3.11,ctbllib-fs2-q2-findall,2397,1264,2026-08-10T07:06:27.864Z
3x2.F4(2),19866759620198400,false,0,true,2026-08-10T06:59:57.615Z,1.12.6,1.9.0-DEV,428070c0f9ad,4.16.0,1.3.11,ctbllib-fs2-q2-findall,2397,1265,2026-08-10T07:06:29.616Z
3x2.Fi22.2,774741019852800,false,0,true,2026-08-10T06:59:57.615Z,1.12.6,1.9.0-DEV,428070c0f9ad,4.16.0,1.3.11,ctbllib-fs2-q2-findall,2397,1266,2026-08-10T07:06:32.605Z
3x2.Fi22N2,786432,true,0,true,2026-08-10T06:59:57.615Z,1.12.6,1.9.0-DEV,428070c0f9ad,4.16.0,1.3.11,ctbllib-fs2-q2-findall,2397,1267,2026-08-10T07:06:36.358Z
3x2.G2(4),1509580800,false,0,true,2026-08-10T06:59:57.615Z,1.12.6,1.9.0-DEV,428070c0f9ad,4.16.0,1.3.11,ctbllib-fs2-q2-findall,2397,1268,2026-08-10T07:06:36.657Z
3x2.J2.2,7257600,false,0,true,2026-08-10T06:59:57.615Z,1.12.6,1.9.0-DEV,428070c0f9ad,4.16.0,1.3.11,ctbllib-fs2-q2-findall,2397,1269,2026-08-10T07:06:36.815Z
3x2.J2.2N5,3600,true,0,true,2026-08-10T06:59:57.615Z,1.12.6,1.9.0-DEV,428070c0f9ad,4.16.0,1.3.11,ctbllib-fs2-q2-findall,2397,1270,2026-08-10T07:06:39.341Z
3x2.L2(25),46800,false,0,true,2026-08-10T06:59:57.615Z,1.12.6,1.9.0-DEV,428070c0f9ad,4.16.0,1.3.11,ctbllib-fs2-q2-findall,2397,1271,2026-08-10T07:06:39.444Z
3x2.L3(2),1008,false,0,true,2026-08-10T06:59:57.615Z,1.12.6,1.9.0-DEV,428070c0f9ad,4.16.0,1.3.11,ctbllib-fs2-q2-findall,2397,1272,2026-08-10T07:06:39.484Z
3x2.L4(3).2_2,72783360,false,0,true,2026-08-10T06:59:57.615Z,1.12.6,1.9.0-DEV,428070c0f9ad,4.16.0,1.3.11,ctbllib-fs2-q2-findall,2397,1273,2026-08-10T07:06:39.796Z
3x2.M22M5,11520,false,0,true,2026-08-10T06:59:57.615Z,1.12.6,1.9.0-DEV,428070c0f9ad,4.16.0,1.3.11,ctbllib-fs2-q2-findall,2397,1274,2026-08-10T07:06:39.85Z
3x2.M22N2,768,true,0,true,2026-08-10T06:59:57.615Z,1.12.6,1.9.0-DEV,428070c0f9ad,4.16.0,1.3.11,ctbllib-fs2-q2-findall,2397,1275,2026-08-10T07:06:40.183Z
3x2.S6(2),8709120,false,0,true,2026-08-10T06:59:57.615Z,1.12.6,1.9.0-DEV,428070c0f9ad,4.16.0,1.3.11,ctbllib-fs2-q2-findall,2397,1276,2026-08-10T07:06:40.429Z
3x2.SuzM4,19906560,false,3,true,2026-08-10T06:59:57.615Z,1.12.6,1.9.0-DEV,428070c0f9ad,4.16.0,1.3.11,ctbllib-fs2-q2-findall,2397,1277,2026-08-10T07:06:40.918Z
3x2.SuzM7,6635520,false,0,true,2026-08-10T06:59:57.615Z,1.12.6,1.9.0-DEV,428070c0f9ad,4.16.0,1.3.11,ctbllib-fs2-q2-findall,2397,1278,2026-08-10T07:06:41.276Z
3x2.SuzM9,2211840,false,0,true,2026-08-10T06:59:57.615Z,1.12.6,1.9.0-DEV,428070c0f9ad,4.16.0,1.3.11,ctbllib-fs2-q2-findall,2397,1279,2026-08-10T07:06:42.461Z
3x2.SuzN2,147456,true,0,true,2026-08-10T06:59:57.615Z,1.12.6,1.9.0-DEV,428070c0f9ad,4.16.0,1.3.11,ctbllib-fs2-q2-findall,2397,1280,2026-08-10T07:06:43.266Z
3x2.Symm(4),144,true,0,true,2026-08-10T06:59:57.615Z,1.12.6,1.9.0-DEV,428070c0f9ad,4.16.0,1.3.11,ctbllib-fs2-q2-findall,2397,1281,2026-08-10T07:06:43.312Z
3x2.U4(3).(2^2)_{122},78382080,false,0,true,2026-08-10T06:59:57.615Z,1.12.6,1.9.0-DEV,428070c0f9ad,4.16.0,1.3.11,ctbllib-fs2-q2-findall,2397,1282,2026-08-10T07:06:44.657Z
3x23:11,759,true,0,true,2026-08-10T06:59:57.615Z,1.12.6,1.9.0-DEV,428070c0f9ad,4.16.0,1.3.11,ctbllib-fs2-q2-findall,2397,1283,2026-08-10T07:06:44.997Z
3x29:14,1218,true,0,true,2026-08-10T06:59:57.615Z,1.12.6,1.9.0-DEV,428070c0f9ad,4.16.0,1.3.11,ctbllib-fs2-q2-findall,2397,1284,2026-08-10T07:06:45.379Z
3x2F4(2)',53913600,false,0,true,2026-08-10T06:59:57.615Z,1.12.6,1.9.0-DEV,428070c0f9ad,4.16.0,1.3.11,ctbllib-fs2-q2-findall,2397,1285,2026-08-10T07:06:45.509Z
3x2S5,720,false,0,true,2026-08-10T06:59:57.615Z,1.12.6,1.9.0-DEV,428070c0f9ad,4.16.0,1.3.11,ctbllib-fs2-q2-findall,2397,1286,2026-08-10T07:06:45.567Z
3x2^(1+4)_-:A5,5760,false,1,true,2026-08-10T06:59:57.615Z,1.12.6,1.9.0-DEV,428070c0f9ad,4.16.0,1.3.11,ctbllib-fs2-q2-findall,2397,1287,2026-08-10T07:06:45.892Z
3x2^(1+6)_-.2^4.A5,368640,false,2,true,2026-08-10T06:59:57.615Z,1.12.6,1.9.0-DEV,428070c0f9ad,4.16.0,1.3.11,ctbllib-fs2-q2-findall,2397,1288,2026-08-10T07:06:46.381Z
3x2^(1+6)_-.U4(2),9953280,false,3,true,2026-08-10T06:59:57.615Z,1.12.6,1.9.0-DEV,428070c0f9ad,4.16.0,1.3.11,ctbllib-fs2-q2-findall,2397,1289,2026-08-10T07:06:48.608Z
3x2^(1+8)_+:U4(2),39813120,false,0,true,2026-08-10T06:59:57.615Z,1.12.6,1.9.0-DEV,428070c0f9ad,4.16.0,1.3.11,ctbllib-fs2-q2-findall,2397,1290,2026-08-10T07:06:49.01Z
3x2^(2+4):(3xS3),3456,true,0,true,2026-08-10T06:59:57.615Z,1.12.6,1.9.0-DEV,428070c0f9ad,4.16.0,1.3.11,ctbllib-fs2-q2-findall,2397,1291,2026-08-10T07:06:49.329Z
3x2^(2+8).2^2.(3xS3),221184,true,0,true,2026-08-10T06:59:57.615Z,1.12.6,1.9.0-DEV,428070c0f9ad,4.16.0,1.3.11,ctbllib-fs2-q2-findall,2397,1292,2026-08-10T07:06:49.797Z
3x2^(2+8):(A5xS3),1105920,false,0,true,2026-08-10T06:59:57.615Z,1.12.6,1.9.0-DEV,428070c0f9ad,4.16.0,1.3.11,ctbllib-fs2-q2-findall,2397,1293,2026-08-10T07:06:50.069Z
3x2^(4+6).2^2.(3xS3),221184,true,0,true,2026-08-10T06:59:57.615Z,1.12.6,1.9.0-DEV,428070c0f9ad,4.16.0,1.3.11,ctbllib-fs2-q2-findall,2397,1294,2026-08-10T07:06:50.627Z
3x2^(4+6).3A6,3317760,false,0,true,2026-08-10T06:59:57.615Z,1.12.6,1.9.0-DEV,428070c0f9ad,4.16.0,1.3.11,ctbllib-fs2-q2-findall,2397,1295,2026-08-10T07:06:50.895Z
3x2^(4+8):(S3xA5),4423680,false,0,true,2026-08-10T06:59:57.615Z,1.12.6,1.9.0-DEV,428070c0f9ad,4.16.0,1.3.11,ctbllib-fs2-q2-findall,2397,1296,2026-08-10T07:06:52.088Z
3x2^(5+8):(2xS4),1179648,true,0,true,2026-08-10T06:59:57.615Z,1.12.6,1.9.0-DEV,428070c0f9ad,4.16.0,1.3.11,ctbllib-fs2-q2-findall,2397,1297,2026-08-10T07:06:52.996Z
3x2^(5+8):(S3xD8),1179648,true,0,true,2026-08-10T06:59:57.615Z,1.12.6,1.9.0-DEV,428070c0f9ad,4.16.0,1.3.11,ctbllib-fs2-q2-findall,2397,1298,2026-08-10T07:06:54.687Z
3x2^(5+8):(S3xS4),3538944,true,0,true,2026-08-10T06:59:57.615Z,1.12.6,1.9.0-DEV,428070c0f9ad,4.16.0,1.3.11,ctbllib-fs2-q2-findall,2397,1299,2026-08-10T07:06:56.101Z
3x2^10.2^2.2^2.S4,1179648,true,0,true,2026-08-10T06:59:57.615Z,1.12.6,1.9.0-DEV,428070c0f9ad,4.16.0,1.3.11,ctbllib-fs2-q2-findall,2397,1300,2026-08-10T07:06:59.047Z
3x2^10.2^3.L3(2),4128768,false,0,true,2026-08-10T06:59:57.615Z,1.12.6,1.9.0-DEV,428070c0f9ad,4.16.0,1.3.11,ctbllib-fs2-q2-findall,2397,1301,2026-08-10T07:06:59.984Z
3x2^10.2^3.S4,589824,true,0,true,2026-08-10T06:59:57.615Z,1.12.6,1.9.0-DEV,428070c0f9ad,4.16.0,1.3.11,ctbllib-fs2-q2-findall,2397,1302,2026-08-10T07:07:02.681Z
3x2^10.2^4.S5,5898240,false,0,true,2026-08-10T06:59:57.615Z,1.12.6,1.9.0-DEV,428070c0f9ad,4.16.0,1.3.11,ctbllib-fs2-q2-findall,2397,1303,2026-08-10T07:07:03.32Z
3x2^2.2^(1+8)_+:U4(2),159252480,false,0,true,2026-08-10T06:59:57.615Z,1.12.6,1.9.0-DEV,428070c0f9ad,4.16.0,1.3.11,ctbllib-fs2-q2-findall,2397,1304,2026-08-10T07:07:05.452Z
3x2^2.2^(4+8):(S3xA5),17694720,false,0,true,2026-08-10T06:59:57.615Z,1.12.6,1.9.0-DEV,428070c0f9ad,4.16.0,1.3.11,ctbllib-fs2-q2-findall,2397,1305,2026-08-10T07:07:08.489Z
3x2^3.L3(2),4032,false,0,true,2026-08-10T06:59:57.615Z,1.12.6,1.9.0-DEV,428070c0f9ad,4.16.0,1.3.11,ctbllib-fs2-q2-findall,2397,1306,2026-08-10T07:07:08.698Z
3x2^3.S4v1,576,true,0,true,2026-08-10T06:59:57.615Z,1.12.6,1.9.0-DEV,428070c0f9ad,4.16.0,1.3.11,ctbllib-fs2-q2-findall,2397,1307,2026-08-10T07:07:08.995Z
3x2^3:L3(2),4032,false,0,true,2026-08-10T06:59:57.615Z,1.12.6,1.9.0-DEV,428070c0f9ad,4.16.0,1.3.11,ctbllib-fs2-q2-findall,2397,1308,2026-08-10T07:07:09.037Z
3x2^4:(3xA5),8640,false,0,true,2026-08-10T06:59:57.615Z,1.12.6,1.9.0-DEV,428070c0f9ad,4.16.0,1.3.11,ctbllib-fs2-q2-findall,2397,1309,2026-08-10T07:07:09.134Z
3x2^4:A5,2880,false,0,true,2026-08-10T06:59:57.615Z,1.12.6,1.9.0-DEV,428070c0f9ad,4.16.0,1.3.11,ctbllib-fs2-q2-findall,2397,1310,2026-08-10T07:07:09.164Z
3x2^4:s5,5760,false,0,true,2026-08-10T06:59:57.615Z,1.12.6,1.9.0-DEV,428070c0f9ad,4.16.0,1.3.11,ctbllib-fs2-q2-findall,2397,1311,2026-08-10T07:07:09.2Z
3x2^5.A5,5760,false,0,true,2026-08-10T06:59:57.615Z,1.12.6,1.9.0-DEV,428070c0f9ad,4.16.0,1.3.11,ctbllib-fs2-q2-findall,2397,1312,2026-08-10T07:07:09.353Z
3x2^6.2^5.S6,4423680,false,0,true,2026-08-10T06:59:57.615Z,1.12.6,1.9.0-DEV,428070c0f9ad,4.16.0,1.3.11,ctbllib-fs2-q2-findall,2397,1313,2026-08-10T07:07:11.369Z
3x2^6:S6(2),278691840,false,0,true,2026-08-10T06:59:57.615Z,1.12.6,1.9.0-DEV,428070c0f9ad,4.16.0,1.3.11,ctbllib-fs2-q2-findall,2397,1314,2026-08-10T07:07:12.034Z
3x31:15,1395,true,0,true,2026-08-10T06:59:57.615Z,1.12.6,1.9.0-DEV,428070c0f9ad,4.16.0,1.3.11,ctbllib-fs2-q2-findall,2397,1315,2026-08-10T07:07:12.456Z
3x4.M22M5,23040,false,0,true,2026-08-10T06:59:57.615Z,1.12.6,1.9.0-DEV,428070c0f9ad,4.16.0,1.3.11,ctbllib-fs2-q2-findall,2397,1316,2026-08-10T07:07:12.536Z
3x4.M22M6,16128,false,0,true,2026-08-10T06:59:57.615Z,1.12.6,1.9.0-DEV,428070c0f9ad,4.16.0,1.3.11,ctbllib-fs2-q2-findall,2397,1317,2026-08-10T07:07:12.667Z
3x4.M22N2,1536,true,0,true,2026-08-10T06:59:57.615Z,1.12.6,1.9.0-DEV,428070c0f9ad,4.16.0,1.3.11,ctbllib-fs2-q2-findall,2397,1318,2026-08-10T07:07:13.036Z
3x4^2:D12,576,true,0,true,2026-08-10T06:59:57.615Z,1.12.6,1.9.0-DEV,428070c0f9ad,4.16.0,1.3.11,ctbllib-fs2-q2-findall,2397,1319,2026-08-10T07:07:14.294Z
3x4^3.L3(2),32256,false,0,true,2026-08-10T06:59:57.615Z,1.12.6,1.9.0-DEV,428070c0f9ad,4.16.0,1.3.11,ctbllib-fs2-q2-findall,2397,1320,2026-08-10T07:07:14.391Z
3x4_1.2^4:A5,11520,false,0,true,2026-08-10T06:59:57.615Z,1.12.6,1.9.0-DEV,428070c0f9ad,4.16.0,1.3.11,ctbllib-fs2-q2-findall,2397,1321,2026-08-10T07:07:14.45Z
3x4_2.2^4:A5,11520,false,0,true,2026-08-10T06:59:57.615Z,1.12.6,1.9.0-DEV,428070c0f9ad,4.16.0,1.3.11,ctbllib-fs2-q2-findall,2397,1322,2026-08-10T07:07:14.511Z
3x5:4xS5,7200,false,0,true,2026-08-10T06:59:57.615Z,1.12.6,1.9.0-DEV,428070c0f9ad,4.16.0,1.3.11,ctbllib-fs2-q2-findall,2397,1323,2026-08-10T07:07:14.961Z
3x5:8,120,true,0,true,2026-08-10T06:59:57.615Z,1.12.6,1.9.0-DEV,428070c0f9ad,4.16.0,1.3.11,ctbllib-fs2-q2-findall,2397,1324,2026-08-10T07:07:15.253Z
3x5^(1+2):3:8,9000,true,0,true,2026-08-10T06:59:57.615Z,1.12.6,1.9.0-DEV,428070c0f9ad,4.16.0,1.3.11,ctbllib-fs2-q2-findall,2397,1325,2026-08-10T07:07:15.376Z
3x5^(1+2)_+:8,3000,true,0,true,2026-08-10T06:59:57.615Z,1.12.6,1.9.0-DEV,428070c0f9ad,4.16.0,1.3.11,ctbllib-fs2-q2-findall,2397,1326,2026-08-10T07:07:15.514Z
3x5^2:(4xS3),1800,true,0,true,2026-08-10T06:59:57.615Z,1.12.6,1.9.0-DEV,428070c0f9ad,4.16.0,1.3.11,ctbllib-fs2-q2-findall,2397,1327,2026-08-10T07:07:15.856Z
3x7:6,126,true,0,true,2026-08-10T06:59:57.615Z,1.12.6,1.9.0-DEV,428070c0f9ad,4.16.0,1.3.11,ctbllib-fs2-q2-findall,2397,1328,2026-08-10T07:07:16.16Z
3x7^(1+2):(D8x3),24696,true,0,true,2026-08-10T06:59:57.615Z,1.12.6,1.9.0-DEV,428070c0f9ad,4.16.0,1.3.11,ctbllib-fs2-q2-findall,2397,1329,2026-08-10T07:07:18.427Z
3x7^2:2.L2(7).2,98784,false,0,true,2026-08-10T06:59:57.615Z,1.12.6,1.9.0-DEV,428070c0f9ad,4.16.0,1.3.11,ctbllib-fs2-q2-findall,2397,1330,2026-08-10T07:07:18.589Z
3xA10.2,10886400,false,0,true,2026-08-10T06:59:57.615Z,1.12.6,1.9.0-DEV,428070c0f9ad,4.16.0,1.3.11,ctbllib-fs2-q2-findall,2397,1331,2026-08-10T07:07:18.816Z
3xA5,180,false,0,true,2026-08-10T06:59:57.615Z,1.12.6,1.9.0-DEV,428070c0f9ad,4.16.0,1.3.11,ctbllib-fs2-q2-findall,2397,1332,2026-08-10T07:07:18.871Z
3xA5.2,360,false,0,true,2026-08-10T06:59:57.615Z,1.12.6,1.9.0-DEV,428070c0f9ad,4.16.0,1.3.11,ctbllib-fs2-q2-findall,2397,1333,2026-08-10T07:07:18.926Z
3xD10,30,true,0,true,2026-08-10T06:59:57.615Z,1.12.6,1.9.0-DEV,428070c0f9ad,4.16.0,1.3.11,ctbllib-fs2-q2-findall,2397,1334,2026-08-10T07:07:19.201Z
3xD6xD10,180,true,0,true,2026-08-10T06:59:57.615Z,1.12.6,1.9.0-DEV,428070c0f9ad,4.16.0,1.3.11,ctbllib-fs2-q2-findall,2397,1335,2026-08-10T07:07:19.508Z
3xD8,24,true,0,true,2026-08-10T06:59:57.615Z,1.12.6,1.9.0-DEV,428070c0f9ad,4.16.0,1.3.11,ctbllib-fs2-q2-findall,2397,1336,2026-08-10T07:07:19.531Z
3xF3+N7,37044,true,0,true,2026-08-10T06:59:57.615Z,1.12.6,1.9.0-DEV,428070c0f9ad,4.16.0,1.3.11,ctbllib-fs2-q2-findall,2397,1337,2026-08-10T07:07:19.927Z
3xF4(2),9933379810099200,false,0,true,2026-08-10T06:59:57.615Z,1.12.6,1.9.0-DEV,428070c0f9ad,4.16.0,1.3.11,ctbllib-fs2-q2-findall,2397,1338,2026-08-10T07:07:20.593Z
3xFi22N2,393216,true,0,true,2026-08-10T06:59:57.615Z,1.12.6,1.9.0-DEV,428070c0f9ad,4.16.0,1.3.11,ctbllib-fs2-q2-findall,2397,1339,2026-08-10T07:07:23.575Z
3xFi22N5,7200,true,0,true,2026-08-10T06:59:57.615Z,1.12.6,1.9.0-DEV,428070c0f9ad,4.16.0,1.3.11,ctbllib-fs2-q2-findall,2397,1340,2026-08-10T07:07:23.911Z
3xFi23,12268411419879014400,false,0,true,2026-08-10T06:59:57.615Z,1.12.6,1.9.0-DEV,428070c0f9ad,4.16.0,1.3.11,ctbllib-fs2-q2-findall,2397,1341,2026-08-10T07:07:24.333Z
3xG2(4),754790400,false,0,true,2026-08-10T06:59:57.615Z,1.12.6,1.9.0-DEV,428070c0f9ad,4.16.0,1.3.11,ctbllib-fs2-q2-findall,2397,1342,2026-08-10T07:07:24.534Z
3xIsoclinic(2.A5.2),720,false,0,true,2026-08-10T06:59:57.615Z,1.12.6,1.9.0-DEV,428070c0f9ad,4.16.0,1.3.11,ctbllib-fs2-q2-findall,2397,1343,2026-08-10T07:07:24.598Z
3xIsoclinic(2.A9.2),2177280,false,0,true,2026-08-10T06:59:57.615Z,1.12.6,1.9.0-DEV,428070c0f9ad,4.16.0,1.3.11,ctbllib-fs2-q2-findall,2397,1344,2026-08-10T07:07:24.803Z
3xIsoclinic(2.M12.2),1140480,false,0,true,2026-08-10T06:59:57.615Z,1.12.6,1.9.0-DEV,428070c0f9ad,4.16.0,1.3.11,ctbllib-fs2-q2-findall,2397,1345,2026-08-10T07:07:24.933Z
3xIsoclinic(2x5:8),240,true,0,true,2026-08-10T06:59:57.615Z,1.12.6,1.9.0-DEV,428070c0f9ad,4.16.0,1.3.11,ctbllib-fs2-q2-findall,2397,1346,2026-08-10T07:07:26.209Z
3xJ1,526680,false,0,true,2026-08-10T06:59:57.615Z,1.12.6,1.9.0-DEV,428070c0f9ad,4.16.0,1.3.11,ctbllib-fs2-q2-findall,2397,1347,2026-08-10T07:07:26.267Z
3xJ2.2,3628800,false,0,true,2026-08-10T06:59:57.615Z,1.12.6,1.9.0-DEV,428070c0f9ad,4.16.0,1.3.11,ctbllib-fs2-q2-findall,2397,1348,2026-08-10T07:07:26.38Z
3xJ3N2,1152,true,0,true,2026-08-10T06:59:57.615Z,1.12.6,1.9.0-DEV,428070c0f9ad,4.16.0,1.3.11,ctbllib-fs2-q2-findall,2397,1349,2026-08-10T07:07:26.72Z
3xL2(11),1980,false,0,true,2026-08-10T06:59:57.615Z,1.12.6,1.9.0-DEV,428070c0f9ad,4.16.0,1.3.11,ctbllib-fs2-q2-findall,2397,1350,2026-08-10T07:07:26.761Z
3xL2(13),3276,false,0,true,2026-08-10T06:59:57.615Z,1.12.6,1.9.0-DEV,428070c0f9ad,4.16.0,1.3.11,ctbllib-fs2-q2-findall,2397,1351,2026-08-10T07:07:26.873Z
3xL2(16).2,24480,false,0,true,2026-08-10T06:59:57.615Z,1.12.6,1.9.0-DEV,428070c0f9ad,4.16.0,1.3.11,ctbllib-fs2-q2-findall,2397,1352,2026-08-10T07:07:26.94Z
3xL2(17),7344,false,0,true,2026-08-10T06:59:57.615Z,1.12.6,1.9.0-DEV,428070c0f9ad,4.16.0,1.3.11,ctbllib-fs2-q2-findall,2397,1353,2026-08-10T07:07:26.996Z
3xL2(19),10260,false,0,true,2026-08-10T06:59:57.615Z,1.12.6,1.9.0-DEV,428070c0f9ad,4.16.0,1.3.11,ctbllib-fs2-q2-findall,2397,1354,2026-08-10T07:07:27.055Z
3xL2(25),23400,false,0,true,2026-08-10T06:59:57.615Z,1.12.6,1.9.0-DEV,428070c0f9ad,4.16.0,1.3.11,ctbllib-fs2-q2-findall,2397,1355,2026-08-10T07:07:27.137Z
3xL2(31),44640,false,0,true,2026-08-10T06:59:57.615Z,1.12.6,1.9.0-DEV,428070c0f9ad,4.16.0,1.3.11,ctbllib-fs2-q2-findall,2397,1356,2026-08-10T07:07:27.224Z
3xL2(8),1512,false,0,true,2026-08-10T06:59:57.615Z,1.12.6,1.9.0-DEV,428070c0f9ad,4.16.0,1.3.11,ctbllib-fs2-q2-findall,2397,1357,2026-08-10T07:07:27.267Z
3xL2(8).3,4536,false,0,true,2026-08-10T06:59:57.615Z,1.12.6,1.9.0-DEV,428070c0f9ad,4.16.0,1.3.11,ctbllib-fs2-q2-findall,2397,1358,2026-08-10T07:07:27.379Z
3xL3(2),504,false,0,true,2026-08-10T06:59:57.615Z,1.12.6,1.9.0-DEV,428070c0f9ad,4.16.0,1.3.11,ctbllib-fs2-q2-findall,2397,1359,2026-08-10T07:07:27.412Z
3xL3(2).2,1008,false,0,true,2026-08-10T06:59:57.615Z,1.12.6,1.9.0-DEV,428070c0f9ad,4.16.0,1.3.11,ctbllib-fs2-q2-findall,2397,1360,2026-08-10T07:07:27.517Z
3xL3(3).2,33696,false,0,true,2026-08-10T06:59:57.615Z,1.12.6,1.9.0-DEV,428070c0f9ad,4.16.0,1.3.11,ctbllib-fs2-q2-findall,2397,1361,2026-08-10T07:07:27.608Z
3xL3(4).2_2,120960,false,0,true,2026-08-10T06:59:57.615Z,1.12.6,1.9.0-DEV,428070c0f9ad,4.16.0,1.3.11,ctbllib-fs2-q2-findall,2397,1362,2026-08-10T07:07:27.715Z
3xL3(7).2,11261376,false,0,true,2026-08-10T06:59:57.615Z,1.12.6,1.9.0-DEV,428070c0f9ad,4.16.0,1.3.11,ctbllib-fs2-q2-findall,2397,1363,2026-08-10T07:07:27.785Z
3xL4(3).2_2,36391680,false,0,true,2026-08-10T06:59:57.615Z,1.12.6,1.9.0-DEV,428070c0f9ad,4.16.0,1.3.11,ctbllib-fs2-q2-findall,2397,1364,2026-08-10T07:07:29.928Z
3xM11,23760,false,0,true,2026-08-10T06:59:57.615Z,1.12.6,1.9.0-DEV,428070c0f9ad,4.16.0,1.3.11,ctbllib-fs2-q2-findall,2397,1365,2026-08-10T07:07:30.0Z
3xM12,285120,false,0,true,2026-08-10T06:59:57.615Z,1.12.6,1.9.0-DEV,428070c0f9ad,4.16.0,1.3.11,ctbllib-fs2-q2-findall,2397,1366,2026-08-10T07:07:30.102Z
3xM12.2,570240,false,0,true,2026-08-10T06:59:57.615Z,1.12.6,1.9.0-DEV,428070c0f9ad,4.16.0,1.3.11,ctbllib-fs2-q2-findall,2397,1367,2026-08-10T07:07:30.198Z
3xM12N2,192,true,0,true,2026-08-10T06:59:57.615Z,1.12.6,1.9.0-DEV,428070c0f9ad,4.16.0,1.3.11,ctbllib-fs2-q2-findall,2397,1368,2026-08-10T07:07:30.531Z
3xM22C2A,1152,true,0,true,2026-08-10T06:59:57.615Z,1.12.6,1.9.0-DEV,428070c0f9ad,4.16.0,1.3.11,ctbllib-fs2-q2-findall,2397,1369,2026-08-10T07:07:30.583Z
3xMcLN2,384,true,0,true,2026-08-10T06:59:57.615Z,1.12.6,1.9.0-DEV,428070c0f9ad,4.16.0,1.3.11,ctbllib-fs2-q2-findall,2397,1370,2026-08-10T07:07:30.922Z
"3xNRS(M22,[2^6])",1152,true,0,true,2026-08-10T06:59:57.615Z,1.12.6,1.9.0-DEV,428070c0f9ad,4.16.0,1.3.11,ctbllib-fs2-q2-findall,2397,1371,2026-08-10T07:07:31.496Z
3xO8+(2),522547200,false,0,true,2026-08-10T06:59:57.615Z,1.12.6,1.9.0-DEV,428070c0f9ad,4.16.0,1.3.11,ctbllib-fs2-q2-findall,2397,1372,2026-08-10T07:07:31.709Z
3xO8+(2):S3,3135283200,false,0,true,2026-08-10T06:59:57.615Z,1.12.6,1.9.0-DEV,428070c0f9ad,4.16.0,1.3.11,ctbllib-fs2-q2-findall,2397,1373,2026-08-10T07:07:32.036Z
3xONN2,1536,true,0,true,2026-08-10T06:59:57.615Z,1.12.6,1.9.0-DEV,428070c0f9ad,4.16.0,1.3.11,ctbllib-fs2-q2-findall,2397,1374,2026-08-10T07:07:32.419Z
3xS3x7:6,756,true,0,true,2026-08-10T06:59:57.615Z,1.12.6,1.9.0-DEV,428070c0f9ad,4.16.0,1.3.11,ctbllib-fs2-q2-findall,2397,1375,2026-08-10T07:07:33.606Z
3xS3xU4(2),466560,false,0,true,2026-08-10T06:59:57.615Z,1.12.6,1.9.0-DEV,428070c0f9ad,4.16.0,1.3.11,ctbllib-fs2-q2-findall,2397,1376,2026-08-10T07:07:33.914Z
3xS6(2),4354560,false,0,true,2026-08-10T06:59:57.615Z,1.12.6,1.9.0-DEV,428070c0f9ad,4.16.0,1.3.11,ctbllib-fs2-q2-findall,2397,1377,2026-08-10T07:07:34.117Z
3xS6xS4,51840,false,0,true,2026-08-10T06:59:57.615Z,1.12.6,1.9.0-DEV,428070c0f9ad,4.16.0,1.3.11,ctbllib-fs2-q2-findall,2397,1378,2026-08-10T07:07:34.556Z
3xS9,1088640,false,0,true,2026-08-10T06:59:57.615Z,1.12.6,1.9.0-DEV,428070c0f9ad,4.16.0,1.3.11,ctbllib-fs2-q2-findall,2397,1379,2026-08-10T07:07:34.731Z
3xSuzN2,73728,true,0,true,2026-08-10T06:59:57.615Z,1.12.6,1.9.0-DEV,428070c0f9ad,4.16.0,1.3.11,ctbllib-fs2-q2-findall,2397,1380,2026-08-10T07:07:35.344Z
3xSymm(4),72,true,0,true,2026-08-10T06:59:57.615Z,1.12.6,1.9.0-DEV,428070c0f9ad,4.16.0,1.3.11,ctbllib-fs2-q2-findall,2397,1381,2026-08-10T07:07:35.973Z
3xU3(3).2,36288,false,0,true,2026-08-10T06:59:57.615Z,1.12.6,1.9.0-DEV,428070c0f9ad,4.16.0,1.3.11,ctbllib-fs2-q2-findall,2397,1382,2026-08-10T07:07:36.096Z
3xU4(2),77760,false,0,true,2026-08-10T06:59:57.615Z,1.12.6,1.9.0-DEV,428070c0f9ad,4.16.0,1.3.11,ctbllib-fs2-q2-findall,2397,1383,2026-08-10T07:07:36.153Z
3xU5(2),41057280,false,0,true,2026-08-10T06:59:57.615Z,1.12.6,1.9.0-DEV,428070c0f9ad,4.16.0,1.3.11,ctbllib-fs2-q2-findall,2397,1384,2026-08-10T07:07:36.375Z
4(A4xA4).4,2304,true,0,true,2026-08-10T06:59:57.615Z,1.12.6,1.9.0-DEV,428070c0f9ad,4.16.0,1.3.11,ctbllib-fs2-q2-findall,2397,1385,2026-08-10T07:07:36.421Z
4.2^2,16,true,0,true,2026-08-10T06:59:57.615Z,1.12.6,1.9.0-DEV,428070c0f9ad,4.16.0,1.3.11,ctbllib-fs2-q2-findall,2397,1386,2026-08-10T07:07:36.481Z
4.2^4,64,true,0,true,2026-08-10T06:59:57.615Z,1.12.6,1.9.0-DEV,428070c0f9ad,4.16.0,1.3.11,ctbllib-fs2-q2-findall,2397,1387,2026-08-10T07:07:36.539Z
4.2^4.S5,7680,false,0,true,2026-08-10T06:59:57.615Z,1.12.6,1.9.0-DEV,428070c0f9ad,4.16.0,1.3.11,ctbllib-fs2-q2-findall,2397,1388,2026-08-10T07:07:36.549Z
4.2^4:(2xS3),768,true,0,true,2026-08-10T06:59:57.615Z,1.12.6,1.9.0-DEV,428070c0f9ad,4.16.0,1.3.11,ctbllib-fs2-q2-findall,2397,1389,2026-08-10T07:07:36.564Z
4.2^4:S4,1536,true,0,true,2026-08-10T06:59:57.615Z,1.12.6,1.9.0-DEV,428070c0f9ad,4.16.0,1.3.11,ctbllib-fs2-q2-findall,2397,1390,2026-08-10T07:07:36.573Z
4.3^(1+4)_+.2S4,46656,true,0,true,2026-08-10T06:59:57.615Z,1.12.6,1.9.0-DEV,428070c0f9ad,4.16.0,1.3.11,ctbllib-fs2-q2-findall,2397,1391,2026-08-10T07:07:36.661Z
4.A6.2_3,2880,false,0,true,2026-08-10T06:59:57.615Z,1.12.6,1.9.0-DEV,428070c0f9ad,4.16.0,1.3.11,ctbllib-fs2-q2-findall,2397,1392,2026-08-10T07:07:36.744Z
4.HS.2,354816000,false,0,true,2026-08-10T06:59:57.615Z,1.12.6,1.9.0-DEV,428070c0f9ad,4.16.0,1.3.11,ctbllib-fs2-q2-findall,2397,1393,2026-08-10T07:07:36.861Z
4.L2(25).2_3,62400,false,0,true,2026-08-10T06:59:57.615Z,1.12.6,1.9.0-DEV,428070c0f9ad,4.16.0,1.3.11,ctbllib-fs2-q2-findall,2397,1394,2026-08-10T07:07:36.916Z
4.L2(49).2_3,470400,false,0,true,2026-08-10T06:59:57.615Z,1.12.6,1.9.0-DEV,428070c0f9ad,4.16.0,1.3.11,ctbllib-fs2-q2-findall,2397,1395,2026-08-10T07:07:37.078Z
4.L2(81).2_3,2125440,false,0,true,2026-08-10T06:59:57.615Z,1.12.6,1.9.0-DEV,428070c0f9ad,4.16.0,1.3.11,ctbllib-fs2-q2-findall,2397,1396,2026-08-10T07:07:37.839Z
4.L2(81).4_2,4250880,false,0,true,2026-08-10T06:59:57.615Z,1.12.6,1.9.0-DEV,428070c0f9ad,4.16.0,1.3.11,ctbllib-fs2-q2-findall,2397,1397,2026-08-10T07:07:37.889Z
4.L4(5),29016000000,false,0,true,2026-08-10T06:59:57.615Z,1.12.6,1.9.0-DEV,428070c0f9ad,4.16.0,1.3.11,ctbllib-fs2-q2-findall,2397,1398,2026-08-10T07:07:38.486Z
4.M22,1774080,false,0,true,2026-08-10T06:59:57.615Z,1.12.6,1.9.0-DEV,428070c0f9ad,4.16.0,1.3.11,ctbllib-fs2-q2-findall,2397,1399,2026-08-10T07:07:38.506Z
4.M22.2,3548160,false,0,true,2026-08-10T06:59:57.615Z,1.12.6,1.9.0-DEV,428070c0f9ad,4.16.0,1.3.11,ctbllib-fs2-q2-findall,2397,1400,2026-08-10T07:07:38.53Z
4.M22M2,23040,false,0,true,2026-08-10T06:59:57.615Z,1.12.6,1.9.0-DEV,428070c0f9ad,4.16.0,1.3.11,ctbllib-fs2-q2-findall,2397,1401,2026-08-10T07:07:38.548Z
4.M22M5,7680,false,0,true,2026-08-10T06:59:57.615Z,1.12.6,1.9.0-DEV,428070c0f9ad,4.16.0,1.3.11,ctbllib-fs2-q2-findall,2397,1402,2026-08-10T07:07:38.559Z
4.M22M6,5376,false,0,true,2026-08-10T06:59:57.615Z,1.12.6,1.9.0-DEV,428070c0f9ad,4.16.0,1.3.11,ctbllib-fs2-q2-findall,2397,1403,2026-08-10T07:07:38.582Z
4.M22N2,512,true,0,true,2026-08-10T06:59:57.615Z,1.12.6,1.9.0-DEV,428070c0f9ad,4.16.0,1.3.11,ctbllib-fs2-q2-findall,2397,1404,2026-08-10T07:07:38.854Z
4.U4(3),13063680,false,0,true,2026-08-10T06:59:57.615Z,1.12.6,1.9.0-DEV,428070c0f9ad,4.16.0,1.3.11,ctbllib-fs2-q2-findall,2397,1405,2026-08-10T07:07:38.961Z
4.U4(3).2_1,26127360,false,0,true,2026-08-10T06:59:57.615Z,1.12.6,1.9.0-DEV,428070c0f9ad,4.16.0,1.3.11,ctbllib-fs2-q2-findall,2397,1406,2026-08-10T07:07:39.017Z
4.U4(3).2_2,26127360,false,0,true,2026-08-10T06:59:57.615Z,1.12.6,1.9.0-DEV,428070c0f9ad,4.16.0,1.3.11,ctbllib-fs2-q2-findall,2397,1407,2026-08-10T07:07:39.051Z
4.U4(3).2_3,26127360,false,0,true,2026-08-10T06:59:57.615Z,1.12.6,1.9.0-DEV,428070c0f9ad,4.16.0,1.3.11,ctbllib-fs2-q2-findall,2397,1408,2026-08-10T07:07:39.071Z
4.U4(3).4,52254720,false,0,true,2026-08-10T06:59:57.615Z,1.12.6,1.9.0-DEV,428070c0f9ad,4.16.0,1.3.11,ctbllib-fs2-q2-findall,2397,1409,2026-08-10T07:07:39.169Z
4.s4,96,true,0,true,2026-08-10T06:59:57.615Z,1.12.6,1.9.0-DEV,428070c0f9ad,4.16.0,1.3.11,ctbllib-fs2-q2-findall,2397,1410,2026-08-10T07:07:39.185Z
41:4,164,true,0,true,2026-08-10T06:59:57.615Z,1.12.6,1.9.0-DEV,428070c0f9ad,4.16.0,1.3.11,ctbllib-fs2-q2-findall,2397,1411,2026-08-10T07:07:39.199Z
41:40,1640,true,0,true,2026-08-10T06:59:57.615Z,1.12.6,1.9.0-DEV,428070c0f9ad,4.16.0,1.3.11,ctbllib-fs2-q2-findall,2397,1412,2026-08-10T07:07:39.422Z
43:14,602,true,0,true,2026-08-10T06:59:57.615Z,1.12.6,1.9.0-DEV,428070c0f9ad,4.16.0,1.3.11,ctbllib-fs2-q2-findall,2397,1413,2026-08-10T07:07:39.445Z
43:3,129,true,0,true,2026-08-10T06:59:57.615Z,1.12.6,1.9.0-DEV,428070c0f9ad,4.16.0,1.3.11,ctbllib-fs2-q2-findall,2397,1414,2026-08-10T07:07:39.488Z
47:23,1081,true,0,true,2026-08-10T06:59:57.615Z,1.12.6,1.9.0-DEV,428070c0f9ad,4.16.0,1.3.11,ctbllib-fs2-q2-findall,2397,1415,2026-08-10T07:07:39.578Z
4^2.L3(4),322560,false,0,true,2026-08-10T06:59:57.615Z,1.12.6,1.9.0-DEV,428070c0f9ad,4.16.0,1.3.11,ctbllib-fs2-q2-findall,2397,1416,2026-08-10T07:07:39.648Z
4^2:3,48,true,0,true,2026-08-10T06:59:57.615Z,1.12.6,1.9.0-DEV,428070c0f9ad,4.16.0,1.3.11,ctbllib-fs2-q2-findall,2397,1417,2026-08-10T07:07:39.658Z
4^2:D12,192,true,0,true,2026-08-10T06:59:57.615Z,1.12.6,1.9.0-DEV,428070c0f9ad,4.16.0,1.3.11,ctbllib-fs2-q2-findall,2397,1418,2026-08-10T07:07:39.672Z
4^2:D12.2,384,true,0,true,2026-08-10T06:59:57.615Z,1.12.6,1.9.0-DEV,428070c0f9ad,4.16.0,1.3.11,ctbllib-fs2-q2-findall,2397,1419,2026-08-10T07:07:39.68Z
4^2:s3,96,true,0,true,2026-08-10T06:59:57.615Z,1.12.6,1.9.0-DEV,428070c0f9ad,4.16.0,1.3.11,ctbllib-fs2-q2-findall,2397,1420,2026-08-10T07:07:39.694Z
4^3.(L3(2)x2),21504,false,0,true,2026-08-10T06:59:57.615Z,1.12.6,1.9.0-DEV,428070c0f9ad,4.16.0,1.3.11,ctbllib-fs2-q2-findall,2397,1421,2026-08-10T07:07:39.754Z
4^3.D8,512,true,0,true,2026-08-10T06:59:57.615Z,1.12.6,1.9.0-DEV,428070c0f9ad,4.16.0,1.3.11,ctbllib-fs2-q2-findall,2397,1422,2026-08-10T07:07:41.641Z
4^3.L3(2),10752,false,0,true,2026-08-10T06:59:57.615Z,1.12.6,1.9.0-DEV,428070c0f9ad,4.16.0,1.3.11,ctbllib-fs2-q2-findall,2397,1423,2026-08-10T07:07:41.697Z
4^3:(L3(2)x2),21504,false,0,true,2026-08-10T06:59:57.615Z,1.12.6,1.9.0-DEV,428070c0f9ad,4.16.0,1.3.11,ctbllib-fs2-q2-findall,2397,1424,2026-08-10T07:07:41.715Z
4^3:S4,1536,true,0,true,2026-08-10T06:59:57.615Z,1.12.6,1.9.0-DEV,428070c0f9ad,4.16.0,1.3.11,ctbllib-fs2-q2-findall,2397,1425,2026-08-10T07:07:41.733Z
"4^3:psl(3,2)",10752,false,0,true,2026-08-10T06:59:57.615Z,1.12.6,1.9.0-DEV,428070c0f9ad,4.16.0,1.3.11,ctbllib-fs2-q2-findall,2397,1426,2026-08-10T07:07:41.743Z
4_1.2^4:A5,3840,false,0,true,2026-08-10T06:59:57.615Z,1.12.6,1.9.0-DEV,428070c0f9ad,4.16.0,1.3.11,ctbllib-fs2-q2-findall,2397,1427,2026-08-10T07:07:41.755Z
4_1.L3(4),80640,false,0,true,2026-08-10T06:59:57.615Z,1.12.6,1.9.0-DEV,428070c0f9ad,4.16.0,1.3.11,ctbllib-fs2-q2-findall,2397,1428,2026-08-10T07:07:41.784Z
4_1.L3(4).(2^2)_{1*2*3*},322560,false,0,true,2026-08-10T06:59:57.615Z,1.12.6,1.9.0-DEV,428070c0f9ad,4.16.0,1.3.11,ctbllib-fs2-q2-findall,2397,1429,2026-08-10T07:07:41.807Z
4_1.L3(4).(2^2)_{1*2*3},322560,false,0,true,2026-08-10T06:59:57.615Z,1.12.6,1.9.0-DEV,428070c0f9ad,4.16.0,1.3.11,ctbllib-fs2-q2-findall,2397,1430,2026-08-10T07:07:41.822Z
4_1.L3(4).(2^2)_{1*23*},322560,false,0,true,2026-08-10T06:59:57.615Z,1.12.6,1.9.0-DEV,428070c0f9ad,4.16.0,1.3.11,ctbllib-fs2-q2-findall,2397,1431,2026-08-10T07:07:41.835Z
4_1.L3(4).(2^2)_{1*23},322560,false,0,true,2026-08-10T06:59:57.615Z,1.12.6,1.9.0-DEV,428070c0f9ad,4.16.0,1.3.11,ctbllib-fs2-q2-findall,2397,1432,2026-08-10T07:07:41.849Z
4_1.L3(4).(2^2)_{12*3*},322560,false,0,true,2026-08-10T06:59:57.615Z,1.12.6,1.9.0-DEV,428070c0f9ad,4.16.0,1.3.11,ctbllib-fs2-q2-findall,2397,1433,2026-08-10T07:07:41.862Z
4_1.L3(4).(2^2)_{12*3},322560,false,0,true,2026-08-10T06:59:57.615Z,1.12.6,1.9.0-DEV,428070c0f9ad,4.16.0,1.3.11,ctbllib-fs2-q2-findall,2397,1434,2026-08-10T07:07:41.876Z
4_1.L3(4).(2^2)_{123*},322560,false,0,true,2026-08-10T06:59:57.615Z,1.12.6,1.9.0-DEV,428070c0f9ad,4.16.0,1.3.11,ctbllib-fs2-q2-findall,2397,1435,2026-08-10T07:07:41.889Z
4_1.L3(4).(2^2)_{123},322560,false,0,true,2026-08-10T06:59:57.615Z,1.12.6,1.9.0-DEV,428070c0f9ad,4.16.0,1.3.11,ctbllib-fs2-q2-findall,2397,1436,2026-08-10T07:07:41.903Z
4_1.L3(4).2_1,161280,false,0,true,2026-08-10T06:59:57.615Z,1.12.6,1.9.0-DEV,428070c0f9ad,4.16.0,1.3.11,ctbllib-fs2-q2-findall,2397,1437,2026-08-10T07:07:41.914Z
4_1.L3(4).2_2,161280,false,0,true,2026-08-10T06:59:57.615Z,1.12.6,1.9.0-DEV,428070c0f9ad,4.16.0,1.3.11,ctbllib-fs2-q2-findall,2397,1438,2026-08-10T07:07:41.927Z
4_1.L3(4).2_3,161280,false,0,true,2026-08-10T06:59:57.615Z,1.12.6,1.9.0-DEV,428070c0f9ad,4.16.0,1.3.11,ctbllib-fs2-q2-findall,2397,1439,2026-08-10T07:07:41.942Z
4_1.L3(4).2_3*,161280,false,0,true,2026-08-10T06:59:57.615Z,1.12.6,1.9.0-DEV,428070c0f9ad,4.16.0,1.3.11,ctbllib-fs2-q2-findall,2397,1440,2026-08-10T07:07:41.958Z
4_2.2^4:A5,3840,false,0,true,2026-08-10T06:59:57.615Z,1.12.6,1.9.0-DEV,428070c0f9ad,4.16.0,1.3.11,ctbllib-fs2-q2-findall,2397,1441,2026-08-10T07:07:41.97Z
4_2.L3(4),80640,false,0,true,2026-08-10T06:59:57.615Z,1.12.6,1.9.0-DEV,428070c0f9ad,4.16.0,1.3.11,ctbllib-fs2-q2-findall,2397,1442,2026-08-10T07:07:42.0Z
4_2.L3(4).(2^2)_{1*2*3*},322560,false,0,true,2026-08-10T06:59:57.615Z,1.12.6,1.9.0-DEV,428070c0f9ad,4.16.0,1.3.11,ctbllib-fs2-q2-findall,2397,1443,2026-08-10T07:07:42.028Z
4_2.L3(4).(2^2)_{1*2*3},322560,false,0,true,2026-08-10T06:59:57.615Z,1.12.6,1.9.0-DEV,428070c0f9ad,4.16.0,1.3.11,ctbllib-fs2-q2-findall,2397,1444,2026-08-10T07:07:42.042Z
4_2.L3(4).(2^2)_{1*23*},322560,false,0,true,2026-08-10T06:59:57.615Z,1.12.6,1.9.0-DEV,428070c0f9ad,4.16.0,1.3.11,ctbllib-fs2-q2-findall,2397,1445,2026-08-10T07:07:42.057Z
4_2.L3(4).(2^2)_{1*23},322560,false,0,true,2026-08-10T06:59:57.615Z,1.12.6,1.9.0-DEV,428070c0f9ad,4.16.0,1.3.11,ctbllib-fs2-q2-findall,2397,1446,2026-08-10T07:07:42.072Z
4_2.L3(4).(2^2)_{12*3*},322560,false,0,true,2026-08-10T06:59:57.615Z,1.12.6,1.9.0-DEV,428070c0f9ad,4.16.0,1.3.11,ctbllib-fs2-q2-findall,2397,1447,2026-08-10T07:07:42.086Z
4_2.L3(4).(2^2)_{12*3},322560,false,0,true,2026-08-10T06:59:57.615Z,1.12.6,1.9.0-DEV,428070c0f9ad,4.16.0,1.3.11,ctbllib-fs2-q2-findall,2397,1448,2026-08-10T07:07:42.1Z
4_2.L3(4).(2^2)_{123*},322560,false,0,true,2026-08-10T06:59:57.615Z,1.12.6,1.9.0-DEV,428070c0f9ad,4.16.0,1.3.11,ctbllib-fs2-q2-findall,2397,1449,2026-08-10T07:07:42.115Z
4_2.L3(4).(2^2)_{123},322560,false,0,true,2026-08-10T06:59:57.615Z,1.12.6,1.9.0-DEV,428070c0f9ad,4.16.0,1.3.11,ctbllib-fs2-q2-findall,2397,1450,2026-08-10T07:07:42.13Z
4_2.L3(4).2_1,161280,false,0,true,2026-08-10T06:59:57.615Z,1.12.6,1.9.0-DEV,428070c0f9ad,4.16.0,1.3.11,ctbllib-fs2-q2-findall,2397,1451,2026-08-10T07:07:42.142Z
4_2.L3(4).2_2,161280,false,0,true,2026-08-10T06:59:57.615Z,1.12.6,1.9.0-DEV,428070c0f9ad,4.16.0,1.3.11,ctbllib-fs2-q2-findall,2397,1452,2026-08-10T07:07:42.159Z
4_2.L3(4).2_2*,161280,false,0,true,2026-08-10T06:59:57.615Z,1.12.6,1.9.0-DEV,428070c0f9ad,4.16.0,1.3.11,ctbllib-fs2-q2-findall,2397,1453,2026-08-10T07:07:42.177Z
4_2.L3(4).2_3,161280,false,0,true,2026-08-10T06:59:57.615Z,1.12.6,1.9.0-DEV,428070c0f9ad,4.16.0,1.3.11,ctbllib-fs2-q2-findall,2397,1454,2026-08-10T07:07:42.191Z
4x11:5,220,true,0,true,2026-08-10T06:59:57.615Z,1.12.6,1.9.0-DEV,428070c0f9ad,4.16.0,1.3.11,ctbllib-fs2-q2-findall,2397,1455,2026-08-10T07:07:42.523Z
4x7:3,84,true,0,true,2026-08-10T06:59:57.615Z,1.12.6,1.9.0-DEV,428070c0f9ad,4.16.0,1.3.11,ctbllib-fs2-q2-findall,2397,1456,2026-08-10T07:07:42.828Z
59:29,1711,true,0,true,2026-08-10T06:59:57.615Z,1.12.6,1.9.0-DEV,428070c0f9ad,4.16.0,1.3.11,ctbllib-fs2-q2-findall,2397,1457,2026-08-10T07:07:43.082Z
5:4,20,true,0,true,2026-08-10T06:59:57.615Z,1.12.6,1.9.0-DEV,428070c0f9ad,4.16.0,1.3.11,ctbllib-fs2-q2-findall,2397,1458,2026-08-10T07:07:43.127Z
5:4x2.A5,2400,false,0,true,2026-08-10T06:59:57.615Z,1.12.6,1.9.0-DEV,428070c0f9ad,4.16.0,1.3.11,ctbllib-fs2-q2-findall,2397,1459,2026-08-10T07:07:43.242Z
5:4x2^2,80,true,0,true,2026-08-10T06:59:57.615Z,1.12.6,1.9.0-DEV,428070c0f9ad,4.16.0,1.3.11,ctbllib-fs2-q2-findall,2397,1460,2026-08-10T07:07:43.327Z
5:4x3,60,true,0,true,2026-08-10T06:59:57.615Z,1.12.6,1.9.0-DEV,428070c0f9ad,4.16.0,1.3.11,ctbllib-fs2-q2-findall,2397,1461,2026-08-10T07:07:43.378Z
5:4xA4,240,true,0,true,2026-08-10T06:59:57.615Z,1.12.6,1.9.0-DEV,428070c0f9ad,4.16.0,1.3.11,ctbllib-fs2-q2-findall,2397,1462,2026-08-10T07:07:43.446Z
5:4xHS.2,1774080000,false,0,true,2026-08-10T06:59:57.615Z,1.12.6,1.9.0-DEV,428070c0f9ad,4.16.0,1.3.11,ctbllib-fs2-q2-findall,2397,1463,2026-08-10T07:07:43.907Z
5:4xS4,480,true,0,true,2026-08-10T06:59:57.615Z,1.12.6,1.9.0-DEV,428070c0f9ad,4.16.0,1.3.11,ctbllib-fs2-q2-findall,2397,1464,2026-08-10T07:07:44.963Z
5:4xS5,2400,false,0,true,2026-08-10T06:59:57.615Z,1.12.6,1.9.0-DEV,428070c0f9ad,4.16.0,1.3.11,ctbllib-fs2-q2-findall,2397,1465,2026-08-10T07:07:45.062Z
5:4xS5x2,4800,false,0,true,2026-08-10T06:59:57.615Z,1.12.6,1.9.0-DEV,428070c0f9ad,4.16.0,1.3.11,ctbllib-fs2-q2-findall,2397,1466,2026-08-10T07:07:45.458Z
5:4xS6,14400,false,0,true,2026-08-10T06:59:57.615Z,1.12.6,1.9.0-DEV,428070c0f9ad,4.16.0,1.3.11,ctbllib-fs2-q2-findall,2397,1467,2026-08-10T07:07:45.827Z
5:4xS7,100800,false,0,true,2026-08-10T06:59:57.615Z,1.12.6,1.9.0-DEV,428070c0f9ad,4.16.0,1.3.11,ctbllib-fs2-q2-findall,2397,1468,2026-08-10T07:07:46.228Z
5:4xU3(5).2N2,640,true,0,true,2026-08-10T06:59:57.615Z,1.12.6,1.9.0-DEV,428070c0f9ad,4.16.0,1.3.11,ctbllib-fs2-q2-findall,2397,1469,2026-08-10T07:07:46.588Z
5:4xU3(5):2,5040000,false,0,true,2026-08-10T06:59:57.615Z,1.12.6,1.9.0-DEV,428070c0f9ad,4.16.0,1.3.11,ctbllib-fs2-q2-findall,2397,1470,2026-08-10T07:07:46.752Z
5:4xa5,1200,false,0,true,2026-08-10T06:59:57.615Z,1.12.6,1.9.0-DEV,428070c0f9ad,4.16.0,1.3.11,ctbllib-fs2-q2-findall,2397,1471,2026-08-10T07:07:46.818Z
5:8,40,true,0,true,2026-08-10T06:59:57.615Z,1.12.6,1.9.0-DEV,428070c0f9ad,4.16.0,1.3.11,ctbllib-fs2-q2-findall,2397,1472,2026-08-10T07:07:47.098Z
5^(1+2)+:24,3000,true,0,true,2026-08-10T06:59:57.615Z,1.12.6,1.9.0-DEV,428070c0f9ad,4.16.0,1.3.11,ctbllib-fs2-q2-findall,2397,1473,2026-08-10T07:07:47.149Z
5^(1+2)+:4A5,30000,false,0,true,2026-08-10T06:59:57.615Z,1.12.6,1.9.0-DEV,428070c0f9ad,4.16.0,1.3.11,ctbllib-fs2-q2-findall,2397,1474,2026-08-10T07:07:47.168Z
5^(1+2)+:8,1000,true,0,true,2026-08-10T06:59:57.615Z,1.12.6,1.9.0-DEV,428070c0f9ad,4.16.0,1.3.11,ctbllib-fs2-q2-findall,2397,1475,2026-08-10T07:07:47.176Z
5^(1+2):(24:2),6000,true,0,true,2026-08-10T06:59:57.615Z,1.12.6,1.9.0-DEV,428070c0f9ad,4.16.0,1.3.11,ctbllib-fs2-q2-findall,2397,1476,2026-08-10T07:07:47.221Z
5^(1+2):(4x4):4,8000,true,0,true,2026-08-10T06:59:57.615Z,1.12.6,1.9.0-DEV,428070c0f9ad,4.16.0,1.3.11,ctbllib-fs2-q2-findall,2397,1477,2026-08-10T07:07:47.794Z
5^(1+2):(8.2),2000,true,0,true,2026-08-10T06:59:57.615Z,1.12.6,1.9.0-DEV,428070c0f9ad,4.16.0,1.3.11,ctbllib-fs2-q2-findall,2397,1478,2026-08-10T07:07:47.835Z
5^(1+2):3:8,3000,true,0,true,2026-08-10T06:59:57.615Z,1.12.6,1.9.0-DEV,428070c0f9ad,4.16.0,1.3.11,ctbllib-fs2-q2-findall,2397,1479,2026-08-10T07:07:47.843Z
5^(1+2):4S4,12000,true,0,true,2026-08-10T06:59:57.615Z,1.12.6,1.9.0-DEV,428070c0f9ad,4.16.0,1.3.11,ctbllib-fs2-q2-findall,2397,1480,2026-08-10T07:07:47.852Z
5^(1+2):8:4,4000,true,0,true,2026-08-10T06:59:57.615Z,1.12.6,1.9.0-DEV,428070c0f9ad,4.16.0,1.3.11,ctbllib-fs2-q2-findall,2397,1481,2026-08-10T07:07:48.127Z
5^(1+2):GL2(5),60000,false,0,true,2026-08-10T06:59:57.615Z,1.12.6,1.9.0-DEV,428070c0f9ad,4.16.0,1.3.11,ctbllib-fs2-q2-findall,2397,1482,2026-08-10T07:07:48.171Z
5^(1+4).2^(1+4).A5.4,24000000,false,0,true,2026-08-10T06:59:57.615Z,1.12.6,1.9.0-DEV,428070c0f9ad,4.16.0,1.3.11,ctbllib-fs2-q2-findall,2397,1483,2026-08-10T07:07:48.384Z
5^(1+4):2^(1+4).5.4,2000000,true,0,true,2026-08-10T06:59:57.615Z,1.12.6,1.9.0-DEV,428070c0f9ad,4.16.0,1.3.11,ctbllib-fs2-q2-findall,2397,1484,2026-08-10T07:07:48.447Z
5^(1+4):4.3^2:D8,900000,true,0,true,2026-08-10T06:59:57.615Z,1.12.6,1.9.0-DEV,428070c0f9ad,4.16.0,1.3.11,ctbllib-fs2-q2-findall,2397,1485,2026-08-10T07:07:48.511Z
5^(1+4):4S6,9000000,false,0,true,2026-08-10T06:59:57.615Z,1.12.6,1.9.0-DEV,428070c0f9ad,4.16.0,1.3.11,ctbllib-fs2-q2-findall,2397,1486,2026-08-10T07:07:48.58Z
"5^(1+4):GL(2,5)",1500000,false,0,true,2026-08-10T06:59:57.615Z,1.12.6,1.9.0-DEV,428070c0f9ad,4.16.0,1.3.11,ctbllib-fs2-q2-findall,2397,1487,2026-08-10T07:07:48.652Z
5^(1+4)_+:(4Y2^(1+4)_-.5.4),4000000,true,0,true,2026-08-10T06:59:57.615Z,1.12.6,1.9.0-DEV,428070c0f9ad,4.16.0,1.3.11,ctbllib-fs2-q2-findall,2397,1488,2026-08-10T07:07:48.73Z
5^(1+6):2.J2.4,378000000000,false,0,true,2026-08-10T06:59:57.615Z,1.12.6,1.9.0-DEV,428070c0f9ad,4.16.0,1.3.11,ctbllib-fs2-q2-findall,2397,1489,2026-08-10T07:07:48.899Z
5^(2+2+4):(S3xGL2(5)),1125000000,false,0,true,2026-08-10T06:59:57.615Z,1.12.6,1.9.0-DEV,428070c0f9ad,4.16.0,1.3.11,ctbllib-fs2-q2-findall,2397,1490,2026-08-10T07:07:48.981Z
5^(3+3).(2xL3(5)),11625000000,false,0,true,2026-08-10T06:59:57.615Z,1.12.6,1.9.0-DEV,428070c0f9ad,4.16.0,1.3.11,ctbllib-fs2-q2-findall,2397,1491,2026-08-10T07:07:49.034Z
5^1+2.2A4,3000,true,0,true,2026-08-10T06:59:57.615Z,1.12.6,1.9.0-DEV,428070c0f9ad,4.16.0,1.3.11,ctbllib-fs2-q2-findall,2397,1492,2026-08-10T07:07:49.115Z
5^1+2:(2^5),4000,true,0,true,2026-08-10T06:59:57.615Z,1.12.6,1.9.0-DEV,428070c0f9ad,4.16.0,1.3.11,ctbllib-fs2-q2-findall,2397,1493,2026-08-10T07:07:49.16Z
5^2.5.5^2.4A5,750000,false,0,true,2026-08-10T06:59:57.615Z,1.12.6,1.9.0-DEV,428070c0f9ad,4.16.0,1.3.11,ctbllib-fs2-q2-findall,2397,1494,2026-08-10T07:07:49.236Z
5^2.5.5^2.4S5,1500000,false,0,true,2026-08-10T06:59:57.615Z,1.12.6,1.9.0-DEV,428070c0f9ad,4.16.0,1.3.11,ctbllib-fs2-q2-findall,2397,1495,2026-08-10T07:07:49.253Z
5^2:(4xS3),600,true,0,true,2026-08-10T06:59:57.615Z,1.12.6,1.9.0-DEV,428070c0f9ad,4.16.0,1.3.11,ctbllib-fs2-q2-findall,2397,1496,2026-08-10T07:07:49.296Z
5^2:12,300,true,0,true,2026-08-10T06:59:57.615Z,1.12.6,1.9.0-DEV,428070c0f9ad,4.16.0,1.3.11,ctbllib-fs2-q2-findall,2397,1497,2026-08-10T07:07:49.571Z
5^2:2A5,3000,false,0,true,2026-08-10T06:59:57.615Z,1.12.6,1.9.0-DEV,428070c0f9ad,4.16.0,1.3.11,ctbllib-fs2-q2-findall,2397,1498,2026-08-10T07:07:49.61Z
5^2:4A4,1200,true,0,true,2026-08-10T06:59:57.615Z,1.12.6,1.9.0-DEV,428070c0f9ad,4.16.0,1.3.11,ctbllib-fs2-q2-findall,2397,1499,2026-08-10T07:07:49.651Z
5^2:4S4xS5,288000,false,0,true,2026-08-10T06:59:57.615Z,1.12.6,1.9.0-DEV,428070c0f9ad,4.16.0,1.3.11,ctbllib-fs2-q2-findall,2397,1500,2026-08-10T07:07:49.987Z
5^2:4s5,12000,false,0,true,2026-08-10T06:59:57.615Z,1.12.6,1.9.0-DEV,428070c0f9ad,4.16.0,1.3.11,ctbllib-fs2-q2-findall,2397,1501,2026-08-10T07:07:50.051Z
5^2:D12,300,true,0,true,2026-08-10T06:59:57.615Z,1.12.6,1.9.0-DEV,428070c0f9ad,4.16.0,1.3.11,ctbllib-fs2-q2-findall,2397,1502,2026-08-10T07:07:50.07Z
5^2:S3,150,true,0,true,2026-08-10T06:59:57.615Z,1.12.6,1.9.0-DEV,428070c0f9ad,4.16.0,1.3.11,ctbllib-fs2-q2-findall,2397,1503,2026-08-10T07:07:50.106Z
"5^3.psl(3,5)",46500000,false,0,true,2026-08-10T06:59:57.615Z,1.12.6,1.9.0-DEV,428070c0f9ad,4.16.0,1.3.11,ctbllib-fs2-q2-findall,2397,1504,2026-08-10T07:07:50.166Z
5^3:(2xA5).2,30000,false,0,true,2026-08-10T06:59:57.615Z,1.12.6,1.9.0-DEV,428070c0f9ad,4.16.0,1.3.11,ctbllib-fs2-q2-findall,2397,1505,2026-08-10T07:07:50.204Z
5^3:(4x(2xA5).2),120000,false,0,true,2026-08-10T06:59:57.615Z,1.12.6,1.9.0-DEV,428070c0f9ad,4.16.0,1.3.11,ctbllib-fs2-q2-findall,2397,1506,2026-08-10T07:07:50.519Z
5^3:(4xS5),60000,false,0,true,2026-08-10T06:59:57.615Z,1.12.6,1.9.0-DEV,428070c0f9ad,4.16.0,1.3.11,ctbllib-fs2-q2-findall,2397,1507,2026-08-10T07:07:50.574Z
5^3:62,7750,true,0,true,2026-08-10T06:59:57.615Z,1.12.6,1.9.0-DEV,428070c0f9ad,4.16.0,1.3.11,ctbllib-fs2-q2-findall,2397,1508,2026-08-10T07:07:50.751Z
5^4:(3x2.L2(25)).2,58500000,false,0,true,2026-08-10T06:59:57.615Z,1.12.6,1.9.0-DEV,428070c0f9ad,4.16.0,1.3.11,ctbllib-fs2-q2-findall,2397,1509,2026-08-10T07:07:50.873Z
5xA5,300,false,0,true,2026-08-10T06:59:57.615Z,1.12.6,1.9.0-DEV,428070c0f9ad,4.16.0,1.3.11,ctbllib-fs2-q2-findall,2397,1510,2026-08-10T07:07:50.935Z
5xIsoclinic(2.A6.2_2),7200,false,0,true,2026-08-10T06:59:57.615Z,1.12.6,1.9.0-DEV,428070c0f9ad,4.16.0,1.3.11,ctbllib-fs2-q2-findall,2397,1511,2026-08-10T07:07:51.066Z
6.(3^(1+4).[2^7.3]),559872,true,0,true,2026-08-10T06:59:57.615Z,1.12.6,1.9.0-DEV,428070c0f9ad,4.16.0,1.3.11,ctbllib-fs2-q2-findall,2397,1512,2026-08-10T07:07:51.702Z
6.(3^5:U4(2):2),75582720,false,0,true,2026-08-10T06:59:57.615Z,1.12.6,1.9.0-DEV,428070c0f9ad,4.16.0,1.3.11,ctbllib-fs2-q2-findall,2397,1513,2026-08-10T07:07:51.9Z
6.(A4x2(A4xA4).2).2,82944,true,0,true,2026-08-10T06:59:57.615Z,1.12.6,1.9.0-DEV,428070c0f9ad,4.16.0,1.3.11,ctbllib-fs2-q2-findall,2397,1514,2026-08-10T07:07:52.084Z
6.(A4x3).2,432,true,0,true,2026-08-10T06:59:57.615Z,1.12.6,1.9.0-DEV,428070c0f9ad,4.16.0,1.3.11,ctbllib-fs2-q2-findall,2397,1515,2026-08-10T07:07:52.103Z
6.2E6(2),459194878102649123635200,false,0,true,2026-08-10T06:59:57.615Z,1.12.6,1.9.0-DEV,428070c0f9ad,4.16.0,1.3.11,ctbllib-fs2-q2-findall,2397,1516,2026-08-10T07:07:55.397Z
6.2E6(2).2,918389756205298247270400,false,0,true,2026-08-10T06:59:57.615Z,1.12.6,1.9.0-DEV,428070c0f9ad,4.16.0,1.3.11,ctbllib-fs2-q2-findall,2397,1517,2026-08-10T07:07:55.956Z
6.A6,2160,false,0,true,2026-08-10T06:59:57.615Z,1.12.6,1.9.0-DEV,428070c0f9ad,4.16.0,1.3.11,ctbllib-fs2-q2-findall,2397,1518,2026-08-10T07:07:56.006Z
6.A6.2_1,4320,false,0,true,2026-08-10T06:59:57.615Z,1.12.6,1.9.0-DEV,428070c0f9ad,4.16.0,1.3.11,ctbllib-fs2-q2-findall,2397,1519,2026-08-10T07:07:56.018Z
6.A6.2_2,4320,false,0,true,2026-08-10T06:59:57.615Z,1.12.6,1.9.0-DEV,428070c0f9ad,4.16.0,1.3.11,ctbllib-fs2-q2-findall,2397,1520,2026-08-10T07:07:56.03Z
6.A6M3,216,true,0,true,2026-08-10T06:59:57.615Z,1.12.6,1.9.0-DEV,428070c0f9ad,4.16.0,1.3.11,ctbllib-fs2-q2-findall,2397,1521,2026-08-10T07:07:56.055Z
6.A6N2,48,true,0,true,2026-08-10T06:59:57.615Z,1.12.6,1.9.0-DEV,428070c0f9ad,4.16.0,1.3.11,ctbllib-fs2-q2-findall,2397,1522,2026-08-10T07:07:56.339Z
6.A7,15120,false,0,true,2026-08-10T06:59:57.615Z,1.12.6,1.9.0-DEV,428070c0f9ad,4.16.0,1.3.11,ctbllib-fs2-q2-findall,2397,1523,2026-08-10T07:07:57.387Z
6.A7.2,30240,false,0,true,2026-08-10T06:59:57.615Z,1.12.6,1.9.0-DEV,428070c0f9ad,4.16.0,1.3.11,ctbllib-fs2-q2-findall,2397,1524,2026-08-10T07:07:57.4Z
6.Fi22,387370509926400,false,0,true,2026-08-10T06:59:57.615Z,1.12.6,1.9.0-DEV,428070c0f9ad,4.16.0,1.3.11,ctbllib-fs2-q2-findall,2397,1525,2026-08-10T07:07:57.733Z
6.Fi22.2,774741019852800,false,0,true,2026-08-10T06:59:57.615Z,1.12.6,1.9.0-DEV,428070c0f9ad,4.16.0,1.3.11,ctbllib-fs2-q2-findall,2397,1526,2026-08-10T07:07:57.913Z
6.Fi22M5,2724986880,false,1,true,2026-08-10T06:59:57.615Z,1.12.6,1.9.0-DEV,428070c0f9ad,4.16.0,1.3.11,ctbllib-fs2-q2-findall,2397,1527,2026-08-10T07:07:58.163Z
6.L3(4),120960,false,0,true,2026-08-10T06:59:57.615Z,1.12.6,1.9.0-DEV,428070c0f9ad,4.16.0,1.3.11,ctbllib-fs2-q2-findall,2397,1528,2026-08-10T07:07:58.221Z
6.L3(4).(2^2)_{1*2*3*},483840,false,0,true,2026-08-10T06:59:57.615Z,1.12.6,1.9.0-DEV,428070c0f9ad,4.16.0,1.3.11,ctbllib-fs2-q2-findall,2397,1529,2026-08-10T07:07:58.249Z
6.L3(4).(2^2)_{1*2*3},483840,false,0,true,2026-08-10T06:59:57.615Z,1.12.6,1.9.0-DEV,428070c0f9ad,4.16.0,1.3.11,ctbllib-fs2-q2-findall,2397,1530,2026-08-10T07:07:58.272Z
6.L3(4).(2^2)_{1*23*},483840,false,0,true,2026-08-10T06:59:57.615Z,1.12.6,1.9.0-DEV,428070c0f9ad,4.16.0,1.3.11,ctbllib-fs2-q2-findall,2397,1531,2026-08-10T07:07:58.295Z
6.L3(4).(2^2)_{1*23},483840,false,0,true,2026-08-10T06:59:57.615Z,1.12.6,1.9.0-DEV,428070c0f9ad,4.16.0,1.3.11,ctbllib-fs2-q2-findall,2397,1532,2026-08-10T07:07:58.315Z
6.L3(4).(2^2)_{12*3*},483840,false,0,true,2026-08-10T06:59:57.615Z,1.12.6,1.9.0-DEV,428070c0f9ad,4.16.0,1.3.11,ctbllib-fs2-q2-findall,2397,1533,2026-08-10T07:07:58.338Z
6.L3(4).(2^2)_{12*3},483840,false,0,true,2026-08-10T06:59:57.615Z,1.12.6,1.9.0-DEV,428070c0f9ad,4.16.0,1.3.11,ctbllib-fs2-q2-findall,2397,1534,2026-08-10T07:07:58.359Z
6.L3(4).(2^2)_{123*},483840,false,0,true,2026-08-10T06:59:57.615Z,1.12.6,1.9.0-DEV,428070c0f9ad,4.16.0,1.3.11,ctbllib-fs2-q2-findall,2397,1535,2026-08-10T07:07:58.377Z
6.L3(4).(2^2)_{123},483840,false,0,true,2026-08-10T06:59:57.615Z,1.12.6,1.9.0-DEV,428070c0f9ad,4.16.0,1.3.11,ctbllib-fs2-q2-findall,2397,1536,2026-08-10T07:07:58.398Z
6.L3(4).2_1,241920,false,0,true,2026-08-10T06:59:57.615Z,1.12.6,1.9.0-DEV,428070c0f9ad,4.16.0,1.3.11,ctbllib-fs2-q2-findall,2397,1537,2026-08-10T07:07:58.439Z
6.L3(4).2_2,241920,false,0,true,2026-08-10T06:59:57.615Z,1.12.6,1.9.0-DEV,428070c0f9ad,4.16.0,1.3.11,ctbllib-fs2-q2-findall,2397,1538,2026-08-10T07:07:58.459Z
6.L3(4).2_3,241920,false,0,true,2026-08-10T06:59:57.615Z,1.12.6,1.9.0-DEV,428070c0f9ad,4.16.0,1.3.11,ctbllib-fs2-q2-findall,2397,1539,2026-08-10T07:07:58.477Z
6.M22,2661120,false,0,true,2026-08-10T06:59:57.615Z,1.12.6,1.9.0-DEV,428070c0f9ad,4.16.0,1.3.11,ctbllib-fs2-q2-findall,2397,1540,2026-08-10T07:07:58.536Z
6.M22.2,5322240,false,0,true,2026-08-10T06:59:57.615Z,1.12.6,1.9.0-DEV,428070c0f9ad,4.16.0,1.3.11,ctbllib-fs2-q2-findall,2397,1541,2026-08-10T07:07:58.568Z
6.M22M2,34560,false,0,true,2026-08-10T06:59:57.615Z,1.12.6,1.9.0-DEV,428070c0f9ad,4.16.0,1.3.11,ctbllib-fs2-q2-findall,2397,1542,2026-08-10T07:07:58.616Z
6.O7(3),27512110080,false,0,true,2026-08-10T06:59:57.615Z,1.12.6,1.9.0-DEV,428070c0f9ad,4.16.0,1.3.11,ctbllib-fs2-q2-findall,2397,1543,2026-08-10T07:07:58.806Z
6.O7(3).2,55024220160,false,0,true,2026-08-10T06:59:57.615Z,1.12.6,1.9.0-DEV,428070c0f9ad,4.16.0,1.3.11,ctbllib-fs2-q2-findall,2397,1544,2026-08-10T07:07:59.662Z
6.O7(3)M9,7558272,true,0,true,2026-08-10T06:59:57.615Z,1.12.6,1.9.0-DEV,428070c0f9ad,4.16.0,1.3.11,ctbllib-fs2-q2-findall,2397,1545,2026-08-10T07:07:59.877Z
6.Suz,2690072985600,false,0,true,2026-08-10T06:59:57.615Z,1.12.6,1.9.0-DEV,428070c0f9ad,4.16.0,1.3.11,ctbllib-fs2-q2-findall,2397,1546,2026-08-10T07:08:00.138Z
6.Suz.2,5380145971200,false,0,true,2026-08-10T06:59:57.615Z,1.12.6,1.9.0-DEV,428070c0f9ad,4.16.0,1.3.11,ctbllib-fs2-q2-findall,2397,1547,2026-08-10T07:08:00.225Z
6.SuzM11,839808,true,0,true,2026-08-10T06:59:57.615Z,1.12.6,1.9.0-DEV,428070c0f9ad,4.16.0,1.3.11,ctbllib-fs2-q2-findall,2397,1548,2026-08-10T07:08:00.495Z
6.SuzM8,2903040,false,0,true,2026-08-10T06:59:57.615Z,1.12.6,1.9.0-DEV,428070c0f9ad,4.16.0,1.3.11,ctbllib-fs2-q2-findall,2397,1549,2026-08-10T07:08:00.655Z
6.U6(2),55180984320,false,0,true,2026-08-10T06:59:57.615Z,1.12.6,1.9.0-DEV,428070c0f9ad,4.16.0,1.3.11,ctbllib-fs2-q2-findall,2397,1550,2026-08-10T07:08:00.94Z
6.U6(2).2,110361968640,false,0,true,2026-08-10T06:59:57.615Z,1.12.6,1.9.0-DEV,428070c0f9ad,4.16.0,1.3.11,ctbllib-fs2-q2-findall,2397,1551,2026-08-10T07:08:03.245Z
6.U6(2)M3,61931520,false,0,true,2026-08-10T06:59:57.615Z,1.12.6,1.9.0-DEV,428070c0f9ad,4.16.0,1.3.11,ctbllib-fs2-q2-findall,2397,1552,2026-08-10T07:08:03.474Z
67:22,1474,true,0,true,2026-08-10T06:59:57.615Z,1.12.6,1.9.0-DEV,428070c0f9ad,4.16.0,1.3.11,ctbllib-fs2-q2-findall,2397,1553,2026-08-10T07:08:03.544Z
6^2:D12,432,true,0,true,2026-08-10T06:59:57.615Z,1.12.6,1.9.0-DEV,428070c0f9ad,4.16.0,1.3.11,ctbllib-fs2-q2-findall,2397,1554,2026-08-10T07:08:03.581Z
6^2:S3,216,true,0,true,2026-08-10T06:59:57.615Z,1.12.6,1.9.0-DEV,428070c0f9ad,4.16.0,1.3.11,ctbllib-fs2-q2-findall,2397,1555,2026-08-10T07:08:03.593Z
6_1.U4(3),19595520,false,0,true,2026-08-10T06:59:57.615Z,1.12.6,1.9.0-DEV,428070c0f9ad,4.16.0,1.3.11,ctbllib-fs2-q2-findall,2397,1556,2026-08-10T07:08:03.738Z
6_1.U4(3).2_1,39191040,false,0,true,2026-08-10T06:59:57.615Z,1.12.6,1.9.0-DEV,428070c0f9ad,4.16.0,1.3.11,ctbllib-fs2-q2-findall,2397,1557,2026-08-10T07:08:03.783Z
6_1.U4(3).2_2,39191040,false,0,true,2026-08-10T06:59:57.615Z,1.12.6,1.9.0-DEV,428070c0f9ad,4.16.0,1.3.11,ctbllib-fs2-q2-findall,2397,1558,2026-08-10T07:08:03.96Z
6_1.U4(3).2_2',39191040,false,0,true,2026-08-10T06:59:57.615Z,1.12.6,1.9.0-DEV,428070c0f9ad,4.16.0,1.3.11,ctbllib-fs2-q2-findall,2397,1559,2026-08-10T07:08:04.004Z
6_2.U4(3),19595520,false,0,true,2026-08-10T06:59:57.615Z,1.12.6,1.9.0-DEV,428070c0f9ad,4.16.0,1.3.11,ctbllib-fs2-q2-findall,2397,1560,2026-08-10T07:08:04.059Z
6_2.U4(3).2_1,39191040,false,0,true,2026-08-10T06:59:57.615Z,1.12.6,1.9.0-DEV,428070c0f9ad,4.16.0,1.3.11,ctbllib-fs2-q2-findall,2397,1561,2026-08-10T07:08:04.099Z
6_2.U4(3).2_3,39191040,false,0,true,2026-08-10T06:59:57.615Z,1.12.6,1.9.0-DEV,428070c0f9ad,4.16.0,1.3.11,ctbllib-fs2-q2-findall,2397,1562,2026-08-10T07:08:04.17Z
6_2.U4(3).2_3',39191040,false,0,true,2026-08-10T06:59:57.615Z,1.12.6,1.9.0-DEV,428070c0f9ad,4.16.0,1.3.11,ctbllib-fs2-q2-findall,2397,1563,2026-08-10T07:08:04.196Z
6x11:5,330,true,0,true,2026-08-10T06:59:57.615Z,1.12.6,1.9.0-DEV,428070c0f9ad,4.16.0,1.3.11,ctbllib-fs2-q2-findall,2397,1564,2026-08-10T07:08:04.564Z
6x13:6,468,true,0,true,2026-08-10T06:59:57.615Z,1.12.6,1.9.0-DEV,428070c0f9ad,4.16.0,1.3.11,ctbllib-fs2-q2-findall,2397,1565,2026-08-10T07:08:04.903Z
6x2.F4(2),39733519240396800,false,0,true,2026-08-10T06:59:57.615Z,1.12.6,1.9.0-DEV,428070c0f9ad,4.16.0,1.3.11,ctbllib-fs2-q2-findall,2397,1566,2026-08-10T07:08:13.377Z
6x2^3:L3(2),8064,false,0,true,2026-08-10T06:59:57.615Z,1.12.6,1.9.0-DEV,428070c0f9ad,4.16.0,1.3.11,ctbllib-fs2-q2-findall,2397,1567,2026-08-10T07:08:13.467Z
6x5:4,120,true,0,true,2026-08-10T06:59:57.615Z,1.12.6,1.9.0-DEV,428070c0f9ad,4.16.0,1.3.11,ctbllib-fs2-q2-findall,2397,1568,2026-08-10T07:08:13.563Z
6x5:4xS5,14400,false,0,true,2026-08-10T06:59:57.615Z,1.12.6,1.9.0-DEV,428070c0f9ad,4.16.0,1.3.11,ctbllib-fs2-q2-findall,2397,1569,2026-08-10T07:08:16.177Z
6x7:3,126,true,0,true,2026-08-10T06:59:57.615Z,1.12.6,1.9.0-DEV,428070c0f9ad,4.16.0,1.3.11,ctbllib-fs2-q2-findall,2397,1570,2026-08-10T07:08:16.488Z
6xF4(2),19866759620198400,false,0,true,2026-08-10T06:59:57.615Z,1.12.6,1.9.0-DEV,428070c0f9ad,4.16.0,1.3.11,ctbllib-fs2-q2-findall,2397,1571,2026-08-10T07:08:20.187Z
6xFi22N5,14400,true,0,true,2026-08-10T06:59:57.615Z,1.12.6,1.9.0-DEV,428070c0f9ad,4.16.0,1.3.11,ctbllib-fs2-q2-findall,2397,1572,2026-08-10T07:08:20.608Z
6xL2(11),3960,false,0,true,2026-08-10T06:59:57.615Z,1.12.6,1.9.0-DEV,428070c0f9ad,4.16.0,1.3.11,ctbllib-fs2-q2-findall,2397,1573,2026-08-10T07:08:20.681Z
6xL3(2),1008,false,0,true,2026-08-10T06:59:57.615Z,1.12.6,1.9.0-DEV,428070c0f9ad,4.16.0,1.3.11,ctbllib-fs2-q2-findall,2397,1574,2026-08-10T07:08:20.73Z
6xO8+(2):S3,6270566400,false,0,true,2026-08-10T06:59:57.615Z,1.12.6,1.9.0-DEV,428070c0f9ad,4.16.0,1.3.11,ctbllib-fs2-q2-findall,2397,1575,2026-08-10T07:08:21.633Z
6xS3x7:6,1512,true,0,true,2026-08-10T06:59:57.615Z,1.12.6,1.9.0-DEV,428070c0f9ad,4.16.0,1.3.11,ctbllib-fs2-q2-findall,2397,1576,2026-08-10T07:08:22.169Z
6xS3xU4(2),933120,false,0,true,2026-08-10T06:59:57.615Z,1.12.6,1.9.0-DEV,428070c0f9ad,4.16.0,1.3.11,ctbllib-fs2-q2-findall,2397,1577,2026-08-10T07:08:25.708Z
6xS6(2),8709120,false,0,true,2026-08-10T06:59:57.615Z,1.12.6,1.9.0-DEV,428070c0f9ad,4.16.0,1.3.11,ctbllib-fs2-q2-findall,2397,1578,2026-08-10T07:08:26.139Z
6xU5(2),82114560,false,0,true,2026-08-10T06:59:57.615Z,1.12.6,1.9.0-DEV,428070c0f9ad,4.16.0,1.3.11,ctbllib-fs2-q2-findall,2397,1579,2026-08-10T07:08:26.799Z
73:3,219,true,0,true,2026-08-10T06:59:57.615Z,1.12.6,1.9.0-DEV,428070c0f9ad,4.16.0,1.3.11,ctbllib-fs2-q2-findall,2397,1580,2026-08-10T07:08:26.925Z
7:12,84,true,0,true,2026-08-10T06:59:57.615Z,1.12.6,1.9.0-DEV,428070c0f9ad,4.16.0,1.3.11,ctbllib-fs2-q2-findall,2397,1581,2026-08-10T07:08:27.207Z
7:3,21,true,0,true,2026-08-10T06:59:57.615Z,1.12.6,1.9.0-DEV,428070c0f9ad,4.16.0,1.3.11,ctbllib-fs2-q2-findall,2397,1582,2026-08-10T07:08:27.221Z
7:3x3,63,true,0,true,2026-08-10T06:59:57.615Z,1.12.6,1.9.0-DEV,428070c0f9ad,4.16.0,1.3.11,ctbllib-fs2-q2-findall,2397,1583,2026-08-10T07:08:27.244Z
7:3xS3,126,true,0,true,2026-08-10T06:59:57.615Z,1.12.6,1.9.0-DEV,428070c0f9ad,4.16.0,1.3.11,ctbllib-fs2-q2-findall,2397,1584,2026-08-10T07:08:27.295Z
7:3xS4,504,true,0,true,2026-08-10T06:59:57.615Z,1.12.6,1.9.0-DEV,428070c0f9ad,4.16.0,1.3.11,ctbllib-fs2-q2-findall,2397,1585,2026-08-10T07:08:27.369Z
7:3xS5,2520,false,0,true,2026-08-10T06:59:57.615Z,1.12.6,1.9.0-DEV,428070c0f9ad,4.16.0,1.3.11,ctbllib-fs2-q2-findall,2397,1586,2026-08-10T07:08:27.706Z
"7:3xpsl(3,2)",3528,false,0,true,2026-08-10T06:59:57.615Z,1.12.6,1.9.0-DEV,428070c0f9ad,4.16.0,1.3.11,ctbllib-fs2-q2-findall,2397,1587,2026-08-10T07:08:29.014Z
7:6,42,true,0,true,2026-08-10T06:59:57.615Z,1.12.6,1.9.0-DEV,428070c0f9ad,4.16.0,1.3.11,ctbllib-fs2-q2-findall,2397,1588,2026-08-10T07:08:29.038Z
7:6xA5.2,5040,false,0,true,2026-08-10T06:59:57.615Z,1.12.6,1.9.0-DEV,428070c0f9ad,4.16.0,1.3.11,ctbllib-fs2-q2-findall,2397,1589,2026-08-10T07:08:29.152Z
7:6xA7,105840,false,0,true,2026-08-10T06:59:57.615Z,1.12.6,1.9.0-DEV,428070c0f9ad,4.16.0,1.3.11,ctbllib-fs2-q2-findall,2397,1590,2026-08-10T07:08:29.292Z
7:6xL3(2),7056,false,0,true,2026-08-10T06:59:57.615Z,1.12.6,1.9.0-DEV,428070c0f9ad,4.16.0,1.3.11,ctbllib-fs2-q2-findall,2397,1591,2026-08-10T07:08:29.402Z
7:6xS7,211680,false,0,true,2026-08-10T06:59:57.615Z,1.12.6,1.9.0-DEV,428070c0f9ad,4.16.0,1.3.11,ctbllib-fs2-q2-findall,2397,1592,2026-08-10T07:08:29.647Z
"7^(1+2).Sp(2,7)",115248,false,0,true,2026-08-10T06:59:57.615Z,1.12.6,1.9.0-DEV,428070c0f9ad,4.16.0,1.3.11,ctbllib-fs2-q2-findall,2397,1593,2026-08-10T07:08:29.714Z
7^(1+2):(D8x3),8232,true,0,true,2026-08-10T06:59:57.615Z,1.12.6,1.9.0-DEV,428070c0f9ad,4.16.0,1.3.11,ctbllib-fs2-q2-findall,2397,1594,2026-08-10T07:08:29.759Z
7^(1+2):(S3x3),6174,true,0,true,2026-08-10T06:59:57.615Z,1.12.6,1.9.0-DEV,428070c0f9ad,4.16.0,1.3.11,ctbllib-fs2-q2-findall,2397,1595,2026-08-10T07:08:29.771Z
7^(1+2):(S3x6),12348,true,0,true,2026-08-10T06:59:57.615Z,1.12.6,1.9.0-DEV,428070c0f9ad,4.16.0,1.3.11,ctbllib-fs2-q2-findall,2397,1596,2026-08-10T07:08:29.785Z
7^(1+2):48,16464,true,0,true,2026-08-10T06:59:57.615Z,1.12.6,1.9.0-DEV,428070c0f9ad,4.16.0,1.3.11,ctbllib-fs2-q2-findall,2397,1597,2026-08-10T07:08:29.872Z
7^(1+2)_+:(3xD16),16464,true,0,true,2026-08-10T06:59:57.615Z,1.12.6,1.9.0-DEV,428070c0f9ad,4.16.0,1.3.11,ctbllib-fs2-q2-findall,2397,1598,2026-08-10T07:08:29.934Z
7^(1+2)_+:(6xS3).2,24696,true,0,true,2026-08-10T06:59:57.615Z,1.12.6,1.9.0-DEV,428070c0f9ad,4.16.0,1.3.11,ctbllib-fs2-q2-findall,2397,1599,2026-08-10T07:08:30.04Z
7^(1+4):(3x2.S7),508243680,false,0,true,2026-08-10T06:59:57.615Z,1.12.6,1.9.0-DEV,428070c0f9ad,4.16.0,1.3.11,ctbllib-fs2-q2-findall,2397,1600,2026-08-10T07:08:30.284Z
7^(2+1+2):GL2(7),33882912,false,0,true,2026-08-10T06:59:57.615Z,1.12.6,1.9.0-DEV,428070c0f9ad,4.16.0,1.3.11,ctbllib-fs2-q2-findall,2397,1601,2026-08-10T07:08:30.419Z
7^1+2.6,2058,true,0,true,2026-08-10T06:59:57.615Z,1.12.6,1.9.0-DEV,428070c0f9ad,4.16.0,1.3.11,ctbllib-fs2-q2-findall,2397,1602,2026-08-10T07:08:30.528Z
7^1+4.2A7,84707280,false,0,true,2026-08-10T06:59:57.615Z,1.12.6,1.9.0-DEV,428070c0f9ad,4.16.0,1.3.11,ctbllib-fs2-q2-findall,2397,1603,2026-08-10T07:08:30.612Z
7^2:(3x2A4),3528,true,0,true,2026-08-10T06:59:57.615Z,1.12.6,1.9.0-DEV,428070c0f9ad,4.16.0,1.3.11,ctbllib-fs2-q2-findall,2397,1604,2026-08-10T07:08:30.66Z
7^2:(3x2S4),7056,true,0,true,2026-08-10T06:59:57.615Z,1.12.6,1.9.0-DEV,428070c0f9ad,4.16.0,1.3.11,ctbllib-fs2-q2-findall,2397,1605,2026-08-10T07:08:30.723Z
7^2:2.L2(7).2,32928,false,0,true,2026-08-10T06:59:57.615Z,1.12.6,1.9.0-DEV,428070c0f9ad,4.16.0,1.3.11,ctbllib-fs2-q2-findall,2397,1606,2026-08-10T07:08:30.788Z
7^2:24,1176,true,0,true,2026-08-10T06:59:57.615Z,1.12.6,1.9.0-DEV,428070c0f9ad,4.16.0,1.3.11,ctbllib-fs2-q2-findall,2397,1607,2026-08-10T07:08:30.81Z
7^2:2A4,1176,true,0,true,2026-08-10T06:59:57.615Z,1.12.6,1.9.0-DEV,428070c0f9ad,4.16.0,1.3.11,ctbllib-fs2-q2-findall,2397,1608,2026-08-10T07:08:30.847Z
"7^2:2psl(2,7)",16464,false,0,true,2026-08-10T06:59:57.615Z,1.12.6,1.9.0-DEV,428070c0f9ad,4.16.0,1.3.11,ctbllib-fs2-q2-findall,2397,1609,2026-08-10T07:08:30.904Z
7^2:S3,294,true,0,true,2026-08-10T06:59:57.615Z,1.12.6,1.9.0-DEV,428070c0f9ad,4.16.0,1.3.11,ctbllib-fs2-q2-findall,2397,1610,2026-08-10T07:08:30.945Z
7xL2(8),3528,false,0,true,2026-08-10T06:59:57.615Z,1.12.6,1.9.0-DEV,428070c0f9ad,4.16.0,1.3.11,ctbllib-fs2-q2-findall,2397,1611,2026-08-10T07:08:31.135Z
8^2:S3,384,true,0,true,2026-08-10T06:59:57.615Z,1.12.6,1.9.0-DEV,428070c0f9ad,4.16.0,1.3.11,ctbllib-fs2-q2-findall,2397,1612,2026-08-10T07:08:31.178Z
9.U3(8).3_3,148925952,false,0,true,2026-08-10T06:59:57.615Z,1.12.6,1.9.0-DEV,428070c0f9ad,4.16.0,1.3.11,ctbllib-fs2-q2-findall,2397,1613,2026-08-10T07:08:33.626Z
91:3,273,true,0,true,2026-08-10T06:59:57.615Z,1.12.6,1.9.0-DEV,428070c0f9ad,4.16.0,1.3.11,ctbllib-fs2-q2-findall,2397,1614,2026-08-10T07:08:33.791Z
9:6,54,true,0,true,2026-08-10T06:59:57.615Z,1.12.6,1.9.0-DEV,428070c0f9ad,4.16.0,1.3.11,ctbllib-fs2-q2-findall,2397,1615,2026-08-10T07:08:33.804Z
A10,1814400,false,0,true,2026-08-10T06:59:57.615Z,1.12.6,1.9.0-DEV,428070c0f9ad,4.16.0,1.3.11,ctbllib-fs2-q2-findall,2397,1616,2026-08-10T07:08:33.844Z
A10.2,3628800,false,0,true,2026-08-10T06:59:57.615Z,1.12.6,1.9.0-DEV,428070c0f9ad,4.16.0,1.3.11,ctbllib-fs2-q2-findall,2397,1617,2026-08-10T07:08:33.863Z
A11,19958400,false,0,true,2026-08-10T06:59:57.615Z,1.12.6,1.9.0-DEV,428070c0f9ad,4.16.0,1.3.11,ctbllib-fs2-q2-findall,2397,1618,2026-08-10T07:08:33.874Z
A11.2,39916800,false,0,true,2026-08-10T06:59:57.615Z,1.12.6,1.9.0-DEV,428070c0f9ad,4.16.0,1.3.11,ctbllib-fs2-q2-findall,2397,1619,2026-08-10T07:08:33.898Z
A11Syl2,128,true,0,true,2026-08-10T06:59:57.615Z,1.12.6,1.9.0-DEV,428070c0f9ad,4.16.0,1.3.11,ctbllib-fs2-q2-findall,2397,1620,2026-08-10T07:08:33.914Z
A12,239500800,false,0,true,2026-08-10T06:59:57.615Z,1.12.6,1.9.0-DEV,428070c0f9ad,4.16.0,1.3.11,ctbllib-fs2-q2-findall,2397,1621,2026-08-10T07:08:33.963Z
A12.2,479001600,false,0,true,2026-08-10T06:59:57.615Z,1.12.6,1.9.0-DEV,428070c0f9ad,4.16.0,1.3.11,ctbllib-fs2-q2-findall,2397,1622,2026-08-10T07:08:34.014Z
A13,3113510400,false,0,true,2026-08-10T06:59:57.615Z,1.12.6,1.9.0-DEV,428070c0f9ad,4.16.0,1.3.11,ctbllib-fs2-q2-findall,2397,1623,2026-08-10T07:08:34.038Z
A13.2,6227020800,false,0,true,2026-08-10T06:59:57.615Z,1.12.6,1.9.0-DEV,428070c0f9ad,4.16.0,1.3.11,ctbllib-fs2-q2-findall,2397,1624,2026-08-10T07:08:34.107Z
A14,43589145600,false,0,true,2026-08-10T06:59:57.615Z,1.12.6,1.9.0-DEV,428070c0f9ad,4.16.0,1.3.11,ctbllib-fs2-q2-findall,2397,1625,2026-08-10T07:08:34.179Z
A14.2,87178291200,false,0,true,2026-08-10T06:59:57.615Z,1.12.6,1.9.0-DEV,428070c0f9ad,4.16.0,1.3.11,ctbllib-fs2-q2-findall,2397,1626,2026-08-10T07:08:34.401Z
A15,653837184000,false,0,true,2026-08-10T06:59:57.615Z,1.12.6,1.9.0-DEV,428070c0f9ad,4.16.0,1.3.11,ctbllib-fs2-q2-findall,2397,1627,2026-08-10T07:08:36.674Z
A15.2,1307674368000,false,0,true,2026-08-10T06:59:57.615Z,1.12.6,1.9.0-DEV,428070c0f9ad,4.16.0,1.3.11,ctbllib-fs2-q2-findall,2397,1628,2026-08-10T07:08:36.946Z
A16,10461394944000,false,0,true,2026-08-10T06:59:57.615Z,1.12.6,1.9.0-DEV,428070c0f9ad,4.16.0,1.3.11,ctbllib-fs2-q2-findall,2397,1629,2026-08-10T07:08:37.102Z
A16.2,20922789888000,false,0,true,2026-08-10T06:59:57.615Z,1.12.6,1.9.0-DEV,428070c0f9ad,4.16.0,1.3.11,ctbllib-fs2-q2-findall,2397,1630,2026-08-10T07:08:37.307Z
A17,177843714048000,false,0,true,2026-08-10T06:59:57.615Z,1.12.6,1.9.0-DEV,428070c0f9ad,4.16.0,1.3.11,ctbllib-fs2-q2-findall,2397,1631,2026-08-10T07:08:37.503Z
A17.2,355687428096000,false,0,true,2026-08-10T06:59:57.615Z,1.12.6,1.9.0-DEV,428070c0f9ad,4.16.0,1.3.11,ctbllib-fs2-q2-findall,2397,1632,2026-08-10T07:08:37.796Z
A18,3201186852864000,false,0,true,2026-08-10T06:59:57.615Z,1.12.6,1.9.0-DEV,428070c0f9ad,4.16.0,1.3.11,ctbllib-fs2-q2-findall,2397,1633,2026-08-10T07:08:38.034Z
A18.2,6402373705728000,false,0,true,2026-08-10T06:59:57.615Z,1.12.6,1.9.0-DEV,428070c0f9ad,4.16.0,1.3.11,ctbllib-fs2-q2-findall,2397,1634,2026-08-10T07:08:39.355Z
A19,60822550204416000,false,0,true,2026-08-10T06:59:57.615Z,1.12.6,1.9.0-DEV,428070c0f9ad,4.16.0,1.3.11,ctbllib-fs2-q2-findall,2397,1635,2026-08-10T07:08:39.663Z
A19.2,121645100408832000,false,0,true,2026-08-10T06:59:57.615Z,1.12.6,1.9.0-DEV,428070c0f9ad,4.16.0,1.3.11,ctbllib-fs2-q2-findall,2397,1636,2026-08-10T07:08:40.373Z
A4x7:3,252,true,0,true,2026-08-10T06:59:57.615Z,1.12.6,1.9.0-DEV,428070c0f9ad,4.16.0,1.3.11,ctbllib-fs2-q2-findall,2397,1637,2026-08-10T07:08:40.41Z
A4xC4,48,true,0,true,2026-08-10T06:59:57.615Z,1.12.6,1.9.0-DEV,428070c0f9ad,4.16.0,1.3.11,ctbllib-fs2-q2-findall,2397,1638,2026-08-10T07:08:40.474Z
A4xS3,72,true,0,true,2026-08-10T06:59:57.615Z,1.12.6,1.9.0-DEV,428070c0f9ad,4.16.0,1.3.11,ctbllib-fs2-q2-findall,2397,1639,2026-08-10T07:08:40.487Z
A4xU4(2),311040,false,0,true,2026-08-10T06:59:57.615Z,1.12.6,1.9.0-DEV,428070c0f9ad,4.16.0,1.3.11,ctbllib-fs2-q2-findall,2397,1640,2026-08-10T07:08:41.061Z
A5,60,false,0,true,2026-08-10T06:59:57.615Z,1.12.6,1.9.0-DEV,428070c0f9ad,4.16.0,1.3.11,ctbllib-fs2-q2-findall,2397,1641,2026-08-10T07:08:41.098Z
A5.2,120,false,0,true,2026-08-10T06:59:57.615Z,1.12.6,1.9.0-DEV,428070c0f9ad,4.16.0,1.3.11,ctbllib-fs2-q2-findall,2397,1642,2026-08-10T07:08:41.103Z
A5.2xM22.2,106444800,false,0,true,2026-08-10T06:59:57.615Z,1.12.6,1.9.0-DEV,428070c0f9ad,4.16.0,1.3.11,ctbllib-fs2-q2-findall,2397,1643,2026-08-10T07:08:41.51Z
A5xA5,3600,false,0,true,2026-08-10T06:59:57.615Z,1.12.6,1.9.0-DEV,428070c0f9ad,4.16.0,1.3.11,ctbllib-fs2-q2-findall,2397,1644,2026-08-10T07:08:41.561Z
A6,360,false,0,true,2026-08-10T06:59:57.615Z,1.12.6,1.9.0-DEV,428070c0f9ad,4.16.0,1.3.11,ctbllib-fs2-q2-findall,2397,1645,2026-08-10T07:08:41.567Z
A6.2^2,1440,false,0,true,2026-08-10T06:59:57.615Z,1.12.6,1.9.0-DEV,428070c0f9ad,4.16.0,1.3.11,ctbllib-fs2-q2-findall,2397,1646,2026-08-10T07:08:41.573Z
A6.2_1,720,false,0,true,2026-08-10T06:59:57.615Z,1.12.6,1.9.0-DEV,428070c0f9ad,4.16.0,1.3.11,ctbllib-fs2-q2-findall,2397,1647,2026-08-10T07:08:41.579Z
A6.2_2,720,false,0,true,2026-08-10T06:59:57.615Z,1.12.6,1.9.0-DEV,428070c0f9ad,4.16.0,1.3.11,ctbllib-fs2-q2-findall,2397,1648,2026-08-10T07:08:41.584Z
A6.2_3,720,false,0,true,2026-08-10T06:59:57.615Z,1.12.6,1.9.0-DEV,428070c0f9ad,4.16.0,1.3.11,ctbllib-fs2-q2-findall,2397,1649,2026-08-10T07:08:41.588Z
A6.D8,2880,false,0,true,2026-08-10T06:59:57.615Z,1.12.6,1.9.0-DEV,428070c0f9ad,4.16.0,1.3.11,ctbllib-fs2-q2-findall,2397,1650,2026-08-10T07:08:41.652Z
A6xL2(8):3,544320,false,0,true,2026-08-10T06:59:57.615Z,1.12.6,1.9.0-DEV,428070c0f9ad,4.16.0,1.3.11,ctbllib-fs2-q2-findall,2397,1651,2026-08-10T07:08:41.809Z
A7,2520,false,0,true,2026-08-10T06:59:57.615Z,1.12.6,1.9.0-DEV,428070c0f9ad,4.16.0,1.3.11,ctbllib-fs2-q2-findall,2397,1652,2026-08-10T07:08:41.846Z
A7.2,5040,false,0,true,2026-08-10T06:59:57.615Z,1.12.6,1.9.0-DEV,428070c0f9ad,4.16.0,1.3.11,ctbllib-fs2-q2-findall,2397,1653,2026-08-10T07:08:41.854Z
A7x3,7560,false,0,true,2026-08-10T06:59:57.615Z,1.12.6,1.9.0-DEV,428070c0f9ad,4.16.0,1.3.11,ctbllib-fs2-q2-findall,2397,1654,2026-08-10T07:08:41.911Z
A7xS3,15120,false,0,true,2026-08-10T06:59:57.615Z,1.12.6,1.9.0-DEV,428070c0f9ad,4.16.0,1.3.11,ctbllib-fs2-q2-findall,2397,1655,2026-08-10T07:08:42.229Z
A8,20160,false,0,true,2026-08-10T06:59:57.615Z,1.12.6,1.9.0-DEV,428070c0f9ad,4.16.0,1.3.11,ctbllib-fs2-q2-findall,2397,1656,2026-08-10T07:08:42.27Z
A8.2,40320,false,0,true,2026-08-10T06:59:57.615Z,1.12.6,1.9.0-DEV,428070c0f9ad,4.16.0,1.3.11,ctbllib-fs2-q2-findall,2397,1657,2026-08-10T07:08:42.28Z
A8x3,60480,false,0,true,2026-08-10T06:59:57.615Z,1.12.6,1.9.0-DEV,428070c0f9ad,4.16.0,1.3.11,ctbllib-fs2-q2-findall,2397,1658,2026-08-10T07:08:42.362Z
A8xS3,120960,false,0,true,2026-08-10T06:59:57.615Z,1.12.6,1.9.0-DEV,428070c0f9ad,4.16.0,1.3.11,ctbllib-fs2-q2-findall,2397,1659,2026-08-10T07:08:42.701Z
A9,181440,false,0,true,2026-08-10T06:59:57.615Z,1.12.6,1.9.0-DEV,428070c0f9ad,4.16.0,1.3.11,ctbllib-fs2-q2-findall,2397,1660,2026-08-10T07:08:42.743Z
A9.2,362880,false,0,true,2026-08-10T06:59:57.615Z,1.12.6,1.9.0-DEV,428070c0f9ad,4.16.0,1.3.11,ctbllib-fs2-q2-findall,2397,1661,2026-08-10T07:08:42.755Z
A9x3,544320,false,0,true,2026-08-10T06:59:57.615Z,1.12.6,1.9.0-DEV,428070c0f9ad,4.16.0,1.3.11,ctbllib-fs2-q2-findall,2397,1662,2026-08-10T07:08:42.841Z
A9xS3,1088640,false,0,true,2026-08-10T06:59:57.615Z,1.12.6,1.9.0-DEV,428070c0f9ad,4.16.0,1.3.11,ctbllib-fs2-q2-findall,2397,1663,2026-08-10T07:08:43.418Z
Alt(2),1,true,0,true,2026-08-10T06:59:57.615Z,1.12.6,1.9.0-DEV,428070c0f9ad,4.16.0,1.3.11,ctbllib-fs2-q2-findall,2397,1664,2026-08-10T07:08:43.428Z
B,4154781481226426191177580544000000,false,2,true,2026-08-10T06:59:57.615Z,1.12.6,1.9.0-DEV,428070c0f9ad,4.16.0,1.3.11,ctbllib-fs2-q2-findall,2397,1665,2026-08-10T07:08:43.719Z
BN7,28224,true,0,true,2026-08-10T06:59:57.615Z,1.12.6,1.9.0-DEV,428070c0f9ad,4.16.0,1.3.11,ctbllib-fs2-q2-findall,2397,1666,2026-08-10T07:08:43.921Z
C2,2,true,0,true,2026-08-10T06:59:57.615Z,1.12.6,1.9.0-DEV,428070c0f9ad,4.16.0,1.3.11,ctbllib-fs2-q2-findall,2397,1667,2026-08-10T07:08:43.932Z
C3,3,true,0,true,2026-08-10T06:59:57.615Z,1.12.6,1.9.0-DEV,428070c0f9ad,4.16.0,1.3.11,ctbllib-fs2-q2-findall,2397,1668,2026-08-10T07:08:43.944Z
C4,4,true,0,true,2026-08-10T06:59:57.615Z,1.12.6,1.9.0-DEV,428070c0f9ad,4.16.0,1.3.11,ctbllib-fs2-q2-findall,2397,1669,2026-08-10T07:08:43.951Z
C6,6,true,0,true,2026-08-10T06:59:57.615Z,1.12.6,1.9.0-DEV,428070c0f9ad,4.16.0,1.3.11,ctbllib-fs2-q2-findall,2397,1670,2026-08-10T07:08:43.956Z
C9Y3.3^5.U4(2),56687040,false,0,true,2026-08-10T06:59:57.615Z,1.12.6,1.9.0-DEV,428070c0f9ad,4.16.0,1.3.11,ctbllib-fs2-q2-findall,2397,1671,2026-08-10T07:08:44.952Z
Co1,4157776806543360000,false,0,true,2026-08-10T06:59:57.615Z,1.12.6,1.9.0-DEV,428070c0f9ad,4.16.0,1.3.11,ctbllib-fs2-q2-findall,2397,1672,2026-08-10T07:08:45.038Z
Co1N3,157464,true,0,true,2026-08-10T06:59:57.615Z,1.12.6,1.9.0-DEV,428070c0f9ad,4.16.0,1.3.11,ctbllib-fs2-q2-findall,2397,1673,2026-08-10T07:08:47.233Z
Co1N5,10000,true,0,true,2026-08-10T06:59:57.615Z,1.12.6,1.9.0-DEV,428070c0f9ad,4.16.0,1.3.11,ctbllib-fs2-q2-findall,2397,1674,2026-08-10T07:08:47.25Z
Co2,42305421312000,false,1,true,2026-08-10T06:59:57.615Z,1.12.6,1.9.0-DEV,428070c0f9ad,4.16.0,1.3.11,ctbllib-fs2-q2-findall,2397,1675,2026-08-10T07:08:47.313Z
Co2N2,262144,true,0,true,2026-08-10T06:59:57.615Z,1.12.6,1.9.0-DEV,428070c0f9ad,4.16.0,1.3.11,ctbllib-fs2-q2-findall,2397,1676,2026-08-10T07:08:47.667Z
Co2N7,336,true,0,true,2026-08-10T06:59:57.615Z,1.12.6,1.9.0-DEV,428070c0f9ad,4.16.0,1.3.11,ctbllib-fs2-q2-findall,2397,1677,2026-08-10T07:08:47.681Z
Co3,495766656000,false,0,true,2026-08-10T06:59:57.615Z,1.12.6,1.9.0-DEV,428070c0f9ad,4.16.0,1.3.11,ctbllib-fs2-q2-findall,2397,1678,2026-08-10T07:08:47.713Z
Co3N2,1024,true,0,true,2026-08-10T06:59:57.615Z,1.12.6,1.9.0-DEV,428070c0f9ad,4.16.0,1.3.11,ctbllib-fs2-q2-findall,2397,1679,2026-08-10T07:08:47.771Z
Co3N3,69984,true,0,true,2026-08-10T06:59:57.615Z,1.12.6,1.9.0-DEV,428070c0f9ad,4.16.0,1.3.11,ctbllib-fs2-q2-findall,2397,1680,2026-08-10T07:08:47.789Z
D10,10,true,0,true,2026-08-10T06:59:57.615Z,1.12.6,1.9.0-DEV,428070c0f9ad,4.16.0,1.3.11,ctbllib-fs2-q2-findall,2397,1681,2026-08-10T07:08:47.8Z
D108,108,true,0,true,2026-08-10T06:59:57.615Z,1.12.6,1.9.0-DEV,428070c0f9ad,4.16.0,1.3.11,ctbllib-fs2-q2-findall,2397,1682,2026-08-10T07:08:47.843Z
D110,110,true,0,true,2026-08-10T06:59:57.615Z,1.12.6,1.9.0-DEV,428070c0f9ad,4.16.0,1.3.11,ctbllib-fs2-q2-findall,2397,1683,2026-08-10T07:08:47.863Z
D112,112,true,0,true,2026-08-10T06:59:57.615Z,1.12.6,1.9.0-DEV,428070c0f9ad,4.16.0,1.3.11,ctbllib-fs2-q2-findall,2397,1684,2026-08-10T07:08:47.907Z
D114,114,true,0,true,2026-08-10T06:59:57.615Z,1.12.6,1.9.0-DEV,428070c0f9ad,4.16.0,1.3.11,ctbllib-fs2-q2-findall,2397,1685,2026-08-10T07:08:47.928Z
D120,120,true,0,true,2026-08-10T06:59:57.615Z,1.12.6,1.9.0-DEV,428070c0f9ad,4.16.0,1.3.11,ctbllib-fs2-q2-findall,2397,1686,2026-08-10T07:08:47.954Z
D122,122,true,0,true,2026-08-10T06:59:57.615Z,1.12.6,1.9.0-DEV,428070c0f9ad,4.16.0,1.3.11,ctbllib-fs2-q2-findall,2397,1687,2026-08-10T07:08:47.976Z
D126,126,true,0,true,2026-08-10T06:59:57.615Z,1.12.6,1.9.0-DEV,428070c0f9ad,4.16.0,1.3.11,ctbllib-fs2-q2-findall,2397,1688,2026-08-10T07:08:47.999Z
D14,14,true,0,true,2026-08-10T06:59:57.615Z,1.12.6,1.9.0-DEV,428070c0f9ad,4.16.0,1.3.11,ctbllib-fs2-q2-findall,2397,1689,2026-08-10T07:08:48.013Z
D16,16,true,0,true,2026-08-10T06:59:57.615Z,1.12.6,1.9.0-DEV,428070c0f9ad,4.16.0,1.3.11,ctbllib-fs2-q2-findall,2397,1690,2026-08-10T07:08:48.024Z
D18,18,true,0,true,2026-08-10T06:59:57.615Z,1.12.6,1.9.0-DEV,428070c0f9ad,4.16.0,1.3.11,ctbllib-fs2-q2-findall,2397,1691,2026-08-10T07:08:48.029Z
D20,20,true,0,true,2026-08-10T06:59:57.615Z,1.12.6,1.9.0-DEV,428070c0f9ad,4.16.0,1.3.11,ctbllib-fs2-q2-findall,2397,1692,2026-08-10T07:08:48.042Z
D22,22,true,0,true,2026-08-10T06:59:57.615Z,1.12.6,1.9.0-DEV,428070c0f9ad,4.16.0,1.3.11,ctbllib-fs2-q2-findall,2397,1693,2026-08-10T07:08:48.052Z
D24,24,true,0,true,2026-08-10T06:59:57.615Z,1.12.6,1.9.0-DEV,428070c0f9ad,4.16.0,1.3.11,ctbllib-fs2-q2-findall,2397,1694,2026-08-10T07:08:48.065Z
D26,26,true,0,true,2026-08-10T06:59:57.615Z,1.12.6,1.9.0-DEV,428070c0f9ad,4.16.0,1.3.11,ctbllib-fs2-q2-findall,2397,1695,2026-08-10T07:08:48.076Z
D28,28,true,0,true,2026-08-10T06:59:57.615Z,1.12.6,1.9.0-DEV,428070c0f9ad,4.16.0,1.3.11,ctbllib-fs2-q2-findall,2397,1696,2026-08-10T07:08:48.082Z
D30,30,true,0,true,2026-08-10T06:59:57.615Z,1.12.6,1.9.0-DEV,428070c0f9ad,4.16.0,1.3.11,ctbllib-fs2-q2-findall,2397,1697,2026-08-10T07:08:48.088Z
D32,32,true,0,true,2026-08-10T06:59:57.615Z,1.12.6,1.9.0-DEV,428070c0f9ad,4.16.0,1.3.11,ctbllib-fs2-q2-findall,2397,1698,2026-08-10T07:08:48.094Z
D62,62,true,0,true,2026-08-10T06:59:57.615Z,1.12.6,1.9.0-DEV,428070c0f9ad,4.16.0,1.3.11,ctbllib-fs2-q2-findall,2397,1699,2026-08-10T07:08:48.108Z
D62x2,124,true,0,true,2026-08-10T06:59:57.615Z,1.12.6,1.9.0-DEV,428070c0f9ad,4.16.0,1.3.11,ctbllib-fs2-q2-findall,2397,1700,2026-08-10T07:08:48.13Z
D6xD10,60,true,0,true,2026-08-10T06:59:57.615Z,1.12.6,1.9.0-DEV,428070c0f9ad,4.16.0,1.3.11,ctbllib-fs2-q2-findall,2397,1701,2026-08-10T07:08:48.154Z
D8,8,true,0,true,2026-08-10T06:59:57.615Z,1.12.6,1.9.0-DEV,428070c0f9ad,4.16.0,1.3.11,ctbllib-fs2-q2-findall,2397,1702,2026-08-10T07:08:48.161Z
D8x2,16,true,0,true,2026-08-10T06:59:57.615Z,1.12.6,1.9.0-DEV,428070c0f9ad,4.16.0,1.3.11,ctbllib-fs2-q2-findall,2397,1703,2026-08-10T07:08:48.167Z
D8x2F4(2)'.2,287539200,false,0,true,2026-08-10T06:59:57.615Z,1.12.6,1.9.0-DEV,428070c0f9ad,4.16.0,1.3.11,ctbllib-fs2-q2-findall,2397,1704,2026-08-10T07:08:48.626Z
D8x3^(1+2)_+:Q8,1728,true,0,true,2026-08-10T06:59:57.615Z,1.12.6,1.9.0-DEV,428070c0f9ad,4.16.0,1.3.11,ctbllib-fs2-q2-findall,2397,1705,2026-08-10T07:08:49.035Z
D8x3^2:Q8,576,true,0,true,2026-08-10T06:59:57.615Z,1.12.6,1.9.0-DEV,428070c0f9ad,4.16.0,1.3.11,ctbllib-fs2-q2-findall,2397,1706,2026-08-10T07:08:49.111Z
D8xL3(2),1344,false,0,true,2026-08-10T06:59:57.615Z,1.12.6,1.9.0-DEV,428070c0f9ad,4.16.0,1.3.11,ctbllib-fs2-q2-findall,2397,1707,2026-08-10T07:08:49.174Z
D8xL4(3).2_2,97044480,false,0,true,2026-08-10T06:59:57.615Z,1.12.6,1.9.0-DEV,428070c0f9ad,4.16.0,1.3.11,ctbllib-fs2-q2-findall,2397,1708,2026-08-10T07:08:50.423Z
D8xS3,48,true,0,true,2026-08-10T06:59:57.615Z,1.12.6,1.9.0-DEV,428070c0f9ad,4.16.0,1.3.11,ctbllib-fs2-q2-findall,2397,1709,2026-08-10T07:08:50.696Z
D8xS6(2),11612160,false,0,true,2026-08-10T06:59:57.615Z,1.12.6,1.9.0-DEV,428070c0f9ad,4.16.0,1.3.11,ctbllib-fs2-q2-findall,2397,1710,2026-08-10T07:08:51.175Z
D8xU3(3).2,96768,false,0,true,2026-08-10T06:59:57.615Z,1.12.6,1.9.0-DEV,428070c0f9ad,4.16.0,1.3.11,ctbllib-fs2-q2-findall,2397,1711,2026-08-10T07:08:51.525Z
D8xV4,32,true,0,true,2026-08-10T06:59:57.615Z,1.12.6,1.9.0-DEV,428070c0f9ad,4.16.0,1.3.11,ctbllib-fs2-q2-findall,2397,1712,2026-08-10T07:08:51.611Z
E6(2),214841575522005575270400,false,0,true,2026-08-10T06:59:57.615Z,1.12.6,1.9.0-DEV,428070c0f9ad,4.16.0,1.3.11,ctbllib-fs2-q2-findall,2397,1713,2026-08-10T07:08:52.105Z
F3+,1255205709190661721292800,false,0,true,2026-08-10T06:59:57.615Z,1.12.6,1.9.0-DEV,428070c0f9ad,4.16.0,1.3.11,ctbllib-fs2-q2-findall,2397,1714,2026-08-10T07:08:52.209Z
F3+.2,2510411418381323442585600,false,0,true,2026-08-10T06:59:57.615Z,1.12.6,1.9.0-DEV,428070c0f9ad,4.16.0,1.3.11,ctbllib-fs2-q2-findall,2397,1715,2026-08-10T07:08:53.036Z
F3+M7,501397585920,false,0,true,2026-08-10T06:59:57.615Z,1.12.6,1.9.0-DEV,428070c0f9ad,4.16.0,1.3.11,ctbllib-fs2-q2-findall,2397,1716,2026-08-10T07:08:53.106Z
F3+N5,28800,true,0,true,2026-08-10T06:59:57.615Z,1.12.6,1.9.0-DEV,428070c0f9ad,4.16.0,1.3.11,ctbllib-fs2-q2-findall,2397,1717,2026-08-10T07:08:53.162Z
F4(2),3311126603366400,false,0,true,2026-08-10T06:59:57.615Z,1.12.6,1.9.0-DEV,428070c0f9ad,4.16.0,1.3.11,ctbllib-fs2-q2-findall,2397,1718,2026-08-10T07:08:53.243Z
F4(2).2,6622253206732800,false,0,true,2026-08-10T06:59:57.615Z,1.12.6,1.9.0-DEV,428070c0f9ad,4.16.0,1.3.11,ctbllib-fs2-q2-findall,2397,1719,2026-08-10T07:08:53.284Z
F4(2).2M8,186624,true,0,true,2026-08-10T06:59:57.615Z,1.12.6,1.9.0-DEV,428070c0f9ad,4.16.0,1.3.11,ctbllib-fs2-q2-findall,2397,1720,2026-08-10T07:08:53.335Z
F4(2)M13,93312,true,0,true,2026-08-10T06:59:57.615Z,1.12.6,1.9.0-DEV,428070c0f9ad,4.16.0,1.3.11,ctbllib-fs2-q2-findall,2397,1721,2026-08-10T07:08:53.383Z
F4(3),5734420792816671844761600,false,0,true,2026-08-10T06:59:57.615Z,1.12.6,1.9.0-DEV,428070c0f9ad,4.16.0,1.3.11,ctbllib-fs2-q2-findall,2397,1722,2026-08-10T07:08:53.566Z
Fi22,64561751654400,false,0,true,2026-08-10T06:59:57.615Z,1.12.6,1.9.0-DEV,428070c0f9ad,4.16.0,1.3.11,ctbllib-fs2-q2-findall,2397,1723,2026-08-10T07:08:53.608Z
Fi22.2,129123503308800,false,0,true,2026-08-10T06:59:57.615Z,1.12.6,1.9.0-DEV,428070c0f9ad,4.16.0,1.3.11,ctbllib-fs2-q2-findall,2397,1724,2026-08-10T07:08:53.692Z
Fi22.2M4,908328960,false,0,true,2026-08-10T06:59:57.615Z,1.12.6,1.9.0-DEV,428070c0f9ad,4.16.0,1.3.11,ctbllib-fs2-q2-findall,2397,1725,2026-08-10T07:08:53.818Z
Fi22N3,78732,true,0,true,2026-08-10T06:59:57.615Z,1.12.6,1.9.0-DEV,428070c0f9ad,4.16.0,1.3.11,ctbllib-fs2-q2-findall,2397,1726,2026-08-10T07:08:53.881Z
Fi22N5,2400,true,0,true,2026-08-10T06:59:57.615Z,1.12.6,1.9.0-DEV,428070c0f9ad,4.16.0,1.3.11,ctbllib-fs2-q2-findall,2397,1727,2026-08-10T07:08:53.89Z
Fi23,4089470473293004800,false,0,true,2026-08-10T06:59:57.615Z,1.12.6,1.9.0-DEV,428070c0f9ad,4.16.0,1.3.11,ctbllib-fs2-q2-findall,2397,1728,2026-08-10T07:08:53.951Z
Fi23M8,663238368,false,0,true,2026-08-10T06:59:57.615Z,1.12.6,1.9.0-DEV,428070c0f9ad,4.16.0,1.3.11,ctbllib-fs2-q2-findall,2397,1729,2026-08-10T07:08:54.069Z
Fi23N3,12754584,true,0,true,2026-08-10T06:59:57.615Z,1.12.6,1.9.0-DEV,428070c0f9ad,4.16.0,1.3.11,ctbllib-fs2-q2-findall,2397,1730,2026-08-10T07:08:54.889Z
G2(3),4245696,false,0,true,2026-08-10T06:59:57.615Z,1.12.6,1.9.0-DEV,428070c0f9ad,4.16.0,1.3.11,ctbllib-fs2-q2-findall,2397,1731,2026-08-10T07:08:54.912Z
G2(3).2,8491392,false,0,true,2026-08-10T06:59:57.615Z,1.12.6,1.9.0-DEV,428070c0f9ad,4.16.0,1.3.11,ctbllib-fs2-q2-findall,2397,1732,2026-08-10T07:08:54.922Z
G2(3).2N2,128,true,0,true,2026-08-10T06:59:57.615Z,1.12.6,1.9.0-DEV,428070c0f9ad,4.16.0,1.3.11,ctbllib-fs2-q2-findall,2397,1733,2026-08-10T07:08:55.19Z
G2(4),251596800,false,0,true,2026-08-10T06:59:57.615Z,1.12.6,1.9.0-DEV,428070c0f9ad,4.16.0,1.3.11,ctbllib-fs2-q2-findall,2397,1734,2026-08-10T07:08:55.225Z
G2(4).2,503193600,false,0,true,2026-08-10T06:59:57.615Z,1.12.6,1.9.0-DEV,428070c0f9ad,4.16.0,1.3.11,ctbllib-fs2-q2-findall,2397,1735,2026-08-10T07:08:55.239Z
G2(4)N2,36864,true,0,true,2026-08-10T06:59:57.615Z,1.12.6,1.9.0-DEV,428070c0f9ad,4.16.0,1.3.11,ctbllib-fs2-q2-findall,2397,1736,2026-08-10T07:08:55.522Z
G2(5),5859000000,false,0,true,2026-08-10T06:59:57.615Z,1.12.6,1.9.0-DEV,428070c0f9ad,4.16.0,1.3.11,ctbllib-fs2-q2-findall,2397,1737,2026-08-10T07:08:55.55Z
G2(7),664376138496,false,0,true,2026-08-10T06:59:57.615Z,1.12.6,1.9.0-DEV,428070c0f9ad,4.16.0,1.3.11,ctbllib-fs2-q2-findall,2397,1738,2026-08-10T07:08:55.573Z
HN,273030912000000,false,0,true,2026-08-10T06:59:57.615Z,1.12.6,1.9.0-DEV,428070c0f9ad,4.16.0,1.3.11,ctbllib-fs2-q2-findall,2397,1739,2026-08-10T07:08:55.622Z
HN.2,546061824000000,false,0,true,2026-08-10T06:59:57.615Z,1.12.6,1.9.0-DEV,428070c0f9ad,4.16.0,1.3.11,ctbllib-fs2-q2-findall,2397,1740,2026-08-10T07:08:55.656Z
HN.2M13,116640,false,0,true,2026-08-10T06:59:57.615Z,1.12.6,1.9.0-DEV,428070c0f9ad,4.16.0,1.3.11,ctbllib-fs2-q2-findall,2397,1741,2026-08-10T07:08:55.718Z
HN.2N3,11664,true,0,true,2026-08-10T06:59:57.615Z,1.12.6,1.9.0-DEV,428070c0f9ad,4.16.0,1.3.11,ctbllib-fs2-q2-findall,2397,1742,2026-08-10T07:08:56.002Z
HNN2,49152,true,0,true,2026-08-10T06:59:57.615Z,1.12.6,1.9.0-DEV,428070c0f9ad,4.16.0,1.3.11,ctbllib-fs2-q2-findall,2397,1743,2026-08-10T07:08:56.073Z
HNN3,5832,true,0,true,2026-08-10T06:59:57.615Z,1.12.6,1.9.0-DEV,428070c0f9ad,4.16.0,1.3.11,ctbllib-fs2-q2-findall,2397,1744,2026-08-10T07:08:56.358Z
HNN5,125000,true,0,true,2026-08-10T06:59:57.615Z,1.12.6,1.9.0-DEV,428070c0f9ad,4.16.0,1.3.11,ctbllib-fs2-q2-findall,2397,1745,2026-08-10T07:08:56.381Z
HS,44352000,false,0,true,2026-08-10T06:59:57.615Z,1.12.6,1.9.0-DEV,428070c0f9ad,4.16.0,1.3.11,ctbllib-fs2-q2-findall,2397,1746,2026-08-10T07:08:56.406Z
HS.2,88704000,false,0,true,2026-08-10T06:59:57.615Z,1.12.6,1.9.0-DEV,428070c0f9ad,4.16.0,1.3.11,ctbllib-fs2-q2-findall,2397,1747,2026-08-10T07:08:56.424Z
HS.2x2,177408000,false,0,true,2026-08-10T06:59:57.615Z,1.12.6,1.9.0-DEV,428070c0f9ad,4.16.0,1.3.11,ctbllib-fs2-q2-findall,2397,1748,2026-08-10T07:08:56.484Z
HSN2,512,true,0,true,2026-08-10T06:59:57.615Z,1.12.6,1.9.0-DEV,428070c0f9ad,4.16.0,1.3.11,ctbllib-fs2-q2-findall,2397,1749,2026-08-10T07:08:56.531Z
He,4030387200,false,0,true,2026-08-10T06:59:57.615Z,1.12.6,1.9.0-DEV,428070c0f9ad,4.16.0,1.3.11,ctbllib-fs2-q2-findall,2397,1750,2026-08-10T07:08:56.572Z
He.2,8060774400,false,0,true,2026-08-10T06:59:57.615Z,1.12.6,1.9.0-DEV,428070c0f9ad,4.16.0,1.3.11,ctbllib-fs2-q2-findall,2397,1751,2026-08-10T07:08:56.587Z
Isoclinic((3^2x2).U4(3).2_3'),117573120,false,0,true,2026-08-10T06:59:57.615Z,1.12.6,1.9.0-DEV,428070c0f9ad,4.16.0,1.3.11,ctbllib-fs2-q2-findall,2397,1752,2026-08-10T07:08:58.947Z
Isoclinic(12.M22.2),10644480,false,0,true,2026-08-10T06:59:57.615Z,1.12.6,1.9.0-DEV,428070c0f9ad,4.16.0,1.3.11,ctbllib-fs2-q2-findall,2397,1753,2026-08-10T07:08:59.001Z
Isoclinic(12_1.L3(4).2_1),483840,false,0,true,2026-08-10T06:59:57.615Z,1.12.6,1.9.0-DEV,428070c0f9ad,4.16.0,1.3.11,ctbllib-fs2-q2-findall,2397,1754,2026-08-10T07:08:59.074Z
Isoclinic(12_1.L3(4).2_2),483840,false,0,true,2026-08-10T06:59:57.615Z,1.12.6,1.9.0-DEV,428070c0f9ad,4.16.0,1.3.11,ctbllib-fs2-q2-findall,2397,1755,2026-08-10T07:08:59.1Z
Isoclinic(12_1.U4(3).2_2'),78382080,false,0,true,2026-08-10T06:59:57.615Z,1.12.6,1.9.0-DEV,428070c0f9ad,4.16.0,1.3.11,ctbllib-fs2-q2-findall,2397,1756,2026-08-10T07:08:59.263Z
Isoclinic(12_1.U4(3).2_2),78382080,false,0,true,2026-08-10T06:59:57.615Z,1.12.6,1.9.0-DEV,428070c0f9ad,4.16.0,1.3.11,ctbllib-fs2-q2-findall,2397,1757,2026-08-10T07:08:59.5Z
Isoclinic(12_2.L3(4).2_1),483840,false,0,true,2026-08-10T06:59:57.615Z,1.12.6,1.9.0-DEV,428070c0f9ad,4.16.0,1.3.11,ctbllib-fs2-q2-findall,2397,1758,2026-08-10T07:08:59.574Z
Isoclinic(12_2.L3(4).2_3),483840,false,0,true,2026-08-10T06:59:57.615Z,1.12.6,1.9.0-DEV,428070c0f9ad,4.16.0,1.3.11,ctbllib-fs2-q2-findall,2397,1759,2026-08-10T07:08:59.6Z
Isoclinic(12_2.U4(3).2_3'),78382080,false,0,true,2026-08-10T06:59:57.615Z,1.12.6,1.9.0-DEV,428070c0f9ad,4.16.0,1.3.11,ctbllib-fs2-q2-findall,2397,1760,2026-08-10T07:08:59.73Z
Isoclinic(12_2.U4(3).2_3),78382080,false,0,true,2026-08-10T06:59:57.615Z,1.12.6,1.9.0-DEV,428070c0f9ad,4.16.0,1.3.11,ctbllib-fs2-q2-findall,2397,1761,2026-08-10T07:08:59.831Z
Isoclinic(2.A10.2),7257600,false,0,true,2026-08-10T06:59:57.615Z,1.12.6,1.9.0-DEV,428070c0f9ad,4.16.0,1.3.11,ctbllib-fs2-q2-findall,2397,1762,2026-08-10T07:08:59.889Z
Isoclinic(2.A11.2),79833600,false,0,true,2026-08-10T06:59:57.615Z,1.12.6,1.9.0-DEV,428070c0f9ad,4.16.0,1.3.11,ctbllib-fs2-q2-findall,2397,1763,2026-08-10T07:08:59.926Z
Isoclinic(2.A12.2),958003200,false,0,true,2026-08-10T06:59:57.615Z,1.12.6,1.9.0-DEV,428070c0f9ad,4.16.0,1.3.11,ctbllib-fs2-q2-findall,2397,1764,2026-08-10T07:09:00.002Z
Isoclinic(2.A13.2),12454041600,false,0,true,2026-08-10T06:59:57.615Z,1.12.6,1.9.0-DEV,428070c0f9ad,4.16.0,1.3.11,ctbllib-fs2-q2-findall,2397,1765,2026-08-10T07:09:00.108Z
Isoclinic(2.A14.2),174356582400,false,0,true,2026-08-10T06:59:57.615Z,1.12.6,1.9.0-DEV,428070c0f9ad,4.16.0,1.3.11,ctbllib-fs2-q2-findall,2397,1766,2026-08-10T07:09:00.383Z
Isoclinic(2.A5.2),240,false,0,true,2026-08-10T06:59:57.615Z,1.12.6,1.9.0-DEV,428070c0f9ad,4.16.0,1.3.11,ctbllib-fs2-q2-findall,2397,1767,2026-08-10T07:09:00.423Z
Isoclinic(2.A6.2_2),1440,false,0,true,2026-08-10T06:59:57.615Z,1.12.6,1.9.0-DEV,428070c0f9ad,4.16.0,1.3.11,ctbllib-fs2-q2-findall,2397,1768,2026-08-10T07:09:00.433Z
Isoclinic(2.A6x2),1440,false,0,true,2026-08-10T06:59:57.615Z,1.12.6,1.9.0-DEV,428070c0f9ad,4.16.0,1.3.11,ctbllib-fs2-q2-findall,2397,1769,2026-08-10T07:09:00.451Z
Isoclinic(2.A7.2),10080,false,0,true,2026-08-10T06:59:57.615Z,1.12.6,1.9.0-DEV,428070c0f9ad,4.16.0,1.3.11,ctbllib-fs2-q2-findall,2397,1770,2026-08-10T07:09:00.495Z
Isoclinic(2.A8.2),80640,false,0,true,2026-08-10T06:59:57.615Z,1.12.6,1.9.0-DEV,428070c0f9ad,4.16.0,1.3.11,ctbllib-fs2-q2-findall,2397,1771,2026-08-10T07:09:00.509Z
Isoclinic(2.A9.2),725760,false,0,true,2026-08-10T06:59:57.615Z,1.12.6,1.9.0-DEV,428070c0f9ad,4.16.0,1.3.11,ctbllib-fs2-q2-findall,2397,1772,2026-08-10T07:09:00.527Z
Isoclinic(2.F4(2).2),13244506413465600,false,0,true,2026-08-10T06:59:57.615Z,1.12.6,1.9.0-DEV,428070c0f9ad,4.16.0,1.3.11,ctbllib-fs2-q2-findall,2397,1773,2026-08-10T07:09:00.636Z
Isoclinic(2.Fi22.2),258247006617600,false,0,true,2026-08-10T06:59:57.615Z,1.12.6,1.9.0-DEV,428070c0f9ad,4.16.0,1.3.11,ctbllib-fs2-q2-findall,2397,1774,2026-08-10T07:09:00.773Z
Isoclinic(2.G2(4).2),1006387200,false,0,true,2026-08-10T06:59:57.615Z,1.12.6,1.9.0-DEV,428070c0f9ad,4.16.0,1.3.11,ctbllib-fs2-q2-findall,2397,1775,2026-08-10T07:09:00.814Z
Isoclinic(2.HS.2),177408000,false,0,true,2026-08-10T06:59:57.615Z,1.12.6,1.9.0-DEV,428070c0f9ad,4.16.0,1.3.11,ctbllib-fs2-q2-findall,2397,1776,2026-08-10T07:09:00.863Z
Isoclinic(2.HSx2),177408000,false,0,true,2026-08-10T06:59:57.615Z,1.12.6,1.9.0-DEV,428070c0f9ad,4.16.0,1.3.11,ctbllib-fs2-q2-findall,2397,1777,2026-08-10T07:09:00.919Z
Isoclinic(2.J2.2),2419200,false,0,true,2026-08-10T06:59:57.615Z,1.12.6,1.9.0-DEV,428070c0f9ad,4.16.0,1.3.11,ctbllib-fs2-q2-findall,2397,1778,2026-08-10T07:09:00.948Z
Isoclinic(2.L2(11).2),2640,false,0,true,2026-08-10T06:59:57.615Z,1.12.6,1.9.0-DEV,428070c0f9ad,4.16.0,1.3.11,ctbllib-fs2-q2-findall,2397,1779,2026-08-10T07:09:00.969Z
Isoclinic(2.L2(13).2),4368,false,0,true,2026-08-10T06:59:57.615Z,1.12.6,1.9.0-DEV,428070c0f9ad,4.16.0,1.3.11,ctbllib-fs2-q2-findall,2397,1780,2026-08-10T07:09:00.981Z
Isoclinic(2.L2(17).2),9792,false,0,true,2026-08-10T06:59:57.615Z,1.12.6,1.9.0-DEV,428070c0f9ad,4.16.0,1.3.11,ctbllib-fs2-q2-findall,2397,1781,2026-08-10T07:09:02.051Z
Isoclinic(2.L2(19).2),13680,false,0,true,2026-08-10T06:59:57.615Z,1.12.6,1.9.0-DEV,428070c0f9ad,4.16.0,1.3.11,ctbllib-fs2-q2-findall,2397,1782,2026-08-10T07:09:02.068Z
Isoclinic(2.L2(23).2),24288,false,0,true,2026-08-10T06:59:57.615Z,1.12.6,1.9.0-DEV,428070c0f9ad,4.16.0,1.3.11,ctbllib-fs2-q2-findall,2397,1783,2026-08-10T07:09:02.093Z
Isoclinic(2.L2(25).2_1),31200,false,0,true,2026-08-10T06:59:57.615Z,1.12.6,1.9.0-DEV,428070c0f9ad,4.16.0,1.3.11,ctbllib-fs2-q2-findall,2397,1784,2026-08-10T07:09:02.115Z
Isoclinic(2.L2(25)x2),31200,false,0,true,2026-08-10T06:59:57.615Z,1.12.6,1.9.0-DEV,428070c0f9ad,4.16.0,1.3.11,ctbllib-fs2-q2-findall,2397,1785,2026-08-10T07:09:02.15Z
Isoclinic(2.L2(27).2),39312,false,0,true,2026-08-10T06:59:57.615Z,1.12.6,1.9.0-DEV,428070c0f9ad,4.16.0,1.3.11,ctbllib-fs2-q2-findall,2397,1786,2026-08-10T07:09:02.194Z
Isoclinic(2.L2(27).6),117936,false,0,true,2026-08-10T06:59:57.615Z,1.12.6,1.9.0-DEV,428070c0f9ad,4.16.0,1.3.11,ctbllib-fs2-q2-findall,2397,1787,2026-08-10T07:09:02.219Z
Isoclinic(2.L2(29).2),48720,false,0,true,2026-08-10T06:59:57.615Z,1.12.6,1.9.0-DEV,428070c0f9ad,4.16.0,1.3.11,ctbllib-fs2-q2-findall,2397,1788,2026-08-10T07:09:02.25Z
Isoclinic(2.L2(31).2),59520,false,0,true,2026-08-10T06:59:57.615Z,1.12.6,1.9.0-DEV,428070c0f9ad,4.16.0,1.3.11,ctbllib-fs2-q2-findall,2397,1789,2026-08-10T07:09:02.303Z
Isoclinic(2.L2(49).2_1),235200,false,0,true,2026-08-10T06:59:57.615Z,1.12.6,1.9.0-DEV,428070c0f9ad,4.16.0,1.3.11,ctbllib-fs2-q2-findall,2397,1790,2026-08-10T07:09:02.437Z
Isoclinic(2.L2(49)x2),235200,false,0,true,2026-08-10T06:59:57.615Z,1.12.6,1.9.0-DEV,428070c0f9ad,4.16.0,1.3.11,ctbllib-fs2-q2-findall,2397,1791,2026-08-10T07:09:02.588Z
Isoclinic(2.L2(81).2_2),1062720,false,0,true,2026-08-10T06:59:57.615Z,1.12.6,1.9.0-DEV,428070c0f9ad,4.16.0,1.3.11,ctbllib-fs2-q2-findall,2397,1792,2026-08-10T07:09:03.232Z
Isoclinic(2.L2(81)x2),1062720,false,0,true,2026-08-10T06:59:57.615Z,1.12.6,1.9.0-DEV,428070c0f9ad,4.16.0,1.3.11,ctbllib-fs2-q2-findall,2397,1793,2026-08-10T07:09:04.002Z
Isoclinic(2.L3(2).2),672,false,0,true,2026-08-10T06:59:57.615Z,1.12.6,1.9.0-DEV,428070c0f9ad,4.16.0,1.3.11,ctbllib-fs2-q2-findall,2397,1794,2026-08-10T07:09:04.019Z
Isoclinic(2.L3(4).2_1),80640,false,0,true,2026-08-10T06:59:57.615Z,1.12.6,1.9.0-DEV,428070c0f9ad,4.16.0,1.3.11,ctbllib-fs2-q2-findall,2397,1795,2026-08-10T07:09:04.048Z
Isoclinic(2.L3(4).2_2),80640,false,0,true,2026-08-10T06:59:57.615Z,1.12.6,1.9.0-DEV,428070c0f9ad,4.16.0,1.3.11,ctbllib-fs2-q2-findall,2397,1796,2026-08-10T07:09:04.063Z
Isoclinic(2.L3(4).2_3),80640,false,0,true,2026-08-10T06:59:57.615Z,1.12.6,1.9.0-DEV,428070c0f9ad,4.16.0,1.3.11,ctbllib-fs2-q2-findall,2397,1797,2026-08-10T07:09:04.078Z
Isoclinic(2.L4(3).2_1),24261120,false,0,true,2026-08-10T06:59:57.615Z,1.12.6,1.9.0-DEV,428070c0f9ad,4.16.0,1.3.11,ctbllib-fs2-q2-findall,2397,1798,2026-08-10T07:09:04.134Z
Isoclinic(2.L4(3).2_2),24261120,false,0,true,2026-08-10T06:59:57.615Z,1.12.6,1.9.0-DEV,428070c0f9ad,4.16.0,1.3.11,ctbllib-fs2-q2-findall,2397,1799,2026-08-10T07:09:04.17Z
Isoclinic(2.L4(3).2_3),24261120,false,0,true,2026-08-10T06:59:57.615Z,1.12.6,1.9.0-DEV,428070c0f9ad,4.16.0,1.3.11,ctbllib-fs2-q2-findall,2397,1800,2026-08-10T07:09:04.191Z
Isoclinic(2.M12.2),380160,false,0,true,2026-08-10T06:59:57.615Z,1.12.6,1.9.0-DEV,428070c0f9ad,4.16.0,1.3.11,ctbllib-fs2-q2-findall,2397,1801,2026-08-10T07:09:04.211Z
Isoclinic(2.M22.2),1774080,false,0,true,2026-08-10T06:59:57.615Z,1.12.6,1.9.0-DEV,428070c0f9ad,4.16.0,1.3.11,ctbllib-fs2-q2-findall,2397,1802,2026-08-10T07:09:04.236Z
Isoclinic(2.O7(3).2),18341406720,false,0,true,2026-08-10T06:59:57.615Z,1.12.6,1.9.0-DEV,428070c0f9ad,4.16.0,1.3.11,ctbllib-fs2-q2-findall,2397,1803,2026-08-10T07:09:04.363Z
Isoclinic(2.O8+(2).2),696729600,false,0,true,2026-08-10T06:59:57.615Z,1.12.6,1.9.0-DEV,428070c0f9ad,4.16.0,1.3.11,ctbllib-fs2-q2-findall,2397,1804,2026-08-10T07:09:04.469Z
Isoclinic(2.S4(5).2),18720000,false,0,true,2026-08-10T06:59:57.615Z,1.12.6,1.9.0-DEV,428070c0f9ad,4.16.0,1.3.11,ctbllib-fs2-q2-findall,2397,1805,2026-08-10T07:09:04.525Z
Isoclinic(2.S6(3).2),18341406720,false,0,true,2026-08-10T06:59:57.615Z,1.12.6,1.9.0-DEV,428070c0f9ad,4.16.0,1.3.11,ctbllib-fs2-q2-findall,2397,1806,2026-08-10T07:09:05.013Z
Isoclinic(2.Suz.2),1793381990400,false,0,true,2026-08-10T06:59:57.615Z,1.12.6,1.9.0-DEV,428070c0f9ad,4.16.0,1.3.11,ctbllib-fs2-q2-findall,2397,1807,2026-08-10T07:09:05.089Z
Isoclinic(2.U4(2).2),103680,false,0,true,2026-08-10T06:59:57.615Z,1.12.6,1.9.0-DEV,428070c0f9ad,4.16.0,1.3.11,ctbllib-fs2-q2-findall,2397,1808,2026-08-10T07:09:05.114Z
Isoclinic(2.U4(3).2_1),13063680,false,0,true,2026-08-10T06:59:57.615Z,1.12.6,1.9.0-DEV,428070c0f9ad,4.16.0,1.3.11,ctbllib-fs2-q2-findall,2397,1809,2026-08-10T07:09:05.23Z
Isoclinic(2.U4(3).2_2),13063680,false,0,true,2026-08-10T06:59:57.615Z,1.12.6,1.9.0-DEV,428070c0f9ad,4.16.0,1.3.11,ctbllib-fs2-q2-findall,2397,1810,2026-08-10T07:09:05.262Z
Isoclinic(2.U4(3).2_3),13063680,false,0,true,2026-08-10T06:59:57.615Z,1.12.6,1.9.0-DEV,428070c0f9ad,4.16.0,1.3.11,ctbllib-fs2-q2-findall,2397,1811,2026-08-10T07:09:05.279Z
Isoclinic(2.U6(2).2),36787322880,false,0,true,2026-08-10T06:59:57.615Z,1.12.6,1.9.0-DEV,428070c0f9ad,4.16.0,1.3.11,ctbllib-fs2-q2-findall,2397,1812,2026-08-10T07:09:05.366Z
Isoclinic(2x(2.A4x3).2),288,true,0,true,2026-08-10T06:59:57.615Z,1.12.6,1.9.0-DEV,428070c0f9ad,4.16.0,1.3.11,ctbllib-fs2-q2-findall,2397,1813,2026-08-10T07:09:05.692Z
Isoclinic(2x2.F4(2).2),26489012826931200,false,0,true,2026-08-10T06:59:57.615Z,1.12.6,1.9.0-DEV,428070c0f9ad,4.16.0,1.3.11,ctbllib-fs2-q2-findall,2397,1814,2026-08-10T07:09:06.035Z
Isoclinic(2x3^(1+2)_+:Q8),432,true,0,true,2026-08-10T06:59:57.615Z,1.12.6,1.9.0-DEV,428070c0f9ad,4.16.0,1.3.11,ctbllib-fs2-q2-findall,2397,1815,2026-08-10T07:09:06.101Z
Isoclinic(2x3^2:Q8),144,true,0,true,2026-08-10T06:59:57.615Z,1.12.6,1.9.0-DEV,428070c0f9ad,4.16.0,1.3.11,ctbllib-fs2-q2-findall,2397,1816,2026-08-10T07:09:06.15Z
Isoclinic(2x5:8),80,true,0,true,2026-08-10T06:59:57.615Z,1.12.6,1.9.0-DEV,428070c0f9ad,4.16.0,1.3.11,ctbllib-fs2-q2-findall,2397,1817,2026-08-10T07:09:06.71Z
Isoclinic(2xU3(3).2),24192,false,0,true,2026-08-10T06:59:57.615Z,1.12.6,1.9.0-DEV,428070c0f9ad,4.16.0,1.3.11,ctbllib-fs2-q2-findall,2397,1818,2026-08-10T07:09:07.317Z
Isoclinic(2xU3(4).2),249600,false,0,true,2026-08-10T06:59:57.615Z,1.12.6,1.9.0-DEV,428070c0f9ad,4.16.0,1.3.11,ctbllib-fs2-q2-findall,2397,1819,2026-08-10T07:09:07.434Z
Isoclinic(3.A6.2_3x2),4320,false,0,true,2026-08-10T06:59:57.615Z,1.12.6,1.9.0-DEV,428070c0f9ad,4.16.0,1.3.11,ctbllib-fs2-q2-findall,2397,1820,2026-08-10T07:09:07.5Z
"Isoclinic(3.L3(4).3,1)",181440,false,0,true,2026-08-10T06:59:57.615Z,1.12.6,1.9.0-DEV,428070c0f9ad,4.16.0,1.3.11,ctbllib-fs2-q2-findall,2397,1821,2026-08-10T07:09:07.675Z
"Isoclinic(3.L3(4).3,2)",181440,false,0,true,2026-08-10T06:59:57.615Z,1.12.6,1.9.0-DEV,428070c0f9ad,4.16.0,1.3.11,ctbllib-fs2-q2-findall,2397,1822,2026-08-10T07:09:07.793Z
"Isoclinic(3.L3(4).6,1)",362880,false,0,true,2026-08-10T06:59:57.615Z,1.12.6,1.9.0-DEV,428070c0f9ad,4.16.0,1.3.11,ctbllib-fs2-q2-findall,2397,1823,2026-08-10T07:09:07.852Z
"Isoclinic(3.L3(4).6,2)",362880,false,0,true,2026-08-10T06:59:57.615Z,1.12.6,1.9.0-DEV,428070c0f9ad,4.16.0,1.3.11,ctbllib-fs2-q2-findall,2397,1824,2026-08-10T07:09:07.915Z
"Isoclinic(3.L3(7).3,1)",16892064,false,0,true,2026-08-10T06:59:57.615Z,1.12.6,1.9.0-DEV,428070c0f9ad,4.16.0,1.3.11,ctbllib-fs2-q2-findall,2397,1825,2026-08-10T07:09:09.908Z
"Isoclinic(3.L3(7).3,2)",16892064,false,0,true,2026-08-10T06:59:57.615Z,1.12.6,1.9.0-DEV,428070c0f9ad,4.16.0,1.3.11,ctbllib-fs2-q2-findall,2397,1826,2026-08-10T07:09:12.725Z
"Isoclinic(3.U3(11).3,1)",638241120,false,0,true,2026-08-10T06:59:57.615Z,1.12.6,1.9.0-DEV,428070c0f9ad,4.16.0,1.3.11,ctbllib-fs2-q2-findall,2397,1827,2026-08-10T07:10:40.145Z
"Isoclinic(3.U3(11).3,2)",638241120,false,0,true,2026-08-10T06:59:57.615Z,1.12.6,1.9.0-DEV,428070c0f9ad,4.16.0,1.3.11,ctbllib-fs2-q2-findall,2397,1828,2026-08-10T07:10:53.312Z
"Isoclinic(3.U3(5).3,1)",1134000,false,0,true,2026-08-10T06:59:57.615Z,1.12.6,1.9.0-DEV,428070c0f9ad,4.16.0,1.3.11,ctbllib-fs2-q2-findall,2397,1829,2026-08-10T07:10:53.472Z
"Isoclinic(3.U3(5).3,2)",1134000,false,0,true,2026-08-10T06:59:57.615Z,1.12.6,1.9.0-DEV,428070c0f9ad,4.16.0,1.3.11,ctbllib-fs2-q2-findall,2397,1830,2026-08-10T07:10:53.597Z
"Isoclinic(3.U3(8).3_2,1)",49641984,false,0,true,2026-08-10T06:59:57.615Z,1.12.6,1.9.0-DEV,428070c0f9ad,4.16.0,1.3.11,ctbllib-fs2-q2-findall,2397,1831,2026-08-10T07:11:01.529Z
"Isoclinic(3.U3(8).3_2,2)",49641984,false,0,true,2026-08-10T06:59:57.615Z,1.12.6,1.9.0-DEV,428070c0f9ad,4.16.0,1.3.11,ctbllib-fs2-q2-findall,2397,1832,2026-08-10T07:11:08.12Z
Isoclinic(3.U3(8)x3),49641984,false,0,true,2026-08-10T06:59:57.615Z,1.12.6,1.9.0-DEV,428070c0f9ad,4.16.0,1.3.11,ctbllib-fs2-q2-findall,2397,1833,2026-08-10T07:11:12.758Z
"Isoclinic(3.U6(2).3,1)",82771476480,false,0,true,2026-08-10T06:59:57.615Z,1.12.6,1.9.0-DEV,428070c0f9ad,4.16.0,1.3.11,ctbllib-fs2-q2-findall,2397,1834,2026-08-10T07:11:14.236Z
"Isoclinic(3.U6(2).3,2)",82771476480,false,0,true,2026-08-10T06:59:57.615Z,1.12.6,1.9.0-DEV,428070c0f9ad,4.16.0,1.3.11,ctbllib-fs2-q2-findall,2397,1835,2026-08-10T07:11:16.022Z
Isoclinic(4.M22.2),3548160,false,0,true,2026-08-10T06:59:57.615Z,1.12.6,1.9.0-DEV,428070c0f9ad,4.16.0,1.3.11,ctbllib-fs2-q2-findall,2397,1836,2026-08-10T07:11:16.055Z
Isoclinic(4.U4(3).2_2),26127360,false,0,true,2026-08-10T06:59:57.615Z,1.12.6,1.9.0-DEV,428070c0f9ad,4.16.0,1.3.11,ctbllib-fs2-q2-findall,2397,1837,2026-08-10T07:11:16.185Z
Isoclinic(4.U4(3).2_3),26127360,false,0,true,2026-08-10T06:59:57.615Z,1.12.6,1.9.0-DEV,428070c0f9ad,4.16.0,1.3.11,ctbllib-fs2-q2-findall,2397,1838,2026-08-10T07:11:16.549Z
Isoclinic(4_1.L3(4).2_1),161280,false,0,true,2026-08-10T06:59:57.615Z,1.12.6,1.9.0-DEV,428070c0f9ad,4.16.0,1.3.11,ctbllib-fs2-q2-findall,2397,1839,2026-08-10T07:11:16.58Z
Isoclinic(4_1.L3(4).2_2),161280,false,0,true,2026-08-10T06:59:57.615Z,1.12.6,1.9.0-DEV,428070c0f9ad,4.16.0,1.3.11,ctbllib-fs2-q2-findall,2397,1840,2026-08-10T07:11:16.596Z
Isoclinic(4_2.L3(4).2_1),161280,false,0,true,2026-08-10T06:59:57.615Z,1.12.6,1.9.0-DEV,428070c0f9ad,4.16.0,1.3.11,ctbllib-fs2-q2-findall,2397,1841,2026-08-10T07:11:16.609Z
Isoclinic(4_2.L3(4).2_3),161280,false,0,true,2026-08-10T06:59:57.615Z,1.12.6,1.9.0-DEV,428070c0f9ad,4.16.0,1.3.11,ctbllib-fs2-q2-findall,2397,1842,2026-08-10T07:11:16.624Z
Isoclinic(4x3^2:Q8),288,true,0,true,2026-08-10T06:59:57.615Z,1.12.6,1.9.0-DEV,428070c0f9ad,4.16.0,1.3.11,ctbllib-fs2-q2-findall,2397,1843,2026-08-10T07:11:16.936Z
Isoclinic(6.A6.2_2),4320,false,0,true,2026-08-10T06:59:57.615Z,1.12.6,1.9.0-DEV,428070c0f9ad,4.16.0,1.3.11,ctbllib-fs2-q2-findall,2397,1844,2026-08-10T07:11:16.98Z
Isoclinic(6.A6x2),4320,false,0,true,2026-08-10T06:59:57.615Z,1.12.6,1.9.0-DEV,428070c0f9ad,4.16.0,1.3.11,ctbllib-fs2-q2-findall,2397,1845,2026-08-10T07:11:17.036Z
Isoclinic(6.A7.2),30240,false,0,true,2026-08-10T06:59:57.615Z,1.12.6,1.9.0-DEV,428070c0f9ad,4.16.0,1.3.11,ctbllib-fs2-q2-findall,2397,1846,2026-08-10T07:11:17.083Z
Isoclinic(6.Fi22.2),774741019852800,false,0,true,2026-08-10T06:59:57.615Z,1.12.6,1.9.0-DEV,428070c0f9ad,4.16.0,1.3.11,ctbllib-fs2-q2-findall,2397,1847,2026-08-10T07:11:17.299Z
Isoclinic(6.L3(4).2_1),241920,false,0,true,2026-08-10T06:59:57.615Z,1.12.6,1.9.0-DEV,428070c0f9ad,4.16.0,1.3.11,ctbllib-fs2-q2-findall,2397,1848,2026-08-10T07:11:17.36Z
Isoclinic(6.L3(4).2_2),241920,false,0,true,2026-08-10T06:59:57.615Z,1.12.6,1.9.0-DEV,428070c0f9ad,4.16.0,1.3.11,ctbllib-fs2-q2-findall,2397,1849,2026-08-10T07:11:17.382Z
Isoclinic(6.L3(4).2_3),241920,false,0,true,2026-08-10T06:59:57.615Z,1.12.6,1.9.0-DEV,428070c0f9ad,4.16.0,1.3.11,ctbllib-fs2-q2-findall,2397,1850,2026-08-10T07:11:17.401Z
Isoclinic(6.M22.2),5322240,false,0,true,2026-08-10T06:59:57.615Z,1.12.6,1.9.0-DEV,428070c0f9ad,4.16.0,1.3.11,ctbllib-fs2-q2-findall,2397,1851,2026-08-10T07:11:17.44Z
Isoclinic(6.O7(3).2),55024220160,false,0,true,2026-08-10T06:59:57.615Z,1.12.6,1.9.0-DEV,428070c0f9ad,4.16.0,1.3.11,ctbllib-fs2-q2-findall,2397,1852,2026-08-10T07:11:17.61Z
Isoclinic(6.Suz.2),5380145971200,false,0,true,2026-08-10T06:59:57.615Z,1.12.6,1.9.0-DEV,428070c0f9ad,4.16.0,1.3.11,ctbllib-fs2-q2-findall,2397,1853,2026-08-10T07:11:18.07Z
Isoclinic(6.U6(2).2),110361968640,false,0,true,2026-08-10T06:59:57.615Z,1.12.6,1.9.0-DEV,428070c0f9ad,4.16.0,1.3.11,ctbllib-fs2-q2-findall,2397,1854,2026-08-10T07:11:18.214Z
Isoclinic(6_1.U4(3).2_1),39191040,false,0,true,2026-08-10T06:59:57.615Z,1.12.6,1.9.0-DEV,428070c0f9ad,4.16.0,1.3.11,ctbllib-fs2-q2-findall,2397,1855,2026-08-10T07:11:18.35Z
Isoclinic(6_1.U4(3).2_2'),39191040,false,0,true,2026-08-10T06:59:57.615Z,1.12.6,1.9.0-DEV,428070c0f9ad,4.16.0,1.3.11,ctbllib-fs2-q2-findall,2397,1856,2026-08-10T07:11:18.401Z
Isoclinic(6_1.U4(3).2_2),39191040,false,0,true,2026-08-10T06:59:57.615Z,1.12.6,1.9.0-DEV,428070c0f9ad,4.16.0,1.3.11,ctbllib-fs2-q2-findall,2397,1857,2026-08-10T07:11:18.606Z
Isoclinic(6_2.U4(3).2_1),39191040,false,0,true,2026-08-10T06:59:57.615Z,1.12.6,1.9.0-DEV,428070c0f9ad,4.16.0,1.3.11,ctbllib-fs2-q2-findall,2397,1858,2026-08-10T07:11:18.657Z
Isoclinic(6_2.U4(3).2_3'),39191040,false,0,true,2026-08-10T06:59:57.615Z,1.12.6,1.9.0-DEV,428070c0f9ad,4.16.0,1.3.11,ctbllib-fs2-q2-findall,2397,1859,2026-08-10T07:11:18.687Z
Isoclinic(6_2.U4(3).2_3),39191040,false,0,true,2026-08-10T06:59:57.615Z,1.12.6,1.9.0-DEV,428070c0f9ad,4.16.0,1.3.11,ctbllib-fs2-q2-findall,2397,1860,2026-08-10T07:11:18.776Z
Isoclinic(L2(13).2x2),4368,false,0,true,2026-08-10T06:59:57.615Z,1.12.6,1.9.0-DEV,428070c0f9ad,4.16.0,1.3.11,ctbllib-fs2-q2-findall,2397,1861,2026-08-10T07:11:18.853Z
Isoclinic(L2(25).2_3x2),31200,false,0,true,2026-08-10T06:59:57.615Z,1.12.6,1.9.0-DEV,428070c0f9ad,4.16.0,1.3.11,ctbllib-fs2-q2-findall,2397,1862,2026-08-10T07:11:19.345Z
Isoclinic(L2(49).2_3x2),235200,false,0,true,2026-08-10T06:59:57.615Z,1.12.6,1.9.0-DEV,428070c0f9ad,4.16.0,1.3.11,ctbllib-fs2-q2-findall,2397,1863,2026-08-10T07:11:19.379Z
Isoclinic(L2(81).2_3x2),1062720,false,0,true,2026-08-10T06:59:57.615Z,1.12.6,1.9.0-DEV,428070c0f9ad,4.16.0,1.3.11,ctbllib-fs2-q2-findall,2397,1864,2026-08-10T07:11:19.423Z
Isoclinic(S8x2),80640,false,0,true,2026-08-10T06:59:57.615Z,1.12.6,1.9.0-DEV,428070c0f9ad,4.16.0,1.3.11,ctbllib-fs2-q2-findall,2397,1865,2026-08-10T07:11:19.526Z
Isoclinic(U3(5).2x2),504000,false,0,true,2026-08-10T06:59:57.615Z,1.12.6,1.9.0-DEV,428070c0f9ad,4.16.0,1.3.11,ctbllib-fs2-q2-findall,2397,1866,2026-08-10T07:11:19.61Z
Isoclinic(U3(8).3_3x3),49641984,false,0,true,2026-08-10T06:59:57.615Z,1.12.6,1.9.0-DEV,428070c0f9ad,4.16.0,1.3.11,ctbllib-fs2-q2-findall,2397,1867,2026-08-10T07:11:19.747Z
J1,175560,false,0,true,2026-08-10T06:59:57.615Z,1.12.6,1.9.0-DEV,428070c0f9ad,4.16.0,1.3.11,ctbllib-fs2-q2-findall,2397,1868,2026-08-10T07:11:19.767Z
J1x2,351120,false,0,true,2026-08-10T06:59:57.615Z,1.12.6,1.9.0-DEV,428070c0f9ad,4.16.0,1.3.11,ctbllib-fs2-q2-findall,2397,1869,2026-08-10T07:11:19.848Z
J2,604800,false,0,true,2026-08-10T06:59:57.615Z,1.12.6,1.9.0-DEV,428070c0f9ad,4.16.0,1.3.11,ctbllib-fs2-q2-findall,2397,1870,2026-08-10T07:11:19.869Z
J2.2,1209600,false,0,true,2026-08-10T06:59:57.615Z,1.12.6,1.9.0-DEV,428070c0f9ad,4.16.0,1.3.11,ctbllib-fs2-q2-findall,2397,1871,2026-08-10T07:11:19.88Z
J2.2x2,2419200,false,0,true,2026-08-10T06:59:57.615Z,1.12.6,1.9.0-DEV,428070c0f9ad,4.16.0,1.3.11,ctbllib-fs2-q2-findall,2397,1872,2026-08-10T07:11:19.966Z
J2N2,384,true,0,true,2026-08-10T06:59:57.615Z,1.12.6,1.9.0-DEV,428070c0f9ad,4.16.0,1.3.11,ctbllib-fs2-q2-findall,2397,1873,2026-08-10T07:11:20.008Z
J3,50232960,false,0,true,2026-08-10T06:59:57.615Z,1.12.6,1.9.0-DEV,428070c0f9ad,4.16.0,1.3.11,ctbllib-fs2-q2-findall,2397,1874,2026-08-10T07:11:20.032Z
J3.2,100465920,false,0,true,2026-08-10T06:59:57.615Z,1.12.6,1.9.0-DEV,428070c0f9ad,4.16.0,1.3.11,ctbllib-fs2-q2-findall,2397,1875,2026-08-10T07:11:20.047Z
J4,86775571046077562880,false,0,true,2026-08-10T06:59:57.615Z,1.12.6,1.9.0-DEV,428070c0f9ad,4.16.0,1.3.11,ctbllib-fs2-q2-findall,2397,1876,2026-08-10T07:11:20.114Z
J4M4,660602880,false,0,true,2026-08-10T06:59:57.615Z,1.12.6,1.9.0-DEV,428070c0f9ad,4.16.0,1.3.11,ctbllib-fs2-q2-findall,2397,1877,2026-08-10T07:11:20.228Z
L2(101),515100,false,0,true,2026-08-10T06:59:57.615Z,1.12.6,1.9.0-DEV,428070c0f9ad,4.16.0,1.3.11,ctbllib-fs2-q2-findall,2397,1878,2026-08-10T07:11:20.326Z
L2(103),546312,false,0,true,2026-08-10T06:59:57.615Z,1.12.6,1.9.0-DEV,428070c0f9ad,4.16.0,1.3.11,ctbllib-fs2-q2-findall,2397,1879,2026-08-10T07:11:22.511Z
L2(107),612468,false,0,true,2026-08-10T06:59:57.615Z,1.12.6,1.9.0-DEV,428070c0f9ad,4.16.0,1.3.11,ctbllib-fs2-q2-findall,2397,1880,2026-08-10T07:11:22.622Z
L2(109),647460,false,0,true,2026-08-10T06:59:57.615Z,1.12.6,1.9.0-DEV,428070c0f9ad,4.16.0,1.3.11,ctbllib-fs2-q2-findall,2397,1881,2026-08-10T07:11:22.737Z
L2(11),660,false,0,true,2026-08-10T06:59:57.615Z,1.12.6,1.9.0-DEV,428070c0f9ad,4.16.0,1.3.11,ctbllib-fs2-q2-findall,2397,1882,2026-08-10T07:11:22.754Z
L2(11).2,1320,false,0,true,2026-08-10T06:59:57.615Z,1.12.6,1.9.0-DEV,428070c0f9ad,4.16.0,1.3.11,ctbllib-fs2-q2-findall,2397,1883,2026-08-10T07:11:22.76Z
L2(113),721392,false,0,true,2026-08-10T06:59:57.615Z,1.12.6,1.9.0-DEV,428070c0f9ad,4.16.0,1.3.11,ctbllib-fs2-q2-findall,2397,1884,2026-08-10T07:11:22.884Z
L2(121),885720,false,0,true,2026-08-10T06:59:57.615Z,1.12.6,1.9.0-DEV,428070c0f9ad,4.16.0,1.3.11,ctbllib-fs2-q2-findall,2397,1885,2026-08-10T07:11:22.918Z
L2(125),976500,false,0,true,2026-08-10T06:59:57.615Z,1.12.6,1.9.0-DEV,428070c0f9ad,4.16.0,1.3.11,ctbllib-fs2-q2-findall,2397,1886,2026-08-10T07:11:22.956Z
L2(13),1092,false,0,true,2026-08-10T06:59:57.615Z,1.12.6,1.9.0-DEV,428070c0f9ad,4.16.0,1.3.11,ctbllib-fs2-q2-findall,2397,1887,2026-08-10T07:11:22.974Z
L2(13).2,2184,false,0,true,2026-08-10T06:59:57.615Z,1.12.6,1.9.0-DEV,428070c0f9ad,4.16.0,1.3.11,ctbllib-fs2-q2-findall,2397,1888,2026-08-10T07:11:22.981Z
L2(16),4080,false,0,true,2026-08-10T06:59:57.615Z,1.12.6,1.9.0-DEV,428070c0f9ad,4.16.0,1.3.11,ctbllib-fs2-q2-findall,2397,1889,2026-08-10T07:11:22.997Z
L2(16).2,8160,false,0,true,2026-08-10T06:59:57.615Z,1.12.6,1.9.0-DEV,428070c0f9ad,4.16.0,1.3.11,ctbllib-fs2-q2-findall,2397,1890,2026-08-10T07:11:23.006Z
L2(16).4,16320,false,0,true,2026-08-10T06:59:57.615Z,1.12.6,1.9.0-DEV,428070c0f9ad,4.16.0,1.3.11,ctbllib-fs2-q2-findall,2397,1891,2026-08-10T07:11:23.014Z
L2(17),2448,false,0,true,2026-08-10T06:59:57.615Z,1.12.6,1.9.0-DEV,428070c0f9ad,4.16.0,1.3.11,ctbllib-fs2-q2-findall,2397,1892,2026-08-10T07:11:23.021Z
L2(17).2,4896,false,0,true,2026-08-10T06:59:57.615Z,1.12.6,1.9.0-DEV,428070c0f9ad,4.16.0,1.3.11,ctbllib-fs2-q2-findall,2397,1893,2026-08-10T07:11:23.028Z
L2(17)x2,4896,false,0,true,2026-08-10T06:59:57.615Z,1.12.6,1.9.0-DEV,428070c0f9ad,4.16.0,1.3.11,ctbllib-fs2-q2-findall,2397,1894,2026-08-10T07:11:23.071Z
L2(19),3420,false,0,true,2026-08-10T06:59:57.615Z,1.12.6,1.9.0-DEV,428070c0f9ad,4.16.0,1.3.11,ctbllib-fs2-q2-findall,2397,1895,2026-08-10T07:11:23.09Z
L2(19).2,6840,false,0,true,2026-08-10T06:59:57.615Z,1.12.6,1.9.0-DEV,428070c0f9ad,4.16.0,1.3.11,ctbllib-fs2-q2-findall,2397,1896,2026-08-10T07:11:23.098Z
L2(23),6072,false,0,true,2026-08-10T06:59:57.615Z,1.12.6,1.9.0-DEV,428070c0f9ad,4.16.0,1.3.11,ctbllib-fs2-q2-findall,2397,1897,2026-08-10T07:11:23.107Z
L2(23).2,12144,false,0,true,2026-08-10T06:59:57.615Z,1.12.6,1.9.0-DEV,428070c0f9ad,4.16.0,1.3.11,ctbllib-fs2-q2-findall,2397,1898,2026-08-10T07:11:23.116Z
L2(25),7800,false,0,true,2026-08-10T06:59:57.615Z,1.12.6,1.9.0-DEV,428070c0f9ad,4.16.0,1.3.11,ctbllib-fs2-q2-findall,2397,1899,2026-08-10T07:11:23.122Z
L2(25).(2x4),62400,false,0,true,2026-08-10T06:59:57.615Z,1.12.6,1.9.0-DEV,428070c0f9ad,4.16.0,1.3.11,ctbllib-fs2-q2-findall,2397,1900,2026-08-10T07:11:23.211Z
L2(25).2^2,31200,false,0,true,2026-08-10T06:59:57.615Z,1.12.6,1.9.0-DEV,428070c0f9ad,4.16.0,1.3.11,ctbllib-fs2-q2-findall,2397,1901,2026-08-10T07:11:23.232Z
L2(25).2_1,15600,false,0,true,2026-08-10T06:59:57.615Z,1.12.6,1.9.0-DEV,428070c0f9ad,4.16.0,1.3.11,ctbllib-fs2-q2-findall,2397,1902,2026-08-10T07:11:23.241Z
L2(25).2_2,15600,false,0,true,2026-08-10T06:59:57.615Z,1.12.6,1.9.0-DEV,428070c0f9ad,4.16.0,1.3.11,ctbllib-fs2-q2-findall,2397,1903,2026-08-10T07:11:23.25Z
L2(25).2_3,15600,false,0,true,2026-08-10T06:59:57.615Z,1.12.6,1.9.0-DEV,428070c0f9ad,4.16.0,1.3.11,ctbllib-fs2-q2-findall,2397,1904,2026-08-10T07:11:23.256Z
L2(27),9828,false,0,true,2026-08-10T06:59:57.615Z,1.12.6,1.9.0-DEV,428070c0f9ad,4.16.0,1.3.11,ctbllib-fs2-q2-findall,2397,1905,2026-08-10T07:11:23.263Z
L2(27).2,19656,false,0,true,2026-08-10T06:59:57.615Z,1.12.6,1.9.0-DEV,428070c0f9ad,4.16.0,1.3.11,ctbllib-fs2-q2-findall,2397,1906,2026-08-10T07:11:23.273Z
L2(27).3,29484,false,0,true,2026-08-10T06:59:57.615Z,1.12.6,1.9.0-DEV,428070c0f9ad,4.16.0,1.3.11,ctbllib-fs2-q2-findall,2397,1907,2026-08-10T07:11:23.283Z
L2(27).6,58968,false,0,true,2026-08-10T06:59:57.615Z,1.12.6,1.9.0-DEV,428070c0f9ad,4.16.0,1.3.11,ctbllib-fs2-q2-findall,2397,1908,2026-08-10T07:11:23.295Z
L2(29),12180,false,0,true,2026-08-10T06:59:57.615Z,1.12.6,1.9.0-DEV,428070c0f9ad,4.16.0,1.3.11,ctbllib-fs2-q2-findall,2397,1909,2026-08-10T07:11:23.306Z
L2(29).2,24360,false,0,true,2026-08-10T06:59:57.615Z,1.12.6,1.9.0-DEV,428070c0f9ad,4.16.0,1.3.11,ctbllib-fs2-q2-findall,2397,1910,2026-08-10T07:11:23.316Z
L2(31),14880,false,0,true,2026-08-10T06:59:57.615Z,1.12.6,1.9.0-DEV,428070c0f9ad,4.16.0,1.3.11,ctbllib-fs2-q2-findall,2397,1911,2026-08-10T07:11:23.327Z
L2(31).2,29760,false,0,true,2026-08-10T06:59:57.615Z,1.12.6,1.9.0-DEV,428070c0f9ad,4.16.0,1.3.11,ctbllib-fs2-q2-findall,2397,1912,2026-08-10T07:11:23.337Z
L2(32),32736,false,0,true,2026-08-10T06:59:57.615Z,1.12.6,1.9.0-DEV,428070c0f9ad,4.16.0,1.3.11,ctbllib-fs2-q2-findall,2397,1913,2026-08-10T07:11:23.391Z
L2(32).5,163680,false,0,true,2026-08-10T06:59:57.615Z,1.12.6,1.9.0-DEV,428070c0f9ad,4.16.0,1.3.11,ctbllib-fs2-q2-findall,2397,1914,2026-08-10T07:11:23.412Z
L2(37),25308,false,0,true,2026-08-10T06:59:57.615Z,1.12.6,1.9.0-DEV,428070c0f9ad,4.16.0,1.3.11,ctbllib-fs2-q2-findall,2397,1915,2026-08-10T07:11:23.434Z
L2(41),34440,false,0,true,2026-08-10T06:59:57.615Z,1.12.6,1.9.0-DEV,428070c0f9ad,4.16.0,1.3.11,ctbllib-fs2-q2-findall,2397,1916,2026-08-10T07:11:23.457Z
L2(43),39732,false,0,true,2026-08-10T06:59:57.615Z,1.12.6,1.9.0-DEV,428070c0f9ad,4.16.0,1.3.11,ctbllib-fs2-q2-findall,2397,1917,2026-08-10T07:11:23.482Z
L2(47),51888,false,0,true,2026-08-10T06:59:57.615Z,1.12.6,1.9.0-DEV,428070c0f9ad,4.16.0,1.3.11,ctbllib-fs2-q2-findall,2397,1918,2026-08-10T07:11:23.51Z
L2(49),58800,false,0,true,2026-08-10T06:59:57.615Z,1.12.6,1.9.0-DEV,428070c0f9ad,4.16.0,1.3.11,ctbllib-fs2-q2-findall,2397,1919,2026-08-10T07:11:23.53Z
L2(49).2^2,235200,false,0,true,2026-08-10T06:59:57.615Z,1.12.6,1.9.0-DEV,428070c0f9ad,4.16.0,1.3.11,ctbllib-fs2-q2-findall,2397,1920,2026-08-10T07:11:23.545Z
L2(49).2_1,117600,false,0,true,2026-08-10T06:59:57.615Z,1.12.6,1.9.0-DEV,428070c0f9ad,4.16.0,1.3.11,ctbllib-fs2-q2-findall,2397,1921,2026-08-10T07:11:23.561Z
L2(49).2_2,117600,false,0,true,2026-08-10T06:59:57.615Z,1.12.6,1.9.0-DEV,428070c0f9ad,4.16.0,1.3.11,ctbllib-fs2-q2-findall,2397,1922,2026-08-10T07:11:23.572Z
L2(49).2_3,117600,false,0,true,2026-08-10T06:59:57.615Z,1.12.6,1.9.0-DEV,428070c0f9ad,4.16.0,1.3.11,ctbllib-fs2-q2-findall,2397,1923,2026-08-10T07:11:23.58Z
L2(53),74412,false,0,true,2026-08-10T06:59:57.615Z,1.12.6,1.9.0-DEV,428070c0f9ad,4.16.0,1.3.11,ctbllib-fs2-q2-findall,2397,1924,2026-08-10T07:11:23.612Z
L2(59),102660,false,0,true,2026-08-10T06:59:57.615Z,1.12.6,1.9.0-DEV,428070c0f9ad,4.16.0,1.3.11,ctbllib-fs2-q2-findall,2397,1925,2026-08-10T07:11:23.648Z
L2(61),113460,false,0,true,2026-08-10T06:59:57.615Z,1.12.6,1.9.0-DEV,428070c0f9ad,4.16.0,1.3.11,ctbllib-fs2-q2-findall,2397,1926,2026-08-10T07:11:23.688Z
L2(64),262080,false,0,true,2026-08-10T06:59:57.615Z,1.12.6,1.9.0-DEV,428070c0f9ad,4.16.0,1.3.11,ctbllib-fs2-q2-findall,2397,1927,2026-08-10T07:11:23.931Z
L2(64).6,1572480,false,0,true,2026-08-10T06:59:57.615Z,1.12.6,1.9.0-DEV,428070c0f9ad,4.16.0,1.3.11,ctbllib-fs2-q2-findall,2397,1928,2026-08-10T07:11:23.951Z
L2(67),150348,false,0,true,2026-08-10T06:59:57.615Z,1.12.6,1.9.0-DEV,428070c0f9ad,4.16.0,1.3.11,ctbllib-fs2-q2-findall,2397,1929,2026-08-10T07:11:23.995Z
L2(71),178920,false,0,true,2026-08-10T06:59:57.615Z,1.12.6,1.9.0-DEV,428070c0f9ad,4.16.0,1.3.11,ctbllib-fs2-q2-findall,2397,1930,2026-08-10T07:11:24.046Z
L2(73),194472,false,0,true,2026-08-10T06:59:57.615Z,1.12.6,1.9.0-DEV,428070c0f9ad,4.16.0,1.3.11,ctbllib-fs2-q2-findall,2397,1931,2026-08-10T07:11:24.098Z
L2(79),246480,false,0,true,2026-08-10T06:59:57.615Z,1.12.6,1.9.0-DEV,428070c0f9ad,4.16.0,1.3.11,ctbllib-fs2-q2-findall,2397,1932,2026-08-10T07:11:24.158Z
L2(8),504,false,0,true,2026-08-10T06:59:57.615Z,1.12.6,1.9.0-DEV,428070c0f9ad,4.16.0,1.3.11,ctbllib-fs2-q2-findall,2397,1933,2026-08-10T07:11:24.177Z
L2(8).3,1512,false,0,true,2026-08-10T06:59:57.615Z,1.12.6,1.9.0-DEV,428070c0f9ad,4.16.0,1.3.11,ctbllib-fs2-q2-findall,2397,1934,2026-08-10T07:11:24.185Z
L2(8):3x2,3024,false,0,true,2026-08-10T06:59:57.615Z,1.12.6,1.9.0-DEV,428070c0f9ad,4.16.0,1.3.11,ctbllib-fs2-q2-findall,2397,1935,2026-08-10T07:11:24.218Z
L2(81),265680,false,0,true,2026-08-10T06:59:57.615Z,1.12.6,1.9.0-DEV,428070c0f9ad,4.16.0,1.3.11,ctbllib-fs2-q2-findall,2397,1936,2026-08-10T07:11:24.243Z
L2(81).(2x4),2125440,false,0,true,2026-08-10T06:59:57.615Z,1.12.6,1.9.0-DEV,428070c0f9ad,4.16.0,1.3.11,ctbllib-fs2-q2-findall,2397,1937,2026-08-10T07:11:24.262Z
L2(81).2^2,1062720,false,0,true,2026-08-10T06:59:57.615Z,1.12.6,1.9.0-DEV,428070c0f9ad,4.16.0,1.3.11,ctbllib-fs2-q2-findall,2397,1938,2026-08-10T07:11:24.947Z
L2(81).2_1,531360,false,0,true,2026-08-10T06:59:57.615Z,1.12.6,1.9.0-DEV,428070c0f9ad,4.16.0,1.3.11,ctbllib-fs2-q2-findall,2397,1939,2026-08-10T07:11:24.961Z
L2(81).2_2,531360,false,0,true,2026-08-10T06:59:57.615Z,1.12.6,1.9.0-DEV,428070c0f9ad,4.16.0,1.3.11,ctbllib-fs2-q2-findall,2397,1940,2026-08-10T07:11:24.992Z
L2(81).2_3,531360,false,0,true,2026-08-10T06:59:57.615Z,1.12.6,1.9.0-DEV,428070c0f9ad,4.16.0,1.3.11,ctbllib-fs2-q2-findall,2397,1941,2026-08-10T07:11:25.003Z
L2(81).4_1,1062720,false,0,true,2026-08-10T06:59:57.615Z,1.12.6,1.9.0-DEV,428070c0f9ad,4.16.0,1.3.11,ctbllib-fs2-q2-findall,2397,1942,2026-08-10T07:11:25.018Z
L2(81).4_2,1062720,false,0,true,2026-08-10T06:59:57.615Z,1.12.6,1.9.0-DEV,428070c0f9ad,4.16.0,1.3.11,ctbllib-fs2-q2-findall,2397,1943,2026-08-10T07:11:25.027Z
L2(83),285852,false,0,true,2026-08-10T06:59:57.615Z,1.12.6,1.9.0-DEV,428070c0f9ad,4.16.0,1.3.11,ctbllib-fs2-q2-findall,2397,1944,2026-08-10T07:11:25.092Z
L2(89),352440,false,0,true,2026-08-10T06:59:57.615Z,1.12.6,1.9.0-DEV,428070c0f9ad,4.16.0,1.3.11,ctbllib-fs2-q2-findall,2397,1945,2026-08-10T07:11:25.166Z
L2(97),456288,false,0,true,2026-08-10T06:59:57.615Z,1.12.6,1.9.0-DEV,428070c0f9ad,4.16.0,1.3.11,ctbllib-fs2-q2-findall,2397,1946,2026-08-10T07:11:25.254Z
L3(11),212427600,false,0,true,2026-08-10T06:59:57.615Z,1.12.6,1.9.0-DEV,428070c0f9ad,4.16.0,1.3.11,ctbllib-fs2-q2-findall,2397,1947,2026-08-10T07:11:25.362Z
L3(2),168,false,0,true,2026-08-10T06:59:57.615Z,1.12.6,1.9.0-DEV,428070c0f9ad,4.16.0,1.3.11,ctbllib-fs2-q2-findall,2397,1948,2026-08-10T07:11:25.376Z
L3(2).2,336,false,0,true,2026-08-10T06:59:57.615Z,1.12.6,1.9.0-DEV,428070c0f9ad,4.16.0,1.3.11,ctbllib-fs2-q2-findall,2397,1949,2026-08-10T07:11:25.382Z
L3(2).2x2,672,false,0,true,2026-08-10T06:59:57.615Z,1.12.6,1.9.0-DEV,428070c0f9ad,4.16.0,1.3.11,ctbllib-fs2-q2-findall,2397,1950,2026-08-10T07:11:25.417Z
L3(2)wr2,56448,false,0,true,2026-08-10T06:59:57.615Z,1.12.6,1.9.0-DEV,428070c0f9ad,4.16.0,1.3.11,ctbllib-fs2-q2-findall,2397,1951,2026-08-10T07:11:25.495Z
L3(2)xS3,1008,false,0,true,2026-08-10T06:59:57.615Z,1.12.6,1.9.0-DEV,428070c0f9ad,4.16.0,1.3.11,ctbllib-fs2-q2-findall,2397,1952,2026-08-10T07:11:25.777Z
L3(3),5616,false,0,true,2026-08-10T06:59:57.615Z,1.12.6,1.9.0-DEV,428070c0f9ad,4.16.0,1.3.11,ctbllib-fs2-q2-findall,2397,1953,2026-08-10T07:11:25.79Z
L3(3).2,11232,false,0,true,2026-08-10T06:59:57.615Z,1.12.6,1.9.0-DEV,428070c0f9ad,4.16.0,1.3.11,ctbllib-fs2-q2-findall,2397,1954,2026-08-10T07:11:25.797Z
L3(3)x2,11232,false,0,true,2026-08-10T06:59:57.615Z,1.12.6,1.9.0-DEV,428070c0f9ad,4.16.0,1.3.11,ctbllib-fs2-q2-findall,2397,1955,2026-08-10T07:11:26.079Z
L3(3)xD8,44928,false,0,true,2026-08-10T06:59:57.615Z,1.12.6,1.9.0-DEV,428070c0f9ad,4.16.0,1.3.11,ctbllib-fs2-q2-findall,2397,1956,2026-08-10T07:11:26.303Z
L3(4),20160,false,0,true,2026-08-10T06:59:57.615Z,1.12.6,1.9.0-DEV,428070c0f9ad,4.16.0,1.3.11,ctbllib-fs2-q2-findall,2397,1957,2026-08-10T07:11:26.328Z
L3(4).2^2,80640,false,0,true,2026-08-10T06:59:57.615Z,1.12.6,1.9.0-DEV,428070c0f9ad,4.16.0,1.3.11,ctbllib-fs2-q2-findall,2397,1958,2026-08-10T07:11:26.338Z
L3(4).2_1,40320,false,0,true,2026-08-10T06:59:57.615Z,1.12.6,1.9.0-DEV,428070c0f9ad,4.16.0,1.3.11,ctbllib-fs2-q2-findall,2397,1959,2026-08-10T07:11:26.345Z
L3(4).2_2,40320,false,0,true,2026-08-10T06:59:57.615Z,1.12.6,1.9.0-DEV,428070c0f9ad,4.16.0,1.3.11,ctbllib-fs2-q2-findall,2397,1960,2026-08-10T07:11:26.354Z
L3(4).2_3,40320,false,0,true,2026-08-10T06:59:57.615Z,1.12.6,1.9.0-DEV,428070c0f9ad,4.16.0,1.3.11,ctbllib-fs2-q2-findall,2397,1961,2026-08-10T07:11:26.362Z
L3(4).3,60480,false,0,true,2026-08-10T06:59:57.615Z,1.12.6,1.9.0-DEV,428070c0f9ad,4.16.0,1.3.11,ctbllib-fs2-q2-findall,2397,1962,2026-08-10T07:11:26.379Z
L3(4).3.2_2,120960,false,0,true,2026-08-10T06:59:57.615Z,1.12.6,1.9.0-DEV,428070c0f9ad,4.16.0,1.3.11,ctbllib-fs2-q2-findall,2397,1963,2026-08-10T07:11:26.389Z
L3(4).3.2_3,120960,false,0,true,2026-08-10T06:59:57.615Z,1.12.6,1.9.0-DEV,428070c0f9ad,4.16.0,1.3.11,ctbllib-fs2-q2-findall,2397,1964,2026-08-10T07:11:26.398Z
L3(4).6,120960,false,0,true,2026-08-10T06:59:57.615Z,1.12.6,1.9.0-DEV,428070c0f9ad,4.16.0,1.3.11,ctbllib-fs2-q2-findall,2397,1965,2026-08-10T07:11:26.408Z
L3(4).D12,241920,false,0,true,2026-08-10T06:59:57.615Z,1.12.6,1.9.0-DEV,428070c0f9ad,4.16.0,1.3.11,ctbllib-fs2-q2-findall,2397,1966,2026-08-10T07:11:26.419Z
L3(4)Syl2,64,true,0,true,2026-08-10T06:59:57.615Z,1.12.6,1.9.0-DEV,428070c0f9ad,4.16.0,1.3.11,ctbllib-fs2-q2-findall,2397,1967,2026-08-10T07:11:26.449Z
L3(5),372000,false,0,true,2026-08-10T06:59:57.615Z,1.12.6,1.9.0-DEV,428070c0f9ad,4.16.0,1.3.11,ctbllib-fs2-q2-findall,2397,1968,2026-08-10T07:11:26.467Z
L3(5).2,744000,false,0,true,2026-08-10T06:59:57.615Z,1.12.6,1.9.0-DEV,428070c0f9ad,4.16.0,1.3.11,ctbllib-fs2-q2-findall,2397,1969,2026-08-10T07:11:26.477Z
L3(7),1876896,false,0,true,2026-08-10T06:59:57.615Z,1.12.6,1.9.0-DEV,428070c0f9ad,4.16.0,1.3.11,ctbllib-fs2-q2-findall,2397,1970,2026-08-10T07:11:26.485Z
L3(7).2,3753792,false,0,true,2026-08-10T06:59:57.615Z,1.12.6,1.9.0-DEV,428070c0f9ad,4.16.0,1.3.11,ctbllib-fs2-q2-findall,2397,1971,2026-08-10T07:11:26.495Z
L3(7).3,5630688,false,0,true,2026-08-10T06:59:57.615Z,1.12.6,1.9.0-DEV,428070c0f9ad,4.16.0,1.3.11,ctbllib-fs2-q2-findall,2397,1972,2026-08-10T07:11:26.522Z
L3(7).S3,11261376,false,0,true,2026-08-10T06:59:57.615Z,1.12.6,1.9.0-DEV,428070c0f9ad,4.16.0,1.3.11,ctbllib-fs2-q2-findall,2397,1973,2026-08-10T07:11:26.538Z
L3(8),16482816,false,0,true,2026-08-10T06:59:57.615Z,1.12.6,1.9.0-DEV,428070c0f9ad,4.16.0,1.3.11,ctbllib-fs2-q2-findall,2397,1974,2026-08-10T07:11:27.102Z
L3(8).2,32965632,false,0,true,2026-08-10T06:59:57.615Z,1.12.6,1.9.0-DEV,428070c0f9ad,4.16.0,1.3.11,ctbllib-fs2-q2-findall,2397,1975,2026-08-10T07:11:27.132Z
L3(8).3,49448448,false,0,true,2026-08-10T06:59:57.615Z,1.12.6,1.9.0-DEV,428070c0f9ad,4.16.0,1.3.11,ctbllib-fs2-q2-findall,2397,1976,2026-08-10T07:11:27.223Z
L3(8).6,98896896,false,0,true,2026-08-10T06:59:57.615Z,1.12.6,1.9.0-DEV,428070c0f9ad,4.16.0,1.3.11,ctbllib-fs2-q2-findall,2397,1977,2026-08-10T07:11:27.245Z
L3(9),42456960,false,0,true,2026-08-10T06:59:57.615Z,1.12.6,1.9.0-DEV,428070c0f9ad,4.16.0,1.3.11,ctbllib-fs2-q2-findall,2397,1978,2026-08-10T07:11:27.301Z
L3(9).2^2,169827840,false,0,true,2026-08-10T06:59:57.615Z,1.12.6,1.9.0-DEV,428070c0f9ad,4.16.0,1.3.11,ctbllib-fs2-q2-findall,2397,1979,2026-08-10T07:11:27.329Z
L3(9).2_1,84913920,false,0,true,2026-08-10T06:59:57.615Z,1.12.6,1.9.0-DEV,428070c0f9ad,4.16.0,1.3.11,ctbllib-fs2-q2-findall,2397,1980,2026-08-10T07:11:27.351Z
L3(9).2_2,84913920,false,0,true,2026-08-10T06:59:57.615Z,1.12.6,1.9.0-DEV,428070c0f9ad,4.16.0,1.3.11,ctbllib-fs2-q2-findall,2397,1981,2026-08-10T07:11:27.372Z
L3(9).2_3,84913920,false,0,true,2026-08-10T06:59:57.615Z,1.12.6,1.9.0-DEV,428070c0f9ad,4.16.0,1.3.11,ctbllib-fs2-q2-findall,2397,1982,2026-08-10T07:11:27.4Z
L4(3),6065280,false,0,true,2026-08-10T06:59:57.615Z,1.12.6,1.9.0-DEV,428070c0f9ad,4.16.0,1.3.11,ctbllib-fs2-q2-findall,2397,1983,2026-08-10T07:11:27.411Z
L4(3).2^2,24261120,false,0,true,2026-08-10T06:59:57.615Z,1.12.6,1.9.0-DEV,428070c0f9ad,4.16.0,1.3.11,ctbllib-fs2-q2-findall,2397,1984,2026-08-10T07:11:27.435Z
L4(3).2_1,12130560,false,0,true,2026-08-10T06:59:57.615Z,1.12.6,1.9.0-DEV,428070c0f9ad,4.16.0,1.3.11,ctbllib-fs2-q2-findall,2397,1985,2026-08-10T07:11:27.449Z
L4(3).2_2,12130560,false,0,true,2026-08-10T06:59:57.615Z,1.12.6,1.9.0-DEV,428070c0f9ad,4.16.0,1.3.11,ctbllib-fs2-q2-findall,2397,1986,2026-08-10T07:11:27.47Z
L4(3).2_3,12130560,false,0,true,2026-08-10T06:59:57.615Z,1.12.6,1.9.0-DEV,428070c0f9ad,4.16.0,1.3.11,ctbllib-fs2-q2-findall,2397,1987,2026-08-10T07:11:27.481Z
L4(3)x2,12130560,false,0,true,2026-08-10T06:59:57.615Z,1.12.6,1.9.0-DEV,428070c0f9ad,4.16.0,1.3.11,ctbllib-fs2-q2-findall,2397,1988,2026-08-10T07:11:27.598Z
L4(4),987033600,false,0,true,2026-08-10T06:59:57.615Z,1.12.6,1.9.0-DEV,428070c0f9ad,4.16.0,1.3.11,ctbllib-fs2-q2-findall,2397,1989,2026-08-10T07:11:27.852Z
L4(4).2^2,3948134400,false,0,true,2026-08-10T06:59:57.615Z,1.12.6,1.9.0-DEV,428070c0f9ad,4.16.0,1.3.11,ctbllib-fs2-q2-findall,2397,1990,2026-08-10T07:11:27.888Z
L4(4).2_1,1974067200,false,0,true,2026-08-10T06:59:57.615Z,1.12.6,1.9.0-DEV,428070c0f9ad,4.16.0,1.3.11,ctbllib-fs2-q2-findall,2397,1991,2026-08-10T07:11:27.923Z
L4(4).2_2,1974067200,false,0,true,2026-08-10T06:59:57.615Z,1.12.6,1.9.0-DEV,428070c0f9ad,4.16.0,1.3.11,ctbllib-fs2-q2-findall,2397,1992,2026-08-10T07:11:27.996Z
L4(4).2_3,1974067200,false,0,true,2026-08-10T06:59:57.615Z,1.12.6,1.9.0-DEV,428070c0f9ad,4.16.0,1.3.11,ctbllib-fs2-q2-findall,2397,1993,2026-08-10T07:11:28.028Z
L4(5),7254000000,false,0,true,2026-08-10T06:59:57.615Z,1.12.6,1.9.0-DEV,428070c0f9ad,4.16.0,1.3.11,ctbllib-fs2-q2-findall,2397,1994,2026-08-10T07:11:28.059Z
L4(9),50759843097600,false,0,true,2026-08-10T06:59:57.615Z,1.12.6,1.9.0-DEV,428070c0f9ad,4.16.0,1.3.11,ctbllib-fs2-q2-findall,2397,1995,2026-08-10T07:11:28.203Z
L5(2),9999360,false,0,true,2026-08-10T06:59:57.615Z,1.12.6,1.9.0-DEV,428070c0f9ad,4.16.0,1.3.11,ctbllib-fs2-q2-findall,2397,1996,2026-08-10T07:11:28.24Z
L5(2).2,19998720,false,0,true,2026-08-10T06:59:57.615Z,1.12.6,1.9.0-DEV,428070c0f9ad,4.16.0,1.3.11,ctbllib-fs2-q2-findall,2397,1997,2026-08-10T07:11:28.253Z
L5(3),237783237120,false,0,true,2026-08-10T06:59:57.615Z,1.12.6,1.9.0-DEV,428070c0f9ad,4.16.0,1.3.11,ctbllib-fs2-q2-findall,2397,1998,2026-08-10T07:11:28.319Z
L5(3).2,475566474240,false,0,true,2026-08-10T06:59:57.615Z,1.12.6,1.9.0-DEV,428070c0f9ad,4.16.0,1.3.11,ctbllib-fs2-q2-findall,2397,1999,2026-08-10T07:11:28.745Z
L6(2),20158709760,false,0,true,2026-08-10T06:59:57.615Z,1.12.6,1.9.0-DEV,428070c0f9ad,4.16.0,1.3.11,ctbllib-fs2-q2-findall,2397,2000,2026-08-10T07:11:28.833Z
L6(2).2,40317419520,false,0,true,2026-08-10T06:59:57.615Z,1.12.6,1.9.0-DEV,428070c0f9ad,4.16.0,1.3.11,ctbllib-fs2-q2-findall,2397,2001,2026-08-10T07:11:28.864Z
L7(2),163849992929280,false,0,true,2026-08-10T06:59:57.615Z,1.12.6,1.9.0-DEV,428070c0f9ad,4.16.0,1.3.11,ctbllib-fs2-q2-findall,2397,2002,2026-08-10T07:11:29.388Z
L7(2).2,327699985858560,false,0,true,2026-08-10T06:59:57.615Z,1.12.6,1.9.0-DEV,428070c0f9ad,4.16.0,1.3.11,ctbllib-fs2-q2-findall,2397,2003,2026-08-10T07:11:29.442Z
L8(2),5348063769211699200,false,0,true,2026-08-10T06:59:57.615Z,1.12.6,1.9.0-DEV,428070c0f9ad,4.16.0,1.3.11,ctbllib-fs2-q2-findall,2397,2004,2026-08-10T07:11:32.524Z
Ly,51765179004000000,false,0,true,2026-08-10T06:59:57.615Z,1.12.6,1.9.0-DEV,428070c0f9ad,4.16.0,1.3.11,ctbllib-fs2-q2-findall,2397,2005,2026-08-10T07:11:32.559Z
LyN2,256,true,0,true,2026-08-10T06:59:57.615Z,1.12.6,1.9.0-DEV,428070c0f9ad,4.16.0,1.3.11,ctbllib-fs2-q2-findall,2397,2006,2026-08-10T07:11:32.602Z
LyN3,69984,true,0,true,2026-08-10T06:59:57.615Z,1.12.6,1.9.0-DEV,428070c0f9ad,4.16.0,1.3.11,ctbllib-fs2-q2-findall,2397,2007,2026-08-10T07:11:32.621Z
LyN5,250000,true,0,true,2026-08-10T06:59:57.615Z,1.12.6,1.9.0-DEV,428070c0f9ad,4.16.0,1.3.11,ctbllib-fs2-q2-findall,2397,2008,2026-08-10T07:11:32.644Z
M,808017424794512875886459904961710757005754368000000000,false,0,true,2026-08-10T06:59:57.615Z,1.12.6,1.9.0-DEV,428070c0f9ad,4.16.0,1.3.11,ctbllib-fs2-q2-findall,2397,2009,2026-08-10T07:11:33.556Z
M10x2,1440,false,0,true,2026-08-10T06:59:57.615Z,1.12.6,1.9.0-DEV,428070c0f9ad,4.16.0,1.3.11,ctbllib-fs2-q2-findall,2397,2010,2026-08-10T07:11:33.605Z
M11,7920,false,0,true,2026-08-10T06:59:57.615Z,1.12.6,1.9.0-DEV,428070c0f9ad,4.16.0,1.3.11,ctbllib-fs2-q2-findall,2397,2011,2026-08-10T07:11:33.615Z
M11N2,16,true,0,true,2026-08-10T06:59:57.615Z,1.12.6,1.9.0-DEV,428070c0f9ad,4.16.0,1.3.11,ctbllib-fs2-q2-findall,2397,2012,2026-08-10T07:11:33.653Z
M11xA6.2^2,11404800,false,0,true,2026-08-10T06:59:57.615Z,1.12.6,1.9.0-DEV,428070c0f9ad,4.16.0,1.3.11,ctbllib-fs2-q2-findall,2397,2013,2026-08-10T07:11:33.874Z
M11xS3,47520,false,0,true,2026-08-10T06:59:57.615Z,1.12.6,1.9.0-DEV,428070c0f9ad,4.16.0,1.3.11,ctbllib-fs2-q2-findall,2397,2014,2026-08-10T07:11:33.899Z
M12,95040,false,0,true,2026-08-10T06:59:57.615Z,1.12.6,1.9.0-DEV,428070c0f9ad,4.16.0,1.3.11,ctbllib-fs2-q2-findall,2397,2015,2026-08-10T07:11:33.911Z
M12.2,190080,false,0,true,2026-08-10T06:59:57.615Z,1.12.6,1.9.0-DEV,428070c0f9ad,4.16.0,1.3.11,ctbllib-fs2-q2-findall,2397,2016,2026-08-10T07:11:33.919Z
M12.2x2,380160,false,0,true,2026-08-10T06:59:57.615Z,1.12.6,1.9.0-DEV,428070c0f9ad,4.16.0,1.3.11,ctbllib-fs2-q2-findall,2397,2017,2026-08-10T07:11:33.994Z
M12C4,32,true,0,true,2026-08-10T06:59:57.615Z,1.12.6,1.9.0-DEV,428070c0f9ad,4.16.0,1.3.11,ctbllib-fs2-q2-findall,2397,2018,2026-08-10T07:11:34.055Z
M12N2,64,true,0,true,2026-08-10T06:59:57.615Z,1.12.6,1.9.0-DEV,428070c0f9ad,4.16.0,1.3.11,ctbllib-fs2-q2-findall,2397,2019,2026-08-10T07:11:34.096Z
M12N3,108,true,0,true,2026-08-10T06:59:57.615Z,1.12.6,1.9.0-DEV,428070c0f9ad,4.16.0,1.3.11,ctbllib-fs2-q2-findall,2397,2020,2026-08-10T07:11:34.101Z
M22,443520,false,0,true,2026-08-10T06:59:57.615Z,1.12.6,1.9.0-DEV,428070c0f9ad,4.16.0,1.3.11,ctbllib-fs2-q2-findall,2397,2021,2026-08-10T07:11:34.113Z
M22.2,887040,false,0,true,2026-08-10T06:59:57.615Z,1.12.6,1.9.0-DEV,428070c0f9ad,4.16.0,1.3.11,ctbllib-fs2-q2-findall,2397,2022,2026-08-10T07:11:34.125Z
M22.2M3,11520,false,0,true,2026-08-10T06:59:57.615Z,1.12.6,1.9.0-DEV,428070c0f9ad,4.16.0,1.3.11,ctbllib-fs2-q2-findall,2397,2023,2026-08-10T07:11:34.192Z
M22.2M4,3840,false,0,true,2026-08-10T06:59:57.615Z,1.12.6,1.9.0-DEV,428070c0f9ad,4.16.0,1.3.11,ctbllib-fs2-q2-findall,2397,2024,2026-08-10T07:11:34.211Z
M22C2A,384,true,0,true,2026-08-10T06:59:57.615Z,1.12.6,1.9.0-DEV,428070c0f9ad,4.16.0,1.3.11,ctbllib-fs2-q2-findall,2397,2025,2026-08-10T07:11:34.227Z
M23,10200960,false,0,true,2026-08-10T06:59:57.615Z,1.12.6,1.9.0-DEV,428070c0f9ad,4.16.0,1.3.11,ctbllib-fs2-q2-findall,2397,2026,2026-08-10T07:11:34.243Z
M24,244823040,false,0,true,2026-08-10T06:59:57.615Z,1.12.6,1.9.0-DEV,428070c0f9ad,4.16.0,1.3.11,ctbllib-fs2-q2-findall,2397,2027,2026-08-10T07:11:34.26Z
M24C2B,7680,false,0,true,2026-08-10T06:59:57.615Z,1.12.6,1.9.0-DEV,428070c0f9ad,4.16.0,1.3.11,ctbllib-fs2-q2-findall,2397,2028,2026-08-10T07:11:34.279Z
M24N2,1024,true,0,true,2026-08-10T06:59:57.615Z,1.12.6,1.9.0-DEV,428070c0f9ad,4.16.0,1.3.11,ctbllib-fs2-q2-findall,2397,2029,2026-08-10T07:11:34.339Z
M8.S4,192,true,0,true,2026-08-10T06:59:57.615Z,1.12.6,1.9.0-DEV,428070c0f9ad,4.16.0,1.3.11,ctbllib-fs2-q2-findall,2397,2030,2026-08-10T07:11:34.353Z
MN5,187500000,true,0,true,2026-08-10T06:59:57.615Z,1.12.6,1.9.0-DEV,428070c0f9ad,4.16.0,1.3.11,ctbllib-fs2-q2-findall,2397,2031,2026-08-10T07:11:36.861Z
McL,898128000,false,0,true,2026-08-10T06:59:57.615Z,1.12.6,1.9.0-DEV,428070c0f9ad,4.16.0,1.3.11,ctbllib-fs2-q2-findall,2397,2032,2026-08-10T07:11:36.888Z
McL.2,1796256000,false,0,true,2026-08-10T06:59:57.615Z,1.12.6,1.9.0-DEV,428070c0f9ad,4.16.0,1.3.11,ctbllib-fs2-q2-findall,2397,2033,2026-08-10T07:11:36.9Z
McL.2N3,11664,true,0,true,2026-08-10T06:59:57.615Z,1.12.6,1.9.0-DEV,428070c0f9ad,4.16.0,1.3.11,ctbllib-fs2-q2-findall,2397,2034,2026-08-10T07:11:37.173Z
"NDG(12.M22,3^2)",864,true,0,true,2026-08-10T06:59:57.615Z,1.12.6,1.9.0-DEV,428070c0f9ad,4.16.0,1.3.11,ctbllib-fs2-q2-findall,2397,2035,2026-08-10T07:11:37.209Z
"NDG(2.Co1,3^3)",311040,false,0,true,2026-08-10T06:59:57.615Z,1.12.6,1.9.0-DEV,428070c0f9ad,4.16.0,1.3.11,ctbllib-fs2-q2-findall,2397,2036,2026-08-10T07:11:37.273Z
"NDG(2.Co1,5^2)",72000,false,0,true,2026-08-10T06:59:57.615Z,1.12.6,1.9.0-DEV,428070c0f9ad,4.16.0,1.3.11,ctbllib-fs2-q2-findall,2397,2037,2026-08-10T07:11:37.319Z
"NDG(2.HS,Q8)",480,true,0,true,2026-08-10T06:59:57.615Z,1.12.6,1.9.0-DEV,428070c0f9ad,4.16.0,1.3.11,ctbllib-fs2-q2-findall,2397,2038,2026-08-10T07:11:37.384Z
"NDG(2.HS,Q8).2",960,true,0,true,2026-08-10T06:59:57.615Z,1.12.6,1.9.0-DEV,428070c0f9ad,4.16.0,1.3.11,ctbllib-fs2-q2-findall,2397,2039,2026-08-10T07:11:37.661Z
"NDG(3.ON,D8)",1728,true,0,true,2026-08-10T06:59:57.615Z,1.12.6,1.9.0-DEV,428070c0f9ad,4.16.0,1.3.11,ctbllib-fs2-q2-findall,2397,2040,2026-08-10T07:11:37.702Z
"NDG(Co1,5^2)",36000,false,0,true,2026-08-10T06:59:57.615Z,1.12.6,1.9.0-DEV,428070c0f9ad,4.16.0,1.3.11,ctbllib-fs2-q2-findall,2397,2041,2026-08-10T07:11:37.727Z
"NDG(HN,3^2)",51840,false,0,true,2026-08-10T06:59:57.615Z,1.12.6,1.9.0-DEV,428070c0f9ad,4.16.0,1.3.11,ctbllib-fs2-q2-findall,2397,2042,2026-08-10T07:11:37.741Z
"NDG(HN.2,3^2)",103680,false,0,true,2026-08-10T06:59:57.615Z,1.12.6,1.9.0-DEV,428070c0f9ad,4.16.0,1.3.11,ctbllib-fs2-q2-findall,2397,2043,2026-08-10T07:11:37.774Z
"NDG(He.2,3^2)",3456,true,0,true,2026-08-10T06:59:57.615Z,1.12.6,1.9.0-DEV,428070c0f9ad,4.16.0,1.3.11,ctbllib-fs2-q2-findall,2397,2044,2026-08-10T07:11:37.786Z
"NDG(J4,3^2)",3456,true,0,true,2026-08-10T06:59:57.615Z,1.12.6,1.9.0-DEV,428070c0f9ad,4.16.0,1.3.11,ctbllib-fs2-q2-findall,2397,2045,2026-08-10T07:11:37.798Z
"NDG(ON,D8)",576,true,0,true,2026-08-10T06:59:57.615Z,1.12.6,1.9.0-DEV,428070c0f9ad,4.16.0,1.3.11,ctbllib-fs2-q2-findall,2397,2046,2026-08-10T07:11:37.809Z
"NDG(ON,D8).2",1152,true,0,true,2026-08-10T06:59:57.615Z,1.12.6,1.9.0-DEV,428070c0f9ad,4.16.0,1.3.11,ctbllib-fs2-q2-findall,2397,2047,2026-08-10T07:11:37.822Z
"NRS(M22,[2^6])",384,true,0,true,2026-08-10T06:59:57.615Z,1.12.6,1.9.0-DEV,428070c0f9ad,4.16.0,1.3.11,ctbllib-fs2-q2-findall,2397,2048,2026-08-10T07:11:37.83Z
"NRS(M24,2^(4+4))",9216,true,0,true,2026-08-10T06:59:57.615Z,1.12.6,1.9.0-DEV,428070c0f9ad,4.16.0,1.3.11,ctbllib-fs2-q2-findall,2397,2049,2026-08-10T07:11:37.849Z
O10+(2),23499295948800,false,1,true,2026-08-10T06:59:57.615Z,1.12.6,1.9.0-DEV,428070c0f9ad,4.16.0,1.3.11,ctbllib-fs2-q2-findall,2397,2050,2026-08-10T07:11:38.105Z
O10+(2).2,46998591897600,false,0,true,2026-08-10T06:59:57.615Z,1.12.6,1.9.0-DEV,428070c0f9ad,4.16.0,1.3.11,ctbllib-fs2-q2-findall,2397,2051,2026-08-10T07:11:38.229Z
O10+(3),1289512799941305139200,false,0,true,2026-08-10T06:59:57.615Z,1.12.6,1.9.0-DEV,428070c0f9ad,4.16.0,1.3.11,ctbllib-fs2-q2-findall,2397,2052,2026-08-10T07:11:38.538Z
O10-(2),25015379558400,false,0,true,2026-08-10T06:59:57.615Z,1.12.6,1.9.0-DEV,428070c0f9ad,4.16.0,1.3.11,ctbllib-fs2-q2-findall,2397,2053,2026-08-10T07:11:38.678Z
O10-(2).2,50030759116800,false,0,true,2026-08-10T06:59:57.615Z,1.12.6,1.9.0-DEV,428070c0f9ad,4.16.0,1.3.11,ctbllib-fs2-q2-findall,2397,2054,2026-08-10T07:11:38.815Z
O10-(3),650084965259666227200,false,0,true,2026-08-10T06:59:57.615Z,1.12.6,1.9.0-DEV,428070c0f9ad,4.16.0,1.3.11,ctbllib-fs2-q2-findall,2397,2055,2026-08-10T07:11:38.973Z
O12+(2),50027557148216524800,false,0,true,2026-08-10T06:59:57.615Z,1.12.6,1.9.0-DEV,428070c0f9ad,4.16.0,1.3.11,ctbllib-fs2-q2-findall,2397,2056,2026-08-10T07:11:40.558Z
O12+(2).2,100055114296433049600,false,0,true,2026-08-10T06:59:57.615Z,1.12.6,1.9.0-DEV,428070c0f9ad,4.16.0,1.3.11,ctbllib-fs2-q2-findall,2397,2057,2026-08-10T07:11:41.165Z
O12+(3),6762844700608770238252960972800,false,0,true,2026-08-10T06:59:57.615Z,1.12.6,1.9.0-DEV,428070c0f9ad,4.16.0,1.3.11,ctbllib-fs2-q2-findall,2397,2058,2026-08-10T07:11:43.748Z
O12-(2),51615733565620224000,false,1,true,2026-08-10T06:59:57.615Z,1.12.6,1.9.0-DEV,428070c0f9ad,4.16.0,1.3.11,ctbllib-fs2-q2-findall,2397,2059,2026-08-10T07:11:44.274Z
O12-(2).2,103231467131240448000,false,0,true,2026-08-10T06:59:57.615Z,1.12.6,1.9.0-DEV,428070c0f9ad,4.16.0,1.3.11,ctbllib-fs2-q2-findall,2397,2060,2026-08-10T07:11:47.211Z
O12-(3),13562847888583522730562256896000,false,0,true,2026-08-10T06:59:57.615Z,1.12.6,1.9.0-DEV,428070c0f9ad,4.16.0,1.3.11,ctbllib-fs2-q2-findall,2397,2061,2026-08-10T07:11:54.352Z
O7(3),4585351680,false,0,true,2026-08-10T06:59:57.615Z,1.12.6,1.9.0-DEV,428070c0f9ad,4.16.0,1.3.11,ctbllib-fs2-q2-findall,2397,2062,2026-08-10T07:11:54.387Z
O7(3).2,9170703360,false,0,true,2026-08-10T06:59:57.615Z,1.12.6,1.9.0-DEV,428070c0f9ad,4.16.0,1.3.11,ctbllib-fs2-q2-findall,2397,2063,2026-08-10T07:11:54.461Z
O7(3).2x2,18341406720,false,0,true,2026-08-10T06:59:57.615Z,1.12.6,1.9.0-DEV,428070c0f9ad,4.16.0,1.3.11,ctbllib-fs2-q2-findall,2397,2064,2026-08-10T07:11:54.792Z
O7(3)N3A,1259712,true,0,true,2026-08-10T06:59:57.615Z,1.12.6,1.9.0-DEV,428070c0f9ad,4.16.0,1.3.11,ctbllib-fs2-q2-findall,2397,2065,2026-08-10T07:11:54.876Z
O7(5),228501000000000,false,0,true,2026-08-10T06:59:57.615Z,1.12.6,1.9.0-DEV,428070c0f9ad,4.16.0,1.3.11,ctbllib-fs2-q2-findall,2397,2066,2026-08-10T07:11:54.981Z
O7(5).2,457002000000000,false,0,true,2026-08-10T06:59:57.615Z,1.12.6,1.9.0-DEV,428070c0f9ad,4.16.0,1.3.11,ctbllib-fs2-q2-findall,2397,2067,2026-08-10T07:11:56.877Z
O8+(2),174182400,false,0,true,2026-08-10T06:59:57.615Z,1.12.6,1.9.0-DEV,428070c0f9ad,4.16.0,1.3.11,ctbllib-fs2-q2-findall,2397,2068,2026-08-10T07:11:56.939Z
O8+(2).2,348364800,false,0,true,2026-08-10T06:59:57.615Z,1.12.6,1.9.0-DEV,428070c0f9ad,4.16.0,1.3.11,ctbllib-fs2-q2-findall,2397,2069,2026-08-10T07:11:56.967Z
O8+(2).3,522547200,false,0,true,2026-08-10T06:59:57.615Z,1.12.6,1.9.0-DEV,428070c0f9ad,4.16.0,1.3.11,ctbllib-fs2-q2-findall,2397,2070,2026-08-10T07:11:56.992Z
O8+(2).3.2,1045094400,false,0,true,2026-08-10T06:59:57.615Z,1.12.6,1.9.0-DEV,428070c0f9ad,4.16.0,1.3.11,ctbllib-fs2-q2-findall,2397,2071,2026-08-10T07:11:57.02Z
O8+(2):S3x2,2090188800,false,0,true,2026-08-10T06:59:57.615Z,1.12.6,1.9.0-DEV,428070c0f9ad,4.16.0,1.3.11,ctbllib-fs2-q2-findall,2397,2072,2026-08-10T07:11:57.232Z
O8+(2)N2,4096,true,0,true,2026-08-10T06:59:57.615Z,1.12.6,1.9.0-DEV,428070c0f9ad,4.16.0,1.3.11,ctbllib-fs2-q2-findall,2397,2073,2026-08-10T07:11:57.552Z
O8+(3),4952179814400,false,0,true,2026-08-10T06:59:57.615Z,1.12.6,1.9.0-DEV,428070c0f9ad,4.16.0,1.3.11,ctbllib-fs2-q2-findall,2397,2074,2026-08-10T07:11:57.649Z
O8+(3).(2^2)_{111},19808719257600,false,0,true,2026-08-10T06:59:57.615Z,1.12.6,1.9.0-DEV,428070c0f9ad,4.16.0,1.3.11,ctbllib-fs2-q2-findall,2397,2075,2026-08-10T07:11:57.83Z
O8+(3).(2^2)_{122},19808719257600,false,0,true,2026-08-10T06:59:57.615Z,1.12.6,1.9.0-DEV,428070c0f9ad,4.16.0,1.3.11,ctbllib-fs2-q2-findall,2397,2076,2026-08-10T07:11:57.951Z
O8+(3).2_1,9904359628800,false,0,true,2026-08-10T06:59:57.615Z,1.12.6,1.9.0-DEV,428070c0f9ad,4.16.0,1.3.11,ctbllib-fs2-q2-findall,2397,2077,2026-08-10T07:11:58.025Z
O8+(3).2_2,9904359628800,false,0,true,2026-08-10T06:59:57.615Z,1.12.6,1.9.0-DEV,428070c0f9ad,4.16.0,1.3.11,ctbllib-fs2-q2-findall,2397,2078,2026-08-10T07:11:58.093Z
O8+(3).3,14856539443200,false,0,true,2026-08-10T06:59:57.615Z,1.12.6,1.9.0-DEV,428070c0f9ad,4.16.0,1.3.11,ctbllib-fs2-q2-findall,2397,2079,2026-08-10T07:11:58.141Z
O8+(3).3.2,29713078886400,false,0,true,2026-08-10T06:59:57.615Z,1.12.6,1.9.0-DEV,428070c0f9ad,4.16.0,1.3.11,ctbllib-fs2-q2-findall,2397,2080,2026-08-10T07:11:58.202Z
O8+(3).4,19808719257600,false,0,true,2026-08-10T06:59:57.615Z,1.12.6,1.9.0-DEV,428070c0f9ad,4.16.0,1.3.11,ctbllib-fs2-q2-findall,2397,2081,2026-08-10T07:11:58.271Z
O8+(3).A4,59426157772800,false,0,true,2026-08-10T06:59:57.615Z,1.12.6,1.9.0-DEV,428070c0f9ad,4.16.0,1.3.11,ctbllib-fs2-q2-findall,2397,2082,2026-08-10T07:11:58.336Z
O8+(3).D8,39617438515200,false,0,true,2026-08-10T06:59:57.615Z,1.12.6,1.9.0-DEV,428070c0f9ad,4.16.0,1.3.11,ctbllib-fs2-q2-findall,2397,2083,2026-08-10T07:11:58.457Z
O8+(3).S4,118852315545600,false,0,true,2026-08-10T06:59:57.615Z,1.12.6,1.9.0-DEV,428070c0f9ad,4.16.0,1.3.11,ctbllib-fs2-q2-findall,2397,2084,2026-08-10T07:11:58.552Z
O8+(3)M14,136048896,true,0,true,2026-08-10T06:59:57.615Z,1.12.6,1.9.0-DEV,428070c0f9ad,4.16.0,1.3.11,ctbllib-fs2-q2-findall,2397,2085,2026-08-10T07:11:59.627Z
O8+(3)M27,331776,true,0,true,2026-08-10T06:59:57.615Z,1.12.6,1.9.0-DEV,428070c0f9ad,4.16.0,1.3.11,ctbllib-fs2-q2-findall,2397,2086,2026-08-10T07:11:59.693Z
O8+(7),112554991177798901760000,false,0,true,2026-08-10T06:59:57.615Z,1.12.6,1.9.0-DEV,428070c0f9ad,4.16.0,1.3.11,ctbllib-fs2-q2-findall,2397,2087,2026-08-10T07:12:03.608Z
O8-(2),197406720,false,1,true,2026-08-10T06:59:57.615Z,1.12.6,1.9.0-DEV,428070c0f9ad,4.16.0,1.3.11,ctbllib-fs2-q2-findall,2397,2088,2026-08-10T07:12:03.678Z
O8-(2).2,394813440,false,0,true,2026-08-10T06:59:57.615Z,1.12.6,1.9.0-DEV,428070c0f9ad,4.16.0,1.3.11,ctbllib-fs2-q2-findall,2397,2089,2026-08-10T07:12:03.706Z
O8-(3),10151968619520,false,0,true,2026-08-10T06:59:57.615Z,1.12.6,1.9.0-DEV,428070c0f9ad,4.16.0,1.3.11,ctbllib-fs2-q2-findall,2397,2090,2026-08-10T07:12:03.787Z
O8-(3).2^2,40607874478080,false,0,true,2026-08-10T06:59:57.615Z,1.12.6,1.9.0-DEV,428070c0f9ad,4.16.0,1.3.11,ctbllib-fs2-q2-findall,2397,2091,2026-08-10T07:12:03.926Z
O8-(3).2_1,20303937239040,false,0,true,2026-08-10T06:59:57.615Z,1.12.6,1.9.0-DEV,428070c0f9ad,4.16.0,1.3.11,ctbllib-fs2-q2-findall,2397,2092,2026-08-10T07:12:04.153Z
O8-(3).2_2,20303937239040,false,0,true,2026-08-10T06:59:57.615Z,1.12.6,1.9.0-DEV,428070c0f9ad,4.16.0,1.3.11,ctbllib-fs2-q2-findall,2397,2093,2026-08-10T07:12:04.235Z
O8-(3).2_3,20303937239040,false,0,true,2026-08-10T06:59:57.615Z,1.12.6,1.9.0-DEV,428070c0f9ad,4.16.0,1.3.11,ctbllib-fs2-q2-findall,2397,2094,2026-08-10T07:12:04.295Z
O9(3),65784756654489600,false,0,true,2026-08-10T06:59:57.615Z,1.12.6,1.9.0-DEV,428070c0f9ad,4.16.0,1.3.11,ctbllib-fs2-q2-findall,2397,2095,2026-08-10T07:12:05.454Z
ON,460815505920,false,0,true,2026-08-10T06:59:57.615Z,1.12.6,1.9.0-DEV,428070c0f9ad,4.16.0,1.3.11,ctbllib-fs2-q2-findall,2397,2096,2026-08-10T07:12:05.485Z
ON.2,921631011840,false,0,true,2026-08-10T06:59:57.615Z,1.12.6,1.9.0-DEV,428070c0f9ad,4.16.0,1.3.11,ctbllib-fs2-q2-findall,2397,2097,2026-08-10T07:12:05.5Z
ON.2N2,1024,true,0,true,2026-08-10T06:59:57.615Z,1.12.6,1.9.0-DEV,428070c0f9ad,4.16.0,1.3.11,ctbllib-fs2-q2-findall,2397,2098,2026-08-10T07:12:05.774Z
ONM5,25920,false,0,true,2026-08-10T06:59:57.615Z,1.12.6,1.9.0-DEV,428070c0f9ad,4.16.0,1.3.11,ctbllib-fs2-q2-findall,2397,2099,2026-08-10T07:12:05.904Z
P1/G1/L1/V1/ext2,960,false,1,true,2026-08-10T06:59:57.615Z,1.12.6,1.9.0-DEV,428070c0f9ad,4.16.0,1.3.11,ctbllib-fs2-q2-findall,2397,2100,2026-08-10T07:12:06.005Z
P1/G1/L1/V1/ext3,4860,false,0,true,2026-08-10T06:59:57.615Z,1.12.6,1.9.0-DEV,428070c0f9ad,4.16.0,1.3.11,ctbllib-fs2-q2-findall,2397,2101,2026-08-10T07:12:06.114Z
P1/G1/L1/V1/ext4,15360,false,1,true,2026-08-10T06:59:57.615Z,1.12.6,1.9.0-DEV,428070c0f9ad,4.16.0,1.3.11,ctbllib-fs2-q2-findall,2397,2102,2026-08-10T07:12:06.238Z
P1/G1/L1/V1/ext5,37500,false,0,true,2026-08-10T06:59:57.615Z,1.12.6,1.9.0-DEV,428070c0f9ad,4.16.0,1.3.11,ctbllib-fs2-q2-findall,2397,2103,2026-08-10T07:12:06.403Z
P1/G1/L1/V1/ext6,77760,false,1,true,2026-08-10T06:59:57.615Z,1.12.6,1.9.0-DEV,428070c0f9ad,4.16.0,1.3.11,ctbllib-fs2-q2-findall,2397,2104,2026-08-10T07:12:06.621Z
P1/G1/L1/V2/ext3,4860,false,0,true,2026-08-10T06:59:57.615Z,1.12.6,1.9.0-DEV,428070c0f9ad,4.16.0,1.3.11,ctbllib-fs2-q2-findall,2397,2105,2026-08-10T07:12:06.734Z
P1/G1/L1/V2/ext6,77760,false,1,true,2026-08-10T06:59:57.615Z,1.12.6,1.9.0-DEV,428070c0f9ad,4.16.0,1.3.11,ctbllib-fs2-q2-findall,2397,2106,2026-08-10T07:12:06.957Z
P1/G2/L1/V1/ext2,1920,false,0,true,2026-08-10T06:59:57.615Z,1.12.6,1.9.0-DEV,428070c0f9ad,4.16.0,1.3.11,ctbllib-fs2-q2-findall,2397,2107,2026-08-10T07:12:07.075Z
P1/G2/L1/V1/ext3,14580,false,0,true,2026-08-10T06:59:57.615Z,1.12.6,1.9.0-DEV,428070c0f9ad,4.16.0,1.3.11,ctbllib-fs2-q2-findall,2397,2108,2026-08-10T07:12:07.231Z
P1/G2/L1/V1/ext4,61440,false,0,true,2026-08-10T06:59:57.615Z,1.12.6,1.9.0-DEV,428070c0f9ad,4.16.0,1.3.11,ctbllib-fs2-q2-findall,2397,2109,2026-08-10T07:12:07.433Z
P1/G2/L1/V2/ext2,1920,false,0,true,2026-08-10T06:59:57.615Z,1.12.6,1.9.0-DEV,428070c0f9ad,4.16.0,1.3.11,ctbllib-fs2-q2-findall,2397,2110,2026-08-10T07:12:07.551Z
P1/G2/L1/V2/ext4,61440,false,0,true,2026-08-10T06:59:57.615Z,1.12.6,1.9.0-DEV,428070c0f9ad,4.16.0,1.3.11,ctbllib-fs2-q2-findall,2397,2111,2026-08-10T07:12:07.753Z
P1/G2/L2/V2/ext2,1920,false,0,true,2026-08-10T06:59:57.615Z,1.12.6,1.9.0-DEV,428070c0f9ad,4.16.0,1.3.11,ctbllib-fs2-q2-findall,2397,2112,2026-08-10T07:12:07.863Z
P1/G2/L2/V2/ext4,61440,false,0,true,2026-08-10T06:59:57.615Z,1.12.6,1.9.0-DEV,428070c0f9ad,4.16.0,1.3.11,ctbllib-fs2-q2-findall,2397,2113,2026-08-10T07:12:08.505Z
P1/G3/L2/V1/ext2,3840,false,0,true,2026-08-10T06:59:57.615Z,1.12.6,1.9.0-DEV,428070c0f9ad,4.16.0,1.3.11,ctbllib-fs2-q2-findall,2397,2114,2026-08-10T07:12:08.625Z
P1/G3/L2/V1/ext3,43740,false,0,true,2026-08-10T06:59:57.615Z,1.12.6,1.9.0-DEV,428070c0f9ad,4.16.0,1.3.11,ctbllib-fs2-q2-findall,2397,2115,2026-08-10T07:12:08.735Z
P11/G1/L1/V1/ext2,10752,false,0,true,2026-08-10T06:59:57.615Z,1.12.6,1.9.0-DEV,428070c0f9ad,4.16.0,1.3.11,ctbllib-fs2-q2-findall,2397,2116,2026-08-10T07:12:08.849Z
P11/G1/L1/V1/ext3,122472,false,0,true,2026-08-10T06:59:57.615Z,1.12.6,1.9.0-DEV,428070c0f9ad,4.16.0,1.3.11,ctbllib-fs2-q2-findall,2397,2117,2026-08-10T07:12:08.926Z
P11/G1/L1/V1/ext4,688128,false,0,true,2026-08-10T06:59:57.615Z,1.12.6,1.9.0-DEV,428070c0f9ad,4.16.0,1.3.11,ctbllib-fs2-q2-findall,2397,2118,2026-08-10T07:12:09.154Z
P11/G1/L1/V2/ext2,10752,false,0,true,2026-08-10T06:59:57.615Z,1.12.6,1.9.0-DEV,428070c0f9ad,4.16.0,1.3.11,ctbllib-fs2-q2-findall,2397,2119,2026-08-10T07:12:09.268Z
P11/G1/L1/V2/ext4,688128,false,0,true,2026-08-10T06:59:57.615Z,1.12.6,1.9.0-DEV,428070c0f9ad,4.16.0,1.3.11,ctbllib-fs2-q2-findall,2397,2120,2026-08-10T07:12:09.487Z
P11/G1/L1/V3/ext2,10752,false,0,true,2026-08-10T06:59:57.615Z,1.12.6,1.9.0-DEV,428070c0f9ad,4.16.0,1.3.11,ctbllib-fs2-q2-findall,2397,2121,2026-08-10T07:12:09.602Z
P11/G1/L1/V3/ext4,688128,false,0,true,2026-08-10T06:59:57.615Z,1.12.6,1.9.0-DEV,428070c0f9ad,4.16.0,1.3.11,ctbllib-fs2-q2-findall,2397,2122,2026-08-10T07:12:09.814Z
P11/G2/L1/V1/ext2,10752,false,0,true,2026-08-10T06:59:57.615Z,1.12.6,1.9.0-DEV,428070c0f9ad,4.16.0,1.3.11,ctbllib-fs2-q2-findall,2397,2123,2026-08-10T07:12:09.928Z
P11/G2/L1/V1/ext3,122472,false,0,true,2026-08-10T06:59:57.615Z,1.12.6,1.9.0-DEV,428070c0f9ad,4.16.0,1.3.11,ctbllib-fs2-q2-findall,2397,2124,2026-08-10T07:12:10.189Z
P11/G2/L1/V2/ext2,10752,false,0,true,2026-08-10T06:59:57.615Z,1.12.6,1.9.0-DEV,428070c0f9ad,4.16.0,1.3.11,ctbllib-fs2-q2-findall,2397,2125,2026-08-10T07:12:10.307Z
P11/G3/L1/V1/ext2,21504,false,0,true,2026-08-10T06:59:57.615Z,1.12.6,1.9.0-DEV,428070c0f9ad,4.16.0,1.3.11,ctbllib-fs2-q2-findall,2397,2126,2026-08-10T07:12:10.444Z
P11/G3/L1/V1/ext3,367416,false,0,true,2026-08-10T06:59:57.615Z,1.12.6,1.9.0-DEV,428070c0f9ad,4.16.0,1.3.11,ctbllib-fs2-q2-findall,2397,2127,2026-08-10T07:12:10.575Z
P11/G3/L1/V2/ext3,367416,false,0,true,2026-08-10T06:59:57.615Z,1.12.6,1.9.0-DEV,428070c0f9ad,4.16.0,1.3.11,ctbllib-fs2-q2-findall,2397,2128,2026-08-10T07:12:12.9Z
P11/G3/L3/V1/ext2,21504,false,0,true,2026-08-10T06:59:57.615Z,1.12.6,1.9.0-DEV,428070c0f9ad,4.16.0,1.3.11,ctbllib-fs2-q2-findall,2397,2129,2026-08-10T07:12:13.027Z
P11/G3/L4/V2/ext2,21504,false,0,true,2026-08-10T06:59:57.615Z,1.12.6,1.9.0-DEV,428070c0f9ad,4.16.0,1.3.11,ctbllib-fs2-q2-findall,2397,2130,2026-08-10T07:12:13.188Z
P11/G4/L1/V1/ext2,43008,false,0,true,2026-08-10T06:59:57.615Z,1.12.6,1.9.0-DEV,428070c0f9ad,4.16.0,1.3.11,ctbllib-fs2-q2-findall,2397,2131,2026-08-10T07:12:13.272Z
P11/G4/L1/V1/ext3,1102248,false,0,true,2026-08-10T06:59:57.615Z,1.12.6,1.9.0-DEV,428070c0f9ad,4.16.0,1.3.11,ctbllib-fs2-q2-findall,2397,2132,2026-08-10T07:12:13.539Z
P12/G1/L2/V1/ext2,86016,false,0,true,2026-08-10T06:59:57.615Z,1.12.6,1.9.0-DEV,428070c0f9ad,4.16.0,1.3.11,ctbllib-fs2-q2-findall,2397,2133,2026-08-10T07:12:13.723Z
P12/G1/L2/V1/ext3,2204496,false,0,true,2026-08-10T06:59:57.615Z,1.12.6,1.9.0-DEV,428070c0f9ad,4.16.0,1.3.11,ctbllib-fs2-q2-findall,2397,2134,2026-08-10T07:12:13.871Z
P13/G1/L2/V1/ext2,172032,false,0,true,2026-08-10T06:59:57.615Z,1.12.6,1.9.0-DEV,428070c0f9ad,4.16.0,1.3.11,ctbllib-fs2-q2-findall,2397,2135,2026-08-10T07:12:14.024Z
P13/G1/L2/V1/ext3,2939328,false,0,true,2026-08-10T06:59:57.615Z,1.12.6,1.9.0-DEV,428070c0f9ad,4.16.0,1.3.11,ctbllib-fs2-q2-findall,2397,2136,2026-08-10T07:12:14.329Z
P13/G1/L6/V1/ext2,172032,false,0,true,2026-08-10T06:59:57.615Z,1.12.6,1.9.0-DEV,428070c0f9ad,4.16.0,1.3.11,ctbllib-fs2-q2-findall,2397,2137,2026-08-10T07:12:14.452Z
P1L82,20972799094947840,false,0,true,2026-08-10T06:59:57.615Z,1.12.6,1.9.0-DEV,428070c0f9ad,4.16.0,1.3.11,ctbllib-fs2-q2-findall,2397,2138,2026-08-10T07:12:15.653Z
P2/G1/L1/V1/ext2,30720,false,3,true,2026-08-10T06:59:57.615Z,1.12.6,1.9.0-DEV,428070c0f9ad,4.16.0,1.3.11,ctbllib-fs2-q2-findall,2397,2139,2026-08-10T07:12:16.723Z
P2/G1/L1/V1/ext3,787320,false,0,true,2026-08-10T06:59:57.615Z,1.12.6,1.9.0-DEV,428070c0f9ad,4.16.0,1.3.11,ctbllib-fs2-q2-findall,2397,2140,2026-08-10T07:12:16.929Z
P2/G2/L1/V1/ext2,30720,false,0,true,2026-08-10T06:59:57.615Z,1.12.6,1.9.0-DEV,428070c0f9ad,4.16.0,1.3.11,ctbllib-fs2-q2-findall,2397,2141,2026-08-10T07:12:17.063Z
P2/G2/L1/V1/ext3,787320,false,0,true,2026-08-10T06:59:57.615Z,1.12.6,1.9.0-DEV,428070c0f9ad,4.16.0,1.3.11,ctbllib-fs2-q2-findall,2397,2142,2026-08-10T07:12:17.271Z
P2/G2/L1/V2/ext2,30720,false,0,true,2026-08-10T06:59:57.615Z,1.12.6,1.9.0-DEV,428070c0f9ad,4.16.0,1.3.11,ctbllib-fs2-q2-findall,2397,2143,2026-08-10T07:12:17.402Z
P21/G1/L1/V1/ext2,11520,false,0,true,2026-08-10T06:59:57.615Z,1.12.6,1.9.0-DEV,428070c0f9ad,4.16.0,1.3.11,ctbllib-fs2-q2-findall,2397,2144,2026-08-10T07:12:17.513Z
P21/G1/L1/V1/ext3,87480,false,0,true,2026-08-10T06:59:57.615Z,1.12.6,1.9.0-DEV,428070c0f9ad,4.16.0,1.3.11,ctbllib-fs2-q2-findall,2397,2145,2026-08-10T07:12:17.671Z
P21/G1/L1/V1/ext4,368640,false,0,true,2026-08-10T06:59:57.615Z,1.12.6,1.9.0-DEV,428070c0f9ad,4.16.0,1.3.11,ctbllib-fs2-q2-findall,2397,2146,2026-08-10T07:12:17.916Z
P21/G1/L3/V2/ext3,87480,false,0,true,2026-08-10T06:59:57.615Z,1.12.6,1.9.0-DEV,428070c0f9ad,4.16.0,1.3.11,ctbllib-fs2-q2-findall,2397,2147,2026-08-10T07:12:18.05Z
P21/G2/L1/V1/ext2,184320,false,0,true,2026-08-10T06:59:57.615Z,1.12.6,1.9.0-DEV,428070c0f9ad,4.16.0,1.3.11,ctbllib-fs2-q2-findall,2397,2148,2026-08-10T07:12:18.208Z
P21/G2/L1/V3/ext2,184320,false,0,true,2026-08-10T06:59:57.615Z,1.12.6,1.9.0-DEV,428070c0f9ad,4.16.0,1.3.11,ctbllib-fs2-q2-findall,2397,2149,2026-08-10T07:12:18.371Z
P21/G2/L2/V1/ext2,184320,false,0,true,2026-08-10T06:59:57.615Z,1.12.6,1.9.0-DEV,428070c0f9ad,4.16.0,1.3.11,ctbllib-fs2-q2-findall,2397,2150,2026-08-10T07:12:18.55Z
P21/G2/L2/V3/ext2,184320,false,0,true,2026-08-10T06:59:57.615Z,1.12.6,1.9.0-DEV,428070c0f9ad,4.16.0,1.3.11,ctbllib-fs2-q2-findall,2397,2151,2026-08-10T07:12:18.726Z
P21/G2/L5/V2/ext2,184320,false,0,true,2026-08-10T06:59:57.615Z,1.12.6,1.9.0-DEV,428070c0f9ad,4.16.0,1.3.11,ctbllib-fs2-q2-findall,2397,2152,2026-08-10T07:12:18.922Z
P21/G3/L2/V1/ext2,368640,false,0,true,2026-08-10T06:59:57.615Z,1.12.6,1.9.0-DEV,428070c0f9ad,4.16.0,1.3.11,ctbllib-fs2-q2-findall,2397,2153,2026-08-10T07:12:19.132Z
P27/G1/L1/V1/ext2,161280,false,0,true,2026-08-10T06:59:57.615Z,1.12.6,1.9.0-DEV,428070c0f9ad,4.16.0,1.3.11,ctbllib-fs2-q2-findall,2397,2154,2026-08-10T07:12:19.237Z
P27/G1/L1/V1/ext3,1837080,false,0,true,2026-08-10T06:59:57.615Z,1.12.6,1.9.0-DEV,428070c0f9ad,4.16.0,1.3.11,ctbllib-fs2-q2-findall,2397,2155,2026-08-10T07:12:19.498Z
P27/G1/L1/V1/ext4,10321920,false,0,true,2026-08-10T06:59:57.615Z,1.12.6,1.9.0-DEV,428070c0f9ad,4.16.0,1.3.11,ctbllib-fs2-q2-findall,2397,2156,2026-08-10T07:12:20.393Z
P2L62,30965760,false,0,true,2026-08-10T06:59:57.615Z,1.12.6,1.9.0-DEV,428070c0f9ad,4.16.0,1.3.11,ctbllib-fs2-q2-findall,2397,2157,2026-08-10T07:12:20.484Z
P2L82,495420451061760,false,0,true,2026-08-10T06:59:57.615Z,1.12.6,1.9.0-DEV,428070c0f9ad,4.16.0,1.3.11,ctbllib-fs2-q2-findall,2397,2158,2026-08-10T07:12:21.628Z
P31/G1/L1/V1/ext2,2580480,false,0,true,2026-08-10T06:59:57.615Z,1.12.6,1.9.0-DEV,428070c0f9ad,4.16.0,1.3.11,ctbllib-fs2-q2-findall,2397,2159,2026-08-10T07:12:22.333Z
P31/G1/L1/V1/ext3,44089920,false,0,true,2026-08-10T06:59:57.615Z,1.12.6,1.9.0-DEV,428070c0f9ad,4.16.0,1.3.11,ctbllib-fs2-q2-findall,2397,2160,2026-08-10T07:12:22.624Z
P3L62,14450688,false,0,true,2026-08-10T06:59:57.615Z,1.12.6,1.9.0-DEV,428070c0f9ad,4.16.0,1.3.11,ctbllib-fs2-q2-findall,2397,2161,2026-08-10T07:12:22.716Z
P41/G1/L1/V1/ext2,64512,false,0,true,2026-08-10T06:59:57.615Z,1.12.6,1.9.0-DEV,428070c0f9ad,4.16.0,1.3.11,ctbllib-fs2-q2-findall,2397,2162,2026-08-10T07:12:22.8Z
P41/G1/L1/V1/ext3,1102248,false,0,true,2026-08-10T06:59:57.615Z,1.12.6,1.9.0-DEV,428070c0f9ad,4.16.0,1.3.11,ctbllib-fs2-q2-findall,2397,2163,2026-08-10T07:12:22.914Z
P41/G1/L1/V2/ext2,64512,false,0,true,2026-08-10T06:59:57.615Z,1.12.6,1.9.0-DEV,428070c0f9ad,4.16.0,1.3.11,ctbllib-fs2-q2-findall,2397,2164,2026-08-10T07:12:22.998Z
P41/G1/L1/V3/ext3,1102248,false,0,true,2026-08-10T06:59:57.615Z,1.12.6,1.9.0-DEV,428070c0f9ad,4.16.0,1.3.11,ctbllib-fs2-q2-findall,2397,2165,2026-08-10T07:12:23.113Z
P41/G1/L1/V4/ext2,64512,false,0,true,2026-08-10T06:59:57.615Z,1.12.6,1.9.0-DEV,428070c0f9ad,4.16.0,1.3.11,ctbllib-fs2-q2-findall,2397,2166,2026-08-10T07:12:23.197Z
P41/G2/L1/V1/ext2,129024,false,1,true,2026-08-10T06:59:57.615Z,1.12.6,1.9.0-DEV,428070c0f9ad,4.16.0,1.3.11,ctbllib-fs2-q2-findall,2397,2167,2026-08-10T07:12:23.304Z
P41/G2/L1/V1/ext3,3306744,false,0,true,2026-08-10T06:59:57.615Z,1.12.6,1.9.0-DEV,428070c0f9ad,4.16.0,1.3.11,ctbllib-fs2-q2-findall,2397,2168,2026-08-10T07:12:23.502Z
P43/G1/L1/V1/ext2,675840,false,1,true,2026-08-10T06:59:57.615Z,1.12.6,1.9.0-DEV,428070c0f9ad,4.16.0,1.3.11,ctbllib-fs2-q2-findall,2397,2169,2026-08-10T07:12:23.689Z
P43/G3/L1/V1/ext2,675840,false,0,true,2026-08-10T06:59:57.615Z,1.12.6,1.9.0-DEV,428070c0f9ad,4.16.0,1.3.11,ctbllib-fs2-q2-findall,2397,2170,2026-08-10T07:12:23.816Z
P43/G3/L1/V2/ext2,675840,false,0,true,2026-08-10T06:59:57.615Z,1.12.6,1.9.0-DEV,428070c0f9ad,4.16.0,1.3.11,ctbllib-fs2-q2-findall,2397,2171,2026-08-10T07:12:23.939Z
P48/G1/L1/V1/ext2,8110080,false,0,true,2026-08-10T06:59:57.615Z,1.12.6,1.9.0-DEV,428070c0f9ad,4.16.0,1.3.11,ctbllib-fs2-q2-findall,2397,2172,2026-08-10T07:12:24.583Z
P48/G1/L1/V2/ext2,8110080,false,0,true,2026-08-10T06:59:57.615Z,1.12.6,1.9.0-DEV,428070c0f9ad,4.16.0,1.3.11,ctbllib-fs2-q2-findall,2397,2173,2026-08-10T07:12:24.789Z
P49/G1/L1/V1/ext2,774144,false,0,true,2026-08-10T06:59:57.615Z,1.12.6,1.9.0-DEV,428070c0f9ad,4.16.0,1.3.11,ctbllib-fs2-q2-findall,2397,2174,2026-08-10T07:12:24.921Z
P49/G1/L1/V1/ext3,13226976,false,0,true,2026-08-10T06:59:57.615Z,1.12.6,1.9.0-DEV,428070c0f9ad,4.16.0,1.3.11,ctbllib-fs2-q2-findall,2397,2175,2026-08-10T07:12:25.031Z
P49/G1/L1/V2/ext3,13226976,false,0,true,2026-08-10T06:59:57.615Z,1.12.6,1.9.0-DEV,428070c0f9ad,4.16.0,1.3.11,ctbllib-fs2-q2-findall,2397,2176,2026-08-10T07:12:25.136Z
P50/G1/L1/V1/ext2,1658880,false,2,true,2026-08-10T06:59:57.615Z,1.12.6,1.9.0-DEV,428070c0f9ad,4.16.0,1.3.11,ctbllib-fs2-q2-findall,2397,2177,2026-08-10T07:12:25.358Z
P50/G1/L1/V1/ext3,18895680,false,0,true,2026-08-10T06:59:57.615Z,1.12.6,1.9.0-DEV,428070c0f9ad,4.16.0,1.3.11,ctbllib-fs2-q2-findall,2397,2178,2026-08-10T07:12:25.832Z
P50/G1/L1/V1/ext4,106168320,false,2,true,2026-08-10T06:59:57.615Z,1.12.6,1.9.0-DEV,428070c0f9ad,4.16.0,1.3.11,ctbllib-fs2-q2-findall,2397,2179,2026-08-10T07:12:28.629Z
Q8,8,true,0,true,2026-08-10T06:59:57.615Z,1.12.6,1.9.0-DEV,428070c0f9ad,4.16.0,1.3.11,ctbllib-fs2-q2-findall,2397,2180,2026-08-10T07:12:28.653Z
QD16.2,32,true,0,true,2026-08-10T06:59:57.615Z,1.12.6,1.9.0-DEV,428070c0f9ad,4.16.0,1.3.11,ctbllib-fs2-q2-findall,2397,2181,2026-08-10T07:12:28.919Z
R(27),10073444472,false,0,true,2026-08-10T06:59:57.615Z,1.12.6,1.9.0-DEV,428070c0f9ad,4.16.0,1.3.11,ctbllib-fs2-q2-findall,2397,2182,2026-08-10T07:12:28.946Z
R(27).3,30220333416,false,0,true,2026-08-10T06:59:57.615Z,1.12.6,1.9.0-DEV,428070c0f9ad,4.16.0,1.3.11,ctbllib-fs2-q2-findall,2397,2183,2026-08-10T07:12:28.974Z
Ru,145926144000,false,0,true,2026-08-10T06:59:57.615Z,1.12.6,1.9.0-DEV,428070c0f9ad,4.16.0,1.3.11,ctbllib-fs2-q2-findall,2397,2184,2026-08-10T07:12:29.002Z
RuN2,16384,true,0,true,2026-08-10T06:59:57.615Z,1.12.6,1.9.0-DEV,428070c0f9ad,4.16.0,1.3.11,ctbllib-fs2-q2-findall,2397,2185,2026-08-10T07:12:29.065Z
S10(2),24815256521932800,false,0,true,2026-08-10T06:59:57.615Z,1.12.6,1.9.0-DEV,428070c0f9ad,4.16.0,1.3.11,ctbllib-fs2-q2-findall,2397,2186,2026-08-10T07:12:29.358Z
S10x2,7257600,false,0,true,2026-08-10T06:59:57.615Z,1.12.6,1.9.0-DEV,428070c0f9ad,4.16.0,1.3.11,ctbllib-fs2-q2-findall,2397,2187,2026-08-10T07:12:29.459Z
S10xS3,21772800,false,0,true,2026-08-10T06:59:57.615Z,1.12.6,1.9.0-DEV,428070c0f9ad,4.16.0,1.3.11,ctbllib-fs2-q2-findall,2397,2188,2026-08-10T07:12:29.59Z
S11x2,79833600,false,0,true,2026-08-10T06:59:57.615Z,1.12.6,1.9.0-DEV,428070c0f9ad,4.16.0,1.3.11,ctbllib-fs2-q2-findall,2397,2189,2026-08-10T07:12:29.71Z
S12(2),208114637736580743168000,false,0,true,2026-08-10T06:59:57.615Z,1.12.6,1.9.0-DEV,428070c0f9ad,4.16.0,1.3.11,ctbllib-fs2-q2-findall,2397,2190,2026-08-10T07:12:32.57Z
S3,6,true,0,true,2026-08-10T06:59:57.615Z,1.12.6,1.9.0-DEV,428070c0f9ad,4.16.0,1.3.11,ctbllib-fs2-q2-findall,2397,2191,2026-08-10T07:12:32.578Z
S3wrS4,31104,true,0,true,2026-08-10T06:59:57.615Z,1.12.6,1.9.0-DEV,428070c0f9ad,4.16.0,1.3.11,ctbllib-fs2-q2-findall,2397,2192,2026-08-10T07:12:32.618Z
"S3x(3xSL(2,3)):2",864,true,0,true,2026-08-10T06:59:57.615Z,1.12.6,1.9.0-DEV,428070c0f9ad,4.16.0,1.3.11,ctbllib-fs2-q2-findall,2397,2193,2026-08-10T07:12:33.167Z
S3x13:6,468,true,0,true,2026-08-10T06:59:57.615Z,1.12.6,1.9.0-DEV,428070c0f9ad,4.16.0,1.3.11,ctbllib-fs2-q2-findall,2397,2194,2026-08-10T07:12:33.203Z
S3x2,12,true,0,true,2026-08-10T06:59:57.615Z,1.12.6,1.9.0-DEV,428070c0f9ad,4.16.0,1.3.11,ctbllib-fs2-q2-findall,2397,2195,2026-08-10T07:12:33.209Z
S3x2.A5,720,false,0,true,2026-08-10T06:59:57.615Z,1.12.6,1.9.0-DEV,428070c0f9ad,4.16.0,1.3.11,ctbllib-fs2-q2-findall,2397,2196,2026-08-10T07:12:33.519Z
S3x2.S4,288,true,0,true,2026-08-10T06:59:57.615Z,1.12.6,1.9.0-DEV,428070c0f9ad,4.16.0,1.3.11,ctbllib-fs2-q2-findall,2397,2197,2026-08-10T07:12:33.811Z
S3x2.U4(3).2_2,78382080,false,0,true,2026-08-10T06:59:57.615Z,1.12.6,1.9.0-DEV,428070c0f9ad,4.16.0,1.3.11,ctbllib-fs2-q2-findall,2397,2198,2026-08-10T07:12:34.124Z
S3x3.S6,12960,false,0,true,2026-08-10T06:59:57.615Z,1.12.6,1.9.0-DEV,428070c0f9ad,4.16.0,1.3.11,ctbllib-fs2-q2-findall,2397,2199,2026-08-10T07:12:34.46Z
S3x3^(1+2)+:2A4,3888,true,0,true,2026-08-10T06:59:57.615Z,1.12.6,1.9.0-DEV,428070c0f9ad,4.16.0,1.3.11,ctbllib-fs2-q2-findall,2397,2200,2026-08-10T07:12:34.526Z
S3x3_1.U4(3).2_2,117573120,false,0,true,2026-08-10T06:59:57.615Z,1.12.6,1.9.0-DEV,428070c0f9ad,4.16.0,1.3.11,ctbllib-fs2-q2-findall,2397,2201,2026-08-10T07:12:35.442Z
S3x5:4,120,true,0,true,2026-08-10T06:59:57.615Z,1.12.6,1.9.0-DEV,428070c0f9ad,4.16.0,1.3.11,ctbllib-fs2-q2-findall,2397,2202,2026-08-10T07:12:36.515Z
S3x6_1.U4(3).2_2,235146240,false,0,true,2026-08-10T06:59:57.615Z,1.12.6,1.9.0-DEV,428070c0f9ad,4.16.0,1.3.11,ctbllib-fs2-q2-findall,2397,2203,2026-08-10T07:12:37.955Z
S3x7:6,252,true,0,true,2026-08-10T06:59:57.615Z,1.12.6,1.9.0-DEV,428070c0f9ad,4.16.0,1.3.11,ctbllib-fs2-q2-findall,2397,2204,2026-08-10T07:12:38.007Z
S3xA5,360,false,0,true,2026-08-10T06:59:57.615Z,1.12.6,1.9.0-DEV,428070c0f9ad,4.16.0,1.3.11,ctbllib-fs2-q2-findall,2397,2205,2026-08-10T07:12:40.951Z
S3xFi22.2,774741019852800,false,0,true,2026-08-10T06:59:57.615Z,1.12.6,1.9.0-DEV,428070c0f9ad,4.16.0,1.3.11,ctbllib-fs2-q2-findall,2397,2206,2026-08-10T07:12:41.58Z
S3xJ2.2,7257600,false,0,true,2026-08-10T06:59:57.615Z,1.12.6,1.9.0-DEV,428070c0f9ad,4.16.0,1.3.11,ctbllib-fs2-q2-findall,2397,2207,2026-08-10T07:12:41.678Z
S3xL2(8),3024,false,0,true,2026-08-10T06:59:57.615Z,1.12.6,1.9.0-DEV,428070c0f9ad,4.16.0,1.3.11,ctbllib-fs2-q2-findall,2397,2208,2026-08-10T07:12:41.716Z
S3xM12.2,1140480,false,0,true,2026-08-10T06:59:57.615Z,1.12.6,1.9.0-DEV,428070c0f9ad,4.16.0,1.3.11,ctbllib-fs2-q2-findall,2397,2209,2026-08-10T07:12:41.801Z
S3xO7(3),27512110080,false,0,true,2026-08-10T06:59:57.615Z,1.12.6,1.9.0-DEV,428070c0f9ad,4.16.0,1.3.11,ctbllib-fs2-q2-findall,2397,2210,2026-08-10T07:12:42.007Z
S3xO8+(3):S3,178278473318400,false,0,true,2026-08-10T06:59:57.615Z,1.12.6,1.9.0-DEV,428070c0f9ad,4.16.0,1.3.11,ctbllib-fs2-q2-findall,2397,2211,2026-08-10T07:12:42.484Z
S3xS3,36,true,0,true,2026-08-10T06:59:57.615Z,1.12.6,1.9.0-DEV,428070c0f9ad,4.16.0,1.3.11,ctbllib-fs2-q2-findall,2397,2212,2026-08-10T07:12:42.493Z
S3xS6,4320,false,0,true,2026-08-10T06:59:57.615Z,1.12.6,1.9.0-DEV,428070c0f9ad,4.16.0,1.3.11,ctbllib-fs2-q2-findall,2397,2213,2026-08-10T07:12:42.569Z
S3xS6(2),8709120,false,0,true,2026-08-10T06:59:57.615Z,1.12.6,1.9.0-DEV,428070c0f9ad,4.16.0,1.3.11,ctbllib-fs2-q2-findall,2397,2214,2026-08-10T07:12:42.721Z
S3xTh,544475663327232000,false,0,true,2026-08-10T06:59:57.615Z,1.12.6,1.9.0-DEV,428070c0f9ad,4.16.0,1.3.11,ctbllib-fs2-q2-findall,2397,2215,2026-08-10T07:12:44.182Z
S3xU4(2),155520,false,0,true,2026-08-10T06:59:57.615Z,1.12.6,1.9.0-DEV,428070c0f9ad,4.16.0,1.3.11,ctbllib-fs2-q2-findall,2397,2216,2026-08-10T07:12:44.229Z
S3xU4(2).2,311040,false,0,true,2026-08-10T06:59:57.615Z,1.12.6,1.9.0-DEV,428070c0f9ad,4.16.0,1.3.11,ctbllib-fs2-q2-findall,2397,2217,2026-08-10T07:12:44.537Z
S3xU4(3),19595520,false,0,true,2026-08-10T06:59:57.615Z,1.12.6,1.9.0-DEV,428070c0f9ad,4.16.0,1.3.11,ctbllib-fs2-q2-findall,2397,2218,2026-08-10T07:12:44.665Z
S3xU4(3).(2^2)_{122},78382080,false,0,true,2026-08-10T06:59:57.615Z,1.12.6,1.9.0-DEV,428070c0f9ad,4.16.0,1.3.11,ctbllib-fs2-q2-findall,2397,2219,2026-08-10T07:12:45.029Z
S3xU4(3).2_2,39191040,false,0,true,2026-08-10T06:59:57.615Z,1.12.6,1.9.0-DEV,428070c0f9ad,4.16.0,1.3.11,ctbllib-fs2-q2-findall,2397,2220,2026-08-10T07:12:45.262Z
S4(4),979200,false,0,true,2026-08-10T06:59:57.615Z,1.12.6,1.9.0-DEV,428070c0f9ad,4.16.0,1.3.11,ctbllib-fs2-q2-findall,2397,2221,2026-08-10T07:12:45.303Z
S4(4).2,1958400,false,0,true,2026-08-10T06:59:57.615Z,1.12.6,1.9.0-DEV,428070c0f9ad,4.16.0,1.3.11,ctbllib-fs2-q2-findall,2397,2222,2026-08-10T07:12:45.316Z
S4(4).4,3916800,false,0,true,2026-08-10T06:59:57.615Z,1.12.6,1.9.0-DEV,428070c0f9ad,4.16.0,1.3.11,ctbllib-fs2-q2-findall,2397,2223,2026-08-10T07:12:45.327Z
S4(5),4680000,false,0,true,2026-08-10T06:59:57.615Z,1.12.6,1.9.0-DEV,428070c0f9ad,4.16.0,1.3.11,ctbllib-fs2-q2-findall,2397,2224,2026-08-10T07:12:45.341Z
S4(5).2,9360000,false,0,true,2026-08-10T06:59:57.615Z,1.12.6,1.9.0-DEV,428070c0f9ad,4.16.0,1.3.11,ctbllib-fs2-q2-findall,2397,2225,2026-08-10T07:12:45.357Z
S4(7),138297600,false,0,true,2026-08-10T06:59:57.615Z,1.12.6,1.9.0-DEV,428070c0f9ad,4.16.0,1.3.11,ctbllib-fs2-q2-findall,2397,2226,2026-08-10T07:12:45.432Z
S4(7).2,276595200,false,0,true,2026-08-10T06:59:57.615Z,1.12.6,1.9.0-DEV,428070c0f9ad,4.16.0,1.3.11,ctbllib-fs2-q2-findall,2397,2227,2026-08-10T07:12:45.459Z
S4(8),1056706560,false,0,true,2026-08-10T06:59:57.615Z,1.12.6,1.9.0-DEV,428070c0f9ad,4.16.0,1.3.11,ctbllib-fs2-q2-findall,2397,2228,2026-08-10T07:12:45.666Z
S4(8).3,3170119680,false,0,true,2026-08-10T06:59:57.615Z,1.12.6,1.9.0-DEV,428070c0f9ad,4.16.0,1.3.11,ctbllib-fs2-q2-findall,2397,2229,2026-08-10T07:12:45.745Z
S4(9),1721606400,false,0,true,2026-08-10T06:59:57.615Z,1.12.6,1.9.0-DEV,428070c0f9ad,4.16.0,1.3.11,ctbllib-fs2-q2-findall,2397,2230,2026-08-10T07:12:45.773Z
S4(9).2^2,6886425600,false,0,true,2026-08-10T06:59:57.615Z,1.12.6,1.9.0-DEV,428070c0f9ad,4.16.0,1.3.11,ctbllib-fs2-q2-findall,2397,2231,2026-08-10T07:12:45.818Z
S4(9).2_1,3443212800,false,0,true,2026-08-10T06:59:57.615Z,1.12.6,1.9.0-DEV,428070c0f9ad,4.16.0,1.3.11,ctbllib-fs2-q2-findall,2397,2232,2026-08-10T07:12:45.852Z
S4(9).2_2,3443212800,false,0,true,2026-08-10T06:59:57.615Z,1.12.6,1.9.0-DEV,428070c0f9ad,4.16.0,1.3.11,ctbllib-fs2-q2-findall,2397,2233,2026-08-10T07:12:45.898Z
S4(9).2_3,3443212800,false,0,true,2026-08-10T06:59:57.615Z,1.12.6,1.9.0-DEV,428070c0f9ad,4.16.0,1.3.11,ctbllib-fs2-q2-findall,2397,2234,2026-08-10T07:12:45.918Z
S4wrS3,82944,true,0,true,2026-08-10T06:59:57.615Z,1.12.6,1.9.0-DEV,428070c0f9ad,4.16.0,1.3.11,ctbllib-fs2-q2-findall,2397,2235,2026-08-10T07:12:46.011Z
S4x2F4(2)'.2,862617600,false,0,true,2026-08-10T06:59:57.615Z,1.12.6,1.9.0-DEV,428070c0f9ad,4.16.0,1.3.11,ctbllib-fs2-q2-findall,2397,2236,2026-08-10T07:12:46.399Z
S4x2^2,96,true,0,true,2026-08-10T06:59:57.615Z,1.12.6,1.9.0-DEV,428070c0f9ad,4.16.0,1.3.11,ctbllib-fs2-q2-findall,2397,2237,2026-08-10T07:12:46.48Z
S4x3^(1+2):4,2592,true,0,true,2026-08-10T06:59:57.615Z,1.12.6,1.9.0-DEV,428070c0f9ad,4.16.0,1.3.11,ctbllib-fs2-q2-findall,2397,2238,2026-08-10T07:12:47.601Z
S4x3^(1+2)_+:Q8,5184,true,0,true,2026-08-10T06:59:57.615Z,1.12.6,1.9.0-DEV,428070c0f9ad,4.16.0,1.3.11,ctbllib-fs2-q2-findall,2397,2239,2026-08-10T07:12:48.003Z
S4x3^2:4,864,true,0,true,2026-08-10T06:59:57.615Z,1.12.6,1.9.0-DEV,428070c0f9ad,4.16.0,1.3.11,ctbllib-fs2-q2-findall,2397,2240,2026-08-10T07:12:48.3Z
S4x3^2:Q8,1728,true,0,true,2026-08-10T06:59:57.615Z,1.12.6,1.9.0-DEV,428070c0f9ad,4.16.0,1.3.11,ctbllib-fs2-q2-findall,2397,2241,2026-08-10T07:12:48.641Z
S4x5^2:4S4,57600,true,0,true,2026-08-10T06:59:57.615Z,1.12.6,1.9.0-DEV,428070c0f9ad,4.16.0,1.3.11,ctbllib-fs2-q2-findall,2397,2242,2026-08-10T07:12:48.763Z
S4xL3(2).2,8064,false,0,true,2026-08-10T06:59:57.615Z,1.12.6,1.9.0-DEV,428070c0f9ad,4.16.0,1.3.11,ctbllib-fs2-q2-findall,2397,2243,2026-08-10T07:12:48.847Z
S4xO8+(2):S3,25082265600,false,0,true,2026-08-10T06:59:57.615Z,1.12.6,1.9.0-DEV,428070c0f9ad,4.16.0,1.3.11,ctbllib-fs2-q2-findall,2397,2244,2026-08-10T07:12:49.434Z
S4xS3,144,true,0,true,2026-08-10T06:59:57.615Z,1.12.6,1.9.0-DEV,428070c0f9ad,4.16.0,1.3.11,ctbllib-fs2-q2-findall,2397,2245,2026-08-10T07:12:49.455Z
S4xS4,576,true,0,true,2026-08-10T06:59:57.615Z,1.12.6,1.9.0-DEV,428070c0f9ad,4.16.0,1.3.11,ctbllib-fs2-q2-findall,2397,2246,2026-08-10T07:12:49.492Z
S4xS6(2),34836480,false,0,true,2026-08-10T06:59:57.615Z,1.12.6,1.9.0-DEV,428070c0f9ad,4.16.0,1.3.11,ctbllib-fs2-q2-findall,2397,2247,2026-08-10T07:12:52.325Z
S4xU3(3).2,290304,false,0,true,2026-08-10T06:59:57.615Z,1.12.6,1.9.0-DEV,428070c0f9ad,4.16.0,1.3.11,ctbllib-fs2-q2-findall,2397,2248,2026-08-10T07:12:52.671Z
S4xU4(2).2,1244160,false,0,true,2026-08-10T06:59:57.615Z,1.12.6,1.9.0-DEV,428070c0f9ad,4.16.0,1.3.11,ctbllib-fs2-q2-findall,2397,2249,2026-08-10T07:12:52.825Z
S5xS3,720,false,0,true,2026-08-10T06:59:57.615Z,1.12.6,1.9.0-DEV,428070c0f9ad,4.16.0,1.3.11,ctbllib-fs2-q2-findall,2397,2250,2026-08-10T07:12:52.875Z
S5xS4,2880,false,0,true,2026-08-10T06:59:57.615Z,1.12.6,1.9.0-DEV,428070c0f9ad,4.16.0,1.3.11,ctbllib-fs2-q2-findall,2397,2251,2026-08-10T07:12:52.946Z
S5xS9,43545600,false,0,true,2026-08-10T06:59:57.615Z,1.12.6,1.9.0-DEV,428070c0f9ad,4.16.0,1.3.11,ctbllib-fs2-q2-findall,2397,2252,2026-08-10T07:12:53.223Z
S6(2),1451520,false,0,true,2026-08-10T06:59:57.615Z,1.12.6,1.9.0-DEV,428070c0f9ad,4.16.0,1.3.11,ctbllib-fs2-q2-findall,2397,2253,2026-08-10T07:12:53.257Z
S6(2)N2,512,true,0,true,2026-08-10T06:59:57.615Z,1.12.6,1.9.0-DEV,428070c0f9ad,4.16.0,1.3.11,ctbllib-fs2-q2-findall,2397,2254,2026-08-10T07:12:53.554Z
S6(3),4585351680,false,0,true,2026-08-10T06:59:57.615Z,1.12.6,1.9.0-DEV,428070c0f9ad,4.16.0,1.3.11,ctbllib-fs2-q2-findall,2397,2255,2026-08-10T07:12:53.634Z
S6(3).2,9170703360,false,0,true,2026-08-10T06:59:57.615Z,1.12.6,1.9.0-DEV,428070c0f9ad,4.16.0,1.3.11,ctbllib-fs2-q2-findall,2397,2256,2026-08-10T07:12:53.669Z
S6(4),4106059776000,false,0,true,2026-08-10T06:59:57.615Z,1.12.6,1.9.0-DEV,428070c0f9ad,4.16.0,1.3.11,ctbllib-fs2-q2-findall,2397,2257,2026-08-10T07:12:54.019Z
S6(4).2,8212119552000,false,0,true,2026-08-10T06:59:57.615Z,1.12.6,1.9.0-DEV,428070c0f9ad,4.16.0,1.3.11,ctbllib-fs2-q2-findall,2397,2258,2026-08-10T07:12:54.071Z
S6(5),228501000000000,false,0,true,2026-08-10T06:59:57.615Z,1.12.6,1.9.0-DEV,428070c0f9ad,4.16.0,1.3.11,ctbllib-fs2-q2-findall,2397,2259,2026-08-10T07:12:54.258Z
S6x2,1440,false,0,true,2026-08-10T06:59:57.615Z,1.12.6,1.9.0-DEV,428070c0f9ad,4.16.0,1.3.11,ctbllib-fs2-q2-findall,2397,2260,2026-08-10T07:12:54.313Z
S6xD8,5760,false,0,true,2026-08-10T06:59:57.615Z,1.12.6,1.9.0-DEV,428070c0f9ad,4.16.0,1.3.11,ctbllib-fs2-q2-findall,2397,2261,2026-08-10T07:12:54.665Z
S6xL2(8):3,1088640,false,0,true,2026-08-10T06:59:57.615Z,1.12.6,1.9.0-DEV,428070c0f9ad,4.16.0,1.3.11,ctbllib-fs2-q2-findall,2397,2262,2026-08-10T07:12:54.953Z
S6xS4,17280,false,0,true,2026-08-10T06:59:57.615Z,1.12.6,1.9.0-DEV,428070c0f9ad,4.16.0,1.3.11,ctbllib-fs2-q2-findall,2397,2263,2026-08-10T07:12:55.052Z
S6xS5,86400,false,0,true,2026-08-10T06:59:57.615Z,1.12.6,1.9.0-DEV,428070c0f9ad,4.16.0,1.3.11,ctbllib-fs2-q2-findall,2397,2264,2026-08-10T07:12:56.239Z
S7x2,10080,false,0,true,2026-08-10T06:59:57.615Z,1.12.6,1.9.0-DEV,428070c0f9ad,4.16.0,1.3.11,ctbllib-fs2-q2-findall,2397,2265,2026-08-10T07:12:56.296Z
S7xS3,30240,false,0,true,2026-08-10T06:59:57.615Z,1.12.6,1.9.0-DEV,428070c0f9ad,4.16.0,1.3.11,ctbllib-fs2-q2-findall,2397,2266,2026-08-10T07:12:56.357Z
S7xS4,120960,false,0,true,2026-08-10T06:59:57.615Z,1.12.6,1.9.0-DEV,428070c0f9ad,4.16.0,1.3.11,ctbllib-fs2-q2-findall,2397,2267,2026-08-10T07:12:56.463Z
S7xS5,604800,false,0,true,2026-08-10T06:59:57.615Z,1.12.6,1.9.0-DEV,428070c0f9ad,4.16.0,1.3.11,ctbllib-fs2-q2-findall,2397,2268,2026-08-10T07:12:56.571Z
S7xS6,3628800,false,0,true,2026-08-10T06:59:57.615Z,1.12.6,1.9.0-DEV,428070c0f9ad,4.16.0,1.3.11,ctbllib-fs2-q2-findall,2397,2269,2026-08-10T07:12:56.798Z
S8(2),47377612800,false,0,true,2026-08-10T06:59:57.615Z,1.12.6,1.9.0-DEV,428070c0f9ad,4.16.0,1.3.11,ctbllib-fs2-q2-findall,2397,2270,2026-08-10T07:12:56.879Z
S8(2)M3,185794560,false,0,true,2026-08-10T06:59:57.615Z,1.12.6,1.9.0-DEV,428070c0f9ad,4.16.0,1.3.11,ctbllib-fs2-q2-findall,2397,2271,2026-08-10T07:12:57.019Z
S8(3),65784756654489600,false,0,true,2026-08-10T06:59:57.615Z,1.12.6,1.9.0-DEV,428070c0f9ad,4.16.0,1.3.11,ctbllib-fs2-q2-findall,2397,2272,2026-08-10T07:12:57.274Z
S8x2,80640,false,0,true,2026-08-10T06:59:57.615Z,1.12.6,1.9.0-DEV,428070c0f9ad,4.16.0,1.3.11,ctbllib-fs2-q2-findall,2397,2273,2026-08-10T07:12:57.338Z
S8xS3,241920,false,0,true,2026-08-10T06:59:57.615Z,1.12.6,1.9.0-DEV,428070c0f9ad,4.16.0,1.3.11,ctbllib-fs2-q2-findall,2397,2274,2026-08-10T07:12:57.411Z
S8xS4,967680,false,0,true,2026-08-10T06:59:57.615Z,1.12.6,1.9.0-DEV,428070c0f9ad,4.16.0,1.3.11,ctbllib-fs2-q2-findall,2397,2275,2026-08-10T07:12:57.548Z
S8xS5,4838400,false,0,true,2026-08-10T06:59:57.615Z,1.12.6,1.9.0-DEV,428070c0f9ad,4.16.0,1.3.11,ctbllib-fs2-q2-findall,2397,2276,2026-08-10T07:12:57.703Z
S9x2,725760,false,0,true,2026-08-10T06:59:57.615Z,1.12.6,1.9.0-DEV,428070c0f9ad,4.16.0,1.3.11,ctbllib-fs2-q2-findall,2397,2277,2026-08-10T07:12:57.773Z
S9xS3,2177280,false,0,true,2026-08-10T06:59:57.615Z,1.12.6,1.9.0-DEV,428070c0f9ad,4.16.0,1.3.11,ctbllib-fs2-q2-findall,2397,2278,2026-08-10T07:12:57.858Z
S9xS4,8709120,false,0,true,2026-08-10T06:59:57.615Z,1.12.6,1.9.0-DEV,428070c0f9ad,4.16.0,1.3.11,ctbllib-fs2-q2-findall,2397,2279,2026-08-10T07:12:58.029Z
Suz,448345497600,false,0,true,2026-08-10T06:59:57.615Z,1.12.6,1.9.0-DEV,428070c0f9ad,4.16.0,1.3.11,ctbllib-fs2-q2-findall,2397,2280,2026-08-10T07:12:58.069Z
Suz.2,896690995200,false,0,true,2026-08-10T06:59:57.615Z,1.12.6,1.9.0-DEV,428070c0f9ad,4.16.0,1.3.11,ctbllib-fs2-q2-findall,2397,2281,2026-08-10T07:12:58.764Z
SuzN2,24576,true,0,true,2026-08-10T06:59:57.615Z,1.12.6,1.9.0-DEV,428070c0f9ad,4.16.0,1.3.11,ctbllib-fs2-q2-findall,2397,2282,2026-08-10T07:12:58.837Z
Sz(32),32537600,false,0,true,2026-08-10T06:59:57.615Z,1.12.6,1.9.0-DEV,428070c0f9ad,4.16.0,1.3.11,ctbllib-fs2-q2-findall,2397,2283,2026-08-10T07:12:58.912Z
Sz(32).5,162688000,false,0,true,2026-08-10T06:59:57.615Z,1.12.6,1.9.0-DEV,428070c0f9ad,4.16.0,1.3.11,ctbllib-fs2-q2-findall,2397,2284,2026-08-10T07:12:58.942Z
Sz(8),29120,false,0,true,2026-08-10T06:59:57.615Z,1.12.6,1.9.0-DEV,428070c0f9ad,4.16.0,1.3.11,ctbllib-fs2-q2-findall,2397,2285,2026-08-10T07:12:58.952Z
Sz(8).3,87360,false,0,true,2026-08-10T06:59:57.615Z,1.12.6,1.9.0-DEV,428070c0f9ad,4.16.0,1.3.11,ctbllib-fs2-q2-findall,2397,2286,2026-08-10T07:12:58.96Z
Th,90745943887872000,false,0,true,2026-08-10T06:59:57.615Z,1.12.6,1.9.0-DEV,428070c0f9ad,4.16.0,1.3.11,ctbllib-fs2-q2-findall,2397,2287,2026-08-10T07:12:59.011Z
ThM7,944784,true,0,true,2026-08-10T06:59:57.615Z,1.12.6,1.9.0-DEV,428070c0f9ad,4.16.0,1.3.11,ctbllib-fs2-q2-findall,2397,2288,2026-08-10T07:12:59.071Z
ThN2,32768,true,0,true,2026-08-10T06:59:57.615Z,1.12.6,1.9.0-DEV,428070c0f9ad,4.16.0,1.3.11,ctbllib-fs2-q2-findall,2397,2289,2026-08-10T07:12:59.144Z
ThN3,236196,true,0,true,2026-08-10T06:59:57.615Z,1.12.6,1.9.0-DEV,428070c0f9ad,4.16.0,1.3.11,ctbllib-fs2-q2-findall,2397,2290,2026-08-10T07:12:59.169Z
ThN3B,944784,true,0,true,2026-08-10T06:59:57.615Z,1.12.6,1.9.0-DEV,428070c0f9ad,4.16.0,1.3.11,ctbllib-fs2-q2-findall,2397,2291,2026-08-10T07:12:59.238Z
U3(11),70915680,false,0,true,2026-08-10T06:59:57.615Z,1.12.6,1.9.0-DEV,428070c0f9ad,4.16.0,1.3.11,ctbllib-fs2-q2-findall,2397,2292,2026-08-10T07:12:59.264Z
U3(11).2,141831360,false,0,true,2026-08-10T06:59:57.615Z,1.12.6,1.9.0-DEV,428070c0f9ad,4.16.0,1.3.11,ctbllib-fs2-q2-findall,2397,2293,2026-08-10T07:12:59.279Z
U3(11).3,212747040,false,0,true,2026-08-10T06:59:57.615Z,1.12.6,1.9.0-DEV,428070c0f9ad,4.16.0,1.3.11,ctbllib-fs2-q2-findall,2397,2294,2026-08-10T07:12:59.378Z
U3(11).S3,425494080,false,0,true,2026-08-10T06:59:57.615Z,1.12.6,1.9.0-DEV,428070c0f9ad,4.16.0,1.3.11,ctbllib-fs2-q2-findall,2397,2295,2026-08-10T07:12:59.416Z
U3(3),6048,false,0,true,2026-08-10T06:59:57.615Z,1.12.6,1.9.0-DEV,428070c0f9ad,4.16.0,1.3.11,ctbllib-fs2-q2-findall,2397,2296,2026-08-10T07:12:59.437Z
U3(3).2,12096,false,0,true,2026-08-10T06:59:57.615Z,1.12.6,1.9.0-DEV,428070c0f9ad,4.16.0,1.3.11,ctbllib-fs2-q2-findall,2397,2297,2026-08-10T07:12:59.445Z
U3(4),62400,false,0,true,2026-08-10T06:59:57.615Z,1.12.6,1.9.0-DEV,428070c0f9ad,4.16.0,1.3.11,ctbllib-fs2-q2-findall,2397,2298,2026-08-10T07:12:59.459Z
U3(4).2,124800,false,0,true,2026-08-10T06:59:57.615Z,1.12.6,1.9.0-DEV,428070c0f9ad,4.16.0,1.3.11,ctbllib-fs2-q2-findall,2397,2299,2026-08-10T07:12:59.469Z
U3(4).4,249600,false,0,true,2026-08-10T06:59:57.615Z,1.12.6,1.9.0-DEV,428070c0f9ad,4.16.0,1.3.11,ctbllib-fs2-q2-findall,2397,2300,2026-08-10T07:12:59.477Z
U3(5),126000,false,0,true,2026-08-10T06:59:57.615Z,1.12.6,1.9.0-DEV,428070c0f9ad,4.16.0,1.3.11,ctbllib-fs2-q2-findall,2397,2301,2026-08-10T07:12:59.482Z
U3(5).2,252000,false,0,true,2026-08-10T06:59:57.615Z,1.12.6,1.9.0-DEV,428070c0f9ad,4.16.0,1.3.11,ctbllib-fs2-q2-findall,2397,2302,2026-08-10T07:12:59.49Z
U3(5).2N2,32,true,0,true,2026-08-10T06:59:57.615Z,1.12.6,1.9.0-DEV,428070c0f9ad,4.16.0,1.3.11,ctbllib-fs2-q2-findall,2397,2303,2026-08-10T07:12:59.756Z
U3(5).3,378000,false,0,true,2026-08-10T06:59:57.615Z,1.12.6,1.9.0-DEV,428070c0f9ad,4.16.0,1.3.11,ctbllib-fs2-q2-findall,2397,2304,2026-08-10T07:12:59.786Z
U3(5).3.2,756000,false,0,true,2026-08-10T06:59:57.615Z,1.12.6,1.9.0-DEV,428070c0f9ad,4.16.0,1.3.11,ctbllib-fs2-q2-findall,2397,2305,2026-08-10T07:12:59.797Z
U3(7),5663616,false,0,true,2026-08-10T06:59:57.615Z,1.12.6,1.9.0-DEV,428070c0f9ad,4.16.0,1.3.11,ctbllib-fs2-q2-findall,2397,2306,2026-08-10T07:12:59.824Z
U3(7).2,11327232,false,0,true,2026-08-10T06:59:57.615Z,1.12.6,1.9.0-DEV,428070c0f9ad,4.16.0,1.3.11,ctbllib-fs2-q2-findall,2397,2307,2026-08-10T07:12:59.839Z
U3(8),5515776,false,0,true,2026-08-10T06:59:57.615Z,1.12.6,1.9.0-DEV,428070c0f9ad,4.16.0,1.3.11,ctbllib-fs2-q2-findall,2397,2308,2026-08-10T07:12:59.866Z
U3(8).(S3x3),99283968,false,0,true,2026-08-10T06:59:57.615Z,1.12.6,1.9.0-DEV,428070c0f9ad,4.16.0,1.3.11,ctbllib-fs2-q2-findall,2397,2309,2026-08-10T07:12:59.892Z
U3(8).2,11031552,false,0,true,2026-08-10T06:59:57.615Z,1.12.6,1.9.0-DEV,428070c0f9ad,4.16.0,1.3.11,ctbllib-fs2-q2-findall,2397,2310,2026-08-10T07:12:59.911Z
U3(8).3^2,49641984,false,0,true,2026-08-10T06:59:57.615Z,1.12.6,1.9.0-DEV,428070c0f9ad,4.16.0,1.3.11,ctbllib-fs2-q2-findall,2397,2311,2026-08-10T07:12:59.98Z
U3(8).3_1,16547328,false,0,true,2026-08-10T06:59:57.615Z,1.12.6,1.9.0-DEV,428070c0f9ad,4.16.0,1.3.11,ctbllib-fs2-q2-findall,2397,2312,2026-08-10T07:13:00.008Z
U3(8).3_2,16547328,false,0,true,2026-08-10T06:59:57.615Z,1.12.6,1.9.0-DEV,428070c0f9ad,4.16.0,1.3.11,ctbllib-fs2-q2-findall,2397,2313,2026-08-10T07:13:00.206Z
U3(8).3_3,16547328,false,0,true,2026-08-10T06:59:57.615Z,1.12.6,1.9.0-DEV,428070c0f9ad,4.16.0,1.3.11,ctbllib-fs2-q2-findall,2397,2314,2026-08-10T07:13:00.225Z
U3(8).6,33094656,false,0,true,2026-08-10T06:59:57.615Z,1.12.6,1.9.0-DEV,428070c0f9ad,4.16.0,1.3.11,ctbllib-fs2-q2-findall,2397,2315,2026-08-10T07:13:00.245Z
U3(8).S3,33094656,false,0,true,2026-08-10T06:59:57.615Z,1.12.6,1.9.0-DEV,428070c0f9ad,4.16.0,1.3.11,ctbllib-fs2-q2-findall,2397,2316,2026-08-10T07:13:00.277Z
U3(9),42573600,false,0,true,2026-08-10T06:59:57.615Z,1.12.6,1.9.0-DEV,428070c0f9ad,4.16.0,1.3.11,ctbllib-fs2-q2-findall,2397,2317,2026-08-10T07:13:00.33Z
U3(9).2,85147200,false,0,true,2026-08-10T06:59:57.615Z,1.12.6,1.9.0-DEV,428070c0f9ad,4.16.0,1.3.11,ctbllib-fs2-q2-findall,2397,2318,2026-08-10T07:13:00.355Z
U3(9).4,170294400,false,0,true,2026-08-10T06:59:57.615Z,1.12.6,1.9.0-DEV,428070c0f9ad,4.16.0,1.3.11,ctbllib-fs2-q2-findall,2397,2319,2026-08-10T07:13:00.378Z
U4(2),25920,false,0,true,2026-08-10T06:59:57.615Z,1.12.6,1.9.0-DEV,428070c0f9ad,4.16.0,1.3.11,ctbllib-fs2-q2-findall,2397,2320,2026-08-10T07:13:00.398Z
U4(2).2,51840,false,0,true,2026-08-10T06:59:57.615Z,1.12.6,1.9.0-DEV,428070c0f9ad,4.16.0,1.3.11,ctbllib-fs2-q2-findall,2397,2321,2026-08-10T07:13:00.408Z
U4(3),3265920,false,0,true,2026-08-10T06:59:57.615Z,1.12.6,1.9.0-DEV,428070c0f9ad,4.16.0,1.3.11,ctbllib-fs2-q2-findall,2397,2322,2026-08-10T07:13:00.504Z
U4(3).(2^2)_{122},13063680,false,0,true,2026-08-10T06:59:57.615Z,1.12.6,1.9.0-DEV,428070c0f9ad,4.16.0,1.3.11,ctbllib-fs2-q2-findall,2397,2323,2026-08-10T07:13:00.549Z
U4(3).(2^2)_{133},13063680,false,0,true,2026-08-10T06:59:57.615Z,1.12.6,1.9.0-DEV,428070c0f9ad,4.16.0,1.3.11,ctbllib-fs2-q2-findall,2397,2324,2026-08-10T07:13:01.162Z
U4(3).2_1,6531840,false,0,true,2026-08-10T06:59:57.615Z,1.12.6,1.9.0-DEV,428070c0f9ad,4.16.0,1.3.11,ctbllib-fs2-q2-findall,2397,2325,2026-08-10T07:13:01.179Z
U4(3).2_2,6531840,false,0,true,2026-08-10T06:59:57.615Z,1.12.6,1.9.0-DEV,428070c0f9ad,4.16.0,1.3.11,ctbllib-fs2-q2-findall,2397,2326,2026-08-10T07:13:01.195Z
U4(3).2_3,6531840,false,0,true,2026-08-10T06:59:57.615Z,1.12.6,1.9.0-DEV,428070c0f9ad,4.16.0,1.3.11,ctbllib-fs2-q2-findall,2397,2327,2026-08-10T07:13:01.205Z
U4(3).4,13063680,false,0,true,2026-08-10T06:59:57.615Z,1.12.6,1.9.0-DEV,428070c0f9ad,4.16.0,1.3.11,ctbllib-fs2-q2-findall,2397,2328,2026-08-10T07:13:01.227Z
U4(3).D8,26127360,false,0,true,2026-08-10T06:59:57.615Z,1.12.6,1.9.0-DEV,428070c0f9ad,4.16.0,1.3.11,ctbllib-fs2-q2-findall,2397,2329,2026-08-10T07:13:01.253Z
U4(4),1018368000,false,0,true,2026-08-10T06:59:57.615Z,1.12.6,1.9.0-DEV,428070c0f9ad,4.16.0,1.3.11,ctbllib-fs2-q2-findall,2397,2330,2026-08-10T07:13:01.481Z
U4(4).4,4073472000,false,0,true,2026-08-10T06:59:57.615Z,1.12.6,1.9.0-DEV,428070c0f9ad,4.16.0,1.3.11,ctbllib-fs2-q2-findall,2397,2331,2026-08-10T07:13:01.51Z
U4(5),14742000000,false,0,true,2026-08-10T06:59:57.615Z,1.12.6,1.9.0-DEV,428070c0f9ad,4.16.0,1.3.11,ctbllib-fs2-q2-findall,2397,2332,2026-08-10T07:13:01.544Z
U4(5).2^2,58968000000,false,0,true,2026-08-10T06:59:57.615Z,1.12.6,1.9.0-DEV,428070c0f9ad,4.16.0,1.3.11,ctbllib-fs2-q2-findall,2397,2333,2026-08-10T07:13:01.62Z
U4(5).2_1,29484000000,false,0,true,2026-08-10T06:59:57.615Z,1.12.6,1.9.0-DEV,428070c0f9ad,4.16.0,1.3.11,ctbllib-fs2-q2-findall,2397,2334,2026-08-10T07:13:01.673Z
U4(5).2_2,29484000000,false,0,true,2026-08-10T06:59:57.615Z,1.12.6,1.9.0-DEV,428070c0f9ad,4.16.0,1.3.11,ctbllib-fs2-q2-findall,2397,2335,2026-08-10T07:13:01.752Z
U4(5).2_3,29484000000,false,0,true,2026-08-10T06:59:57.615Z,1.12.6,1.9.0-DEV,428070c0f9ad,4.16.0,1.3.11,ctbllib-fs2-q2-findall,2397,2336,2026-08-10T07:13:01.783Z
U5(2),13685760,false,0,true,2026-08-10T06:59:57.615Z,1.12.6,1.9.0-DEV,428070c0f9ad,4.16.0,1.3.11,ctbllib-fs2-q2-findall,2397,2337,2026-08-10T07:13:01.821Z
U5(2).2,27371520,false,0,true,2026-08-10T06:59:57.615Z,1.12.6,1.9.0-DEV,428070c0f9ad,4.16.0,1.3.11,ctbllib-fs2-q2-findall,2397,2338,2026-08-10T07:13:01.835Z
U5(3),258190571520,false,0,true,2026-08-10T06:59:57.615Z,1.12.6,1.9.0-DEV,428070c0f9ad,4.16.0,1.3.11,ctbllib-fs2-q2-findall,2397,2339,2026-08-10T07:13:01.928Z
U5(4),53443952640000,false,0,true,2026-08-10T06:59:57.615Z,1.12.6,1.9.0-DEV,428070c0f9ad,4.16.0,1.3.11,ctbllib-fs2-q2-findall,2397,2340,2026-08-10T07:13:02.096Z
U5(4).2,106887905280000,false,0,true,2026-08-10T06:59:57.615Z,1.12.6,1.9.0-DEV,428070c0f9ad,4.16.0,1.3.11,ctbllib-fs2-q2-findall,2397,2341,2026-08-10T07:13:02.174Z
U6(2),9196830720,false,0,true,2026-08-10T06:59:57.615Z,1.12.6,1.9.0-DEV,428070c0f9ad,4.16.0,1.3.11,ctbllib-fs2-q2-findall,2397,2342,2026-08-10T07:13:02.221Z
U6(2).2,18393661440,false,0,true,2026-08-10T06:59:57.615Z,1.12.6,1.9.0-DEV,428070c0f9ad,4.16.0,1.3.11,ctbllib-fs2-q2-findall,2397,2343,2026-08-10T07:13:02.251Z
U6(2).3,27590492160,false,0,true,2026-08-10T06:59:57.615Z,1.12.6,1.9.0-DEV,428070c0f9ad,4.16.0,1.3.11,ctbllib-fs2-q2-findall,2397,2344,2026-08-10T07:13:02.348Z
U6(2).3.2,55180984320,false,0,true,2026-08-10T06:59:57.615Z,1.12.6,1.9.0-DEV,428070c0f9ad,4.16.0,1.3.11,ctbllib-fs2-q2-findall,2397,2345,2026-08-10T07:13:02.391Z
U6(4),1120527288631296000000,false,0,true,2026-08-10T06:59:57.615Z,1.12.6,1.9.0-DEV,428070c0f9ad,4.16.0,1.3.11,ctbllib-fs2-q2-findall,2397,2346,2026-08-10T07:20:52.467Z
U7(2),227787103272960,false,0,true,2026-08-10T06:59:57.615Z,1.12.6,1.9.0-DEV,428070c0f9ad,4.16.0,1.3.11,ctbllib-fs2-q2-findall,2397,2347,2026-08-10T07:20:52.925Z
U72CT,168170618880,false,0,true,2026-08-10T06:59:57.615Z,1.12.6,1.9.0-DEV,428070c0f9ad,4.16.0,1.3.11,ctbllib-fs2-q2-findall,2397,2348,2026-08-10T07:20:53.107Z
V4,4,true,0,true,2026-08-10T06:59:57.615Z,1.12.6,1.9.0-DEV,428070c0f9ad,4.16.0,1.3.11,ctbllib-fs2-q2-findall,2397,2349,2026-08-10T07:20:53.113Z
[2^20]:(S3xL3(2)),1056964608,false,0,true,2026-08-10T06:59:57.615Z,1.12.6,1.9.0-DEV,428070c0f9ad,4.16.0,1.3.11,ctbllib-fs2-q2-findall,2397,2350,2026-08-10T07:20:53.764Z
[2^20]:A6.2^2,1509949440,false,0,true,2026-08-10T06:59:57.615Z,1.12.6,1.9.0-DEV,428070c0f9ad,4.16.0,1.3.11,ctbllib-fs2-q2-findall,2397,2351,2026-08-10T07:20:54.279Z
[2^22]:(S3xS3):2,301989888,true,0,true,2026-08-10T06:59:57.615Z,1.12.6,1.9.0-DEV,428070c0f9ad,4.16.0,1.3.11,ctbllib-fs2-q2-findall,2397,2352,2026-08-10T07:20:54.58Z
[2^30].L5(2),10736731045232640,false,0,true,2026-08-10T06:59:57.615Z,1.12.6,1.9.0-DEV,428070c0f9ad,4.16.0,1.3.11,ctbllib-fs2-q2-findall,2397,2353,2026-08-10T07:20:58.21Z
[2^35].(S5xL3(2)),692692325498880,false,0,true,2026-08-10T06:59:57.615Z,1.12.6,1.9.0-DEV,428070c0f9ad,4.16.0,1.3.11,ctbllib-fs2-q2-findall,2397,2354,2026-08-10T07:21:15.54Z
[2^9].S3a,3072,true,0,true,2026-08-10T06:59:57.615Z,1.12.6,1.9.0-DEV,428070c0f9ad,4.16.0,1.3.11,ctbllib-fs2-q2-findall,2397,2355,2026-08-10T07:21:15.834Z
[2^9].S3b,3072,true,0,true,2026-08-10T06:59:57.615Z,1.12.6,1.9.0-DEV,428070c0f9ad,4.16.0,1.3.11,ctbllib-fs2-q2-findall,2397,2356,2026-08-10T07:21:15.859Z
[7^6]:(6x6),4235364,true,0,true,2026-08-10T06:59:57.615Z,1.12.6,1.9.0-DEV,428070c0f9ad,4.16.0,1.3.11,ctbllib-fs2-q2-findall,2397,2357,2026-08-10T07:21:15.985Z
a4,12,true,0,true,2026-08-10T06:59:57.615Z,1.12.6,1.9.0-DEV,428070c0f9ad,4.16.0,1.3.11,ctbllib-fs2-q2-findall,2397,2358,2026-08-10T07:21:15.999Z
a4xa5,720,false,0,true,2026-08-10T06:59:57.615Z,1.12.6,1.9.0-DEV,428070c0f9ad,4.16.0,1.3.11,ctbllib-fs2-q2-findall,2397,2359,2026-08-10T07:21:16.028Z
a4xs5,1440,false,0,true,2026-08-10T06:59:57.615Z,1.12.6,1.9.0-DEV,428070c0f9ad,4.16.0,1.3.11,ctbllib-fs2-q2-findall,2397,2360,2026-08-10T07:21:16.118Z
a5wc2,7200,false,0,true,2026-08-10T06:59:57.615Z,1.12.6,1.9.0-DEV,428070c0f9ad,4.16.0,1.3.11,ctbllib-fs2-q2-findall,2397,2361,2026-08-10T07:21:16.137Z
a5xd10,600,false,0,true,2026-08-10T06:59:57.615Z,1.12.6,1.9.0-DEV,428070c0f9ad,4.16.0,1.3.11,ctbllib-fs2-q2-findall,2397,2362,2026-08-10T07:21:16.199Z
affine,311040,false,0,true,2026-08-10T06:59:57.615Z,1.12.6,1.9.0-DEV,428070c0f9ad,4.16.0,1.3.11,ctbllib-fs2-q2-findall,2397,2363,2026-08-10T07:21:16.22Z
b33141,576,true,0,true,2026-08-10T06:59:57.615Z,1.12.6,1.9.0-DEV,428070c0f9ad,4.16.0,1.3.11,ctbllib-fs2-q2-findall,2397,2364,2026-08-10T07:21:16.231Z
bd10,20,true,0,true,2026-08-10T06:59:57.615Z,1.12.6,1.9.0-DEV,428070c0f9ad,4.16.0,1.3.11,ctbllib-fs2-q2-findall,2397,2365,2026-08-10T07:21:16.236Z
c2aj4,21799895040,false,0,true,2026-08-10T06:59:57.615Z,1.12.6,1.9.0-DEV,428070c0f9ad,4.16.0,1.3.11,ctbllib-fs2-q2-findall,2397,2366,2026-08-10T07:21:16.336Z
c3d2,1008,true,0,true,2026-08-10T06:59:57.615Z,1.12.6,1.9.0-DEV,428070c0f9ad,4.16.0,1.3.11,ctbllib-fs2-q2-findall,2397,2367,2026-08-10T07:21:16.362Z
f22s2,131072,true,0,true,2026-08-10T06:59:57.615Z,1.12.6,1.9.0-DEV,428070c0f9ad,4.16.0,1.3.11,ctbllib-fs2-q2-findall,2397,2368,2026-08-10T07:21:16.486Z
frob,812,true,0,true,2026-08-10T06:59:57.615Z,1.12.6,1.9.0-DEV,428070c0f9ad,4.16.0,1.3.11,ctbllib-fs2-q2-findall,2397,2369,2026-08-10T07:21:16.523Z
g61,390000,true,0,true,2026-08-10T06:59:57.615Z,1.12.6,1.9.0-DEV,428070c0f9ad,4.16.0,1.3.11,ctbllib-fs2-q2-findall,2397,2370,2026-08-10T07:21:16.565Z
g61s1,624,true,0,true,2026-08-10T06:59:57.615Z,1.12.6,1.9.0-DEV,428070c0f9ad,4.16.0,1.3.11,ctbllib-fs2-q2-findall,2397,2371,2026-08-10T07:21:16.596Z
g72x16,1152,true,0,true,2026-08-10T06:59:57.615Z,1.12.6,1.9.0-DEV,428070c0f9ad,4.16.0,1.3.11,ctbllib-fs2-q2-findall,2397,2372,2026-08-10T07:21:16.708Z
gl25,480,false,0,true,2026-08-10T06:59:57.615Z,1.12.6,1.9.0-DEV,428070c0f9ad,4.16.0,1.3.11,ctbllib-fs2-q2-findall,2397,2373,2026-08-10T07:21:16.718Z
group2,512,true,0,true,2026-08-10T06:59:57.615Z,1.12.6,1.9.0-DEV,428070c0f9ad,4.16.0,1.3.11,ctbllib-fs2-q2-findall,2397,2374,2026-08-10T07:21:16.732Z
group3,63,true,0,true,2026-08-10T06:59:57.615Z,1.12.6,1.9.0-DEV,428070c0f9ad,4.16.0,1.3.11,ctbllib-fs2-q2-findall,2397,2375,2026-08-10T07:21:16.746Z
group5,1176,true,0,true,2026-08-10T06:59:57.615Z,1.12.6,1.9.0-DEV,428070c0f9ad,4.16.0,1.3.11,ctbllib-fs2-q2-findall,2397,2376,2026-08-10T07:21:16.789Z
group6,96,true,0,true,2026-08-10T06:59:57.615Z,1.12.6,1.9.0-DEV,428070c0f9ad,4.16.0,1.3.11,ctbllib-fs2-q2-findall,2397,2377,2026-08-10T07:21:16.797Z
h4,14400,false,0,true,2026-08-10T06:59:57.615Z,1.12.6,1.9.0-DEV,428070c0f9ad,4.16.0,1.3.11,ctbllib-fs2-q2-findall,2397,2378,2026-08-10T07:21:16.811Z
hed3,1728,true,0,true,2026-08-10T06:59:57.615Z,1.12.6,1.9.0-DEV,428070c0f9ad,4.16.0,1.3.11,ctbllib-fs2-q2-findall,2397,2379,2026-08-10T07:21:16.819Z
hess,648,true,0,true,2026-08-10T06:59:57.615Z,1.12.6,1.9.0-DEV,428070c0f9ad,4.16.0,1.3.11,ctbllib-fs2-q2-findall,2397,2380,2026-08-10T07:21:16.831Z
j3m4,2880,false,0,true,2026-08-10T06:59:57.615Z,1.12.6,1.9.0-DEV,428070c0f9ad,4.16.0,1.3.11,ctbllib-fs2-q2-findall,2397,2381,2026-08-10T07:21:16.858Z
j3m6,2160,false,0,true,2026-08-10T06:59:57.615Z,1.12.6,1.9.0-DEV,428070c0f9ad,4.16.0,1.3.11,ctbllib-fs2-q2-findall,2397,2382,2026-08-10T07:21:16.91Z
mo62,1920,false,0,true,2026-08-10T06:59:57.615Z,1.12.6,1.9.0-DEV,428070c0f9ad,4.16.0,1.3.11,ctbllib-fs2-q2-findall,2397,2383,2026-08-10T07:21:16.931Z
mx1j4,501397585920,false,0,true,2026-08-10T06:59:57.615Z,1.12.6,1.9.0-DEV,428070c0f9ad,4.16.0,1.3.11,ctbllib-fs2-q2-findall,2397,2384,2026-08-10T07:21:18.414Z
s2wrs4,384,true,0,true,2026-08-10T06:59:57.615Z,1.12.6,1.9.0-DEV,428070c0f9ad,4.16.0,1.3.11,ctbllib-fs2-q2-findall,2397,2385,2026-08-10T07:21:18.442Z
s2wrs5,3840,false,0,true,2026-08-10T06:59:57.615Z,1.12.6,1.9.0-DEV,428070c0f9ad,4.16.0,1.3.11,ctbllib-fs2-q2-findall,2397,2386,2026-08-10T07:21:18.46Z
s3wrs2,72,true,0,true,2026-08-10T06:59:57.615Z,1.12.6,1.9.0-DEV,428070c0f9ad,4.16.0,1.3.11,ctbllib-fs2-q2-findall,2397,2387,2026-08-10T07:21:18.466Z
s3wrs3,1296,true,0,true,2026-08-10T06:59:57.615Z,1.12.6,1.9.0-DEV,428070c0f9ad,4.16.0,1.3.11,ctbllib-fs2-q2-findall,2397,2388,2026-08-10T07:21:18.475Z
"s3xpsl(2,8).3",9072,false,0,true,2026-08-10T06:59:57.615Z,1.12.6,1.9.0-DEV,428070c0f9ad,4.16.0,1.3.11,ctbllib-fs2-q2-findall,2397,2389,2026-08-10T07:21:18.523Z
s4,24,true,0,true,2026-08-10T06:59:57.615Z,1.12.6,1.9.0-DEV,428070c0f9ad,4.16.0,1.3.11,ctbllib-fs2-q2-findall,2397,2390,2026-08-10T07:21:18.545Z
s4wrs2,1152,true,0,true,2026-08-10T06:59:57.615Z,1.12.6,1.9.0-DEV,428070c0f9ad,4.16.0,1.3.11,ctbllib-fs2-q2-findall,2397,2391,2026-08-10T07:21:18.554Z
"s4xpsl(3,2)",4032,false,0,true,2026-08-10T06:59:57.615Z,1.12.6,1.9.0-DEV,428070c0f9ad,4.16.0,1.3.11,ctbllib-fs2-q2-findall,2397,2392,2026-08-10T07:21:18.646Z
s5wrs2,28800,false,0,true,2026-08-10T06:59:57.615Z,1.12.6,1.9.0-DEV,428070c0f9ad,4.16.0,1.3.11,ctbllib-fs2-q2-findall,2397,2393,2026-08-10T07:21:18.676Z
sl25ex,29160,false,0,true,2026-08-10T06:59:57.615Z,1.12.6,1.9.0-DEV,428070c0f9ad,4.16.0,1.3.11,ctbllib-fs2-q2-findall,2397,2394,2026-08-10T07:21:18.693Z
suzs2,8192,true,0,true,2026-08-10T06:59:57.615Z,1.12.6,1.9.0-DEV,428070c0f9ad,4.16.0,1.3.11,ctbllib-fs2-q2-findall,2397,2395,2026-08-10T07:21:18.739Z
twd5a,3840,false,0,true,2026-08-10T06:59:57.615Z,1.12.6,1.9.0-DEV,428070c0f9ad,4.16.0,1.3.11,ctbllib-fs2-q2-findall,2397,2396,2026-08-10T07:21:18.749Z
w(f4),1152,true,0,true,2026-08-10T06:59:57.615Z,1.12.6,1.9.0-DEV,428070c0f9ad,4.16.0,1.3.11,ctbllib-fs2-q2-findall,2397,2397,2026-08-10T07:21:18.759Z
