table,G_order,G_solvable,false_characters,findall,run_started_at_utc,julia_version,oscar_version,fs2_git_revision,gap_version,ctbllib_version,scan_id,scan_total,scan_index,logged_at_utc
(11:5xD12).2,1320,true,0,true,2026-08-10T07:05:43.008Z,1.12.6,1.9.0-DEV,428070c0f9ad,4.16.0,1.3.11,ctbllib-fs2-q5-findall,2397,1,2026-08-10T07:05:52.39Z
(11:5xM12):2,10454400,false,0,true,2026-08-10T07:05:43.008Z,1.12.6,1.9.0-DEV,428070c0f9ad,4.16.0,1.3.11,ctbllib-fs2-q5-findall,2397,2,2026-08-10T07:06:03.921Z
(13:6xA4).2,1872,true,0,true,2026-08-10T07:05:43.008Z,1.12.6,1.9.0-DEV,428070c0f9ad,4.16.0,1.3.11,ctbllib-fs2-q5-findall,2397,3,2026-08-10T07:06:10.027Z
(13:6xL3(3)).2,876096,false,0,true,2026-08-10T07:05:43.008Z,1.12.6,1.9.0-DEV,428070c0f9ad,4.16.0,1.3.11,ctbllib-fs2-q5-findall,2397,4,2026-08-10T07:06:46.608Z
(2.A4x2.G2(4)).2,24153292800,false,0,true,2026-08-10T07:05:43.008Z,1.12.6,1.9.0-DEV,428070c0f9ad,4.16.0,1.3.11,ctbllib-fs2-q5-findall,2397,5,2026-08-10T07:07:53.359Z
(2.A4x3).2,144,true,0,true,2026-08-10T07:05:43.008Z,1.12.6,1.9.0-DEV,428070c0f9ad,4.16.0,1.3.11,ctbllib-fs2-q5-findall,2397,6,2026-08-10T07:07:53.503Z
(2.A5x2.J2).2,290304000,false,0,true,2026-08-10T07:05:43.008Z,1.12.6,1.9.0-DEV,428070c0f9ad,4.16.0,1.3.11,ctbllib-fs2-q5-findall,2397,7,2026-08-10T07:08:49.442Z
(2.A5x3).2,720,false,0,true,2026-08-10T07:05:43.008Z,1.12.6,1.9.0-DEV,428070c0f9ad,4.16.0,1.3.11,ctbllib-fs2-q5-findall,2397,8,2026-08-10T07:08:49.718Z
(2.A5xA5):2,14400,false,0,true,2026-08-10T07:05:43.008Z,1.12.6,1.9.0-DEV,428070c0f9ad,4.16.0,1.3.11,ctbllib-fs2-q5-findall,2397,9,2026-08-10T07:08:50.723Z
(2.A5xD10).2,2400,false,0,true,2026-08-10T07:05:43.008Z,1.12.6,1.9.0-DEV,428070c0f9ad,4.16.0,1.3.11,ctbllib-fs2-q5-findall,2397,10,2026-08-10T07:08:51.287Z
(2.A6x3).2_1,4320,false,0,true,2026-08-10T07:05:43.008Z,1.12.6,1.9.0-DEV,428070c0f9ad,4.16.0,1.3.11,ctbllib-fs2-q5-findall,2397,11,2026-08-10T07:08:52.273Z
(2.A6xU3(3)).2,8709120,false,0,true,2026-08-10T07:05:43.008Z,1.12.6,1.9.0-DEV,428070c0f9ad,4.16.0,1.3.11,ctbllib-fs2-q5-findall,2397,12,2026-08-10T07:09:08.717Z
(2.A7x3).2,30240,false,0,true,2026-08-10T07:05:43.008Z,1.12.6,1.9.0-DEV,428070c0f9ad,4.16.0,1.3.11,ctbllib-fs2-q5-findall,2397,13,2026-08-10T07:09:10.001Z
(2.A7xL2(7)).2,1693440,false,0,true,2026-08-10T07:05:43.008Z,1.12.6,1.9.0-DEV,428070c0f9ad,4.16.0,1.3.11,ctbllib-fs2-q5-findall,2397,14,2026-08-10T07:09:17.722Z
(2.A8x3).2,241920,false,0,true,2026-08-10T07:05:43.008Z,1.12.6,1.9.0-DEV,428070c0f9ad,4.16.0,1.3.11,ctbllib-fs2-q5-findall,2397,15,2026-08-10T07:09:20.449Z
(2.A9x3).2,2177280,false,0,true,2026-08-10T07:05:43.008Z,1.12.6,1.9.0-DEV,428070c0f9ad,4.16.0,1.3.11,ctbllib-fs2-q5-findall,2397,16,2026-08-10T07:09:24.353Z
(2.D10x3.A6).2_3,43200,false,0,true,2026-08-10T07:05:43.008Z,1.12.6,1.9.0-DEV,428070c0f9ad,4.16.0,1.3.11,ctbllib-fs2-q5-findall,2397,17,2026-08-10T07:09:43.978Z
(2.D10xA6).2,14400,false,0,true,2026-08-10T07:05:43.008Z,1.12.6,1.9.0-DEV,428070c0f9ad,4.16.0,1.3.11,ctbllib-fs2-q5-findall,2397,18,2026-08-10T07:09:45.989Z
"(2^(1+4)x3).GO+(4,2)",6912,true,0,true,2026-08-10T07:05:43.008Z,1.12.6,1.9.0-DEV,428070c0f9ad,4.16.0,1.3.11,ctbllib-fs2-q5-findall,2397,19,2026-08-10T07:09:48.015Z
(2^(1+8).2^3)a.L3(2),688128,false,0,true,2026-08-10T07:05:43.008Z,1.12.6,1.9.0-DEV,428070c0f9ad,4.16.0,1.3.11,ctbllib-fs2-q5-findall,2397,20,2026-08-10T07:09:51.427Z
(2^(1+8).2^3)b.L3(2),688128,false,0,true,2026-08-10T07:05:43.008Z,1.12.6,1.9.0-DEV,428070c0f9ad,4.16.0,1.3.11,ctbllib-fs2-q5-findall,2397,21,2026-08-10T07:09:54.667Z
(2^(1+8)x2^6):S6(2),47563407360,false,0,true,2026-08-10T07:05:43.008Z,1.12.6,1.9.0-DEV,428070c0f9ad,4.16.0,1.3.11,ctbllib-fs2-q5-findall,2397,22,2026-08-10T07:10:29.287Z
(2^2x11:5).2,440,true,0,true,2026-08-10T07:05:43.008Z,1.12.6,1.9.0-DEV,428070c0f9ad,4.16.0,1.3.11,ctbllib-fs2-q5-findall,2397,23,2026-08-10T07:10:29.963Z
(2^2x13:4):3,624,true,0,true,2026-08-10T07:05:43.008Z,1.12.6,1.9.0-DEV,428070c0f9ad,4.16.0,1.3.11,ctbllib-fs2-q5-findall,2397,24,2026-08-10T07:10:31.141Z
(2^2x2^(1+8)).(3xU4(2)).2,318504960,false,0,true,2026-08-10T07:05:43.008Z,1.12.6,1.9.0-DEV,428070c0f9ad,4.16.0,1.3.11,ctbllib-fs2-q5-findall,2397,25,2026-08-10T07:10:59.226Z
(2^2x3).(3^(1+4).[2^7.3]),1119744,true,0,true,2026-08-10T07:05:43.008Z,1.12.6,1.9.0-DEV,428070c0f9ad,4.16.0,1.3.11,ctbllib-fs2-q5-findall,2397,26,2026-08-10T07:13:35.791Z
(2^2x3).2,24,true,0,true,2026-08-10T07:05:43.008Z,1.12.6,1.9.0-DEV,428070c0f9ad,4.16.0,1.3.11,ctbllib-fs2-q5-findall,2397,27,2026-08-10T07:13:35.905Z
(2^2x3).2E6(2),918389756205298247270400,false,0,true,2026-08-10T07:05:43.008Z,1.12.6,1.9.0-DEV,428070c0f9ad,4.16.0,1.3.11,ctbllib-fs2-q5-findall,2397,28,2026-08-10T07:32:41.8Z
(2^2x3).2E6(2).2,1836779512410596494540800,false,0,true,2026-08-10T07:05:43.008Z,1.12.6,1.9.0-DEV,428070c0f9ad,4.16.0,1.3.11,ctbllib-fs2-q5-findall,2397,29,2026-08-10T07:40:31.119Z
(2^2x3).L3(4),241920,false,0,true,2026-08-10T07:05:43.008Z,1.12.6,1.9.0-DEV,428070c0f9ad,4.16.0,1.3.11,ctbllib-fs2-q5-findall,2397,30,2026-08-10T07:40:42.694Z
(2^2x3).L3(4).2_1,483840,false,0,true,2026-08-10T07:05:43.008Z,1.12.6,1.9.0-DEV,428070c0f9ad,4.16.0,1.3.11,ctbllib-fs2-q5-findall,2397,31,2026-08-10T07:40:50.101Z
(2^2x3).L3(4).2_2,483840,false,0,true,2026-08-10T07:05:43.008Z,1.12.6,1.9.0-DEV,428070c0f9ad,4.16.0,1.3.11,ctbllib-fs2-q5-findall,2397,32,2026-08-10T07:40:54.128Z
(2^2x3).L3(4).2_3,483840,false,0,true,2026-08-10T07:05:43.008Z,1.12.6,1.9.0-DEV,428070c0f9ad,4.16.0,1.3.11,ctbllib-fs2-q5-findall,2397,33,2026-08-10T07:41:02.259Z
(2^2x3).L3(4).3,725760,false,0,true,2026-08-10T07:05:43.008Z,1.12.6,1.9.0-DEV,428070c0f9ad,4.16.0,1.3.11,ctbllib-fs2-q5-findall,2397,34,2026-08-10T07:41:50.803Z
(2^2x3).U6(2),110361968640,false,0,true,2026-08-10T07:05:43.008Z,1.12.6,1.9.0-DEV,428070c0f9ad,4.16.0,1.3.11,ctbllib-fs2-q5-findall,2397,35,2026-08-10T07:44:32.734Z
(2^2x3).U6(2).2,220723937280,false,0,true,2026-08-10T07:05:43.008Z,1.12.6,1.9.0-DEV,428070c0f9ad,4.16.0,1.3.11,ctbllib-fs2-q5-findall,2397,36,2026-08-10T07:46:00.833Z
(2^2x3).U6(2).3,331085905920,false,0,true,2026-08-10T07:05:43.008Z,1.12.6,1.9.0-DEV,428070c0f9ad,4.16.0,1.3.11,ctbllib-fs2-q5-findall,2397,37,2026-08-10T07:49:33.479Z
(2^2x3).U6(2)M3,123863040,false,0,true,2026-08-10T07:05:43.008Z,1.12.6,1.9.0-DEV,428070c0f9ad,4.16.0,1.3.11,ctbllib-fs2-q5-findall,2397,38,2026-08-10T07:50:29.434Z
(2^2x3^4).2^3.S4,62208,true,0,true,2026-08-10T07:05:43.008Z,1.12.6,1.9.0-DEV,428070c0f9ad,4.16.0,1.3.11,ctbllib-fs2-q5-findall,2397,39,2026-08-10T07:50:37.226Z
(2^2x4).2^5.S3,3072,true,0,true,2026-08-10T07:05:43.008Z,1.12.6,1.9.0-DEV,428070c0f9ad,4.16.0,1.3.11,ctbllib-fs2-q5-findall,2397,40,2026-08-10T07:50:38.874Z
(2^2xA5):2,480,false,0,true,2026-08-10T07:05:43.008Z,1.12.6,1.9.0-DEV,428070c0f9ad,4.16.0,1.3.11,ctbllib-fs2-q5-findall,2397,41,2026-08-10T07:50:39.072Z
(2^2xD14):3,168,true,0,true,2026-08-10T07:05:43.008Z,1.12.6,1.9.0-DEV,428070c0f9ad,4.16.0,1.3.11,ctbllib-fs2-q5-findall,2397,42,2026-08-10T07:50:39.26Z
(2^2xF4(2)):2,26489012826931200,false,0,true,2026-08-10T07:05:43.008Z,1.12.6,1.9.0-DEV,428070c0f9ad,4.16.0,1.3.11,ctbllib-fs2-q5-findall,2397,43,2026-08-10T07:51:37.503Z
(2^2xSz(8)):3,349440,false,0,true,2026-08-10T07:05:43.008Z,1.12.6,1.9.0-DEV,428070c0f9ad,4.16.0,1.3.11,ctbllib-fs2-q5-findall,2397,44,2026-08-10T07:51:38.189Z
(2^2xU4(2)):2,207360,false,0,true,2026-08-10T07:05:43.008Z,1.12.6,1.9.0-DEV,428070c0f9ad,4.16.0,1.3.11,ctbllib-fs2-q5-findall,2397,45,2026-08-10T07:51:42.662Z
(2^4:A4xA4).2,4608,true,0,true,2026-08-10T07:05:43.008Z,1.12.6,1.9.0-DEV,428070c0f9ad,4.16.0,1.3.11,ctbllib-fs2-q5-findall,2397,46,2026-08-10T07:51:46.253Z
(2^4:S5x3).2,11520,false,0,true,2026-08-10T07:05:43.008Z,1.12.6,1.9.0-DEV,428070c0f9ad,4.16.0,1.3.11,ctbllib-fs2-q5-findall,2397,47,2026-08-10T07:51:46.75Z
(2^5.2^6)a.(S3xL3(2)),2064384,false,0,true,2026-08-10T07:05:43.008Z,1.12.6,1.9.0-DEV,428070c0f9ad,4.16.0,1.3.11,ctbllib-fs2-q5-findall,2397,48,2026-08-10T07:51:50.519Z
(2^5.2^6)b.(L3(2)xS3),2064384,false,0,true,2026-08-10T07:05:43.008Z,1.12.6,1.9.0-DEV,428070c0f9ad,4.16.0,1.3.11,ctbllib-fs2-q5-findall,2397,49,2026-08-10T07:51:52.586Z
(2^5.2^6.2^2)a.S3^2,294912,true,0,true,2026-08-10T07:05:43.008Z,1.12.6,1.9.0-DEV,428070c0f9ad,4.16.0,1.3.11,ctbllib-fs2-q5-findall,2397,50,2026-08-10T07:51:56.155Z
(2^5.2^6.2^2)b.S3^2,294912,true,0,true,2026-08-10T07:05:43.008Z,1.12.6,1.9.0-DEV,428070c0f9ad,4.16.0,1.3.11,ctbllib-fs2-q5-findall,2397,51,2026-08-10T07:51:59.166Z
(2^6x2^8):S6(2),23781703680,false,0,true,2026-08-10T07:05:43.008Z,1.12.6,1.9.0-DEV,428070c0f9ad,4.16.0,1.3.11,ctbllib-fs2-q5-findall,2397,52,2026-08-10T07:52:21.046Z
(2x12).L3(4),483840,false,0,true,2026-08-10T07:05:43.008Z,1.12.6,1.9.0-DEV,428070c0f9ad,4.16.0,1.3.11,ctbllib-fs2-q5-findall,2397,53,2026-08-10T07:52:51.656Z
(2x13).6,156,true,0,true,2026-08-10T07:05:43.008Z,1.12.6,1.9.0-DEV,428070c0f9ad,4.16.0,1.3.11,ctbllib-fs2-q5-findall,2397,54,2026-08-10T07:52:52.736Z
(2x17).8,272,true,0,true,2026-08-10T07:05:43.008Z,1.12.6,1.9.0-DEV,428070c0f9ad,4.16.0,1.3.11,ctbllib-fs2-q5-findall,2397,55,2026-08-10T07:52:53.476Z
(2x2.(A5xA5)):2^2,57600,false,0,true,2026-08-10T07:05:43.008Z,1.12.6,1.9.0-DEV,428070c0f9ad,4.16.0,1.3.11,ctbllib-fs2-q5-findall,2397,56,2026-08-10T07:52:56.683Z
(2x29).14,812,true,0,true,2026-08-10T07:05:43.008Z,1.12.6,1.9.0-DEV,428070c0f9ad,4.16.0,1.3.11,ctbllib-fs2-q5-findall,2397,57,2026-08-10T07:53:03.757Z
(2x2^(1+6)_+).A8,5160960,false,0,true,2026-08-10T07:05:43.008Z,1.12.6,1.9.0-DEV,428070c0f9ad,4.16.0,1.3.11,ctbllib-fs2-q5-findall,2397,58,2026-08-10T07:53:10.027Z
(2x2^(1+8)):(U4(2):2x2),106168320,false,0,true,2026-08-10T07:05:43.008Z,1.12.6,1.9.0-DEV,428070c0f9ad,4.16.0,1.3.11,ctbllib-fs2-q5-findall,2397,59,2026-08-10T07:53:39.385Z
(2x2^(1+8)):U4(2):2,53084160,false,0,true,2026-08-10T07:05:43.008Z,1.12.6,1.9.0-DEV,428070c0f9ad,4.16.0,1.3.11,ctbllib-fs2-q5-findall,2397,60,2026-08-10T07:53:47.677Z
(2x2^(1+8)_+).2.2^4.(S3xS3),1179648,true,0,true,2026-08-10T07:05:43.008Z,1.12.6,1.9.0-DEV,428070c0f9ad,4.16.0,1.3.11,ctbllib-fs2-q5-findall,2397,61,2026-08-10T07:54:06.957Z
(2x2^(1+8)_+).O8+(2),178362777600,false,0,true,2026-08-10T07:05:43.008Z,1.12.6,1.9.0-DEV,428070c0f9ad,4.16.0,1.3.11,ctbllib-fs2-q5-findall,2397,62,2026-08-10T07:54:57.05Z
(2x3.A6).2,4320,false,0,true,2026-08-10T07:05:43.008Z,1.12.6,1.9.0-DEV,428070c0f9ad,4.16.0,1.3.11,ctbllib-fs2-q5-findall,2397,63,2026-08-10T07:54:59.01Z
(2x3^(1+2)_+:8):2,864,true,0,true,2026-08-10T07:05:43.008Z,1.12.6,1.9.0-DEV,428070c0f9ad,4.16.0,1.3.11,ctbllib-fs2-q5-findall,2397,64,2026-08-10T07:54:59.373Z
(2x3^3).S4,1296,true,0,true,2026-08-10T07:05:43.008Z,1.12.6,1.9.0-DEV,428070c0f9ad,4.16.0,1.3.11,ctbllib-fs2-q5-findall,2397,65,2026-08-10T07:55:00.051Z
(2x3^3).S4`,1296,true,0,true,2026-08-10T07:05:43.008Z,1.12.6,1.9.0-DEV,428070c0f9ad,4.16.0,1.3.11,ctbllib-fs2-q5-findall,2397,66,2026-08-10T07:55:00.496Z
(2x3^4:2^3).S4,31104,true,0,true,2026-08-10T07:05:43.008Z,1.12.6,1.9.0-DEV,428070c0f9ad,4.16.0,1.3.11,ctbllib-fs2-q5-findall,2397,67,2026-08-10T07:55:02.569Z
(2x3^5).U4(2).2,25194240,false,0,true,2026-08-10T07:05:43.008Z,1.12.6,1.9.0-DEV,428070c0f9ad,4.16.0,1.3.11,ctbllib-fs2-q5-findall,2397,68,2026-08-10T07:55:12.046Z
(2x4).L3(4),161280,false,0,true,2026-08-10T07:05:43.008Z,1.12.6,1.9.0-DEV,428070c0f9ad,4.16.0,1.3.11,ctbllib-fs2-q5-findall,2397,69,2026-08-10T07:55:14.426Z
(2x4^2).2^4.S3,3072,true,0,true,2026-08-10T07:05:43.008Z,1.12.6,1.9.0-DEV,428070c0f9ad,4.16.0,1.3.11,ctbllib-fs2-q5-findall,2397,70,2026-08-10T07:55:16.058Z
(2x5^2).12,600,true,0,true,2026-08-10T07:05:43.008Z,1.12.6,1.9.0-DEV,428070c0f9ad,4.16.0,1.3.11,ctbllib-fs2-q5-findall,2397,71,2026-08-10T07:55:18.944Z
(2xA6).2^2,2880,false,0,true,2026-08-10T07:05:43.008Z,1.12.6,1.9.0-DEV,428070c0f9ad,4.16.0,1.3.11,ctbllib-fs2-q5-findall,2397,72,2026-08-10T07:55:19.169Z
(2xA6).2_3,1440,false,0,true,2026-08-10T07:05:43.008Z,1.12.6,1.9.0-DEV,428070c0f9ad,4.16.0,1.3.11,ctbllib-fs2-q5-findall,2397,73,2026-08-10T07:55:19.733Z
(2xA6.2^2).2,5760,false,0,true,2026-08-10T07:05:43.008Z,1.12.6,1.9.0-DEV,428070c0f9ad,4.16.0,1.3.11,ctbllib-fs2-q5-findall,2397,74,2026-08-10T07:55:20.257Z
(2xL3(2)).2,672,false,0,true,2026-08-10T07:05:43.008Z,1.12.6,1.9.0-DEV,428070c0f9ad,4.16.0,1.3.11,ctbllib-fs2-q5-findall,2397,75,2026-08-10T07:55:20.814Z
(2xL3(3)).2,22464,false,0,true,2026-08-10T07:05:43.008Z,1.12.6,1.9.0-DEV,428070c0f9ad,4.16.0,1.3.11,ctbllib-fs2-q5-findall,2397,76,2026-08-10T07:55:21.621Z
(2xO8+(3)).S4,237704631091200,false,0,true,2026-08-10T07:05:43.008Z,1.12.6,1.9.0-DEV,428070c0f9ad,4.16.0,1.3.11,ctbllib-fs2-q5-findall,2397,77,2026-08-10T07:56:03.82Z
(3.A6.2_2xA5):2,259200,false,0,true,2026-08-10T07:05:43.008Z,1.12.6,1.9.0-DEV,428070c0f9ad,4.16.0,1.3.11,ctbllib-fs2-q5-findall,2397,78,2026-08-10T07:56:08.378Z
(3.A6x2.A5).2,259200,false,0,true,2026-08-10T07:05:43.008Z,1.12.6,1.9.0-DEV,428070c0f9ad,4.16.0,1.3.11,ctbllib-fs2-q5-findall,2397,79,2026-08-10T07:56:20.85Z
(3.A6xA5):2,129600,false,0,true,2026-08-10T07:05:43.008Z,1.12.6,1.9.0-DEV,428070c0f9ad,4.16.0,1.3.11,ctbllib-fs2-q5-findall,2397,80,2026-08-10T07:56:24.937Z
(3^(1+2)+x3^2):2S4,11664,true,0,true,2026-08-10T07:05:43.008Z,1.12.6,1.9.0-DEV,428070c0f9ad,4.16.0,1.3.11,ctbllib-fs2-q5-findall,2397,81,2026-08-10T07:56:25.272Z
(3^(1+2):2^2xG2(3)):2,917070336,false,0,true,2026-08-10T07:05:43.008Z,1.12.6,1.9.0-DEV,428070c0f9ad,4.16.0,1.3.11,ctbllib-fs2-q5-findall,2397,82,2026-08-10T07:56:55.602Z
(3^(1+2):4x2.A6).2,155520,false,0,true,2026-08-10T07:05:43.008Z,1.12.6,1.9.0-DEV,428070c0f9ad,4.16.0,1.3.11,ctbllib-fs2-q5-findall,2397,83,2026-08-10T07:57:11.408Z
(3^(1+2):4xA6).2,77760,false,0,true,2026-08-10T07:05:43.008Z,1.12.6,1.9.0-DEV,428070c0f9ad,4.16.0,1.3.11,ctbllib-fs2-q5-findall,2397,84,2026-08-10T07:57:18.355Z
(3^(1+2):4xD10).2,2160,true,0,true,2026-08-10T07:05:43.008Z,1.12.6,1.9.0-DEV,428070c0f9ad,4.16.0,1.3.11,ctbllib-fs2-q5-findall,2397,85,2026-08-10T07:57:20.772Z
(3^(1+2):8x2.A6).2,311040,false,0,true,2026-08-10T07:05:43.008Z,1.12.6,1.9.0-DEV,428070c0f9ad,4.16.0,1.3.11,ctbllib-fs2-q5-findall,2397,86,2026-08-10T07:57:32.239Z
(3^(1+2):8xA6).2,155520,false,0,true,2026-08-10T07:05:43.008Z,1.12.6,1.9.0-DEV,428070c0f9ad,4.16.0,1.3.11,ctbllib-fs2-q5-findall,2397,87,2026-08-10T07:57:37.287Z
(3^(1+2)_+:2x13:6).2,8424,true,0,true,2026-08-10T07:05:43.008Z,1.12.6,1.9.0-DEV,428070c0f9ad,4.16.0,1.3.11,ctbllib-fs2-q5-findall,2397,88,2026-08-10T07:57:51.165Z
(3^(1+2)x2).SD16,864,true,0,true,2026-08-10T07:05:43.008Z,1.12.6,1.9.0-DEV,428070c0f9ad,4.16.0,1.3.11,ctbllib-fs2-q5-findall,2397,89,2026-08-10T07:57:52.237Z
(3^(1+6).3)a.2.S4,314928,true,0,true,2026-08-10T07:05:43.008Z,1.12.6,1.9.0-DEV,428070c0f9ad,4.16.0,1.3.11,ctbllib-fs2-q5-findall,2397,90,2026-08-10T07:57:55.15Z
(3^2:2x13:6).2,2808,true,0,true,2026-08-10T07:05:43.008Z,1.12.6,1.9.0-DEV,428070c0f9ad,4.16.0,1.3.11,ctbllib-fs2-q5-findall,2397,91,2026-08-10T07:57:58.881Z
(3^2:2xG2(3)).2,152845056,false,0,true,2026-08-10T07:05:43.008Z,1.12.6,1.9.0-DEV,428070c0f9ad,4.16.0,1.3.11,ctbllib-fs2-q5-findall,2397,92,2026-08-10T07:58:06.818Z
(3^2:2xO8+(3)).S4,2139341679820800,false,0,true,2026-08-10T07:05:43.008Z,1.12.6,1.9.0-DEV,428070c0f9ad,4.16.0,1.3.11,ctbllib-fs2-q5-findall,2397,93,2026-08-10T07:59:46.825Z
(3^2:4x2.A6).2,51840,false,0,true,2026-08-10T07:05:43.008Z,1.12.6,1.9.0-DEV,428070c0f9ad,4.16.0,1.3.11,ctbllib-fs2-q5-findall,2397,94,2026-08-10T07:59:50.806Z
(3^2:4xA6).2^2,51840,false,0,true,2026-08-10T07:05:43.008Z,1.12.6,1.9.0-DEV,428070c0f9ad,4.16.0,1.3.11,ctbllib-fs2-q5-findall,2397,95,2026-08-10T07:59:51.303Z
(3^2:4xD10).2,720,true,0,true,2026-08-10T07:05:43.008Z,1.12.6,1.9.0-DEV,428070c0f9ad,4.16.0,1.3.11,ctbllib-fs2-q5-findall,2397,96,2026-08-10T07:59:52.3Z
(3^2:4xa6).2,25920,false,0,true,2026-08-10T07:05:43.008Z,1.12.6,1.9.0-DEV,428070c0f9ad,4.16.0,1.3.11,ctbllib-fs2-q5-findall,2397,97,2026-08-10T07:59:53.184Z
(3^2:8xA6).2,51840,false,0,true,2026-08-10T07:05:43.008Z,1.12.6,1.9.0-DEV,428070c0f9ad,4.16.0,1.3.11,ctbllib-fs2-q5-findall,2397,98,2026-08-10T07:59:54.475Z
(3^2:D8xD10).2,1440,true,0,true,2026-08-10T07:05:43.008Z,1.12.6,1.9.0-DEV,428070c0f9ad,4.16.0,1.3.11,ctbllib-fs2-q5-findall,2397,99,2026-08-10T07:59:56.449Z
(3^2:D8xU4(3).2^2).2,1881169920,false,0,true,2026-08-10T07:05:43.008Z,1.12.6,1.9.0-DEV,428070c0f9ad,4.16.0,1.3.11,ctbllib-fs2-q5-findall,2397,100,2026-08-10T08:01:29.0Z
(3^2x2).U4(3),58786560,false,0,true,2026-08-10T07:05:43.008Z,1.12.6,1.9.0-DEV,428070c0f9ad,4.16.0,1.3.11,ctbllib-fs2-q5-findall,2397,101,2026-08-10T08:02:47.986Z
(3^2x2).U4(3).2_3',117573120,false,0,true,2026-08-10T07:05:43.008Z,1.12.6,1.9.0-DEV,428070c0f9ad,4.16.0,1.3.11,ctbllib-fs2-q5-findall,2397,102,2026-08-10T08:03:28.72Z
(3^2x2).U4(3).D8,470292480,false,0,true,2026-08-10T07:05:43.008Z,1.12.6,1.9.0-DEV,428070c0f9ad,4.16.0,1.3.11,ctbllib-fs2-q5-findall,2397,103,2026-08-10T08:03:49.793Z
(3^2x4).U4(3),117573120,false,0,true,2026-08-10T07:05:43.008Z,1.12.6,1.9.0-DEV,428070c0f9ad,4.16.0,1.3.11,ctbllib-fs2-q5-findall,2397,104,2026-08-10T08:06:58.741Z
(3x13:6).2,468,true,0,true,2026-08-10T07:05:43.008Z,1.12.6,1.9.0-DEV,428070c0f9ad,4.16.0,1.3.11,ctbllib-fs2-q5-findall,2397,105,2026-08-10T08:07:00.376Z
(3x2.D10).2,120,true,0,true,2026-08-10T07:05:43.008Z,1.12.6,1.9.0-DEV,428070c0f9ad,4.16.0,1.3.11,ctbllib-fs2-q5-findall,2397,106,2026-08-10T08:07:01.441Z
(3x2.U4(2)):2,311040,false,0,true,2026-08-10T07:05:43.008Z,1.12.6,1.9.0-DEV,428070c0f9ad,4.16.0,1.3.11,ctbllib-fs2-q5-findall,2397,107,2026-08-10T08:07:04.215Z
(3x2S5).2,1440,false,0,true,2026-08-10T07:05:43.008Z,1.12.6,1.9.0-DEV,428070c0f9ad,4.16.0,1.3.11,ctbllib-fs2-q5-findall,2397,108,2026-08-10T08:07:04.551Z
(3x2^(1+6)_-.U4(2)).2,19906560,false,0,true,2026-08-10T07:05:43.008Z,1.12.6,1.9.0-DEV,428070c0f9ad,4.16.0,1.3.11,ctbllib-fs2-q5-findall,2397,109,2026-08-10T08:07:19.433Z
(3x2^(2+8):(A5xS3)).2,2211840,false,0,true,2026-08-10T07:05:43.008Z,1.12.6,1.9.0-DEV,428070c0f9ad,4.16.0,1.3.11,ctbllib-fs2-q5-findall,2397,110,2026-08-10T08:07:30.992Z
(3x2^(4+6):3A6).2,6635520,false,0,true,2026-08-10T07:05:43.008Z,1.12.6,1.9.0-DEV,428070c0f9ad,4.16.0,1.3.11,ctbllib-fs2-q5-findall,2397,111,2026-08-10T08:07:39.766Z
(3x3^(1+2)+:2A4).2,3888,true,0,true,2026-08-10T07:05:43.008Z,1.12.6,1.9.0-DEV,428070c0f9ad,4.16.0,1.3.11,ctbllib-fs2-q5-findall,2397,112,2026-08-10T08:07:41.515Z
(3x3^3:S3):2,972,true,0,true,2026-08-10T07:05:43.008Z,1.12.6,1.9.0-DEV,428070c0f9ad,4.16.0,1.3.11,ctbllib-fs2-q5-findall,2397,113,2026-08-10T08:07:43.324Z
(3xA6).2_1,2160,false,0,true,2026-08-10T07:05:43.008Z,1.12.6,1.9.0-DEV,428070c0f9ad,4.16.0,1.3.11,ctbllib-fs2-q5-findall,2397,114,2026-08-10T08:07:43.513Z
(3xD10).2,60,true,0,true,2026-08-10T07:05:43.008Z,1.12.6,1.9.0-DEV,428070c0f9ad,4.16.0,1.3.11,ctbllib-fs2-q5-findall,2397,115,2026-08-10T08:07:43.614Z
(3xG2(3)):2,25474176,false,0,true,2026-08-10T07:05:43.008Z,1.12.6,1.9.0-DEV,428070c0f9ad,4.16.0,1.3.11,ctbllib-fs2-q5-findall,2397,116,2026-08-10T08:07:47.185Z
(3xG2(4)).2,1509580800,false,0,true,2026-08-10T07:05:43.008Z,1.12.6,1.9.0-DEV,428070c0f9ad,4.16.0,1.3.11,ctbllib-fs2-q5-findall,2397,117,2026-08-10T08:07:52.954Z
(3xL2(16):2).2,48960,false,0,true,2026-08-10T07:05:43.008Z,1.12.6,1.9.0-DEV,428070c0f9ad,4.16.0,1.3.11,ctbllib-fs2-q5-findall,2397,118,2026-08-10T08:08:04.455Z
(3xL2(25)).2_2,46800,false,0,true,2026-08-10T07:05:43.008Z,1.12.6,1.9.0-DEV,428070c0f9ad,4.16.0,1.3.11,ctbllib-fs2-q5-findall,2397,119,2026-08-10T08:08:14.415Z
(3xL3(4).2_2).2,241920,false,0,true,2026-08-10T07:05:43.008Z,1.12.6,1.9.0-DEV,428070c0f9ad,4.16.0,1.3.11,ctbllib-fs2-q5-findall,2397,120,2026-08-10T08:08:15.632Z
(3xM10):2,4320,false,0,true,2026-08-10T07:05:43.008Z,1.12.6,1.9.0-DEV,428070c0f9ad,4.16.0,1.3.11,ctbllib-fs2-q5-findall,2397,121,2026-08-10T08:08:15.802Z
(3xMcLN2).2,768,true,0,true,2026-08-10T07:05:43.008Z,1.12.6,1.9.0-DEV,428070c0f9ad,4.16.0,1.3.11,ctbllib-fs2-q5-findall,2397,122,2026-08-10T08:08:17.47Z
(3xO8+(2)):2,1045094400,false,0,true,2026-08-10T07:05:43.008Z,1.12.6,1.9.0-DEV,428070c0f9ad,4.16.0,1.3.11,ctbllib-fs2-q5-findall,2397,123,2026-08-10T08:08:28.986Z
(3xO8+(3):3):2,89139236659200,false,0,true,2026-08-10T07:05:43.008Z,1.12.6,1.9.0-DEV,428070c0f9ad,4.16.0,1.3.11,ctbllib-fs2-q5-findall,2397,124,2026-08-10T08:09:06.676Z
(3xO8-(2)):2,1184440320,false,0,true,2026-08-10T07:05:43.008Z,1.12.6,1.9.0-DEV,428070c0f9ad,4.16.0,1.3.11,ctbllib-fs2-q5-findall,2397,125,2026-08-10T08:09:25.433Z
(3xONN2).2,3072,true,0,true,2026-08-10T07:05:43.008Z,1.12.6,1.9.0-DEV,428070c0f9ad,4.16.0,1.3.11,ctbllib-fs2-q5-findall,2397,126,2026-08-10T08:09:28.214Z
"(3xSL(2,3)):2",144,true,0,true,2026-08-10T07:05:43.008Z,1.12.6,1.9.0-DEV,428070c0f9ad,4.16.0,1.3.11,ctbllib-fs2-q5-findall,2397,127,2026-08-10T08:09:28.559Z
(3xU4(2)):2,155520,false,0,true,2026-08-10T07:05:43.008Z,1.12.6,1.9.0-DEV,428070c0f9ad,4.16.0,1.3.11,ctbllib-fs2-q5-findall,2397,128,2026-08-10T08:09:30.828Z
(3xU5(2)).2,82114560,false,0,true,2026-08-10T07:05:43.008Z,1.12.6,1.9.0-DEV,428070c0f9ad,4.16.0,1.3.11,ctbllib-fs2-q5-findall,2397,129,2026-08-10T08:09:37.463Z
(4^2x2)(2xS4),1536,true,0,true,2026-08-10T07:05:43.008Z,1.12.6,1.9.0-DEV,428070c0f9ad,4.16.0,1.3.11,ctbllib-fs2-q5-findall,2397,130,2026-08-10T08:09:37.979Z
(4^2x2).2^3.S3,1536,true,0,true,2026-08-10T07:05:43.008Z,1.12.6,1.9.0-DEV,428070c0f9ad,4.16.0,1.3.11,ctbllib-fs2-q5-findall,2397,131,2026-08-10T08:09:39.221Z
(4^2x2)S4,768,true,0,true,2026-08-10T07:05:43.008Z,1.12.6,1.9.0-DEV,428070c0f9ad,4.16.0,1.3.11,ctbllib-fs2-q5-findall,2397,132,2026-08-10T08:09:39.381Z
(4^2x3).L3(4),967680,false,0,true,2026-08-10T07:05:43.008Z,1.12.6,1.9.0-DEV,428070c0f9ad,4.16.0,1.3.11,ctbllib-fs2-q5-findall,2397,133,2026-08-10T08:11:00.352Z
(4^2x3):S3,288,true,0,true,2026-08-10T07:05:43.008Z,1.12.6,1.9.0-DEV,428070c0f9ad,4.16.0,1.3.11,ctbllib-fs2-q5-findall,2397,134,2026-08-10T08:11:00.693Z
(4x2^2).2^4.S3,1536,true,0,true,2026-08-10T07:05:43.008Z,1.12.6,1.9.0-DEV,428070c0f9ad,4.16.0,1.3.11,ctbllib-fs2-q5-findall,2397,135,2026-08-10T08:11:01.143Z
(4xA6).2^2,5760,false,0,true,2026-08-10T07:05:43.008Z,1.12.6,1.9.0-DEV,428070c0f9ad,4.16.0,1.3.11,ctbllib-fs2-q5-findall,2397,136,2026-08-10T08:11:02.635Z
(4xA6).2_3,2880,false,0,true,2026-08-10T07:05:43.008Z,1.12.6,1.9.0-DEV,428070c0f9ad,4.16.0,1.3.11,ctbllib-fs2-q5-findall,2397,137,2026-08-10T08:11:03.392Z
(4xA6):2,2880,false,0,true,2026-08-10T07:05:43.008Z,1.12.6,1.9.0-DEV,428070c0f9ad,4.16.0,1.3.11,ctbllib-fs2-q5-findall,2397,138,2026-08-10T08:11:04.115Z
(5^2:4S4x2.A5):2,576000,false,0,true,2026-08-10T07:05:43.008Z,1.12.6,1.9.0-DEV,428070c0f9ad,4.16.0,1.3.11,ctbllib-fs2-q5-findall,2397,139,2026-08-10T08:11:23.153Z
(5^2:[2^4]xU3(5)).S3,302400000,false,0,true,2026-08-10T07:05:43.008Z,1.12.6,1.9.0-DEV,428070c0f9ad,4.16.0,1.3.11,ctbllib-fs2-q5-findall,2397,140,2026-08-10T08:11:44.292Z
(7:3x2.A7):2,211680,false,0,true,2026-08-10T07:05:43.008Z,1.12.6,1.9.0-DEV,428070c0f9ad,4.16.0,1.3.11,ctbllib-fs2-q5-findall,2397,141,2026-08-10T08:11:51.084Z
(7:3x2.L3(4).2).2,3386880,false,0,true,2026-08-10T07:05:43.008Z,1.12.6,1.9.0-DEV,428070c0f9ad,4.16.0,1.3.11,ctbllib-fs2-q5-findall,2397,142,2026-08-10T08:12:08.976Z
(7:3x3):2,126,true,0,true,2026-08-10T07:05:43.008Z,1.12.6,1.9.0-DEV,428070c0f9ad,4.16.0,1.3.11,ctbllib-fs2-q5-findall,2397,143,2026-08-10T08:12:09.217Z
(7:3x3):4,252,true,0,true,2026-08-10T07:05:43.008Z,1.12.6,1.9.0-DEV,428070c0f9ad,4.16.0,1.3.11,ctbllib-fs2-q5-findall,2397,144,2026-08-10T08:12:10.542Z
(7:3xA5):2,2520,false,0,true,2026-08-10T07:05:43.008Z,1.12.6,1.9.0-DEV,428070c0f9ad,4.16.0,1.3.11,ctbllib-fs2-q5-findall,2397,145,2026-08-10T08:12:11.301Z
(7:3xA7):2,105840,false,0,true,2026-08-10T07:05:43.008Z,1.12.6,1.9.0-DEV,428070c0f9ad,4.16.0,1.3.11,ctbllib-fs2-q5-findall,2397,146,2026-08-10T08:12:14.14Z
(7:3xHe):2,169276262400,false,0,true,2026-08-10T07:05:43.008Z,1.12.6,1.9.0-DEV,428070c0f9ad,4.16.0,1.3.11,ctbllib-fs2-q5-findall,2397,147,2026-08-10T08:14:01.774Z
(7:3xL2(7)):2,7056,false,0,true,2026-08-10T07:05:43.008Z,1.12.6,1.9.0-DEV,428070c0f9ad,4.16.0,1.3.11,ctbllib-fs2-q5-findall,2397,148,2026-08-10T08:14:02.918Z
(7^2:(3x2A4)xL2(7)).2,1185408,false,0,true,2026-08-10T07:05:43.008Z,1.12.6,1.9.0-DEV,428070c0f9ad,4.16.0,1.3.11,ctbllib-fs2-q5-findall,2397,149,2026-08-10T08:14:21.187Z
(7xL2(7)):2,2352,false,0,true,2026-08-10T07:05:43.008Z,1.12.6,1.9.0-DEV,428070c0f9ad,4.16.0,1.3.11,ctbllib-fs2-q5-findall,2397,150,2026-08-10T08:14:22.164Z
(7xL2(8)).3,10584,false,0,true,2026-08-10T07:05:43.008Z,1.12.6,1.9.0-DEV,428070c0f9ad,4.16.0,1.3.11,ctbllib-fs2-q5-findall,2397,151,2026-08-10T08:14:36.26Z
(9x3).S3,162,true,0,true,2026-08-10T07:05:43.008Z,1.12.6,1.9.0-DEV,428070c0f9ad,4.16.0,1.3.11,ctbllib-fs2-q5-findall,2397,152,2026-08-10T08:14:36.505Z
(A10x3):2,10886400,false,0,true,2026-08-10T07:05:43.008Z,1.12.6,1.9.0-DEV,428070c0f9ad,4.16.0,1.3.11,ctbllib-fs2-q5-findall,2397,153,2026-08-10T08:14:39.304Z
(A4wr2^2):2,165888,true,0,true,2026-08-10T07:05:43.008Z,1.12.6,1.9.0-DEV,428070c0f9ad,4.16.0,1.3.11,ctbllib-fs2-q5-findall,2397,154,2026-08-10T08:14:46.704Z
(A4x11:5).2,1320,true,0,true,2026-08-10T07:05:43.008Z,1.12.6,1.9.0-DEV,428070c0f9ad,4.16.0,1.3.11,ctbllib-fs2-q5-findall,2397,155,2026-08-10T08:14:47.759Z
(A4x2(A4xA4).2).2,13824,true,0,true,2026-08-10T07:05:43.008Z,1.12.6,1.9.0-DEV,428070c0f9ad,4.16.0,1.3.11,ctbllib-fs2-q5-findall,2397,156,2026-08-10T08:14:51.449Z
(A4x3):2,72,true,0,true,2026-08-10T07:05:43.008Z,1.12.6,1.9.0-DEV,428070c0f9ad,4.16.0,1.3.11,ctbllib-fs2-q5-findall,2397,157,2026-08-10T08:14:51.494Z
(A4x3.L3(4)).2,1451520,false,0,true,2026-08-10T07:05:43.008Z,1.12.6,1.9.0-DEV,428070c0f9ad,4.16.0,1.3.11,ctbllib-fs2-q5-findall,2397,158,2026-08-10T08:15:03.597Z
(A4x3.L3(4).2_3).2,2903040,false,0,true,2026-08-10T07:05:43.008Z,1.12.6,1.9.0-DEV,428070c0f9ad,4.16.0,1.3.11,ctbllib-fs2-q5-findall,2397,159,2026-08-10T08:15:09.764Z
(A4x7:3):2,504,true,0,true,2026-08-10T07:05:43.008Z,1.12.6,1.9.0-DEV,428070c0f9ad,4.16.0,1.3.11,ctbllib-fs2-q5-findall,2397,160,2026-08-10T08:15:10.403Z
(A4xA5):2,1440,false,0,true,2026-08-10T07:05:43.008Z,1.12.6,1.9.0-DEV,428070c0f9ad,4.16.0,1.3.11,ctbllib-fs2-q5-findall,2397,161,2026-08-10T08:15:11.27Z
(A4xD10).2,240,true,0,true,2026-08-10T07:05:43.008Z,1.12.6,1.9.0-DEV,428070c0f9ad,4.16.0,1.3.11,ctbllib-fs2-q5-findall,2397,162,2026-08-10T08:15:11.512Z
(A4xG2(4)):2,6038323200,false,0,true,2026-08-10T07:05:43.008Z,1.12.6,1.9.0-DEV,428070c0f9ad,4.16.0,1.3.11,ctbllib-fs2-q5-findall,2397,163,2026-08-10T08:15:21.682Z
(A4xL3(4):2_3):2,967680,false,0,true,2026-08-10T07:05:43.008Z,1.12.6,1.9.0-DEV,428070c0f9ad,4.16.0,1.3.11,ctbllib-fs2-q5-findall,2397,164,2026-08-10T08:15:24.844Z
(A4xO8+(2).3).2,12541132800,false,0,true,2026-08-10T07:05:43.008Z,1.12.6,1.9.0-DEV,428070c0f9ad,4.16.0,1.3.11,ctbllib-fs2-q5-findall,2397,165,2026-08-10T08:15:50.817Z
(A4xU4(2)):2,622080,false,0,true,2026-08-10T07:05:43.008Z,1.12.6,1.9.0-DEV,428070c0f9ad,4.16.0,1.3.11,ctbllib-fs2-q5-findall,2397,166,2026-08-10T08:15:55.61Z
(A5x3):2,360,false,0,true,2026-08-10T07:05:43.008Z,1.12.6,1.9.0-DEV,428070c0f9ad,4.16.0,1.3.11,ctbllib-fs2-q5-findall,2397,167,2026-08-10T08:15:55.691Z
(A5xA12):2,28740096000,false,0,true,2026-08-10T07:05:43.008Z,1.12.6,1.9.0-DEV,428070c0f9ad,4.16.0,1.3.11,ctbllib-fs2-q5-findall,2397,168,2026-08-10T08:16:55.961Z
(A5xA5).(2x4),28800,false,0,true,2026-08-10T07:05:43.008Z,1.12.6,1.9.0-DEV,428070c0f9ad,4.16.0,1.3.11,ctbllib-fs2-q5-findall,2397,169,2026-08-10T08:16:57.057Z
(A5xA5):2,7200,false,0,true,2026-08-10T07:05:43.008Z,1.12.6,1.9.0-DEV,428070c0f9ad,4.16.0,1.3.11,ctbllib-fs2-q5-findall,2397,170,2026-08-10T08:16:57.999Z
(A5xA5):2^2,14400,false,0,true,2026-08-10T07:05:43.008Z,1.12.6,1.9.0-DEV,428070c0f9ad,4.16.0,1.3.11,ctbllib-fs2-q5-findall,2397,171,2026-08-10T08:16:58.256Z
(A5xA5):4,14400,false,0,true,2026-08-10T07:05:43.008Z,1.12.6,1.9.0-DEV,428070c0f9ad,4.16.0,1.3.11,ctbllib-fs2-q5-findall,2397,172,2026-08-10T08:16:58.512Z
(A5xA9):2,21772800,false,0,true,2026-08-10T07:05:43.008Z,1.12.6,1.9.0-DEV,428070c0f9ad,4.16.0,1.3.11,ctbllib-fs2-q5-findall,2397,173,2026-08-10T08:17:08.654Z
(A5xD10).2,1200,false,0,true,2026-08-10T07:05:43.008Z,1.12.6,1.9.0-DEV,428070c0f9ad,4.16.0,1.3.11,ctbllib-fs2-q5-findall,2397,174,2026-08-10T08:17:08.931Z
(A5xJ2):2,72576000,false,0,true,2026-08-10T07:05:43.008Z,1.12.6,1.9.0-DEV,428070c0f9ad,4.16.0,1.3.11,ctbllib-fs2-q5-findall,2397,175,2026-08-10T08:17:16.163Z
(A5xU3(8):3):2,1985679360,false,0,true,2026-08-10T07:05:43.008Z,1.12.6,1.9.0-DEV,428070c0f9ad,4.16.0,1.3.11,ctbllib-fs2-q5-findall,2397,176,2026-08-10T08:17:32.64Z
(A5xU4(2)):2,3110400,false,0,true,2026-08-10T07:05:43.008Z,1.12.6,1.9.0-DEV,428070c0f9ad,4.16.0,1.3.11,ctbllib-fs2-q5-findall,2397,177,2026-08-10T08:17:38.488Z
(A6:2_2xA5).2,86400,false,0,true,2026-08-10T07:05:43.008Z,1.12.6,1.9.0-DEV,428070c0f9ad,4.16.0,1.3.11,ctbllib-fs2-q5-findall,2397,178,2026-08-10T08:17:41.02Z
(A6x2.A5).2,86400,false,0,true,2026-08-10T07:05:43.008Z,1.12.6,1.9.0-DEV,428070c0f9ad,4.16.0,1.3.11,ctbllib-fs2-q5-findall,2397,179,2026-08-10T08:17:42.481Z
(A6xA4).2,8640,false,0,true,2026-08-10T07:05:43.008Z,1.12.6,1.9.0-DEV,428070c0f9ad,4.16.0,1.3.11,ctbllib-fs2-q5-findall,2397,180,2026-08-10T08:17:43.51Z
(A6xA5):2,43200,false,0,true,2026-08-10T07:05:43.008Z,1.12.6,1.9.0-DEV,428070c0f9ad,4.16.0,1.3.11,ctbllib-fs2-q5-findall,2397,181,2026-08-10T08:17:44.081Z
(A6xA6).D8,1036800,false,0,true,2026-08-10T07:05:43.008Z,1.12.6,1.9.0-DEV,428070c0f9ad,4.16.0,1.3.11,ctbllib-fs2-q5-findall,2397,182,2026-08-10T08:17:46.084Z
(A6xA6):2^2,518400,false,0,true,2026-08-10T07:05:43.008Z,1.12.6,1.9.0-DEV,428070c0f9ad,4.16.0,1.3.11,ctbllib-fs2-q5-findall,2397,183,2026-08-10T08:17:47.67Z
(A6xA6xA6).(2xS4),2239488000,false,0,true,2026-08-10T07:05:43.008Z,1.12.6,1.9.0-DEV,428070c0f9ad,4.16.0,1.3.11,ctbllib-fs2-q5-findall,2397,184,2026-08-10T08:18:10.037Z
(A6xU3(3)):2,4354560,false,0,true,2026-08-10T07:05:43.008Z,1.12.6,1.9.0-DEV,428070c0f9ad,4.16.0,1.3.11,ctbllib-fs2-q5-findall,2397,185,2026-08-10T08:18:16.75Z
(A7x(A5xA5):2^2):2,72576000,false,0,true,2026-08-10T07:05:43.008Z,1.12.6,1.9.0-DEV,428070c0f9ad,4.16.0,1.3.11,ctbllib-fs2-q5-findall,2397,186,2026-08-10T08:19:13.542Z
(A7x3).2,15120,false,0,true,2026-08-10T07:05:43.008Z,1.12.6,1.9.0-DEV,428070c0f9ad,4.16.0,1.3.11,ctbllib-fs2-q5-findall,2397,187,2026-08-10T08:19:14.009Z
(A7xA4):2,60480,false,0,true,2026-08-10T07:05:43.008Z,1.12.6,1.9.0-DEV,428070c0f9ad,4.16.0,1.3.11,ctbllib-fs2-q5-findall,2397,188,2026-08-10T08:19:15.477Z
(A7xA5):2,302400,false,0,true,2026-08-10T07:05:43.008Z,1.12.6,1.9.0-DEV,428070c0f9ad,4.16.0,1.3.11,ctbllib-fs2-q5-findall,2397,189,2026-08-10T08:19:17.421Z
(A7xA6):2,1814400,false,0,true,2026-08-10T07:05:43.008Z,1.12.6,1.9.0-DEV,428070c0f9ad,4.16.0,1.3.11,ctbllib-fs2-q5-findall,2397,190,2026-08-10T08:19:24.852Z
(A7xL2(7)):2,846720,false,0,true,2026-08-10T07:05:43.008Z,1.12.6,1.9.0-DEV,428070c0f9ad,4.16.0,1.3.11,ctbllib-fs2-q5-findall,2397,191,2026-08-10T08:19:27.188Z
(A8x3).2,120960,false,0,true,2026-08-10T07:05:43.008Z,1.12.6,1.9.0-DEV,428070c0f9ad,4.16.0,1.3.11,ctbllib-fs2-q5-findall,2397,192,2026-08-10T08:19:27.883Z
(A8xA4):2,483840,false,0,true,2026-08-10T07:05:43.008Z,1.12.6,1.9.0-DEV,428070c0f9ad,4.16.0,1.3.11,ctbllib-fs2-q5-findall,2397,193,2026-08-10T08:19:31.646Z
(A8xA5):2,2419200,false,0,true,2026-08-10T07:05:43.008Z,1.12.6,1.9.0-DEV,428070c0f9ad,4.16.0,1.3.11,ctbllib-fs2-q5-findall,2397,194,2026-08-10T08:19:35.671Z
(A9x3):2,1088640,false,0,true,2026-08-10T07:05:43.008Z,1.12.6,1.9.0-DEV,428070c0f9ad,4.16.0,1.3.11,ctbllib-fs2-q5-findall,2397,195,2026-08-10T08:19:38.186Z
(A9xA4):2,4354560,false,0,true,2026-08-10T07:05:43.008Z,1.12.6,1.9.0-DEV,428070c0f9ad,4.16.0,1.3.11,ctbllib-fs2-q5-findall,2397,196,2026-08-10T08:19:41.949Z
(D10x(A5xA5).2).2,144000,false,0,true,2026-08-10T07:05:43.008Z,1.12.6,1.9.0-DEV,428070c0f9ad,4.16.0,1.3.11,ctbllib-fs2-q5-findall,2397,197,2026-08-10T08:19:46.0Z
(D10x2.(A5xA5).2).2,288000,false,0,true,2026-08-10T07:05:43.008Z,1.12.6,1.9.0-DEV,428070c0f9ad,4.16.0,1.3.11,ctbllib-fs2-q5-findall,2397,198,2026-08-10T08:19:54.912Z
(D10x2^3.L3(2)).2,26880,false,0,true,2026-08-10T07:05:43.008Z,1.12.6,1.9.0-DEV,428070c0f9ad,4.16.0,1.3.11,ctbllib-fs2-q5-findall,2397,199,2026-08-10T08:19:59.017Z
(D10x3.A6).2_3,21600,false,0,true,2026-08-10T07:05:43.008Z,1.12.6,1.9.0-DEV,428070c0f9ad,4.16.0,1.3.11,ctbllib-fs2-q5-findall,2397,200,2026-08-10T08:20:02.646Z
(D10xA6).2,7200,false,0,true,2026-08-10T07:05:43.008Z,1.12.6,1.9.0-DEV,428070c0f9ad,4.16.0,1.3.11,ctbllib-fs2-q5-findall,2397,201,2026-08-10T08:20:04.384Z
(D10xA9).2,3628800,false,0,true,2026-08-10T07:05:43.008Z,1.12.6,1.9.0-DEV,428070c0f9ad,4.16.0,1.3.11,ctbllib-fs2-q5-findall,2397,202,2026-08-10T08:20:08.124Z
(D10xD10).2^2,400,true,0,true,2026-08-10T07:05:43.008Z,1.12.6,1.9.0-DEV,428070c0f9ad,4.16.0,1.3.11,ctbllib-fs2-q5-findall,2397,203,2026-08-10T08:20:08.481Z
(D10xHN).2,5460618240000000,false,0,true,2026-08-10T07:05:43.008Z,1.12.6,1.9.0-DEV,428070c0f9ad,4.16.0,1.3.11,ctbllib-fs2-q5-findall,2397,204,2026-08-10T08:20:38.08Z
(D10xJ2).2,12096000,false,0,true,2026-08-10T07:05:43.008Z,1.12.6,1.9.0-DEV,428070c0f9ad,4.16.0,1.3.11,ctbllib-fs2-q5-findall,2397,205,2026-08-10T08:20:42.145Z
(D10xU3(5)).2,2520000,false,0,true,2026-08-10T07:05:43.008Z,1.12.6,1.9.0-DEV,428070c0f9ad,4.16.0,1.3.11,ctbllib-fs2-q5-findall,2397,206,2026-08-10T08:20:44.181Z
(D10xU3(5)N2).2,320,true,0,true,2026-08-10T07:05:43.008Z,1.12.6,1.9.0-DEV,428070c0f9ad,4.16.0,1.3.11,ctbllib-fs2-q5-findall,2397,207,2026-08-10T08:20:45.298Z
(D8xA6).2^2,11520,false,0,true,2026-08-10T07:05:43.008Z,1.12.6,1.9.0-DEV,428070c0f9ad,4.16.0,1.3.11,ctbllib-fs2-q5-findall,2397,208,2026-08-10T08:20:47.658Z
"(GL(2,3)x2F4(2)').2",1725235200,false,0,true,2026-08-10T07:05:43.008Z,1.12.6,1.9.0-DEV,428070c0f9ad,4.16.0,1.3.11,ctbllib-fs2-q5-findall,2397,209,2026-08-10T08:21:12.764Z
(L2(11)x3).2,3960,false,0,true,2026-08-10T07:05:43.008Z,1.12.6,1.9.0-DEV,428070c0f9ad,4.16.0,1.3.11,ctbllib-fs2-q5-findall,2397,210,2026-08-10T08:21:14.237Z
(L2(11)xL2(11)):4,1742400,false,0,true,2026-08-10T07:05:43.008Z,1.12.6,1.9.0-DEV,428070c0f9ad,4.16.0,1.3.11,ctbllib-fs2-q5-findall,2397,211,2026-08-10T08:21:16.015Z
(L2(11)xM12):2,125452800,false,0,true,2026-08-10T07:05:43.008Z,1.12.6,1.9.0-DEV,428070c0f9ad,4.16.0,1.3.11,ctbllib-fs2-q5-findall,2397,212,2026-08-10T08:21:27.63Z
(L3(2)xL3(2)).4,112896,false,0,true,2026-08-10T07:05:43.008Z,1.12.6,1.9.0-DEV,428070c0f9ad,4.16.0,1.3.11,ctbllib-fs2-q5-findall,2397,213,2026-08-10T08:21:28.063Z
(L3(2)xL3(2)):2,56448,false,0,true,2026-08-10T07:05:43.008Z,1.12.6,1.9.0-DEV,428070c0f9ad,4.16.0,1.3.11,ctbllib-fs2-q5-findall,2397,214,2026-08-10T08:21:29.507Z
(L3(2)xL3(4)).2,6773760,false,0,true,2026-08-10T07:05:43.008Z,1.12.6,1.9.0-DEV,428070c0f9ad,4.16.0,1.3.11,ctbllib-fs2-q5-findall,2397,215,2026-08-10T08:21:31.703Z
(L3(2)xL3(4).2_2).2,13547520,false,0,true,2026-08-10T07:05:43.008Z,1.12.6,1.9.0-DEV,428070c0f9ad,4.16.0,1.3.11,ctbllib-fs2-q5-findall,2397,216,2026-08-10T08:21:37.936Z
(L3(2)xS4(4):2).2,658022400,false,0,true,2026-08-10T07:05:43.008Z,1.12.6,1.9.0-DEV,428070c0f9ad,4.16.0,1.3.11,ctbllib-fs2-q5-findall,2397,217,2026-08-10T08:23:04.827Z
(Q16xU3(3)).2,193536,false,0,true,2026-08-10T07:05:43.008Z,1.12.6,1.9.0-DEV,428070c0f9ad,4.16.0,1.3.11,ctbllib-fs2-q5-findall,2397,218,2026-08-10T08:23:12.507Z
(Q8x13:4):3,1248,true,0,true,2026-08-10T07:05:43.008Z,1.12.6,1.9.0-DEV,428070c0f9ad,4.16.0,1.3.11,ctbllib-fs2-q5-findall,2397,219,2026-08-10T08:23:14.145Z
(Q8xD14):3,336,true,0,true,2026-08-10T07:05:43.008Z,1.12.6,1.9.0-DEV,428070c0f9ad,4.16.0,1.3.11,ctbllib-fs2-q5-findall,2397,220,2026-08-10T08:23:14.596Z
(QD16x2F4(2)').2,575078400,false,0,true,2026-08-10T07:05:43.008Z,1.12.6,1.9.0-DEV,428070c0f9ad,4.16.0,1.3.11,ctbllib-fs2-q5-findall,2397,221,2026-08-10T08:23:34.978Z
(S3x2.Fi22).2,1549482039705600,false,0,true,2026-08-10T07:05:43.008Z,1.12.6,1.9.0-DEV,428070c0f9ad,4.16.0,1.3.11,ctbllib-fs2-q5-findall,2397,222,2026-08-10T08:26:03.952Z
(S3x2.U4(3).2_2).2,156764160,false,0,true,2026-08-10T07:05:43.008Z,1.12.6,1.9.0-DEV,428070c0f9ad,4.16.0,1.3.11,ctbllib-fs2-q5-findall,2397,223,2026-08-10T08:26:48.518Z
(S3xS3):2xS5,8640,false,0,true,2026-08-10T07:05:43.008Z,1.12.6,1.9.0-DEV,428070c0f9ad,4.16.0,1.3.11,ctbllib-fs2-q5-findall,2397,224,2026-08-10T08:26:51.373Z
(S3xS3xA5):2,4320,false,0,true,2026-08-10T07:05:43.008Z,1.12.6,1.9.0-DEV,428070c0f9ad,4.16.0,1.3.11,ctbllib-fs2-q5-findall,2397,225,2026-08-10T08:26:51.806Z
(S3xS3xG2(3)):2,305690112,false,0,true,2026-08-10T07:05:43.008Z,1.12.6,1.9.0-DEV,428070c0f9ad,4.16.0,1.3.11,ctbllib-fs2-q5-findall,2397,226,2026-08-10T08:27:11.568Z
(S5xS5xS5):S3,10368000,false,0,true,2026-08-10T07:05:43.008Z,1.12.6,1.9.0-DEV,428070c0f9ad,4.16.0,1.3.11,ctbllib-fs2-q5-findall,2397,227,2026-08-10T08:27:26.744Z
(S6wr2).2,2073600,false,0,true,2026-08-10T07:05:43.008Z,1.12.6,1.9.0-DEV,428070c0f9ad,4.16.0,1.3.11,ctbllib-fs2-q5-findall,2397,228,2026-08-10T08:27:30.244Z
(S6xL3(4).2).2,58060800,false,0,true,2026-08-10T07:05:43.008Z,1.12.6,1.9.0-DEV,428070c0f9ad,4.16.0,1.3.11,ctbllib-fs2-q5-findall,2397,229,2026-08-10T08:27:48.773Z
(S6xS6).2^2,2073600,false,0,true,2026-08-10T07:05:43.008Z,1.12.6,1.9.0-DEV,428070c0f9ad,4.16.0,1.3.11,ctbllib-fs2-q5-findall,2397,230,2026-08-10T08:27:52.159Z
(S6xS6).4,2073600,false,0,true,2026-08-10T07:05:43.008Z,1.12.6,1.9.0-DEV,428070c0f9ad,4.16.0,1.3.11,ctbllib-fs2-q5-findall,2397,231,2026-08-10T08:27:56.526Z
(S6xS6):2,1036800,false,0,true,2026-08-10T07:05:43.008Z,1.12.6,1.9.0-DEV,428070c0f9ad,4.16.0,1.3.11,ctbllib-fs2-q5-findall,2397,232,2026-08-10T08:28:00.342Z
"(SL(2,3)x7:3).2",1008,true,0,true,2026-08-10T07:05:43.008Z,1.12.6,1.9.0-DEV,428070c0f9ad,4.16.0,1.3.11,ctbllib-fs2-q5-findall,2397,233,2026-08-10T08:28:01.373Z
(SL2(3)x7:3).2,1008,true,0,true,2026-08-10T07:05:43.008Z,1.12.6,1.9.0-DEV,428070c0f9ad,4.16.0,1.3.11,ctbllib-fs2-q5-findall,2397,234,2026-08-10T08:28:03.809Z
"(a4xpsl(3,4)):2",483840,false,0,true,2026-08-10T07:05:43.008Z,1.12.6,1.9.0-DEV,428070c0f9ad,4.16.0,1.3.11,ctbllib-fs2-q5-findall,2397,235,2026-08-10T08:28:05.124Z
(a6xa5).2,43200,false,0,true,2026-08-10T07:05:43.008Z,1.12.6,1.9.0-DEV,428070c0f9ad,4.16.0,1.3.11,ctbllib-fs2-q5-findall,2397,236,2026-08-10T08:28:05.436Z
1/2(8xS3),24,true,0,true,2026-08-10T07:05:43.008Z,1.12.6,1.9.0-DEV,428070c0f9ad,4.16.0,1.3.11,ctbllib-fs2-q5-findall,2397,237,2026-08-10T08:28:05.635Z
109:54,5886,true,0,true,2026-08-10T07:05:43.008Z,1.12.6,1.9.0-DEV,428070c0f9ad,4.16.0,1.3.11,ctbllib-fs2-q5-findall,2397,238,2026-08-10T08:29:42.169Z
10^2:S3,600,true,0,true,2026-08-10T07:05:43.008Z,1.12.6,1.9.0-DEV,428070c0f9ad,4.16.0,1.3.11,ctbllib-fs2-q5-findall,2397,239,2026-08-10T08:29:42.73Z
11+^(1+2):(5x2S4),319440,true,0,true,2026-08-10T07:05:43.008Z,1.12.6,1.9.0-DEV,428070c0f9ad,4.16.0,1.3.11,ctbllib-fs2-q5-findall,2397,240,2026-08-10T08:29:44.983Z
113:56,6328,true,0,true,2026-08-10T07:05:43.008Z,1.12.6,1.9.0-DEV,428070c0f9ad,4.16.0,1.3.11,ctbllib-fs2-q5-findall,2397,241,2026-08-10T08:31:35.211Z
11:10,110,true,0,true,2026-08-10T07:05:43.008Z,1.12.6,1.9.0-DEV,428070c0f9ad,4.16.0,1.3.11,ctbllib-fs2-q5-findall,2397,242,2026-08-10T08:31:35.297Z
11:10xS3,660,true,0,true,2026-08-10T07:05:43.008Z,1.12.6,1.9.0-DEV,428070c0f9ad,4.16.0,1.3.11,ctbllib-fs2-q5-findall,2397,243,2026-08-10T08:31:36.128Z
11:20,220,true,0,true,2026-08-10T07:05:43.008Z,1.12.6,1.9.0-DEV,428070c0f9ad,4.16.0,1.3.11,ctbllib-fs2-q5-findall,2397,244,2026-08-10T08:31:36.717Z
11:5,55,true,0,true,2026-08-10T07:05:43.008Z,1.12.6,1.9.0-DEV,428070c0f9ad,4.16.0,1.3.11,ctbllib-fs2-q5-findall,2397,245,2026-08-10T08:31:36.861Z
11:5xS3,330,true,0,true,2026-08-10T07:05:43.008Z,1.12.6,1.9.0-DEV,428070c0f9ad,4.16.0,1.3.11,ctbllib-fs2-q5-findall,2397,246,2026-08-10T08:31:37.853Z
11^(1+2)+:40,53240,true,0,true,2026-08-10T07:05:43.008Z,1.12.6,1.9.0-DEV,428070c0f9ad,4.16.0,1.3.11,ctbllib-fs2-q5-findall,2397,247,2026-08-10T08:31:41.038Z
11^2:(5x2.A5),72600,false,0,true,2026-08-10T07:05:43.008Z,1.12.6,1.9.0-DEV,428070c0f9ad,4.16.0,1.3.11,ctbllib-fs2-q5-findall,2397,248,2026-08-10T08:31:41.992Z
11^2:(5x2L2(11).2),1597200,false,0,true,2026-08-10T07:05:43.008Z,1.12.6,1.9.0-DEV,428070c0f9ad,4.16.0,1.3.11,ctbllib-fs2-q5-findall,2397,249,2026-08-10T08:31:50.613Z
11^2:60,7260,true,0,true,2026-08-10T07:05:43.008Z,1.12.6,1.9.0-DEV,428070c0f9ad,4.16.0,1.3.11,ctbllib-fs2-q5-findall,2397,250,2026-08-10T08:31:54.26Z
12.A6.2_3,8640,false,0,true,2026-08-10T07:05:43.008Z,1.12.6,1.9.0-DEV,428070c0f9ad,4.16.0,1.3.11,ctbllib-fs2-q5-findall,2397,251,2026-08-10T08:31:58.488Z
12.M22,5322240,false,0,true,2026-08-10T07:05:43.008Z,1.12.6,1.9.0-DEV,428070c0f9ad,4.16.0,1.3.11,ctbllib-fs2-q5-findall,2397,252,2026-08-10T08:32:16.281Z
12.M22.2,10644480,false,0,true,2026-08-10T07:05:43.008Z,1.12.6,1.9.0-DEV,428070c0f9ad,4.16.0,1.3.11,ctbllib-fs2-q5-findall,2397,253,2026-08-10T08:32:22.181Z
12.M22M2,69120,false,0,true,2026-08-10T07:05:43.008Z,1.12.6,1.9.0-DEV,428070c0f9ad,4.16.0,1.3.11,ctbllib-fs2-q5-findall,2397,254,2026-08-10T08:32:27.02Z
12.M22M7,8640,false,0,true,2026-08-10T07:05:43.008Z,1.12.6,1.9.0-DEV,428070c0f9ad,4.16.0,1.3.11,ctbllib-fs2-q5-findall,2397,255,2026-08-10T08:32:40.927Z
12.M22N3,864,true,0,true,2026-08-10T07:05:43.008Z,1.12.6,1.9.0-DEV,428070c0f9ad,4.16.0,1.3.11,ctbllib-fs2-q5-findall,2397,256,2026-08-10T08:32:50.696Z
127:7,889,true,0,true,2026-08-10T07:05:43.008Z,1.12.6,1.9.0-DEV,428070c0f9ad,4.16.0,1.3.11,ctbllib-fs2-q5-findall,2397,257,2026-08-10T08:42:19.186Z
12_1.L3(4),241920,false,0,true,2026-08-10T07:05:43.008Z,1.12.6,1.9.0-DEV,428070c0f9ad,4.16.0,1.3.11,ctbllib-fs2-q5-findall,2397,258,2026-08-10T08:42:27.079Z
12_1.L3(4).2_1,483840,false,0,true,2026-08-10T07:05:43.008Z,1.12.6,1.9.0-DEV,428070c0f9ad,4.16.0,1.3.11,ctbllib-fs2-q5-findall,2397,259,2026-08-10T08:42:30.634Z
12_1.L3(4).2_2,483840,false,0,true,2026-08-10T07:05:43.008Z,1.12.6,1.9.0-DEV,428070c0f9ad,4.16.0,1.3.11,ctbllib-fs2-q5-findall,2397,260,2026-08-10T08:42:34.411Z
12_1.L3(4).2_3,483840,false,0,true,2026-08-10T07:05:43.008Z,1.12.6,1.9.0-DEV,428070c0f9ad,4.16.0,1.3.11,ctbllib-fs2-q5-findall,2397,261,2026-08-10T08:42:38.304Z
12_1.U4(3),39191040,false,0,true,2026-08-10T07:05:43.008Z,1.12.6,1.9.0-DEV,428070c0f9ad,4.16.0,1.3.11,ctbllib-fs2-q5-findall,2397,262,2026-08-10T08:43:02.561Z
12_1.U4(3).2_1,78382080,false,0,true,2026-08-10T07:05:43.008Z,1.12.6,1.9.0-DEV,428070c0f9ad,4.16.0,1.3.11,ctbllib-fs2-q5-findall,2397,263,2026-08-10T08:43:17.694Z
12_1.U4(3).2_2,78382080,false,0,true,2026-08-10T07:05:43.008Z,1.12.6,1.9.0-DEV,428070c0f9ad,4.16.0,1.3.11,ctbllib-fs2-q5-findall,2397,264,2026-08-10T08:43:52.671Z
12_1.U4(3).2_2',78382080,false,0,true,2026-08-10T07:05:43.008Z,1.12.6,1.9.0-DEV,428070c0f9ad,4.16.0,1.3.11,ctbllib-fs2-q5-findall,2397,265,2026-08-10T08:44:04.947Z
12_2.L3(4),241920,false,0,true,2026-08-10T07:05:43.008Z,1.12.6,1.9.0-DEV,428070c0f9ad,4.16.0,1.3.11,ctbllib-fs2-q5-findall,2397,266,2026-08-10T08:44:12.787Z
12_2.L3(4).2_1,483840,false,0,true,2026-08-10T07:05:43.008Z,1.12.6,1.9.0-DEV,428070c0f9ad,4.16.0,1.3.11,ctbllib-fs2-q5-findall,2397,267,2026-08-10T08:44:16.133Z
12_2.L3(4).2_2,483840,false,0,true,2026-08-10T07:05:43.008Z,1.12.6,1.9.0-DEV,428070c0f9ad,4.16.0,1.3.11,ctbllib-fs2-q5-findall,2397,268,2026-08-10T08:44:20.764Z
12_2.L3(4).2_3,483840,false,0,true,2026-08-10T07:05:43.008Z,1.12.6,1.9.0-DEV,428070c0f9ad,4.16.0,1.3.11,ctbllib-fs2-q5-findall,2397,269,2026-08-10T08:44:22.843Z
12_2.U4(3),39191040,false,0,true,2026-08-10T07:05:43.008Z,1.12.6,1.9.0-DEV,428070c0f9ad,4.16.0,1.3.11,ctbllib-fs2-q5-findall,2397,270,2026-08-10T08:44:40.952Z
12_2.U4(3).2_1,78382080,false,0,true,2026-08-10T07:05:43.008Z,1.12.6,1.9.0-DEV,428070c0f9ad,4.16.0,1.3.11,ctbllib-fs2-q5-findall,2397,271,2026-08-10T08:44:52.432Z
12_2.U4(3).2_3,78382080,false,0,true,2026-08-10T07:05:43.008Z,1.12.6,1.9.0-DEV,428070c0f9ad,4.16.0,1.3.11,ctbllib-fs2-q5-findall,2397,272,2026-08-10T08:45:05.733Z
12_2.U4(3).2_3',78382080,false,0,true,2026-08-10T07:05:43.008Z,1.12.6,1.9.0-DEV,428070c0f9ad,4.16.0,1.3.11,ctbllib-fs2-q5-findall,2397,273,2026-08-10T08:45:12.927Z
12x11:5,660,true,0,true,2026-08-10T07:05:43.008Z,1.12.6,1.9.0-DEV,428070c0f9ad,4.16.0,1.3.11,ctbllib-fs2-q5-findall,2397,274,2026-08-10T08:45:38.61Z
12x7:3,252,true,0,true,2026-08-10T07:05:43.008Z,1.12.6,1.9.0-DEV,428070c0f9ad,4.16.0,1.3.11,ctbllib-fs2-q5-findall,2397,275,2026-08-10T08:45:50.443Z
133:3,399,true,0,true,2026-08-10T07:05:43.008Z,1.12.6,1.9.0-DEV,428070c0f9ad,4.16.0,1.3.11,ctbllib-fs2-q5-findall,2397,276,2026-08-10T09:02:05.573Z
13:12,156,true,0,true,2026-08-10T07:05:43.008Z,1.12.6,1.9.0-DEV,428070c0f9ad,4.16.0,1.3.11,ctbllib-fs2-q5-findall,2397,277,2026-08-10T09:02:05.743Z
13:3,39,true,0,true,2026-08-10T07:05:43.008Z,1.12.6,1.9.0-DEV,428070c0f9ad,4.16.0,1.3.11,ctbllib-fs2-q5-findall,2397,278,2026-08-10T09:02:06.086Z
13:4,52,true,0,true,2026-08-10T07:05:43.008Z,1.12.6,1.9.0-DEV,428070c0f9ad,4.16.0,1.3.11,ctbllib-fs2-q5-findall,2397,279,2026-08-10T09:02:06.331Z
13:6,78,true,0,true,2026-08-10T07:05:43.008Z,1.12.6,1.9.0-DEV,428070c0f9ad,4.16.0,1.3.11,ctbllib-fs2-q5-findall,2397,280,2026-08-10T09:02:06.59Z
13^(1+2):(3x4S4),632736,true,0,true,2026-08-10T07:05:43.008Z,1.12.6,1.9.0-DEV,428070c0f9ad,4.16.0,1.3.11,ctbllib-fs2-q5-findall,2397,281,2026-08-10T09:02:13.561Z
13^1+2.2A4,52728,true,0,true,2026-08-10T07:05:43.008Z,1.12.6,1.9.0-DEV,428070c0f9ad,4.16.0,1.3.11,ctbllib-fs2-q5-findall,2397,282,2026-08-10T09:06:04.047Z
13^2:2.L2(13).4,1476384,false,0,true,2026-08-10T07:05:43.008Z,1.12.6,1.9.0-DEV,428070c0f9ad,4.16.0,1.3.11,ctbllib-fs2-q5-findall,2397,283,2026-08-10T09:06:06.527Z
17:16,272,true,0,true,2026-08-10T07:05:43.008Z,1.12.6,1.9.0-DEV,428070c0f9ad,4.16.0,1.3.11,ctbllib-fs2-q5-findall,2397,284,2026-08-10T09:06:06.79Z
17:8,136,true,0,true,2026-08-10T07:05:43.008Z,1.12.6,1.9.0-DEV,428070c0f9ad,4.16.0,1.3.11,ctbllib-fs2-q5-findall,2397,285,2026-08-10T09:06:07.12Z
19:18,342,true,0,true,2026-08-10T07:05:43.008Z,1.12.6,1.9.0-DEV,428070c0f9ad,4.16.0,1.3.11,ctbllib-fs2-q5-findall,2397,286,2026-08-10T09:06:07.411Z
19:3,57,true,0,true,2026-08-10T07:05:43.008Z,1.12.6,1.9.0-DEV,428070c0f9ad,4.16.0,1.3.11,ctbllib-fs2-q5-findall,2397,287,2026-08-10T09:06:08.713Z
19:6,114,true,0,true,2026-08-10T07:05:43.008Z,1.12.6,1.9.0-DEV,428070c0f9ad,4.16.0,1.3.11,ctbllib-fs2-q5-findall,2397,288,2026-08-10T09:06:09.191Z
19:9,171,true,0,true,2026-08-10T07:05:43.008Z,1.12.6,1.9.0-DEV,428070c0f9ad,4.16.0,1.3.11,ctbllib-fs2-q5-findall,2397,289,2026-08-10T09:06:09.743Z
2(A4xA4).2^2,1152,true,0,true,2026-08-10T07:05:43.008Z,1.12.6,1.9.0-DEV,428070c0f9ad,4.16.0,1.3.11,ctbllib-fs2-q5-findall,2397,290,2026-08-10T09:06:09.963Z
2(A4xA4).4.2,2304,true,0,true,2026-08-10T07:05:43.008Z,1.12.6,1.9.0-DEV,428070c0f9ad,4.16.0,1.3.11,ctbllib-fs2-q5-findall,2397,291,2026-08-10T09:06:10.415Z
2(A4xA4).4.2^2,4608,true,0,true,2026-08-10T07:05:43.008Z,1.12.6,1.9.0-DEV,428070c0f9ad,4.16.0,1.3.11,ctbllib-fs2-q5-findall,2397,292,2026-08-10T09:06:11.417Z
2(L2(11)x2).2,5280,false,0,true,2026-08-10T07:05:43.008Z,1.12.6,1.9.0-DEV,428070c0f9ad,4.16.0,1.3.11,ctbllib-fs2-q5-findall,2397,293,2026-08-10T09:06:12.41Z
2(L2(7)x4).2,2688,false,0,true,2026-08-10T07:05:43.008Z,1.12.6,1.9.0-DEV,428070c0f9ad,4.16.0,1.3.11,ctbllib-fs2-q5-findall,2397,294,2026-08-10T09:06:14.172Z
2(S4xS4),1152,true,0,true,2026-08-10T07:05:43.008Z,1.12.6,1.9.0-DEV,428070c0f9ad,4.16.0,1.3.11,ctbllib-fs2-q5-findall,2397,295,2026-08-10T09:06:15.409Z
2.(13:6xA4).2,3744,true,0,true,2026-08-10T07:05:43.008Z,1.12.6,1.9.0-DEV,428070c0f9ad,4.16.0,1.3.11,ctbllib-fs2-q5-findall,2397,296,2026-08-10T09:06:21.337Z
2.(2.(A4xA4).2),1152,true,0,true,2026-08-10T07:05:43.008Z,1.12.6,1.9.0-DEV,428070c0f9ad,4.16.0,1.3.11,ctbllib-fs2-q5-findall,2397,297,2026-08-10T09:06:22.487Z
2.(2.(A4xA4).2.2),2304,true,0,true,2026-08-10T07:05:43.008Z,1.12.6,1.9.0-DEV,428070c0f9ad,4.16.0,1.3.11,ctbllib-fs2-q5-findall,2397,298,2026-08-10T09:06:22.868Z
2.(2^2xSz(8)):3,698880,false,0,true,2026-08-10T07:05:43.008Z,1.12.6,1.9.0-DEV,428070c0f9ad,4.16.0,1.3.11,ctbllib-fs2-q5-findall,2397,299,2026-08-10T09:06:24.717Z
2.(2^2xU4(2)).2,414720,false,0,true,2026-08-10T07:05:43.008Z,1.12.6,1.9.0-DEV,428070c0f9ad,4.16.0,1.3.11,ctbllib-fs2-q5-findall,2397,300,2026-08-10T09:06:28.318Z
2.(2^4:A5),1920,false,0,true,2026-08-10T07:05:43.008Z,1.12.6,1.9.0-DEV,428070c0f9ad,4.16.0,1.3.11,ctbllib-fs2-q5-findall,2397,301,2026-08-10T09:06:30.123Z
2.(2^5:S6),46080,false,0,true,2026-08-10T07:05:43.008Z,1.12.6,1.9.0-DEV,428070c0f9ad,4.16.0,1.3.11,ctbllib-fs2-q5-findall,2397,302,2026-08-10T09:06:30.769Z
2.(2x2^(1+8)):U4(2):2,106168320,false,0,true,2026-08-10T07:05:43.008Z,1.12.6,1.9.0-DEV,428070c0f9ad,4.16.0,1.3.11,ctbllib-fs2-q5-findall,2397,303,2026-08-10T09:06:54.468Z
2.(2x3.A7),30240,false,0,true,2026-08-10T07:05:43.008Z,1.12.6,1.9.0-DEV,428070c0f9ad,4.16.0,1.3.11,ctbllib-fs2-q5-findall,2397,304,2026-08-10T09:07:00.725Z
2.(2x3^4:A6),116640,false,0,true,2026-08-10T07:05:43.008Z,1.12.6,1.9.0-DEV,428070c0f9ad,4.16.0,1.3.11,ctbllib-fs2-q5-findall,2397,305,2026-08-10T09:07:04.076Z
2.(2xA7),10080,false,0,true,2026-08-10T07:05:43.008Z,1.12.6,1.9.0-DEV,428070c0f9ad,4.16.0,1.3.11,ctbllib-fs2-q5-findall,2397,306,2026-08-10T09:07:04.573Z
2.(2xF4(2)).2,26489012826931200,false,0,true,2026-08-10T07:05:43.008Z,1.12.6,1.9.0-DEV,428070c0f9ad,4.16.0,1.3.11,ctbllib-fs2-q5-findall,2397,307,2026-08-10T09:07:49.675Z
2.(2xL2(11)),2640,false,0,true,2026-08-10T07:05:43.008Z,1.12.6,1.9.0-DEV,428070c0f9ad,4.16.0,1.3.11,ctbllib-fs2-q5-findall,2397,308,2026-08-10T09:07:50.243Z
2.(3^(1+4).[2^7.3]),186624,true,0,true,2026-08-10T07:05:43.008Z,1.12.6,1.9.0-DEV,428070c0f9ad,4.16.0,1.3.11,ctbllib-fs2-q5-findall,2397,309,2026-08-10T09:07:53.883Z
2.(3^(1+6):2^(3+4):3^2:2),10077696,true,0,true,2026-08-10T07:05:43.008Z,1.12.6,1.9.0-DEV,428070c0f9ad,4.16.0,1.3.11,ctbllib-fs2-q5-findall,2397,310,2026-08-10T09:08:11.603Z
2.(3^2:D8xU4(3).2^2).2,3762339840,false,0,true,2026-08-10T07:05:43.008Z,1.12.6,1.9.0-DEV,428070c0f9ad,4.16.0,1.3.11,ctbllib-fs2-q5-findall,2397,311,2026-08-10T09:10:21.947Z
2.(3^3:(S4x2)),2592,true,0,true,2026-08-10T07:05:43.008Z,1.12.6,1.9.0-DEV,428070c0f9ad,4.16.0,1.3.11,ctbllib-fs2-q5-findall,2397,312,2026-08-10T09:10:22.338Z
2.(A4x2(A4xA4).2).2,27648,true,0,true,2026-08-10T07:05:43.008Z,1.12.6,1.9.0-DEV,428070c0f9ad,4.16.0,1.3.11,ctbllib-fs2-q5-findall,2397,313,2026-08-10T09:10:28.937Z
2.(A4xA4),288,true,0,true,2026-08-10T07:05:43.008Z,1.12.6,1.9.0-DEV,428070c0f9ad,4.16.0,1.3.11,ctbllib-fs2-q5-findall,2397,314,2026-08-10T09:10:29.329Z
2.(A4xG2(4)).2,12076646400,false,0,true,2026-08-10T07:05:43.008Z,1.12.6,1.9.0-DEV,428070c0f9ad,4.16.0,1.3.11,ctbllib-fs2-q5-findall,2397,315,2026-08-10T09:10:51.857Z
2.(A4xL3(4)).2,967680,false,0,true,2026-08-10T07:05:43.008Z,1.12.6,1.9.0-DEV,428070c0f9ad,4.16.0,1.3.11,ctbllib-fs2-q5-findall,2397,316,2026-08-10T09:10:54.29Z
2.(A4xU4(2)),622080,false,0,true,2026-08-10T07:05:43.008Z,1.12.6,1.9.0-DEV,428070c0f9ad,4.16.0,1.3.11,ctbllib-fs2-q5-findall,2397,317,2026-08-10T09:11:06.848Z
2.(A5wr2),14400,false,0,true,2026-08-10T07:05:43.008Z,1.12.6,1.9.0-DEV,428070c0f9ad,4.16.0,1.3.11,ctbllib-fs2-q5-findall,2397,318,2026-08-10T09:11:07.473Z
2.(A5xA4).2,2880,false,0,true,2026-08-10T07:05:43.008Z,1.12.6,1.9.0-DEV,428070c0f9ad,4.16.0,1.3.11,ctbllib-fs2-q5-findall,2397,319,2026-08-10T09:11:07.79Z
2.(A5xA5).2,14400,false,0,true,2026-08-10T07:05:43.008Z,1.12.6,1.9.0-DEV,428070c0f9ad,4.16.0,1.3.11,ctbllib-fs2-q5-findall,2397,320,2026-08-10T09:11:08.71Z
2.(A5xA5).2^2,28800,false,0,true,2026-08-10T07:05:43.008Z,1.12.6,1.9.0-DEV,428070c0f9ad,4.16.0,1.3.11,ctbllib-fs2-q5-findall,2397,321,2026-08-10T09:11:09.768Z
2.(A5xA5).4,28800,false,0,true,2026-08-10T07:05:43.008Z,1.12.6,1.9.0-DEV,428070c0f9ad,4.16.0,1.3.11,ctbllib-fs2-q5-findall,2397,322,2026-08-10T09:11:10.209Z
2.(A5xJ2).2,145152000,false,0,true,2026-08-10T07:05:43.008Z,1.12.6,1.9.0-DEV,428070c0f9ad,4.16.0,1.3.11,ctbllib-fs2-q5-findall,2397,323,2026-08-10T09:11:22.855Z
2.(A6xA4).2,17280,false,0,true,2026-08-10T07:05:43.008Z,1.12.6,1.9.0-DEV,428070c0f9ad,4.16.0,1.3.11,ctbllib-fs2-q5-findall,2397,324,2026-08-10T09:11:25.197Z
2.(A6xA5).2,86400,false,0,true,2026-08-10T07:05:43.008Z,1.12.6,1.9.0-DEV,428070c0f9ad,4.16.0,1.3.11,ctbllib-fs2-q5-findall,2397,325,2026-08-10T09:11:27.108Z
2.(A6xA6).2^2,1036800,false,0,true,2026-08-10T07:05:43.008Z,1.12.6,1.9.0-DEV,428070c0f9ad,4.16.0,1.3.11,ctbllib-fs2-q5-findall,2397,326,2026-08-10T09:11:29.052Z
2.(A7xA4).2,120960,false,0,true,2026-08-10T07:05:43.008Z,1.12.6,1.9.0-DEV,428070c0f9ad,4.16.0,1.3.11,ctbllib-fs2-q5-findall,2397,327,2026-08-10T09:11:31.014Z
2.(A7xA5).2,604800,false,0,true,2026-08-10T07:05:43.008Z,1.12.6,1.9.0-DEV,428070c0f9ad,4.16.0,1.3.11,ctbllib-fs2-q5-findall,2397,328,2026-08-10T09:11:35.429Z
2.(A8xA4).2,967680,false,0,true,2026-08-10T07:05:43.008Z,1.12.6,1.9.0-DEV,428070c0f9ad,4.16.0,1.3.11,ctbllib-fs2-q5-findall,2397,329,2026-08-10T09:11:39.222Z
2.(D10xJ2).2,24192000,false,0,true,2026-08-10T07:05:43.008Z,1.12.6,1.9.0-DEV,428070c0f9ad,4.16.0,1.3.11,ctbllib-fs2-q5-findall,2397,330,2026-08-10T09:11:47.724Z
2.(D8x2^2).S3,384,true,0,true,2026-08-10T07:05:43.008Z,1.12.6,1.9.0-DEV,428070c0f9ad,4.16.0,1.3.11,ctbllib-fs2-q5-findall,2397,331,2026-08-10T09:11:47.995Z
2.(D8x3^(1+2)_+:Q8),3456,true,0,true,2026-08-10T07:05:43.008Z,1.12.6,1.9.0-DEV,428070c0f9ad,4.16.0,1.3.11,ctbllib-fs2-q5-findall,2397,332,2026-08-10T09:11:54.536Z
2.(D8x3^2:Q8),1152,true,0,true,2026-08-10T07:05:43.008Z,1.12.6,1.9.0-DEV,428070c0f9ad,4.16.0,1.3.11,ctbllib-fs2-q5-findall,2397,333,2026-08-10T09:11:55.511Z
2.(S3x5:4),240,true,0,true,2026-08-10T07:05:43.008Z,1.12.6,1.9.0-DEV,428070c0f9ad,4.16.0,1.3.11,ctbllib-fs2-q5-findall,2397,334,2026-08-10T09:11:55.746Z
2.(S3xS6),8640,false,0,true,2026-08-10T07:05:43.008Z,1.12.6,1.9.0-DEV,428070c0f9ad,4.16.0,1.3.11,ctbllib-fs2-q5-findall,2397,335,2026-08-10T09:11:57.163Z
2.(S4xS5),5760,false,0,true,2026-08-10T07:05:43.008Z,1.12.6,1.9.0-DEV,428070c0f9ad,4.16.0,1.3.11,ctbllib-fs2-q5-findall,2397,336,2026-08-10T09:11:58.018Z
2.(S6x2),2880,false,0,true,2026-08-10T07:05:43.008Z,1.12.6,1.9.0-DEV,428070c0f9ad,4.16.0,1.3.11,ctbllib-fs2-q5-findall,2397,337,2026-08-10T09:11:59.962Z
2.(S6xS4),34560,false,0,true,2026-08-10T07:05:43.008Z,1.12.6,1.9.0-DEV,428070c0f9ad,4.16.0,1.3.11,ctbllib-fs2-q5-findall,2397,338,2026-08-10T09:12:02.353Z
2..11.m23,20891566080,false,0,true,2026-08-10T07:05:43.008Z,1.12.6,1.9.0-DEV,428070c0f9ad,4.16.0,1.3.11,ctbllib-fs2-q5-findall,2397,339,2026-08-10T09:12:06.04Z
2.2.2^4+6:S5,491520,false,0,true,2026-08-10T07:05:43.008Z,1.12.6,1.9.0-DEV,428070c0f9ad,4.16.0,1.3.11,ctbllib-fs2-q5-findall,2397,340,2026-08-10T09:12:08.946Z
2.2E6(2),153064959367549707878400,false,0,true,2026-08-10T07:05:43.008Z,1.12.6,1.9.0-DEV,428070c0f9ad,4.16.0,1.3.11,ctbllib-fs2-q5-findall,2397,341,2026-08-10T09:12:43.312Z
2.2E6(2).2,306129918735099415756800,false,0,true,2026-08-10T07:05:43.008Z,1.12.6,1.9.0-DEV,428070c0f9ad,4.16.0,1.3.11,ctbllib-fs2-q5-findall,2397,342,2026-08-10T09:14:01.704Z
2.2^(1+8)_+:(S3xS3xS3),221184,true,0,true,2026-08-10T07:05:43.008Z,1.12.6,1.9.0-DEV,428070c0f9ad,4.16.0,1.3.11,ctbllib-fs2-q5-findall,2397,343,2026-08-10T09:14:12.729Z
2.2^(1+8)_+:U4(2),26542080,false,0,true,2026-08-10T07:05:43.008Z,1.12.6,1.9.0-DEV,428070c0f9ad,4.16.0,1.3.11,ctbllib-fs2-q5-findall,2397,344,2026-08-10T09:14:21.281Z
2.2^(2+12):(A8xS3),3963617280,false,0,true,2026-08-10T07:05:43.008Z,1.12.6,1.9.0-DEV,428070c0f9ad,4.16.0,1.3.11,ctbllib-fs2-q5-findall,2397,345,2026-08-10T09:15:05.763Z
2.2^(2+2).2^(1+1+2+2):S4,49152,true,0,true,2026-08-10T07:05:43.008Z,1.12.6,1.9.0-DEV,428070c0f9ad,4.16.0,1.3.11,ctbllib-fs2-q5-findall,2397,346,2026-08-10T09:15:07.433Z
2.2^(2+8).(3xA5),368640,false,0,true,2026-08-10T07:05:43.008Z,1.12.6,1.9.0-DEV,428070c0f9ad,4.16.0,1.3.11,ctbllib-fs2-q5-findall,2397,347,2026-08-10T09:15:09.627Z
2.2^(3+3):7,896,true,0,true,2026-08-10T07:05:43.008Z,1.12.6,1.9.0-DEV,428070c0f9ad,4.16.0,1.3.11,ctbllib-fs2-q5-findall,2397,348,2026-08-10T09:15:09.88Z
2.2^(4+12).(S3x3S6),1698693120,false,0,true,2026-08-10T07:05:43.008Z,1.12.6,1.9.0-DEV,428070c0f9ad,4.16.0,1.3.11,ctbllib-fs2-q5-findall,2397,349,2026-08-10T09:16:12.492Z
2.2^(4+6).(A5x3),368640,false,0,true,2026-08-10T07:05:43.008Z,1.12.6,1.9.0-DEV,428070c0f9ad,4.16.0,1.3.11,ctbllib-fs2-q5-findall,2397,350,2026-08-10T09:16:15.533Z
2.2^(4+6).2.S3,24576,true,0,true,2026-08-10T07:05:43.008Z,1.12.6,1.9.0-DEV,428070c0f9ad,4.16.0,1.3.11,ctbllib-fs2-q5-findall,2397,351,2026-08-10T09:16:18.736Z
2.2^(4+8):(S3xA5),2949120,false,0,true,2026-08-10T07:05:43.008Z,1.12.6,1.9.0-DEV,428070c0f9ad,4.16.0,1.3.11,ctbllib-fs2-q5-findall,2397,352,2026-08-10T09:16:27.224Z
2.2^11:M24,1002795171840,false,0,true,2026-08-10T07:05:43.008Z,1.12.6,1.9.0-DEV,428070c0f9ad,4.16.0,1.3.11,ctbllib-fs2-q5-findall,2397,353,2026-08-10T09:16:40.822Z
2.2^3+8:L3(2),688128,false,0,true,2026-08-10T07:05:43.008Z,1.12.6,1.9.0-DEV,428070c0f9ad,4.16.0,1.3.11,ctbllib-fs2-q5-findall,2397,354,2026-08-10T09:16:42.938Z
2.2^3.2^5.S3,3072,true,0,true,2026-08-10T07:05:43.008Z,1.12.6,1.9.0-DEV,428070c0f9ad,4.16.0,1.3.11,ctbllib-fs2-q5-findall,2397,355,2026-08-10T09:16:44.405Z
2.2^4+6:S5,245760,false,0,true,2026-08-10T07:05:43.008Z,1.12.6,1.9.0-DEV,428070c0f9ad,4.16.0,1.3.11,ctbllib-fs2-q5-findall,2397,356,2026-08-10T09:16:45.156Z
2.2^4.(S3x3^2:2),3456,true,0,true,2026-08-10T07:05:43.008Z,1.12.6,1.9.0-DEV,428070c0f9ad,4.16.0,1.3.11,ctbllib-fs2-q5-findall,2397,357,2026-08-10T09:16:47.413Z
2.2^4.2.S3,384,true,0,true,2026-08-10T07:05:43.008Z,1.12.6,1.9.0-DEV,428070c0f9ad,4.16.0,1.3.11,ctbllib-fs2-q5-findall,2397,358,2026-08-10T09:16:47.687Z
2.2^4.2^4.S3,3072,true,0,true,2026-08-10T07:05:43.008Z,1.12.6,1.9.0-DEV,428070c0f9ad,4.16.0,1.3.11,ctbllib-fs2-q5-findall,2397,359,2026-08-10T09:16:50.416Z
2.2^4.S6,23040,false,0,true,2026-08-10T07:05:43.008Z,1.12.6,1.9.0-DEV,428070c0f9ad,4.16.0,1.3.11,ctbllib-fs2-q5-findall,2397,360,2026-08-10T09:16:50.871Z
2.2^4:3,96,true,0,true,2026-08-10T07:05:43.008Z,1.12.6,1.9.0-DEV,428070c0f9ad,4.16.0,1.3.11,ctbllib-fs2-q5-findall,2397,361,2026-08-10T09:16:50.958Z
2.2^5.S6,46080,false,0,true,2026-08-10T07:05:43.008Z,1.12.6,1.9.0-DEV,428070c0f9ad,4.16.0,1.3.11,ctbllib-fs2-q5-findall,2397,362,2026-08-10T09:16:52.437Z
2.2^6.L3(2),21504,false,0,true,2026-08-10T07:05:43.008Z,1.12.6,1.9.0-DEV,428070c0f9ad,4.16.0,1.3.11,ctbllib-fs2-q5-findall,2397,363,2026-08-10T09:16:52.916Z
2.2^6:u3(3):2,1548288,false,0,true,2026-08-10T07:05:43.008Z,1.12.6,1.9.0-DEV,428070c0f9ad,4.16.0,1.3.11,ctbllib-fs2-q5-findall,2397,364,2026-08-10T09:16:54.447Z
2.2^8.f20,10240,true,0,true,2026-08-10T07:05:43.008Z,1.12.6,1.9.0-DEV,428070c0f9ad,4.16.0,1.3.11,ctbllib-fs2-q5-findall,2397,365,2026-08-10T09:16:54.714Z
2.3^4.2^3.S4,31104,true,0,true,2026-08-10T07:05:43.008Z,1.12.6,1.9.0-DEV,428070c0f9ad,4.16.0,1.3.11,ctbllib-fs2-q5-findall,2397,366,2026-08-10T09:16:56.227Z
2.4^3.L3(2),21504,false,0,true,2026-08-10T07:05:43.008Z,1.12.6,1.9.0-DEV,428070c0f9ad,4.16.0,1.3.11,ctbllib-fs2-q5-findall,2397,367,2026-08-10T09:16:56.652Z
2.A10,3628800,false,0,true,2026-08-10T07:05:43.008Z,1.12.6,1.9.0-DEV,428070c0f9ad,4.16.0,1.3.11,ctbllib-fs2-q5-findall,2397,368,2026-08-10T09:16:59.07Z
2.A10.2,7257600,false,0,true,2026-08-10T07:05:43.008Z,1.12.6,1.9.0-DEV,428070c0f9ad,4.16.0,1.3.11,ctbllib-fs2-q5-findall,2397,369,2026-08-10T09:17:01.051Z
2.A11,39916800,false,0,true,2026-08-10T07:05:43.008Z,1.12.6,1.9.0-DEV,428070c0f9ad,4.16.0,1.3.11,ctbllib-fs2-q5-findall,2397,370,2026-08-10T09:17:03.126Z
2.A11.2,79833600,false,0,true,2026-08-10T07:05:43.008Z,1.12.6,1.9.0-DEV,428070c0f9ad,4.16.0,1.3.11,ctbllib-fs2-q5-findall,2397,371,2026-08-10T09:17:07.153Z
2.A12,479001600,false,0,true,2026-08-10T07:05:43.008Z,1.12.6,1.9.0-DEV,428070c0f9ad,4.16.0,1.3.11,ctbllib-fs2-q5-findall,2397,372,2026-08-10T09:17:10.125Z
2.A12.2,958003200,false,0,true,2026-08-10T07:05:43.008Z,1.12.6,1.9.0-DEV,428070c0f9ad,4.16.0,1.3.11,ctbllib-fs2-q5-findall,2397,373,2026-08-10T09:17:17.124Z
2.A13,6227020800,false,0,true,2026-08-10T07:05:43.008Z,1.12.6,1.9.0-DEV,428070c0f9ad,4.16.0,1.3.11,ctbllib-fs2-q5-findall,2397,374,2026-08-10T09:17:21.212Z
2.A13.2,12454041600,false,0,true,2026-08-10T07:05:43.008Z,1.12.6,1.9.0-DEV,428070c0f9ad,4.16.0,1.3.11,ctbllib-fs2-q5-findall,2397,375,2026-08-10T09:17:32.326Z
2.A14.2,174356582400,false,0,true,2026-08-10T07:05:43.008Z,1.12.6,1.9.0-DEV,428070c0f9ad,4.16.0,1.3.11,ctbllib-fs2-q5-findall,2397,376,2026-08-10T09:17:51.491Z
2.A15.2,2615348736000,false,0,true,2026-08-10T07:05:43.008Z,1.12.6,1.9.0-DEV,428070c0f9ad,4.16.0,1.3.11,ctbllib-fs2-q5-findall,2397,377,2026-08-10T09:18:24.702Z
2.A16.2,41845579776000,false,0,true,2026-08-10T07:05:43.008Z,1.12.6,1.9.0-DEV,428070c0f9ad,4.16.0,1.3.11,ctbllib-fs2-q5-findall,2397,378,2026-08-10T09:19:21.092Z
2.A17.2,711374856192000,false,0,true,2026-08-10T07:05:43.008Z,1.12.6,1.9.0-DEV,428070c0f9ad,4.16.0,1.3.11,ctbllib-fs2-q5-findall,2397,379,2026-08-10T09:20:57.723Z
2.A18.2,12804747411456000,false,0,true,2026-08-10T07:05:43.008Z,1.12.6,1.9.0-DEV,428070c0f9ad,4.16.0,1.3.11,ctbllib-fs2-q5-findall,2397,380,2026-08-10T09:23:50.514Z
2.A4x3,72,true,0,true,2026-08-10T07:05:43.008Z,1.12.6,1.9.0-DEV,428070c0f9ad,4.16.0,1.3.11,ctbllib-fs2-q5-findall,2397,381,2026-08-10T09:23:50.827Z
2.A4xS3,144,true,0,true,2026-08-10T07:05:43.008Z,1.12.6,1.9.0-DEV,428070c0f9ad,4.16.0,1.3.11,ctbllib-fs2-q5-findall,2397,382,2026-08-10T09:23:51.146Z
2.A5,120,false,0,true,2026-08-10T07:05:43.008Z,1.12.6,1.9.0-DEV,428070c0f9ad,4.16.0,1.3.11,ctbllib-fs2-q5-findall,2397,383,2026-08-10T09:23:51.223Z
2.A5.2,240,false,0,true,2026-08-10T07:05:43.008Z,1.12.6,1.9.0-DEV,428070c0f9ad,4.16.0,1.3.11,ctbllib-fs2-q5-findall,2397,384,2026-08-10T09:23:51.301Z
2.A5.2xS3,1440,false,0,true,2026-08-10T07:05:43.008Z,1.12.6,1.9.0-DEV,428070c0f9ad,4.16.0,1.3.11,ctbllib-fs2-q5-findall,2397,385,2026-08-10T09:23:52.135Z
2.A5xA5,7200,false,0,true,2026-08-10T07:05:43.008Z,1.12.6,1.9.0-DEV,428070c0f9ad,4.16.0,1.3.11,ctbllib-fs2-q5-findall,2397,386,2026-08-10T09:23:53.793Z
2.A6,720,false,0,true,2026-08-10T07:05:43.008Z,1.12.6,1.9.0-DEV,428070c0f9ad,4.16.0,1.3.11,ctbllib-fs2-q5-findall,2397,387,2026-08-10T09:23:53.855Z
2.A6.2_1,1440,false,0,true,2026-08-10T07:05:43.008Z,1.12.6,1.9.0-DEV,428070c0f9ad,4.16.0,1.3.11,ctbllib-fs2-q5-findall,2397,388,2026-08-10T09:23:53.983Z
2.A6.2_2,1440,false,0,true,2026-08-10T07:05:43.008Z,1.12.6,1.9.0-DEV,428070c0f9ad,4.16.0,1.3.11,ctbllib-fs2-q5-findall,2397,389,2026-08-10T09:23:54.091Z
2.A6x3,2160,false,0,true,2026-08-10T07:05:43.008Z,1.12.6,1.9.0-DEV,428070c0f9ad,4.16.0,1.3.11,ctbllib-fs2-q5-findall,2397,390,2026-08-10T09:23:54.754Z
2.A7,5040,false,0,true,2026-08-10T07:05:43.008Z,1.12.6,1.9.0-DEV,428070c0f9ad,4.16.0,1.3.11,ctbllib-fs2-q5-findall,2397,391,2026-08-10T09:23:54.988Z
2.A7.2,10080,false,0,true,2026-08-10T07:05:43.008Z,1.12.6,1.9.0-DEV,428070c0f9ad,4.16.0,1.3.11,ctbllib-fs2-q5-findall,2397,392,2026-08-10T09:23:55.171Z
2.A7x3,15120,false,0,true,2026-08-10T07:05:43.008Z,1.12.6,1.9.0-DEV,428070c0f9ad,4.16.0,1.3.11,ctbllib-fs2-q5-findall,2397,393,2026-08-10T09:23:59.046Z
2.A8,40320,false,0,true,2026-08-10T07:05:43.008Z,1.12.6,1.9.0-DEV,428070c0f9ad,4.16.0,1.3.11,ctbllib-fs2-q5-findall,2397,394,2026-08-10T09:23:59.439Z
2.A8.2,80640,false,0,true,2026-08-10T07:05:43.008Z,1.12.6,1.9.0-DEV,428070c0f9ad,4.16.0,1.3.11,ctbllib-fs2-q5-findall,2397,395,2026-08-10T09:23:59.747Z
2.A8N3,144,true,0,true,2026-08-10T07:05:43.008Z,1.12.6,1.9.0-DEV,428070c0f9ad,4.16.0,1.3.11,ctbllib-fs2-q5-findall,2397,396,2026-08-10T09:24:00.12Z
2.A9,362880,false,0,true,2026-08-10T07:05:43.008Z,1.12.6,1.9.0-DEV,428070c0f9ad,4.16.0,1.3.11,ctbllib-fs2-q5-findall,2397,397,2026-08-10T09:24:01.973Z
2.A9.2,725760,false,0,true,2026-08-10T07:05:43.008Z,1.12.6,1.9.0-DEV,428070c0f9ad,4.16.0,1.3.11,ctbllib-fs2-q5-findall,2397,398,2026-08-10T09:24:02.561Z
2.A9x3,1088640,false,0,true,2026-08-10T07:05:43.008Z,1.12.6,1.9.0-DEV,428070c0f9ad,4.16.0,1.3.11,ctbllib-fs2-q5-findall,2397,399,2026-08-10T09:24:09.742Z
2.A9xS3,2177280,false,0,true,2026-08-10T07:05:43.008Z,1.12.6,1.9.0-DEV,428070c0f9ad,4.16.0,1.3.11,ctbllib-fs2-q5-findall,2397,400,2026-08-10T09:24:15.235Z
2.Alt(14),87178291200,false,0,true,2026-08-10T07:05:43.008Z,1.12.6,1.9.0-DEV,428070c0f9ad,4.16.0,1.3.11,ctbllib-fs2-q5-findall,2397,401,2026-08-10T09:24:24.891Z
2.Alt(15),1307674368000,false,0,true,2026-08-10T07:05:43.008Z,1.12.6,1.9.0-DEV,428070c0f9ad,4.16.0,1.3.11,ctbllib-fs2-q5-findall,2397,402,2026-08-10T09:24:39.093Z
2.Alt(16),20922789888000,false,0,true,2026-08-10T07:05:43.008Z,1.12.6,1.9.0-DEV,428070c0f9ad,4.16.0,1.3.11,ctbllib-fs2-q5-findall,2397,403,2026-08-10T09:25:04.086Z
2.Alt(17),355687428096000,false,0,true,2026-08-10T07:05:43.008Z,1.12.6,1.9.0-DEV,428070c0f9ad,4.16.0,1.3.11,ctbllib-fs2-q5-findall,2397,404,2026-08-10T09:25:39.265Z
2.Alt(18),6402373705728000,false,0,true,2026-08-10T07:05:43.008Z,1.12.6,1.9.0-DEV,428070c0f9ad,4.16.0,1.3.11,ctbllib-fs2-q5-findall,2397,405,2026-08-10T09:27:04.694Z
2.Alt(19),121645100408832000,false,0,true,2026-08-10T07:05:43.008Z,1.12.6,1.9.0-DEV,428070c0f9ad,4.16.0,1.3.11,ctbllib-fs2-q5-findall,2397,406,2026-08-10T09:29:08.778Z
2.B,8309562962452852382355161088000000,false,0,true,2026-08-10T07:05:43.008Z,1.12.6,1.9.0-DEV,428070c0f9ad,4.16.0,1.3.11,ctbllib-fs2-q5-findall,2397,407,2026-08-10T09:30:12.031Z
2.BN7,56448,true,0,true,2026-08-10T07:05:43.008Z,1.12.6,1.9.0-DEV,428070c0f9ad,4.16.0,1.3.11,ctbllib-fs2-q5-findall,2397,408,2026-08-10T09:30:21.096Z
2.Co1,8315553613086720000,false,0,true,2026-08-10T07:05:43.008Z,1.12.6,1.9.0-DEV,428070c0f9ad,4.16.0,1.3.11,ctbllib-fs2-q5-findall,2397,409,2026-08-10T09:30:44.315Z
2.D10xA5,1200,false,0,true,2026-08-10T07:05:43.008Z,1.12.6,1.9.0-DEV,428070c0f9ad,4.16.0,1.3.11,ctbllib-fs2-q5-findall,2397,410,2026-08-10T09:30:45.64Z
2.D12,24,true,0,true,2026-08-10T07:05:43.008Z,1.12.6,1.9.0-DEV,428070c0f9ad,4.16.0,1.3.11,ctbllib-fs2-q5-findall,2397,411,2026-08-10T09:30:45.687Z
2.D14,28,true,0,true,2026-08-10T07:05:43.008Z,1.12.6,1.9.0-DEV,428070c0f9ad,4.16.0,1.3.11,ctbllib-fs2-q5-findall,2397,412,2026-08-10T09:30:45.832Z
2.D16,32,true,0,true,2026-08-10T07:05:43.008Z,1.12.6,1.9.0-DEV,428070c0f9ad,4.16.0,1.3.11,ctbllib-fs2-q5-findall,2397,413,2026-08-10T09:30:45.885Z
2.D18,36,true,0,true,2026-08-10T07:05:43.008Z,1.12.6,1.9.0-DEV,428070c0f9ad,4.16.0,1.3.11,ctbllib-fs2-q5-findall,2397,414,2026-08-10T09:30:46.056Z
2.D20,40,true,0,true,2026-08-10T07:05:43.008Z,1.12.6,1.9.0-DEV,428070c0f9ad,4.16.0,1.3.11,ctbllib-fs2-q5-findall,2397,415,2026-08-10T09:30:46.127Z
2.D22,44,true,0,true,2026-08-10T07:05:43.008Z,1.12.6,1.9.0-DEV,428070c0f9ad,4.16.0,1.3.11,ctbllib-fs2-q5-findall,2397,416,2026-08-10T09:30:46.627Z
2.D24,48,true,0,true,2026-08-10T07:05:43.008Z,1.12.6,1.9.0-DEV,428070c0f9ad,4.16.0,1.3.11,ctbllib-fs2-q5-findall,2397,417,2026-08-10T09:30:46.732Z
2.D26,52,true,0,true,2026-08-10T07:05:43.008Z,1.12.6,1.9.0-DEV,428070c0f9ad,4.16.0,1.3.11,ctbllib-fs2-q5-findall,2397,418,2026-08-10T09:30:47.826Z
2.D28,56,true,0,true,2026-08-10T07:05:43.008Z,1.12.6,1.9.0-DEV,428070c0f9ad,4.16.0,1.3.11,ctbllib-fs2-q5-findall,2397,419,2026-08-10T09:30:48.106Z
2.D30,60,true,0,true,2026-08-10T07:05:43.008Z,1.12.6,1.9.0-DEV,428070c0f9ad,4.16.0,1.3.11,ctbllib-fs2-q5-findall,2397,420,2026-08-10T09:30:48.262Z
2.D32,64,true,0,true,2026-08-10T07:05:43.008Z,1.12.6,1.9.0-DEV,428070c0f9ad,4.16.0,1.3.11,ctbllib-fs2-q5-findall,2397,421,2026-08-10T09:30:48.446Z
2.D8,16,true,0,true,2026-08-10T07:05:43.008Z,1.12.6,1.9.0-DEV,428070c0f9ad,4.16.0,1.3.11,ctbllib-fs2-q5-findall,2397,422,2026-08-10T09:30:48.705Z
2.D8.S5,1920,false,0,true,2026-08-10T07:05:43.008Z,1.12.6,1.9.0-DEV,428070c0f9ad,4.16.0,1.3.11,ctbllib-fs2-q5-findall,2397,423,2026-08-10T09:30:49.891Z
2.F4(2),6622253206732800,false,0,true,2026-08-10T07:05:43.008Z,1.12.6,1.9.0-DEV,428070c0f9ad,4.16.0,1.3.11,ctbllib-fs2-q5-findall,2397,424,2026-08-10T09:31:11.538Z
2.F4(2).2,13244506413465600,false,0,true,2026-08-10T07:05:43.008Z,1.12.6,1.9.0-DEV,428070c0f9ad,4.16.0,1.3.11,ctbllib-fs2-q5-findall,2397,425,2026-08-10T09:31:24.364Z
2.F4(2)M1,95126814720,false,0,true,2026-08-10T07:05:43.008Z,1.12.6,1.9.0-DEV,428070c0f9ad,4.16.0,1.3.11,ctbllib-fs2-q5-findall,2397,426,2026-08-10T09:33:13.57Z
2.F4(2)M5,2113929216,false,0,true,2026-08-10T07:05:43.008Z,1.12.6,1.9.0-DEV,428070c0f9ad,4.16.0,1.3.11,ctbllib-fs2-q5-findall,2397,427,2026-08-10T09:38:41.879Z
2.Fi22,129123503308800,false,0,true,2026-08-10T07:05:43.008Z,1.12.6,1.9.0-DEV,428070c0f9ad,4.16.0,1.3.11,ctbllib-fs2-q5-findall,2397,428,2026-08-10T09:38:53.455Z
2.Fi22.2,258247006617600,false,0,true,2026-08-10T07:05:43.008Z,1.12.6,1.9.0-DEV,428070c0f9ad,4.16.0,1.3.11,ctbllib-fs2-q5-findall,2397,429,2026-08-10T09:39:06.36Z
2.Fi22M5,908328960,false,0,true,2026-08-10T07:05:43.008Z,1.12.6,1.9.0-DEV,428070c0f9ad,4.16.0,1.3.11,ctbllib-fs2-q5-findall,2397,430,2026-08-10T09:39:11.153Z
2.Fi22N2,262144,true,0,true,2026-08-10T07:05:43.008Z,1.12.6,1.9.0-DEV,428070c0f9ad,4.16.0,1.3.11,ctbllib-fs2-q5-findall,2397,431,2026-08-10T09:40:14.454Z
2.G2(4),503193600,false,0,true,2026-08-10T07:05:43.008Z,1.12.6,1.9.0-DEV,428070c0f9ad,4.16.0,1.3.11,ctbllib-fs2-q5-findall,2397,432,2026-08-10T09:40:18.62Z
2.G2(4).2,1006387200,false,0,true,2026-08-10T07:05:43.008Z,1.12.6,1.9.0-DEV,428070c0f9ad,4.16.0,1.3.11,ctbllib-fs2-q5-findall,2397,433,2026-08-10T09:40:20.528Z
2.G2(4)N2,73728,true,0,true,2026-08-10T07:05:43.008Z,1.12.6,1.9.0-DEV,428070c0f9ad,4.16.0,1.3.11,ctbllib-fs2-q5-findall,2397,434,2026-08-10T09:40:24.532Z
2.HS,88704000,false,0,true,2026-08-10T07:05:43.008Z,1.12.6,1.9.0-DEV,428070c0f9ad,4.16.0,1.3.11,ctbllib-fs2-q5-findall,2397,435,2026-08-10T09:40:26.726Z
2.HS.2,177408000,false,0,true,2026-08-10T07:05:43.008Z,1.12.6,1.9.0-DEV,428070c0f9ad,4.16.0,1.3.11,ctbllib-fs2-q5-findall,2397,436,2026-08-10T09:40:28.598Z
2.HS.2N2,2048,true,0,true,2026-08-10T07:05:43.008Z,1.12.6,1.9.0-DEV,428070c0f9ad,4.16.0,1.3.11,ctbllib-fs2-q5-findall,2397,437,2026-08-10T09:40:31.348Z
2.HS.2N3,1152,true,0,true,2026-08-10T07:05:43.008Z,1.12.6,1.9.0-DEV,428070c0f9ad,4.16.0,1.3.11,ctbllib-fs2-q5-findall,2397,438,2026-08-10T09:40:32.503Z
2.HS.2N5,8000,true,0,true,2026-08-10T07:05:43.008Z,1.12.6,1.9.0-DEV,428070c0f9ad,4.16.0,1.3.11,ctbllib-fs2-q5-findall,2397,439,2026-08-10T09:40:32.977Z
2.HSM10,15360,false,0,true,2026-08-10T07:05:43.008Z,1.12.6,1.9.0-DEV,428070c0f9ad,4.16.0,1.3.11,ctbllib-fs2-q5-findall,2397,440,2026-08-10T09:40:33.546Z
2.HSM11,5760,false,0,true,2026-08-10T07:05:43.008Z,1.12.6,1.9.0-DEV,428070c0f9ad,4.16.0,1.3.11,ctbllib-fs2-q5-findall,2397,441,2026-08-10T09:40:35.559Z
2.HSN2,1024,true,0,true,2026-08-10T07:05:43.008Z,1.12.6,1.9.0-DEV,428070c0f9ad,4.16.0,1.3.11,ctbllib-fs2-q5-findall,2397,442,2026-08-10T09:40:36.549Z
2.HSN3,576,true,0,true,2026-08-10T07:05:43.008Z,1.12.6,1.9.0-DEV,428070c0f9ad,4.16.0,1.3.11,ctbllib-fs2-q5-findall,2397,443,2026-08-10T09:40:37.609Z
2.HSN3A,1440,false,0,true,2026-08-10T07:05:43.008Z,1.12.6,1.9.0-DEV,428070c0f9ad,4.16.0,1.3.11,ctbllib-fs2-q5-findall,2397,444,2026-08-10T09:40:38.502Z
2.J2,1209600,false,0,true,2026-08-10T07:05:43.008Z,1.12.6,1.9.0-DEV,428070c0f9ad,4.16.0,1.3.11,ctbllib-fs2-q5-findall,2397,445,2026-08-10T09:40:38.958Z
2.J2.2,2419200,false,0,true,2026-08-10T07:05:43.008Z,1.12.6,1.9.0-DEV,428070c0f9ad,4.16.0,1.3.11,ctbllib-fs2-q5-findall,2397,446,2026-08-10T09:40:40.082Z
2.J2.2N5,1200,true,0,true,2026-08-10T07:05:43.008Z,1.12.6,1.9.0-DEV,428070c0f9ad,4.16.0,1.3.11,ctbllib-fs2-q5-findall,2397,447,2026-08-10T09:40:41.36Z
2.J2M8,600,true,0,true,2026-08-10T07:05:43.008Z,1.12.6,1.9.0-DEV,428070c0f9ad,4.16.0,1.3.11,ctbllib-fs2-q5-findall,2397,448,2026-08-10T09:40:41.665Z
2.J2N2,768,true,0,true,2026-08-10T07:05:43.008Z,1.12.6,1.9.0-DEV,428070c0f9ad,4.16.0,1.3.11,ctbllib-fs2-q5-findall,2397,449,2026-08-10T09:40:43.284Z
2.J2N3,432,true,0,true,2026-08-10T07:05:43.008Z,1.12.6,1.9.0-DEV,428070c0f9ad,4.16.0,1.3.11,ctbllib-fs2-q5-findall,2397,450,2026-08-10T09:40:43.836Z
2.L2(11),1320,false,0,true,2026-08-10T07:05:43.008Z,1.12.6,1.9.0-DEV,428070c0f9ad,4.16.0,1.3.11,ctbllib-fs2-q5-findall,2397,451,2026-08-10T09:40:45.443Z
2.L2(11).2,2640,false,0,true,2026-08-10T07:05:43.008Z,1.12.6,1.9.0-DEV,428070c0f9ad,4.16.0,1.3.11,ctbllib-fs2-q5-findall,2397,452,2026-08-10T09:40:45.61Z
2.L2(13),2184,false,0,true,2026-08-10T07:05:43.008Z,1.12.6,1.9.0-DEV,428070c0f9ad,4.16.0,1.3.11,ctbllib-fs2-q5-findall,2397,453,2026-08-10T09:40:46.092Z
2.L2(13).2,4368,false,0,true,2026-08-10T07:05:43.008Z,1.12.6,1.9.0-DEV,428070c0f9ad,4.16.0,1.3.11,ctbllib-fs2-q5-findall,2397,454,2026-08-10T09:40:46.466Z
2.L2(17),4896,false,0,true,2026-08-10T07:05:43.008Z,1.12.6,1.9.0-DEV,428070c0f9ad,4.16.0,1.3.11,ctbllib-fs2-q5-findall,2397,455,2026-08-10T09:40:47.234Z
2.L2(17).2,9792,false,0,true,2026-08-10T07:05:43.008Z,1.12.6,1.9.0-DEV,428070c0f9ad,4.16.0,1.3.11,ctbllib-fs2-q5-findall,2397,456,2026-08-10T09:40:48.343Z
2.L2(19),6840,false,0,true,2026-08-10T07:05:43.008Z,1.12.6,1.9.0-DEV,428070c0f9ad,4.16.0,1.3.11,ctbllib-fs2-q5-findall,2397,457,2026-08-10T09:40:49.291Z
2.L2(19).2,13680,false,0,true,2026-08-10T07:05:43.008Z,1.12.6,1.9.0-DEV,428070c0f9ad,4.16.0,1.3.11,ctbllib-fs2-q5-findall,2397,458,2026-08-10T09:40:50.214Z
2.L2(23),12144,false,0,true,2026-08-10T07:05:43.008Z,1.12.6,1.9.0-DEV,428070c0f9ad,4.16.0,1.3.11,ctbllib-fs2-q5-findall,2397,459,2026-08-10T09:40:52.131Z
2.L2(23).2,24288,false,0,true,2026-08-10T07:05:43.008Z,1.12.6,1.9.0-DEV,428070c0f9ad,4.16.0,1.3.11,ctbllib-fs2-q5-findall,2397,460,2026-08-10T09:40:53.743Z
2.L2(25),15600,false,0,true,2026-08-10T07:05:43.008Z,1.12.6,1.9.0-DEV,428070c0f9ad,4.16.0,1.3.11,ctbllib-fs2-q5-findall,2397,461,2026-08-10T09:40:54.841Z
2.L2(25).2_1,31200,false,0,true,2026-08-10T07:05:43.008Z,1.12.6,1.9.0-DEV,428070c0f9ad,4.16.0,1.3.11,ctbllib-fs2-q5-findall,2397,462,2026-08-10T09:40:56.898Z
2.L2(25).2_2,31200,false,0,true,2026-08-10T07:05:43.008Z,1.12.6,1.9.0-DEV,428070c0f9ad,4.16.0,1.3.11,ctbllib-fs2-q5-findall,2397,463,2026-08-10T09:40:57.875Z
2.L2(27),19656,false,0,true,2026-08-10T07:05:43.008Z,1.12.6,1.9.0-DEV,428070c0f9ad,4.16.0,1.3.11,ctbllib-fs2-q5-findall,2397,464,2026-08-10T09:41:00.297Z
2.L2(27).2,39312,false,0,true,2026-08-10T07:05:43.008Z,1.12.6,1.9.0-DEV,428070c0f9ad,4.16.0,1.3.11,ctbllib-fs2-q5-findall,2397,465,2026-08-10T09:41:03.161Z
2.L2(27).3,58968,false,0,true,2026-08-10T07:05:43.008Z,1.12.6,1.9.0-DEV,428070c0f9ad,4.16.0,1.3.11,ctbllib-fs2-q5-findall,2397,466,2026-08-10T09:41:03.927Z
2.L2(27).6,117936,false,0,true,2026-08-10T07:05:43.008Z,1.12.6,1.9.0-DEV,428070c0f9ad,4.16.0,1.3.11,ctbllib-fs2-q5-findall,2397,467,2026-08-10T09:41:05.413Z
2.L2(29),24360,false,0,true,2026-08-10T07:05:43.008Z,1.12.6,1.9.0-DEV,428070c0f9ad,4.16.0,1.3.11,ctbllib-fs2-q5-findall,2397,468,2026-08-10T09:41:08.39Z
2.L2(29).2,48720,false,0,true,2026-08-10T07:05:43.008Z,1.12.6,1.9.0-DEV,428070c0f9ad,4.16.0,1.3.11,ctbllib-fs2-q5-findall,2397,469,2026-08-10T09:41:10.166Z
2.L2(3),24,true,0,true,2026-08-10T07:05:43.008Z,1.12.6,1.9.0-DEV,428070c0f9ad,4.16.0,1.3.11,ctbllib-fs2-q5-findall,2397,470,2026-08-10T09:41:10.222Z
2.L2(31),29760,false,0,true,2026-08-10T07:05:43.008Z,1.12.6,1.9.0-DEV,428070c0f9ad,4.16.0,1.3.11,ctbllib-fs2-q5-findall,2397,471,2026-08-10T09:41:14.689Z
2.L2(31).2,59520,false,0,true,2026-08-10T07:05:43.008Z,1.12.6,1.9.0-DEV,428070c0f9ad,4.16.0,1.3.11,ctbllib-fs2-q5-findall,2397,472,2026-08-10T09:41:16.199Z
2.L2(49),117600,false,0,true,2026-08-10T07:05:43.008Z,1.12.6,1.9.0-DEV,428070c0f9ad,4.16.0,1.3.11,ctbllib-fs2-q5-findall,2397,473,2026-08-10T09:41:17.008Z
2.L2(49).2_1,235200,false,0,true,2026-08-10T07:05:43.008Z,1.12.6,1.9.0-DEV,428070c0f9ad,4.16.0,1.3.11,ctbllib-fs2-q5-findall,2397,474,2026-08-10T09:41:21.501Z
2.L2(49).2_2,235200,false,0,true,2026-08-10T07:05:43.008Z,1.12.6,1.9.0-DEV,428070c0f9ad,4.16.0,1.3.11,ctbllib-fs2-q5-findall,2397,475,2026-08-10T09:41:22.562Z
2.L2(81),531360,false,0,true,2026-08-10T07:05:43.008Z,1.12.6,1.9.0-DEV,428070c0f9ad,4.16.0,1.3.11,ctbllib-fs2-q5-findall,2397,476,2026-08-10T09:42:51.814Z
2.L2(81).2_1,1062720,false,0,true,2026-08-10T07:05:43.008Z,1.12.6,1.9.0-DEV,428070c0f9ad,4.16.0,1.3.11,ctbllib-fs2-q5-findall,2397,477,2026-08-10T09:43:27.687Z
2.L2(81).2_2,1062720,false,0,true,2026-08-10T07:05:43.008Z,1.12.6,1.9.0-DEV,428070c0f9ad,4.16.0,1.3.11,ctbllib-fs2-q5-findall,2397,478,2026-08-10T09:45:21.724Z
2.L2(81).4_1,2125440,false,0,true,2026-08-10T07:05:43.008Z,1.12.6,1.9.0-DEV,428070c0f9ad,4.16.0,1.3.11,ctbllib-fs2-q5-findall,2397,479,2026-08-10T09:45:38.867Z
2.L3(2),336,false,0,true,2026-08-10T07:05:43.008Z,1.12.6,1.9.0-DEV,428070c0f9ad,4.16.0,1.3.11,ctbllib-fs2-q5-findall,2397,480,2026-08-10T09:45:39.016Z
2.L3(2).2,672,false,0,true,2026-08-10T07:05:43.008Z,1.12.6,1.9.0-DEV,428070c0f9ad,4.16.0,1.3.11,ctbllib-fs2-q5-findall,2397,481,2026-08-10T09:45:39.106Z
2.L3(4),40320,false,0,true,2026-08-10T07:05:43.008Z,1.12.6,1.9.0-DEV,428070c0f9ad,4.16.0,1.3.11,ctbllib-fs2-q5-findall,2397,482,2026-08-10T09:45:39.537Z
2.L3(4).(2^2)_{1*2*3*},161280,false,0,true,2026-08-10T07:05:43.008Z,1.12.6,1.9.0-DEV,428070c0f9ad,4.16.0,1.3.11,ctbllib-fs2-q5-findall,2397,483,2026-08-10T09:45:39.863Z
2.L3(4).(2^2)_{1*2*3},161280,false,0,true,2026-08-10T07:05:43.008Z,1.12.6,1.9.0-DEV,428070c0f9ad,4.16.0,1.3.11,ctbllib-fs2-q5-findall,2397,484,2026-08-10T09:45:40.602Z
2.L3(4).(2^2)_{1*23*},161280,false,0,true,2026-08-10T07:05:43.008Z,1.12.6,1.9.0-DEV,428070c0f9ad,4.16.0,1.3.11,ctbllib-fs2-q5-findall,2397,485,2026-08-10T09:45:41.007Z
2.L3(4).(2^2)_{1*23},161280,false,0,true,2026-08-10T07:05:43.008Z,1.12.6,1.9.0-DEV,428070c0f9ad,4.16.0,1.3.11,ctbllib-fs2-q5-findall,2397,486,2026-08-10T09:45:41.842Z
2.L3(4).(2^2)_{12*3*},161280,false,0,true,2026-08-10T07:05:43.008Z,1.12.6,1.9.0-DEV,428070c0f9ad,4.16.0,1.3.11,ctbllib-fs2-q5-findall,2397,487,2026-08-10T09:45:42.237Z
2.L3(4).(2^2)_{12*3},161280,false,0,true,2026-08-10T07:05:43.008Z,1.12.6,1.9.0-DEV,428070c0f9ad,4.16.0,1.3.11,ctbllib-fs2-q5-findall,2397,488,2026-08-10T09:45:43.037Z
2.L3(4).(2^2)_{123*},161280,false,0,true,2026-08-10T07:05:43.008Z,1.12.6,1.9.0-DEV,428070c0f9ad,4.16.0,1.3.11,ctbllib-fs2-q5-findall,2397,489,2026-08-10T09:45:43.42Z
2.L3(4).(2^2)_{123},161280,false,0,true,2026-08-10T07:05:43.008Z,1.12.6,1.9.0-DEV,428070c0f9ad,4.16.0,1.3.11,ctbllib-fs2-q5-findall,2397,490,2026-08-10T09:45:44.344Z
2.L3(4).2_1,80640,false,0,true,2026-08-10T07:05:43.008Z,1.12.6,1.9.0-DEV,428070c0f9ad,4.16.0,1.3.11,ctbllib-fs2-q5-findall,2397,491,2026-08-10T09:45:44.547Z
2.L3(4).2_2,80640,false,0,true,2026-08-10T07:05:43.008Z,1.12.6,1.9.0-DEV,428070c0f9ad,4.16.0,1.3.11,ctbllib-fs2-q5-findall,2397,492,2026-08-10T09:45:45.533Z
2.L3(4).2_3,80640,false,0,true,2026-08-10T07:05:43.008Z,1.12.6,1.9.0-DEV,428070c0f9ad,4.16.0,1.3.11,ctbllib-fs2-q5-findall,2397,493,2026-08-10T09:45:45.757Z
2.L4(3),12130560,false,0,true,2026-08-10T07:05:43.008Z,1.12.6,1.9.0-DEV,428070c0f9ad,4.16.0,1.3.11,ctbllib-fs2-q5-findall,2397,494,2026-08-10T09:45:49.326Z
2.L4(3).2_1,24261120,false,0,true,2026-08-10T07:05:43.008Z,1.12.6,1.9.0-DEV,428070c0f9ad,4.16.0,1.3.11,ctbllib-fs2-q5-findall,2397,495,2026-08-10T09:45:52.538Z
2.L4(3).2_2,24261120,false,0,true,2026-08-10T07:05:43.008Z,1.12.6,1.9.0-DEV,428070c0f9ad,4.16.0,1.3.11,ctbllib-fs2-q5-findall,2397,496,2026-08-10T09:45:55.357Z
2.L4(3).2_3,24261120,false,0,true,2026-08-10T07:05:43.008Z,1.12.6,1.9.0-DEV,428070c0f9ad,4.16.0,1.3.11,ctbllib-fs2-q5-findall,2397,497,2026-08-10T09:45:56.888Z
2.L4(5),14508000000,false,0,true,2026-08-10T07:05:43.008Z,1.12.6,1.9.0-DEV,428070c0f9ad,4.16.0,1.3.11,ctbllib-fs2-q5-findall,2397,498,2026-08-10T09:46:47.903Z
2.M12,190080,false,0,true,2026-08-10T07:05:43.008Z,1.12.6,1.9.0-DEV,428070c0f9ad,4.16.0,1.3.11,ctbllib-fs2-q5-findall,2397,499,2026-08-10T09:46:48.543Z
2.M12.2,380160,false,0,true,2026-08-10T07:05:43.008Z,1.12.6,1.9.0-DEV,428070c0f9ad,4.16.0,1.3.11,ctbllib-fs2-q5-findall,2397,500,2026-08-10T09:46:48.874Z
2.M12M10,384,true,0,true,2026-08-10T07:05:43.008Z,1.12.6,1.9.0-DEV,428070c0f9ad,4.16.0,1.3.11,ctbllib-fs2-q5-findall,2397,501,2026-08-10T09:46:49.025Z
2.M12M8,480,false,0,true,2026-08-10T07:05:43.008Z,1.12.6,1.9.0-DEV,428070c0f9ad,4.16.0,1.3.11,ctbllib-fs2-q5-findall,2397,502,2026-08-10T09:46:49.507Z
2.M12M9,384,true,0,true,2026-08-10T07:05:43.008Z,1.12.6,1.9.0-DEV,428070c0f9ad,4.16.0,1.3.11,ctbllib-fs2-q5-findall,2397,503,2026-08-10T09:46:49.664Z
2.M12N2,128,true,0,true,2026-08-10T07:05:43.008Z,1.12.6,1.9.0-DEV,428070c0f9ad,4.16.0,1.3.11,ctbllib-fs2-q5-findall,2397,504,2026-08-10T09:46:50.111Z
2.M12N5,80,true,0,true,2026-08-10T07:05:43.008Z,1.12.6,1.9.0-DEV,428070c0f9ad,4.16.0,1.3.11,ctbllib-fs2-q5-findall,2397,505,2026-08-10T09:46:50.574Z
2.M22,887040,false,0,true,2026-08-10T07:05:43.008Z,1.12.6,1.9.0-DEV,428070c0f9ad,4.16.0,1.3.11,ctbllib-fs2-q5-findall,2397,506,2026-08-10T09:46:51.086Z
2.M22.2,1774080,false,0,true,2026-08-10T07:05:43.008Z,1.12.6,1.9.0-DEV,428070c0f9ad,4.16.0,1.3.11,ctbllib-fs2-q5-findall,2397,507,2026-08-10T09:46:52.249Z
2.M22M5,3840,false,0,true,2026-08-10T07:05:43.008Z,1.12.6,1.9.0-DEV,428070c0f9ad,4.16.0,1.3.11,ctbllib-fs2-q5-findall,2397,508,2026-08-10T09:46:53.943Z
2.M22N2,256,true,0,true,2026-08-10T07:05:43.008Z,1.12.6,1.9.0-DEV,428070c0f9ad,4.16.0,1.3.11,ctbllib-fs2-q5-findall,2397,509,2026-08-10T09:46:54.51Z
2.O10-(3),1300169930519332454400,false,0,true,2026-08-10T07:05:43.008Z,1.12.6,1.9.0-DEV,428070c0f9ad,4.16.0,1.3.11,ctbllib-fs2-q5-findall,2397,510,2026-08-10T09:52:44.751Z
2.O7(3),9170703360,false,0,true,2026-08-10T07:05:43.008Z,1.12.6,1.9.0-DEV,428070c0f9ad,4.16.0,1.3.11,ctbllib-fs2-q5-findall,2397,511,2026-08-10T09:52:49.621Z
2.O7(3).2,18341406720,false,0,true,2026-08-10T07:05:43.008Z,1.12.6,1.9.0-DEV,428070c0f9ad,4.16.0,1.3.11,ctbllib-fs2-q5-findall,2397,512,2026-08-10T09:53:04.048Z
2.O7(3)M9,2519424,true,0,true,2026-08-10T07:05:43.008Z,1.12.6,1.9.0-DEV,428070c0f9ad,4.16.0,1.3.11,ctbllib-fs2-q5-findall,2397,513,2026-08-10T09:53:16.005Z
2.O8+(2),348364800,false,0,true,2026-08-10T07:05:43.008Z,1.12.6,1.9.0-DEV,428070c0f9ad,4.16.0,1.3.11,ctbllib-fs2-q5-findall,2397,514,2026-08-10T09:53:20.289Z
2.O8+(2).2,696729600,false,0,true,2026-08-10T07:05:43.008Z,1.12.6,1.9.0-DEV,428070c0f9ad,4.16.0,1.3.11,ctbllib-fs2-q5-findall,2397,515,2026-08-10T09:53:29.821Z
2.O8+(3),9904359628800,false,0,true,2026-08-10T07:05:43.008Z,1.12.6,1.9.0-DEV,428070c0f9ad,4.16.0,1.3.11,ctbllib-fs2-q5-findall,2397,516,2026-08-10T09:53:56.172Z
2.O8+(7),225109982355597803520000,false,0,true,2026-08-10T07:05:43.008Z,1.12.6,1.9.0-DEV,428070c0f9ad,4.16.0,1.3.11,ctbllib-fs2-q5-findall,2397,517,2026-08-10T14:41:45.855Z
2.O8-(3),20303937239040,false,0,true,2026-08-10T07:05:43.008Z,1.12.6,1.9.0-DEV,428070c0f9ad,4.16.0,1.3.11,ctbllib-fs2-q5-findall,2397,518,2026-08-10T14:42:38.254Z
2.O9(3),131569513308979200,false,0,true,2026-08-10T07:05:43.008Z,1.12.6,1.9.0-DEV,428070c0f9ad,4.16.0,1.3.11,ctbllib-fs2-q5-findall,2397,519,2026-08-10T14:43:54.356Z
2.Ru,291852288000,false,0,true,2026-08-10T07:05:43.008Z,1.12.6,1.9.0-DEV,428070c0f9ad,4.16.0,1.3.11,ctbllib-fs2-q5-findall,2397,520,2026-08-10T14:43:59.284Z
2.RuM1,71884800,false,0,true,2026-08-10T07:05:43.008Z,1.12.6,1.9.0-DEV,428070c0f9ad,4.16.0,1.3.11,ctbllib-fs2-q5-findall,2397,521,2026-08-10T14:44:01.242Z
2.RuN2,32768,true,0,true,2026-08-10T07:05:43.008Z,1.12.6,1.9.0-DEV,428070c0f9ad,4.16.0,1.3.11,ctbllib-fs2-q5-findall,2397,522,2026-08-10T14:44:07.976Z
2.S3,12,true,0,true,2026-08-10T07:05:43.008Z,1.12.6,1.9.0-DEV,428070c0f9ad,4.16.0,1.3.11,ctbllib-fs2-q5-findall,2397,523,2026-08-10T14:44:08.019Z
2.S4,48,true,0,true,2026-08-10T07:05:43.008Z,1.12.6,1.9.0-DEV,428070c0f9ad,4.16.0,1.3.11,ctbllib-fs2-q5-findall,2397,524,2026-08-10T14:44:08.06Z
2.S4(5),9360000,false,0,true,2026-08-10T07:05:43.008Z,1.12.6,1.9.0-DEV,428070c0f9ad,4.16.0,1.3.11,ctbllib-fs2-q5-findall,2397,525,2026-08-10T14:44:09.655Z
2.S4(5).2,18720000,false,0,true,2026-08-10T07:05:43.008Z,1.12.6,1.9.0-DEV,428070c0f9ad,4.16.0,1.3.11,ctbllib-fs2-q5-findall,2397,526,2026-08-10T14:44:24.656Z
2.S4x2.S4,2304,true,0,true,2026-08-10T07:05:43.008Z,1.12.6,1.9.0-DEV,428070c0f9ad,4.16.0,1.3.11,ctbllib-fs2-q5-findall,2397,527,2026-08-10T14:44:25.983Z
2.S6(2),2903040,false,0,true,2026-08-10T07:05:43.008Z,1.12.6,1.9.0-DEV,428070c0f9ad,4.16.0,1.3.11,ctbllib-fs2-q5-findall,2397,528,2026-08-10T14:44:38.587Z
2.S6(3),9170703360,false,0,true,2026-08-10T07:05:43.008Z,1.12.6,1.9.0-DEV,428070c0f9ad,4.16.0,1.3.11,ctbllib-fs2-q5-findall,2397,529,2026-08-10T14:45:01.003Z
2.S6(3).2,18341406720,false,0,true,2026-08-10T07:05:43.008Z,1.12.6,1.9.0-DEV,428070c0f9ad,4.16.0,1.3.11,ctbllib-fs2-q5-findall,2397,530,2026-08-10T14:45:17.564Z
2.Suz,896690995200,false,0,true,2026-08-10T07:05:43.008Z,1.12.6,1.9.0-DEV,428070c0f9ad,4.16.0,1.3.11,ctbllib-fs2-q5-findall,2397,531,2026-08-10T14:45:22.552Z
2.Suz.2,1793381990400,false,0,true,2026-08-10T07:05:43.008Z,1.12.6,1.9.0-DEV,428070c0f9ad,4.16.0,1.3.11,ctbllib-fs2-q5-findall,2397,532,2026-08-10T14:45:28.567Z
2.SuzM11,279936,true,0,true,2026-08-10T07:05:43.008Z,1.12.6,1.9.0-DEV,428070c0f9ad,4.16.0,1.3.11,ctbllib-fs2-q5-findall,2397,533,2026-08-10T14:45:34.48Z
2.SuzM4,6635520,false,0,true,2026-08-10T07:05:43.008Z,1.12.6,1.9.0-DEV,428070c0f9ad,4.16.0,1.3.11,ctbllib-fs2-q5-findall,2397,534,2026-08-10T14:45:42.865Z
2.SuzM7,2211840,false,0,true,2026-08-10T07:05:43.008Z,1.12.6,1.9.0-DEV,428070c0f9ad,4.16.0,1.3.11,ctbllib-fs2-q5-findall,2397,535,2026-08-10T14:45:46.244Z
2.SuzM9,737280,false,0,true,2026-08-10T07:05:43.008Z,1.12.6,1.9.0-DEV,428070c0f9ad,4.16.0,1.3.11,ctbllib-fs2-q5-findall,2397,536,2026-08-10T14:45:49.948Z
2.SuzN2,49152,true,0,true,2026-08-10T07:05:43.008Z,1.12.6,1.9.0-DEV,428070c0f9ad,4.16.0,1.3.11,ctbllib-fs2-q5-findall,2397,537,2026-08-10T14:46:01.966Z
2.Sym(15),2615348736000,false,0,true,2026-08-10T07:05:43.008Z,1.12.6,1.9.0-DEV,428070c0f9ad,4.16.0,1.3.11,ctbllib-fs2-q5-findall,2397,538,2026-08-10T14:46:33.221Z
2.Sym(16),41845579776000,false,0,true,2026-08-10T07:05:43.008Z,1.12.6,1.9.0-DEV,428070c0f9ad,4.16.0,1.3.11,ctbllib-fs2-q5-findall,2397,539,2026-08-10T14:47:28.996Z
2.Sym(17),711374856192000,false,0,true,2026-08-10T07:05:43.008Z,1.12.6,1.9.0-DEV,428070c0f9ad,4.16.0,1.3.11,ctbllib-fs2-q5-findall,2397,540,2026-08-10T14:48:58.945Z
2.Sym(18),12804747411456000,false,0,true,2026-08-10T07:05:43.008Z,1.12.6,1.9.0-DEV,428070c0f9ad,4.16.0,1.3.11,ctbllib-fs2-q5-findall,2397,541,2026-08-10T14:51:38.094Z
2.Sym(19),243290200817664000,false,0,true,2026-08-10T07:05:43.008Z,1.12.6,1.9.0-DEV,428070c0f9ad,4.16.0,1.3.11,ctbllib-fs2-q5-findall,2397,542,2026-08-10T14:56:15.187Z
2.Symm(4),48,true,0,true,2026-08-10T07:05:43.008Z,1.12.6,1.9.0-DEV,428070c0f9ad,4.16.0,1.3.11,ctbllib-fs2-q5-findall,2397,543,2026-08-10T14:56:15.242Z
2.Sz(8),58240,false,0,true,2026-08-10T07:05:43.008Z,1.12.6,1.9.0-DEV,428070c0f9ad,4.16.0,1.3.11,ctbllib-fs2-q5-findall,2397,544,2026-08-10T14:56:15.872Z
2.U4(2),51840,false,0,true,2026-08-10T07:05:43.008Z,1.12.6,1.9.0-DEV,428070c0f9ad,4.16.0,1.3.11,ctbllib-fs2-q5-findall,2397,545,2026-08-10T14:56:16.479Z
2.U4(2).2,103680,false,0,true,2026-08-10T07:05:43.008Z,1.12.6,1.9.0-DEV,428070c0f9ad,4.16.0,1.3.11,ctbllib-fs2-q5-findall,2397,546,2026-08-10T14:56:16.931Z
2.U4(2)N2,384,true,0,true,2026-08-10T07:05:43.008Z,1.12.6,1.9.0-DEV,428070c0f9ad,4.16.0,1.3.11,ctbllib-fs2-q5-findall,2397,547,2026-08-10T14:56:17.452Z
2.U4(3),6531840,false,0,true,2026-08-10T07:05:43.008Z,1.12.6,1.9.0-DEV,428070c0f9ad,4.16.0,1.3.11,ctbllib-fs2-q5-findall,2397,548,2026-08-10T14:56:18.42Z
2.U4(3).(2^2)_{1*2*2*},26127360,false,0,true,2026-08-10T07:05:43.008Z,1.12.6,1.9.0-DEV,428070c0f9ad,4.16.0,1.3.11,ctbllib-fs2-q5-findall,2397,549,2026-08-10T14:56:26.919Z
2.U4(3).(2^2)_{1*2*2},26127360,false,0,true,2026-08-10T07:05:43.008Z,1.12.6,1.9.0-DEV,428070c0f9ad,4.16.0,1.3.11,ctbllib-fs2-q5-findall,2397,550,2026-08-10T14:56:29.203Z
2.U4(3).(2^2)_{1*22},26127360,false,0,true,2026-08-10T07:05:43.008Z,1.12.6,1.9.0-DEV,428070c0f9ad,4.16.0,1.3.11,ctbllib-fs2-q5-findall,2397,551,2026-08-10T14:56:37.648Z
2.U4(3).(2^2)_{1*3*3*},26127360,false,0,true,2026-08-10T07:05:43.008Z,1.12.6,1.9.0-DEV,428070c0f9ad,4.16.0,1.3.11,ctbllib-fs2-q5-findall,2397,552,2026-08-10T14:56:39.054Z
2.U4(3).(2^2)_{1*3*3},26127360,false,0,true,2026-08-10T07:05:43.008Z,1.12.6,1.9.0-DEV,428070c0f9ad,4.16.0,1.3.11,ctbllib-fs2-q5-findall,2397,553,2026-08-10T14:56:42.263Z
2.U4(3).(2^2)_{1*33},26127360,false,0,true,2026-08-10T07:05:43.008Z,1.12.6,1.9.0-DEV,428070c0f9ad,4.16.0,1.3.11,ctbllib-fs2-q5-findall,2397,554,2026-08-10T14:56:45.351Z
2.U4(3).(2^2)_{12*2*},26127360,false,0,true,2026-08-10T07:05:43.008Z,1.12.6,1.9.0-DEV,428070c0f9ad,4.16.0,1.3.11,ctbllib-fs2-q5-findall,2397,555,2026-08-10T14:56:50.413Z
2.U4(3).(2^2)_{12*2},26127360,false,0,true,2026-08-10T07:05:43.008Z,1.12.6,1.9.0-DEV,428070c0f9ad,4.16.0,1.3.11,ctbllib-fs2-q5-findall,2397,556,2026-08-10T14:56:58.1Z
2.U4(3).(2^2)_{122},26127360,false,0,true,2026-08-10T07:05:43.008Z,1.12.6,1.9.0-DEV,428070c0f9ad,4.16.0,1.3.11,ctbllib-fs2-q5-findall,2397,557,2026-08-10T14:57:03.107Z
2.U4(3).(2^2)_{13*3*},26127360,false,0,true,2026-08-10T07:05:43.008Z,1.12.6,1.9.0-DEV,428070c0f9ad,4.16.0,1.3.11,ctbllib-fs2-q5-findall,2397,558,2026-08-10T14:57:05.275Z
2.U4(3).(2^2)_{13*3},26127360,false,0,true,2026-08-10T07:05:43.008Z,1.12.6,1.9.0-DEV,428070c0f9ad,4.16.0,1.3.11,ctbllib-fs2-q5-findall,2397,559,2026-08-10T14:57:07.677Z
2.U4(3).(2^2)_{133},26127360,false,0,true,2026-08-10T07:05:43.008Z,1.12.6,1.9.0-DEV,428070c0f9ad,4.16.0,1.3.11,ctbllib-fs2-q5-findall,2397,560,2026-08-10T14:57:12.942Z
2.U4(3).2_1,13063680,false,0,true,2026-08-10T07:05:43.008Z,1.12.6,1.9.0-DEV,428070c0f9ad,4.16.0,1.3.11,ctbllib-fs2-q5-findall,2397,561,2026-08-10T14:57:14.318Z
2.U4(3).2_2,13063680,false,0,true,2026-08-10T07:05:43.008Z,1.12.6,1.9.0-DEV,428070c0f9ad,4.16.0,1.3.11,ctbllib-fs2-q5-findall,2397,562,2026-08-10T14:57:17.343Z
2.U4(3).2_3,13063680,false,0,true,2026-08-10T07:05:43.008Z,1.12.6,1.9.0-DEV,428070c0f9ad,4.16.0,1.3.11,ctbllib-fs2-q5-findall,2397,563,2026-08-10T14:57:19.13Z
2.U4(3).4,26127360,false,0,true,2026-08-10T07:05:43.008Z,1.12.6,1.9.0-DEV,428070c0f9ad,4.16.0,1.3.11,ctbllib-fs2-q5-findall,2397,564,2026-08-10T14:57:23.052Z
2.U4(3).D8,52254720,false,0,true,2026-08-10T07:05:43.008Z,1.12.6,1.9.0-DEV,428070c0f9ad,4.16.0,1.3.11,ctbllib-fs2-q5-findall,2397,565,2026-08-10T14:57:28.923Z
2.U6(2),18393661440,false,0,true,2026-08-10T07:05:43.008Z,1.12.6,1.9.0-DEV,428070c0f9ad,4.16.0,1.3.11,ctbllib-fs2-q5-findall,2397,566,2026-08-10T14:57:33.788Z
2.U6(2).2,36787322880,false,0,true,2026-08-10T07:05:43.008Z,1.12.6,1.9.0-DEV,428070c0f9ad,4.16.0,1.3.11,ctbllib-fs2-q5-findall,2397,567,2026-08-10T14:57:41.805Z
2.U6(2)M3,20643840,false,0,true,2026-08-10T07:05:43.008Z,1.12.6,1.9.0-DEV,428070c0f9ad,4.16.0,1.3.11,ctbllib-fs2-q5-findall,2397,568,2026-08-10T14:57:44.084Z
2.[2^6].(2xS3),1536,true,0,true,2026-08-10T07:05:43.008Z,1.12.6,1.9.0-DEV,428070c0f9ad,4.16.0,1.3.11,ctbllib-fs2-q5-findall,2397,569,2026-08-10T14:57:46.398Z
2.[2^6]:(S3xS3),4608,true,0,true,2026-08-10T07:05:43.008Z,1.12.6,1.9.0-DEV,428070c0f9ad,4.16.0,1.3.11,ctbllib-fs2-q5-findall,2397,570,2026-08-10T14:57:47.101Z
2.[2^9]:5:4,20480,true,0,true,2026-08-10T07:05:43.008Z,1.12.6,1.9.0-DEV,428070c0f9ad,4.16.0,1.3.11,ctbllib-fs2-q5-findall,2397,571,2026-08-10T14:57:50.025Z
23:11,253,true,0,true,2026-08-10T07:05:43.008Z,1.12.6,1.9.0-DEV,428070c0f9ad,4.16.0,1.3.11,ctbllib-fs2-q5-findall,2397,572,2026-08-10T14:57:50.673Z
23:22,506,true,0,true,2026-08-10T07:05:43.008Z,1.12.6,1.9.0-DEV,428070c0f9ad,4.16.0,1.3.11,ctbllib-fs2-q5-findall,2397,573,2026-08-10T14:57:51.386Z
25:4,100,true,0,true,2026-08-10T07:05:43.008Z,1.12.6,1.9.0-DEV,428070c0f9ad,4.16.0,1.3.11,ctbllib-fs2-q5-findall,2397,574,2026-08-10T14:57:51.436Z
29:14,406,true,0,true,2026-08-10T07:05:43.008Z,1.12.6,1.9.0-DEV,428070c0f9ad,4.16.0,1.3.11,ctbllib-fs2-q5-findall,2397,575,2026-08-10T14:57:52.642Z
2A4xA5,1440,false,0,true,2026-08-10T07:05:43.008Z,1.12.6,1.9.0-DEV,428070c0f9ad,4.16.0,1.3.11,ctbllib-fs2-q5-findall,2397,576,2026-08-10T14:57:54.085Z
2A5xD10,1200,false,0,true,2026-08-10T07:05:43.008Z,1.12.6,1.9.0-DEV,428070c0f9ad,4.16.0,1.3.11,ctbllib-fs2-q5-findall,2397,577,2026-08-10T14:57:54.551Z
2E6(2),76532479683774853939200,false,0,true,2026-08-10T07:05:43.008Z,1.12.6,1.9.0-DEV,428070c0f9ad,4.16.0,1.3.11,ctbllib-fs2-q5-findall,2397,578,2026-08-10T14:58:06.225Z
2E6(2).2,153064959367549707878400,false,0,true,2026-08-10T07:05:43.008Z,1.12.6,1.9.0-DEV,428070c0f9ad,4.16.0,1.3.11,ctbllib-fs2-q5-findall,2397,579,2026-08-10T14:58:30.9Z
2E6(2).2N3C,40310784,true,0,true,2026-08-10T07:05:43.008Z,1.12.6,1.9.0-DEV,428070c0f9ad,4.16.0,1.3.11,ctbllib-fs2-q5-findall,2397,580,2026-08-10T14:58:45.413Z
2E6(2).3,229597439051324561817600,false,0,true,2026-08-10T07:05:43.008Z,1.12.6,1.9.0-DEV,428070c0f9ad,4.16.0,1.3.11,ctbllib-fs2-q5-findall,2397,581,2026-08-10T15:00:38.773Z
2E6(2).3.2,459194878102649123635200,false,0,true,2026-08-10T07:05:43.008Z,1.12.6,1.9.0-DEV,428070c0f9ad,4.16.0,1.3.11,ctbllib-fs2-q5-findall,2397,582,2026-08-10T15:01:31.412Z
2E6(2)N3C,20155392,true,0,true,2026-08-10T07:05:43.008Z,1.12.6,1.9.0-DEV,428070c0f9ad,4.16.0,1.3.11,ctbllib-fs2-q5-findall,2397,583,2026-08-10T15:01:38.664Z
2F4(2)',17971200,false,0,true,2026-08-10T07:05:43.008Z,1.12.6,1.9.0-DEV,428070c0f9ad,4.16.0,1.3.11,ctbllib-fs2-q5-findall,2397,584,2026-08-10T15:01:38.997Z
2F4(2)'.2,35942400,false,0,true,2026-08-10T07:05:43.008Z,1.12.6,1.9.0-DEV,428070c0f9ad,4.16.0,1.3.11,ctbllib-fs2-q5-findall,2397,585,2026-08-10T15:01:40.337Z
2F4(2)'.2N2,4096,true,0,true,2026-08-10T07:05:43.008Z,1.12.6,1.9.0-DEV,428070c0f9ad,4.16.0,1.3.11,ctbllib-fs2-q5-findall,2397,586,2026-08-10T15:01:41.697Z
2F4(2)'N2,2048,true,0,true,2026-08-10T07:05:43.008Z,1.12.6,1.9.0-DEV,428070c0f9ad,4.16.0,1.3.11,ctbllib-fs2-q5-findall,2397,587,2026-08-10T15:01:43.121Z
2F4(2)x2,71884800,false,0,true,2026-08-10T07:05:43.008Z,1.12.6,1.9.0-DEV,428070c0f9ad,4.16.0,1.3.11,ctbllib-fs2-q5-findall,2397,588,2026-08-10T15:01:46.719Z
2F4(8),264905352699586176614400,false,0,true,2026-08-10T07:05:43.008Z,1.12.6,1.9.0-DEV,428070c0f9ad,4.16.0,1.3.11,ctbllib-fs2-q5-findall,2397,589,2026-08-10T15:07:11.275Z
2S5.2,480,false,0,true,2026-08-10T07:05:43.008Z,1.12.6,1.9.0-DEV,428070c0f9ad,4.16.0,1.3.11,ctbllib-fs2-q5-findall,2397,590,2026-08-10T15:07:11.671Z
2^(1+1+2+2):S3,384,true,0,true,2026-08-10T07:05:43.008Z,1.12.6,1.9.0-DEV,428070c0f9ad,4.16.0,1.3.11,ctbllib-fs2-q5-findall,2397,591,2026-08-10T15:07:11.84Z
2^(1+1+2+4).(2x2^(2+4).S3^2),1179648,true,0,true,2026-08-10T07:05:43.008Z,1.12.6,1.9.0-DEV,428070c0f9ad,4.16.0,1.3.11,ctbllib-fs2-q5-findall,2397,592,2026-08-10T15:07:55.273Z
2^(1+1+3+3).(2x2^(3+3).L3(2)),5505024,false,0,true,2026-08-10T07:05:43.008Z,1.12.6,1.9.0-DEV,428070c0f9ad,4.16.0,1.3.11,ctbllib-fs2-q5-findall,2397,593,2026-08-10T15:08:10.404Z
2^(1+12).3_1.U4(3).2_2',160526499840,false,0,true,2026-08-10T07:05:43.008Z,1.12.6,1.9.0-DEV,428070c0f9ad,4.16.0,1.3.11,ctbllib-fs2-q5-findall,2397,594,2026-08-10T15:08:29.06Z
2^(1+12)_+.3_1.U4(3).2^2_{122},321052999680,false,0,true,2026-08-10T07:05:43.008Z,1.12.6,1.9.0-DEV,428070c0f9ad,4.16.0,1.3.11,ctbllib-fs2-q5-findall,2397,595,2026-08-10T15:09:19.562Z
2^(1+22).Co2,354883595661213696000,false,0,true,2026-08-10T07:05:43.008Z,1.12.6,1.9.0-DEV,428070c0f9ad,4.16.0,1.3.11,ctbllib-fs2-q5-findall,2397,596,2026-08-10T15:11:53.776Z
2^(1+3):L3(2),2688,false,0,true,2026-08-10T07:05:43.008Z,1.12.6,1.9.0-DEV,428070c0f9ad,4.16.0,1.3.11,ctbllib-fs2-q5-findall,2397,597,2026-08-10T15:11:58.18Z
2^(1+4)+.(S3xS3),1152,true,0,true,2026-08-10T07:05:43.008Z,1.12.6,1.9.0-DEV,428070c0f9ad,4.16.0,1.3.11,ctbllib-fs2-q5-findall,2397,598,2026-08-10T15:11:58.405Z
2^(1+4)+:3^2.2,576,true,0,true,2026-08-10T07:05:43.008Z,1.12.6,1.9.0-DEV,428070c0f9ad,4.16.0,1.3.11,ctbllib-fs2-q5-findall,2397,599,2026-08-10T15:11:58.574Z
2^(1+4).S3,192,true,0,true,2026-08-10T07:05:43.008Z,1.12.6,1.9.0-DEV,428070c0f9ad,4.16.0,1.3.11,ctbllib-fs2-q5-findall,2397,600,2026-08-10T15:11:58.774Z
2^(1+4).S3^2,1152,true,0,true,2026-08-10T07:05:43.008Z,1.12.6,1.9.0-DEV,428070c0f9ad,4.16.0,1.3.11,ctbllib-fs2-q5-findall,2397,601,2026-08-10T15:11:59.389Z
2^(1+4).S5,3840,false,0,true,2026-08-10T07:05:43.008Z,1.12.6,1.9.0-DEV,428070c0f9ad,4.16.0,1.3.11,ctbllib-fs2-q5-findall,2397,602,2026-08-10T15:11:59.605Z
2^(1+4)_+.(S3x3^2:2),3456,true,0,true,2026-08-10T07:05:43.008Z,1.12.6,1.9.0-DEV,428070c0f9ad,4.16.0,1.3.11,ctbllib-fs2-q5-findall,2397,603,2026-08-10T15:12:00.712Z
2^(1+5+8).(S3xA6),35389440,false,0,true,2026-08-10T07:05:43.008Z,1.12.6,1.9.0-DEV,428070c0f9ad,4.16.0,1.3.11,ctbllib-fs2-q5-findall,2397,604,2026-08-10T15:12:16.228Z
2^(1+6).3^(1+2).2S4,165888,true,0,true,2026-08-10T07:05:43.008Z,1.12.6,1.9.0-DEV,428070c0f9ad,4.16.0,1.3.11,ctbllib-fs2-q5-findall,2397,605,2026-08-10T15:12:17.406Z
2^(1+6)_+.A8,2580480,false,0,true,2026-08-10T07:05:43.008Z,1.12.6,1.9.0-DEV,428070c0f9ad,4.16.0,1.3.11,ctbllib-fs2-q5-findall,2397,606,2026-08-10T15:12:20.751Z
2^(1+6)_+.L3(2).2,43008,false,0,true,2026-08-10T07:05:43.008Z,1.12.6,1.9.0-DEV,428070c0f9ad,4.16.0,1.3.11,ctbllib-fs2-q5-findall,2397,607,2026-08-10T15:12:21.191Z
2^(1+6)_+:3A7,967680,false,0,true,2026-08-10T07:05:43.008Z,1.12.6,1.9.0-DEV,428070c0f9ad,4.16.0,1.3.11,ctbllib-fs2-q5-findall,2397,608,2026-08-10T15:12:31.579Z
2^(1+6)_+:A7,322560,false,0,true,2026-08-10T07:05:43.008Z,1.12.6,1.9.0-DEV,428070c0f9ad,4.16.0,1.3.11,ctbllib-fs2-q5-findall,2397,609,2026-08-10T15:12:32.255Z
2^(1+6)_+:S5,15360,false,0,true,2026-08-10T07:05:43.008Z,1.12.6,1.9.0-DEV,428070c0f9ad,4.16.0,1.3.11,ctbllib-fs2-q5-findall,2397,610,2026-08-10T15:12:33.764Z
2^(1+6)_-.2^4.A5,122880,false,0,true,2026-08-10T07:05:43.008Z,1.12.6,1.9.0-DEV,428070c0f9ad,4.16.0,1.3.11,ctbllib-fs2-q5-findall,2397,611,2026-08-10T15:12:36.128Z
2^(1+6)_-.3^3.S4,82944,true,0,true,2026-08-10T07:05:43.008Z,1.12.6,1.9.0-DEV,428070c0f9ad,4.16.0,1.3.11,ctbllib-fs2-q5-findall,2397,612,2026-08-10T15:12:38.034Z
2^(1+6)_-.U4(2).2,6635520,false,0,true,2026-08-10T07:05:43.008Z,1.12.6,1.9.0-DEV,428070c0f9ad,4.16.0,1.3.11,ctbllib-fs2-q5-findall,2397,613,2026-08-10T15:12:41.963Z
2^(1+6)_-3.3.3^2:2,20736,true,0,true,2026-08-10T07:05:43.008Z,1.12.6,1.9.0-DEV,428070c0f9ad,4.16.0,1.3.11,ctbllib-fs2-q5-findall,2397,614,2026-08-10T15:12:42.569Z
2^(1+8)+.O8+(2),89181388800,false,0,true,2026-08-10T07:05:43.008Z,1.12.6,1.9.0-DEV,428070c0f9ad,4.16.0,1.3.11,ctbllib-fs2-q5-findall,2397,615,2026-08-10T15:12:57.275Z
2^(1+8)+:L2(8),258048,false,0,true,2026-08-10T07:05:43.008Z,1.12.6,1.9.0-DEV,428070c0f9ad,4.16.0,1.3.11,ctbllib-fs2-q5-findall,2397,616,2026-08-10T15:12:59.346Z
2^(1+8).(A5xA5).2,3686400,false,0,true,2026-08-10T07:05:43.008Z,1.12.6,1.9.0-DEV,428070c0f9ad,4.16.0,1.3.11,ctbllib-fs2-q5-findall,2397,617,2026-08-10T15:13:00.392Z
2^(1+8).2^(1+4).S3,98304,true,0,true,2026-08-10T07:05:43.008Z,1.12.6,1.9.0-DEV,428070c0f9ad,4.16.0,1.3.11,ctbllib-fs2-q5-findall,2397,618,2026-08-10T15:13:05.716Z
2^(1+8).2^2.(3xA5).2,737280,false,0,true,2026-08-10T07:05:43.008Z,1.12.6,1.9.0-DEV,428070c0f9ad,4.16.0,1.3.11,ctbllib-fs2-q5-findall,2397,619,2026-08-10T15:13:06.675Z
2^(1+8).2^2.S3^2,73728,true,0,true,2026-08-10T07:05:43.008Z,1.12.6,1.9.0-DEV,428070c0f9ad,4.16.0,1.3.11,ctbllib-fs2-q5-findall,2397,620,2026-08-10T15:13:09.042Z
2^(1+8).2^3.2^2.S3,98304,true,0,true,2026-08-10T07:05:43.008Z,1.12.6,1.9.0-DEV,428070c0f9ad,4.16.0,1.3.11,ctbllib-fs2-q5-findall,2397,621,2026-08-10T15:13:11.901Z
2^(1+8).2^4.2.S3,98304,true,0,true,2026-08-10T07:05:43.008Z,1.12.6,1.9.0-DEV,428070c0f9ad,4.16.0,1.3.11,ctbllib-fs2-q5-findall,2397,622,2026-08-10T15:13:15.792Z
2^(1+8).2^4.S3^2,294912,true,0,true,2026-08-10T07:05:43.008Z,1.12.6,1.9.0-DEV,428070c0f9ad,4.16.0,1.3.11,ctbllib-fs2-q5-findall,2397,623,2026-08-10T15:13:18.499Z
2^(1+8).D8.S3,24576,true,0,true,2026-08-10T07:05:43.008Z,1.12.6,1.9.0-DEV,428070c0f9ad,4.16.0,1.3.11,ctbllib-fs2-q5-findall,2397,624,2026-08-10T15:13:21.933Z
2^(1+8):S8,20643840,false,0,true,2026-08-10T07:05:43.008Z,1.12.6,1.9.0-DEV,428070c0f9ad,4.16.0,1.3.11,ctbllib-fs2-q5-findall,2397,625,2026-08-10T15:13:25.798Z
2^(1+8)_+.(2xA5),61440,false,0,true,2026-08-10T07:05:43.008Z,1.12.6,1.9.0-DEV,428070c0f9ad,4.16.0,1.3.11,ctbllib-fs2-q5-findall,2397,626,2026-08-10T15:13:27.279Z
2^(1+8)_+.(A4xA4).2,147456,true,0,true,2026-08-10T07:05:43.008Z,1.12.6,1.9.0-DEV,428070c0f9ad,4.16.0,1.3.11,ctbllib-fs2-q5-findall,2397,627,2026-08-10T15:13:29.981Z
2^(1+8)_+.(A4xA5),368640,false,0,true,2026-08-10T07:05:43.008Z,1.12.6,1.9.0-DEV,428070c0f9ad,4.16.0,1.3.11,ctbllib-fs2-q5-findall,2397,628,2026-08-10T15:13:31.895Z
2^(1+8)_+.(A5xA5).2^2,7372800,false,0,true,2026-08-10T07:05:43.008Z,1.12.6,1.9.0-DEV,428070c0f9ad,4.16.0,1.3.11,ctbllib-fs2-q5-findall,2397,629,2026-08-10T15:13:35.3Z
2^(1+8)_+.2^2.2^2.2^4.S3,786432,true,0,true,2026-08-10T07:05:43.008Z,1.12.6,1.9.0-DEV,428070c0f9ad,4.16.0,1.3.11,ctbllib-fs2-q5-findall,2397,630,2026-08-10T15:14:18.29Z
2^(1+8)_+.2^3.2^2.2^3.S3,786432,true,0,true,2026-08-10T07:05:43.008Z,1.12.6,1.9.0-DEV,428070c0f9ad,4.16.0,1.3.11,ctbllib-fs2-q5-findall,2397,631,2026-08-10T15:15:04.179Z
2^(1+8)_+.2^3.2^5.S3,786432,true,0,true,2026-08-10T07:05:43.008Z,1.12.6,1.9.0-DEV,428070c0f9ad,4.16.0,1.3.11,ctbllib-fs2-q5-findall,2397,632,2026-08-10T15:15:47.722Z
2^(1+8)_+.2^5.S4(2),11796480,false,0,true,2026-08-10T07:05:43.008Z,1.12.6,1.9.0-DEV,428070c0f9ad,4.16.0,1.3.11,ctbllib-fs2-q5-findall,2397,633,2026-08-10T15:16:00.846Z
2^(1+8)_+:(S3xS3xS3),110592,true,0,true,2026-08-10T07:05:43.008Z,1.12.6,1.9.0-DEV,428070c0f9ad,4.16.0,1.3.11,ctbllib-fs2-q5-findall,2397,634,2026-08-10T15:16:06.604Z
2^(1+8)_+:L2(8):3,774144,false,0,true,2026-08-10T07:05:43.008Z,1.12.6,1.9.0-DEV,428070c0f9ad,4.16.0,1.3.11,ctbllib-fs2-q5-findall,2397,635,2026-08-10T15:16:10.472Z
2^(1+8)_+:U4(2),13271040,false,0,true,2026-08-10T07:05:43.008Z,1.12.6,1.9.0-DEV,428070c0f9ad,4.16.0,1.3.11,ctbllib-fs2-q5-findall,2397,636,2026-08-10T15:16:13.726Z
2^(10+16).O10+(2),1577011055923770163200,false,0,true,2026-08-10T07:05:43.008Z,1.12.6,1.9.0-DEV,428070c0f9ad,4.16.0,1.3.11,ctbllib-fs2-q5-findall,2397,637,2026-08-10T15:19:36.2Z
2^(2+1+2).2^(1+1+2).2^2.S4,49152,true,0,true,2026-08-10T07:05:43.008Z,1.12.6,1.9.0-DEV,428070c0f9ad,4.16.0,1.3.11,ctbllib-fs2-q5-findall,2397,638,2026-08-10T15:19:38.05Z
2^(2+1+2+4+2).(3xS4),147456,true,0,true,2026-08-10T07:05:43.008Z,1.12.6,1.9.0-DEV,428070c0f9ad,4.16.0,1.3.11,ctbllib-fs2-q5-findall,2397,639,2026-08-10T15:19:41.225Z
2^(2+10+20).(M22.2xS3),22858846741463040,false,0,true,2026-08-10T07:05:43.008Z,1.12.6,1.9.0-DEV,428070c0f9ad,4.16.0,1.3.11,ctbllib-fs2-q5-findall,2397,640,2026-08-10T15:42:06.919Z
2^(2+11+22).(M24xS3),50472333605150392320,false,0,true,2026-08-10T07:05:43.008Z,1.12.6,1.9.0-DEV,428070c0f9ad,4.16.0,1.3.11,ctbllib-fs2-q5-findall,2397,641,2026-08-10T15:48:26.039Z
2^(2+12):(A8xS3),1981808640,false,0,true,2026-08-10T07:05:43.008Z,1.12.6,1.9.0-DEV,428070c0f9ad,4.16.0,1.3.11,ctbllib-fs2-q5-findall,2397,642,2026-08-10T15:48:49.374Z
2^(2+2+4).(S3xS3),9216,true,0,true,2026-08-10T07:05:43.008Z,1.12.6,1.9.0-DEV,428070c0f9ad,4.16.0,1.3.11,ctbllib-fs2-q5-findall,2397,643,2026-08-10T15:48:51.175Z
2^(2+4).(S3x2),768,true,0,true,2026-08-10T07:05:43.008Z,1.12.6,1.9.0-DEV,428070c0f9ad,4.16.0,1.3.11,ctbllib-fs2-q5-findall,2397,644,2026-08-10T15:48:51.417Z
2^(2+4):(3x3):2,1152,true,0,true,2026-08-10T07:05:43.008Z,1.12.6,1.9.0-DEV,428070c0f9ad,4.16.0,1.3.11,ctbllib-fs2-q5-findall,2397,645,2026-08-10T15:48:51.531Z
2^(2+4):(3xD10),1920,true,0,true,2026-08-10T07:05:43.008Z,1.12.6,1.9.0-DEV,428070c0f9ad,4.16.0,1.3.11,ctbllib-fs2-q5-findall,2397,646,2026-08-10T15:48:51.702Z
2^(2+4):(S3xS3),2304,true,0,true,2026-08-10T07:05:43.008Z,1.12.6,1.9.0-DEV,428070c0f9ad,4.16.0,1.3.11,ctbllib-fs2-q5-findall,2397,647,2026-08-10T15:48:51.901Z
2^(2+4):15,960,true,0,true,2026-08-10T07:05:43.008Z,1.12.6,1.9.0-DEV,428070c0f9ad,4.16.0,1.3.11,ctbllib-fs2-q5-findall,2397,648,2026-08-10T15:48:52.779Z
2^(2+6):3^3:S3,41472,true,0,true,2026-08-10T07:05:43.008Z,1.12.6,1.9.0-DEV,428070c0f9ad,4.16.0,1.3.11,ctbllib-fs2-q5-findall,2397,649,2026-08-10T15:48:57.345Z
2^(2+8).2^2.(3xS3),73728,true,0,true,2026-08-10T07:05:43.008Z,1.12.6,1.9.0-DEV,428070c0f9ad,4.16.0,1.3.11,ctbllib-fs2-q5-findall,2397,650,2026-08-10T15:48:59.918Z
2^(2+8):(3xA5),184320,false,0,true,2026-08-10T07:05:43.008Z,1.12.6,1.9.0-DEV,428070c0f9ad,4.16.0,1.3.11,ctbllib-fs2-q5-findall,2397,651,2026-08-10T15:49:00.514Z
2^(2+8):(3xA5):2,368640,false,0,true,2026-08-10T07:05:43.008Z,1.12.6,1.9.0-DEV,428070c0f9ad,4.16.0,1.3.11,ctbllib-fs2-q5-findall,2397,652,2026-08-10T15:49:02.061Z
2^(2+8):(S5xS3),737280,false,0,true,2026-08-10T07:05:43.008Z,1.12.6,1.9.0-DEV,428070c0f9ad,4.16.0,1.3.11,ctbllib-fs2-q5-findall,2397,653,2026-08-10T15:49:06.008Z
2^(3+1+3).L3(2),21504,false,0,true,2026-08-10T07:05:43.008Z,1.12.6,1.9.0-DEV,428070c0f9ad,4.16.0,1.3.11,ctbllib-fs2-q5-findall,2397,654,2026-08-10T15:49:06.821Z
2^(3+12).(L3(2)xA6),1981808640,false,0,true,2026-08-10T07:05:43.008Z,1.12.6,1.9.0-DEV,428070c0f9ad,4.16.0,1.3.11,ctbllib-fs2-q5-findall,2397,655,2026-08-10T15:49:17.659Z
2^(3+12).(L3(2)xS6),3963617280,false,0,true,2026-08-10T07:05:43.008Z,1.12.6,1.9.0-DEV,428070c0f9ad,4.16.0,1.3.11,ctbllib-fs2-q5-findall,2397,656,2026-08-10T15:49:53.169Z
2^(3+3):7,448,true,0,true,2026-08-10T07:05:43.008Z,1.12.6,1.9.0-DEV,428070c0f9ad,4.16.0,1.3.11,ctbllib-fs2-q5-findall,2397,657,2026-08-10T15:49:53.272Z
2^(3+3):7:3,1344,true,0,true,2026-08-10T07:05:43.008Z,1.12.6,1.9.0-DEV,428070c0f9ad,4.16.0,1.3.11,ctbllib-fs2-q5-findall,2397,658,2026-08-10T15:49:53.424Z
2^(3+3+3).L3(2),86016,false,0,true,2026-08-10T07:05:43.008Z,1.12.6,1.9.0-DEV,428070c0f9ad,4.16.0,1.3.11,ctbllib-fs2-q5-findall,2397,659,2026-08-10T15:49:54.547Z
2^(3+6):21,10752,true,0,true,2026-08-10T07:05:43.008Z,1.12.6,1.9.0-DEV,428070c0f9ad,4.16.0,1.3.11,ctbllib-fs2-q5-findall,2397,660,2026-08-10T15:49:56.229Z
2^(3+8):(S3xS6),8847360,false,0,true,2026-08-10T07:05:43.008Z,1.12.6,1.9.0-DEV,428070c0f9ad,4.16.0,1.3.11,ctbllib-fs2-q5-findall,2397,661,2026-08-10T15:50:18.907Z
2^(4+10)(S5xS3),11796480,false,0,true,2026-08-10T07:05:43.008Z,1.12.6,1.9.0-DEV,428070c0f9ad,4.16.0,1.3.11,ctbllib-fs2-q5-findall,2397,662,2026-08-10T15:50:32.098Z
2^(4+10).(S4xS3),2359296,true,0,true,2026-08-10T07:05:43.008Z,1.12.6,1.9.0-DEV,428070c0f9ad,4.16.0,1.3.11,ctbllib-fs2-q5-findall,2397,663,2026-08-10T15:50:59.056Z
2^(4+12).(S3x3S6),849346560,false,0,true,2026-08-10T07:05:43.008Z,1.12.6,1.9.0-DEV,428070c0f9ad,4.16.0,1.3.11,ctbllib-fs2-q5-findall,2397,664,2026-08-10T15:51:28.474Z
2^(4+12).(S3x3^(1+2)_+:D8),84934656,true,0,true,2026-08-10T07:05:43.008Z,1.12.6,1.9.0-DEV,428070c0f9ad,4.16.0,1.3.11,ctbllib-fs2-q5-findall,2397,665,2026-08-10T15:51:59.196Z
2^(4+4).(S3xS3).2,18432,true,0,true,2026-08-10T07:05:43.008Z,1.12.6,1.9.0-DEV,428070c0f9ad,4.16.0,1.3.11,ctbllib-fs2-q5-findall,2397,666,2026-08-10T15:51:59.623Z
2^(4+4):(3xA5),46080,false,0,true,2026-08-10T07:05:43.008Z,1.12.6,1.9.0-DEV,428070c0f9ad,4.16.0,1.3.11,ctbllib-fs2-q5-findall,2397,667,2026-08-10T15:52:01.795Z
2^(4+6).2^2.(3xS3),73728,true,0,true,2026-08-10T07:05:43.008Z,1.12.6,1.9.0-DEV,428070c0f9ad,4.16.0,1.3.11,ctbllib-fs2-q5-findall,2397,668,2026-08-10T15:52:06.361Z
2^(4+6):(A5x3),184320,false,0,true,2026-08-10T07:05:43.008Z,1.12.6,1.9.0-DEV,428070c0f9ad,4.16.0,1.3.11,ctbllib-fs2-q5-findall,2397,669,2026-08-10T15:52:07.343Z
2^(4+6):(A5x3):2,368640,false,0,true,2026-08-10T07:05:43.008Z,1.12.6,1.9.0-DEV,428070c0f9ad,4.16.0,1.3.11,ctbllib-fs2-q5-findall,2397,670,2026-08-10T15:52:08.978Z
2^(4+6):3S6,2211840,false,0,true,2026-08-10T07:05:43.008Z,1.12.6,1.9.0-DEV,428070c0f9ad,4.16.0,1.3.11,ctbllib-fs2-q5-findall,2397,671,2026-08-10T15:52:11.299Z
2^(4+8).(2xA4),98304,true,0,true,2026-08-10T07:05:43.008Z,1.12.6,1.9.0-DEV,428070c0f9ad,4.16.0,1.3.11,ctbllib-fs2-q5-findall,2397,672,2026-08-10T15:52:16.257Z
2^(4+8):(A4xS3),294912,true,0,true,2026-08-10T07:05:43.008Z,1.12.6,1.9.0-DEV,428070c0f9ad,4.16.0,1.3.11,ctbllib-fs2-q5-findall,2397,673,2026-08-10T15:52:22.054Z
2^(4+8):(S3xA5),1474560,false,0,true,2026-08-10T07:05:43.008Z,1.12.6,1.9.0-DEV,428070c0f9ad,4.16.0,1.3.11,ctbllib-fs2-q5-findall,2397,674,2026-08-10T15:52:24.613Z
2^(5+10+20).(S3xL5(2)),2061452360684666880,false,0,true,2026-08-10T07:05:43.008Z,1.12.6,1.9.0-DEV,428070c0f9ad,4.16.0,1.3.11,ctbllib-fs2-q5-findall,2397,675,2026-08-10T15:59:07.254Z
2^(5+5):31,31744,true,0,true,2026-08-10T07:05:43.008Z,1.12.6,1.9.0-DEV,428070c0f9ad,4.16.0,1.3.11,ctbllib-fs2-q5-findall,2397,676,2026-08-10T15:59:09.287Z
2^(5+8):(2x3.A6),17694720,false,0,true,2026-08-10T07:05:43.008Z,1.12.6,1.9.0-DEV,428070c0f9ad,4.16.0,1.3.11,ctbllib-fs2-q5-findall,2397,677,2026-08-10T15:59:49.877Z
2^(5+8):(2xA6),5898240,false,0,true,2026-08-10T07:05:43.008Z,1.12.6,1.9.0-DEV,428070c0f9ad,4.16.0,1.3.11,ctbllib-fs2-q5-findall,2397,678,2026-08-10T15:59:55.574Z
2^(5+8):(2xS4),393216,true,0,true,2026-08-10T07:05:43.008Z,1.12.6,1.9.0-DEV,428070c0f9ad,4.16.0,1.3.11,ctbllib-fs2-q5-findall,2397,679,2026-08-10T16:00:07.34Z
2^(5+8):(S3x3.A6),53084160,false,0,true,2026-08-10T07:05:43.008Z,1.12.6,1.9.0-DEV,428070c0f9ad,4.16.0,1.3.11,ctbllib-fs2-q5-findall,2397,680,2026-08-10T16:00:58.909Z
2^(5+8):(S3xA6),17694720,false,0,true,2026-08-10T07:05:43.008Z,1.12.6,1.9.0-DEV,428070c0f9ad,4.16.0,1.3.11,ctbllib-fs2-q5-findall,2397,681,2026-08-10T16:01:04.772Z
2^(5+8):(S3xD8),393216,true,0,true,2026-08-10T07:05:43.008Z,1.12.6,1.9.0-DEV,428070c0f9ad,4.16.0,1.3.11,ctbllib-fs2-q5-findall,2397,682,2026-08-10T16:01:28.258Z
2^(5+8):(S3xS4),1179648,true,0,true,2026-08-10T07:05:43.008Z,1.12.6,1.9.0-DEV,428070c0f9ad,4.16.0,1.3.11,ctbllib-fs2-q5-findall,2397,683,2026-08-10T16:01:39.389Z
2^(5+8):(S3xS6),35389440,false,0,true,2026-08-10T07:05:43.008Z,1.12.6,1.9.0-DEV,428070c0f9ad,4.16.0,1.3.11,ctbllib-fs2-q5-findall,2397,684,2026-08-10T16:02:03.047Z
2^(6+6):(S3xL3(2)),4128768,false,0,true,2026-08-10T07:05:43.008Z,1.12.6,1.9.0-DEV,428070c0f9ad,4.16.0,1.3.11,ctbllib-fs2-q5-findall,2397,685,2026-08-10T16:02:17.732Z
2^(6+8).(S3xA8),1981808640,false,0,true,2026-08-10T07:05:43.008Z,1.12.6,1.9.0-DEV,428070c0f9ad,4.16.0,1.3.11,ctbllib-fs2-q5-findall,2397,686,2026-08-10T16:02:33.274Z
2^(6+8):(A7xS3),247726080,false,0,true,2026-08-10T07:05:43.008Z,1.12.6,1.9.0-DEV,428070c0f9ad,4.16.0,1.3.11,ctbllib-fs2-q5-findall,2397,687,2026-08-10T16:02:45.385Z
2^(7+8).(S3xA8),3963617280,false,0,true,2026-08-10T07:05:43.008Z,1.12.6,1.9.0-DEV,428070c0f9ad,4.16.0,1.3.11,ctbllib-fs2-q5-findall,2397,688,2026-08-10T16:03:45.568Z
2^(9+16).S8(2),1589728887019929600,false,0,true,2026-08-10T07:05:43.008Z,1.12.6,1.9.0-DEV,428070c0f9ad,4.16.0,1.3.11,ctbllib-fs2-q5-findall,2397,689,2026-08-10T16:10:38.471Z
2^1+24.2.Co1,279023678252672656343040000,false,0,true,2026-08-10T07:05:43.008Z,1.12.6,1.9.0-DEV,428070c0f9ad,4.16.0,1.3.11,ctbllib-fs2-q5-findall,2397,690,2026-08-10T16:16:26.691Z
2^1+24.Co1,139511839126336328171520000,false,0,true,2026-08-10T07:05:43.008Z,1.12.6,1.9.0-DEV,428070c0f9ad,4.16.0,1.3.11,ctbllib-fs2-q5-findall,2397,691,2026-08-10T16:17:56.342Z
2^1+4+6.a8,41287680,false,0,true,2026-08-10T07:05:43.008Z,1.12.6,1.9.0-DEV,428070c0f9ad,4.16.0,1.3.11,ctbllib-fs2-q5-findall,2397,692,2026-08-10T16:18:06.666Z
2^1+4b:a5,1920,false,0,true,2026-08-10T07:05:43.008Z,1.12.6,1.9.0-DEV,428070c0f9ad,4.16.0,1.3.11,ctbllib-fs2-q5-findall,2397,693,2026-08-10T16:18:06.804Z
"2^1+6.psl(3,2)",21504,false,0,true,2026-08-10T07:05:43.008Z,1.12.6,1.9.0-DEV,428070c0f9ad,4.16.0,1.3.11,ctbllib-fs2-q5-findall,2397,694,2026-08-10T16:18:07.319Z
2^1+6.u4q2,3317760,false,0,true,2026-08-10T07:05:43.008Z,1.12.6,1.9.0-DEV,428070c0f9ad,4.16.0,1.3.11,ctbllib-fs2-q5-findall,2397,695,2026-08-10T16:18:09.704Z
2^1+8.2.A9,185794560,false,0,true,2026-08-10T07:05:43.008Z,1.12.6,1.9.0-DEV,428070c0f9ad,4.16.0,1.3.11,ctbllib-fs2-q5-findall,2397,696,2026-08-10T16:18:16.179Z
2^1+8.a9,92897280,false,0,true,2026-08-10T07:05:43.008Z,1.12.6,1.9.0-DEV,428070c0f9ad,4.16.0,1.3.11,ctbllib-fs2-q5-findall,2397,697,2026-08-10T16:18:17.277Z
2^1+8:s6f2,743178240,false,0,true,2026-08-10T07:05:43.008Z,1.12.6,1.9.0-DEV,428070c0f9ad,4.16.0,1.3.11,ctbllib-fs2-q5-findall,2397,698,2026-08-10T16:18:23.527Z
2^10.2^2.2^2.S4,393216,true,0,true,2026-08-10T07:05:43.008Z,1.12.6,1.9.0-DEV,428070c0f9ad,4.16.0,1.3.11,ctbllib-fs2-q5-findall,2397,699,2026-08-10T16:18:37.14Z
2^10.2^3.2^3.S3,393216,true,0,true,2026-08-10T07:05:43.008Z,1.12.6,1.9.0-DEV,428070c0f9ad,4.16.0,1.3.11,ctbllib-fs2-q5-findall,2397,700,2026-08-10T16:19:55.565Z
2^10.2^3.L3(2),1376256,false,0,true,2026-08-10T07:05:43.008Z,1.12.6,1.9.0-DEV,428070c0f9ad,4.16.0,1.3.11,ctbllib-fs2-q5-findall,2397,701,2026-08-10T16:20:04.606Z
2^10.2^3.S4,196608,true,0,true,2026-08-10T07:05:43.008Z,1.12.6,1.9.0-DEV,428070c0f9ad,4.16.0,1.3.11,ctbllib-fs2-q5-findall,2397,702,2026-08-10T16:20:27.956Z
2^10.2^4.S5,1966080,false,0,true,2026-08-10T07:05:43.008Z,1.12.6,1.9.0-DEV,428070c0f9ad,4.16.0,1.3.11,ctbllib-fs2-q5-findall,2397,703,2026-08-10T16:20:33.377Z
2^10.A8,20643840,false,0,true,2026-08-10T07:05:43.008Z,1.12.6,1.9.0-DEV,428070c0f9ad,4.16.0,1.3.11,ctbllib-fs2-q5-findall,2397,704,2026-08-10T16:20:37.44Z
2^10:(2^5:s5),3932160,false,0,true,2026-08-10T07:05:43.008Z,1.12.6,1.9.0-DEV,428070c0f9ad,4.16.0,1.3.11,ctbllib-fs2-q5-findall,2397,705,2026-08-10T16:21:01.105Z
2^10:(L5(2)xS3),61436067840,false,0,true,2026-08-10T07:05:43.008Z,1.12.6,1.9.0-DEV,428070c0f9ad,4.16.0,1.3.11,ctbllib-fs2-q5-findall,2397,706,2026-08-10T16:21:36.644Z
2^10:L5(2),10239344640,false,0,true,2026-08-10T07:05:43.008Z,1.12.6,1.9.0-DEV,428070c0f9ad,4.16.0,1.3.11,ctbllib-fs2-q5-findall,2397,707,2026-08-10T16:21:46.335Z
2^10:M22',454164480,false,0,true,2026-08-10T07:05:43.008Z,1.12.6,1.9.0-DEV,428070c0f9ad,4.16.0,1.3.11,ctbllib-fs2-q5-findall,2397,708,2026-08-10T16:21:48.3Z
2^10:m22,454164480,false,0,true,2026-08-10T07:05:43.008Z,1.12.6,1.9.0-DEV,428070c0f9ad,4.16.0,1.3.11,ctbllib-fs2-q5-findall,2397,709,2026-08-10T16:21:49.239Z
2^10:m22:2,908328960,false,0,true,2026-08-10T07:05:43.008Z,1.12.6,1.9.0-DEV,428070c0f9ad,4.16.0,1.3.11,ctbllib-fs2-q5-findall,2397,710,2026-08-10T16:21:53.216Z
2^11.2^6.3^(1+2).D8,28311552,true,0,true,2026-08-10T07:05:43.008Z,1.12.6,1.9.0-DEV,428070c0f9ad,4.16.0,1.3.11,ctbllib-fs2-q5-findall,2397,711,2026-08-10T16:22:15.662Z
2^11:M24,501397585920,false,0,true,2026-08-10T07:05:43.008Z,1.12.6,1.9.0-DEV,428070c0f9ad,4.16.0,1.3.11,ctbllib-fs2-q5-findall,2397,712,2026-08-10T16:22:21.242Z
2^12.(2^2xD8),131072,true,0,true,2026-08-10T07:05:43.008Z,1.12.6,1.9.0-DEV,428070c0f9ad,4.16.0,1.3.11,ctbllib-fs2-q5-findall,2397,713,2026-08-10T16:26:07.85Z
2^12.(S3x3S6),53084160,false,0,true,2026-08-10T07:05:43.008Z,1.12.6,1.9.0-DEV,428070c0f9ad,4.16.0,1.3.11,ctbllib-fs2-q5-findall,2397,714,2026-08-10T16:26:21.298Z
2^12.3^2.U4(3).2_2',240789749760,false,0,true,2026-08-10T07:05:43.008Z,1.12.6,1.9.0-DEV,428070c0f9ad,4.16.0,1.3.11,ctbllib-fs2-q5-findall,2397,715,2026-08-10T16:27:31.032Z
2^12.3_1.U4(3).2_2',80263249920,false,0,true,2026-08-10T07:05:43.008Z,1.12.6,1.9.0-DEV,428070c0f9ad,4.16.0,1.3.11,ctbllib-fs2-q5-findall,2397,716,2026-08-10T16:27:39.321Z
2^12.M24,1002795171840,false,0,true,2026-08-10T07:05:43.008Z,1.12.6,1.9.0-DEV,428070c0f9ad,4.16.0,1.3.11,ctbllib-fs2-q5-findall,2397,717,2026-08-10T16:27:54.26Z
2^12:(L4(2)xL3(2)),13872660480,false,0,true,2026-08-10T07:05:43.008Z,1.12.6,1.9.0-DEV,428070c0f9ad,4.16.0,1.3.11,ctbllib-fs2-q5-findall,2397,718,2026-08-10T16:28:21.011Z
2^12:J2,2477260800,false,0,true,2026-08-10T07:05:43.008Z,1.12.6,1.9.0-DEV,428070c0f9ad,4.16.0,1.3.11,ctbllib-fs2-q5-findall,2397,719,2026-08-10T16:28:22.544Z
2^12:Sz(8),119275520,false,0,true,2026-08-10T07:05:43.008Z,1.12.6,1.9.0-DEV,428070c0f9ad,4.16.0,1.3.11,ctbllib-fs2-q5-findall,2397,720,2026-08-10T16:28:23.359Z
2^2+4.3xs3,1152,true,0,true,2026-08-10T07:05:43.008Z,1.12.6,1.9.0-DEV,428070c0f9ad,4.16.0,1.3.11,ctbllib-fs2-q5-findall,2397,721,2026-08-10T16:28:24.26Z
2^2+8(a5xs3),368640,false,0,true,2026-08-10T07:05:43.008Z,1.12.6,1.9.0-DEV,428070c0f9ad,4.16.0,1.3.11,ctbllib-fs2-q5-findall,2397,722,2026-08-10T16:28:25.113Z
2^2.(2^(1+8)_+:(S3xS3xS3)),442368,true,0,true,2026-08-10T07:05:43.008Z,1.12.6,1.9.0-DEV,428070c0f9ad,4.16.0,1.3.11,ctbllib-fs2-q5-findall,2397,723,2026-08-10T16:28:44.999Z
2^2.(3^2:2A4),864,true,0,true,2026-08-10T07:05:43.008Z,1.12.6,1.9.0-DEV,428070c0f9ad,4.16.0,1.3.11,ctbllib-fs2-q5-findall,2397,724,2026-08-10T16:28:45.186Z
2^2.(3^2:Q8),288,true,0,true,2026-08-10T07:05:43.008Z,1.12.6,1.9.0-DEV,428070c0f9ad,4.16.0,1.3.11,ctbllib-fs2-q5-findall,2397,725,2026-08-10T16:28:45.547Z
2^2.(3^2:Q8.2),576,true,0,true,2026-08-10T07:05:43.008Z,1.12.6,1.9.0-DEV,428070c0f9ad,4.16.0,1.3.11,ctbllib-fs2-q5-findall,2397,726,2026-08-10T16:28:45.767Z
2^2.(U3(3).2xS4),1161216,false,0,true,2026-08-10T07:05:43.008Z,1.12.6,1.9.0-DEV,428070c0f9ad,4.16.0,1.3.11,ctbllib-fs2-q5-findall,2397,727,2026-08-10T16:28:57.27Z
2^2.2E6(2),306129918735099415756800,false,0,true,2026-08-10T07:05:43.008Z,1.12.6,1.9.0-DEV,428070c0f9ad,4.16.0,1.3.11,ctbllib-fs2-q5-findall,2397,728,2026-08-10T16:30:40.003Z
2^2.2E6(2).2,612259837470198831513600,false,0,true,2026-08-10T07:05:43.008Z,1.12.6,1.9.0-DEV,428070c0f9ad,4.16.0,1.3.11,ctbllib-fs2-q5-findall,2397,729,2026-08-10T16:32:34.714Z
2^2.2E6(2).3,918389756205298247270400,false,0,true,2026-08-10T07:05:43.008Z,1.12.6,1.9.0-DEV,428070c0f9ad,4.16.0,1.3.11,ctbllib-fs2-q5-findall,2397,730,2026-08-10T16:35:33.387Z
2^2.2E6(2).3.2,1836779512410596494540800,false,0,true,2026-08-10T07:05:43.008Z,1.12.6,1.9.0-DEV,428070c0f9ad,4.16.0,1.3.11,ctbllib-fs2-q5-findall,2397,731,2026-08-10T16:37:24.419Z
2^2.2^(1+8)_+:U4(2),53084160,false,0,true,2026-08-10T07:05:43.008Z,1.12.6,1.9.0-DEV,428070c0f9ad,4.16.0,1.3.11,ctbllib-fs2-q5-findall,2397,732,2026-08-10T16:37:57.43Z
2^2.2^(3+3):7,1792,true,0,true,2026-08-10T07:05:43.008Z,1.12.6,1.9.0-DEV,428070c0f9ad,4.16.0,1.3.11,ctbllib-fs2-q5-findall,2397,733,2026-08-10T16:37:58.079Z
2^2.2^(4+8):(S3xA5),5898240,false,0,true,2026-08-10T07:05:43.008Z,1.12.6,1.9.0-DEV,428070c0f9ad,4.16.0,1.3.11,ctbllib-fs2-q5-findall,2397,734,2026-08-10T16:38:22.803Z
2^2.2^8:s3,6144,true,0,true,2026-08-10T07:05:43.008Z,1.12.6,1.9.0-DEV,428070c0f9ad,4.16.0,1.3.11,ctbllib-fs2-q5-findall,2397,735,2026-08-10T16:38:23.102Z
2^2.Fi22.2,516494013235200,false,0,true,2026-08-10T07:05:43.008Z,1.12.6,1.9.0-DEV,428070c0f9ad,4.16.0,1.3.11,ctbllib-fs2-q5-findall,2397,736,2026-08-10T16:39:15.924Z
2^2.L3(4),80640,false,0,true,2026-08-10T07:05:43.008Z,1.12.6,1.9.0-DEV,428070c0f9ad,4.16.0,1.3.11,ctbllib-fs2-q5-findall,2397,737,2026-08-10T16:39:16.635Z
2^2.L3(4).2^2,322560,false,0,true,2026-08-10T07:05:43.008Z,1.12.6,1.9.0-DEV,428070c0f9ad,4.16.0,1.3.11,ctbllib-fs2-q5-findall,2397,738,2026-08-10T16:39:18.32Z
2^2.L3(4).2_1,161280,false,0,true,2026-08-10T07:05:43.008Z,1.12.6,1.9.0-DEV,428070c0f9ad,4.16.0,1.3.11,ctbllib-fs2-q5-findall,2397,739,2026-08-10T16:39:18.865Z
2^2.L3(4).2_2,161280,false,0,true,2026-08-10T07:05:43.008Z,1.12.6,1.9.0-DEV,428070c0f9ad,4.16.0,1.3.11,ctbllib-fs2-q5-findall,2397,740,2026-08-10T16:39:20.383Z
2^2.L3(4).2_3,161280,false,0,true,2026-08-10T07:05:43.008Z,1.12.6,1.9.0-DEV,428070c0f9ad,4.16.0,1.3.11,ctbllib-fs2-q5-findall,2397,741,2026-08-10T16:39:20.797Z
2^2.L3(4).3,241920,false,0,true,2026-08-10T07:05:43.008Z,1.12.6,1.9.0-DEV,428070c0f9ad,4.16.0,1.3.11,ctbllib-fs2-q5-findall,2397,742,2026-08-10T16:39:22.332Z
2^2.L3(4).3.2_2,483840,false,0,true,2026-08-10T07:05:43.008Z,1.12.6,1.9.0-DEV,428070c0f9ad,4.16.0,1.3.11,ctbllib-fs2-q5-findall,2397,743,2026-08-10T16:39:23.602Z
2^2.L3(4).3.2_3,483840,false,0,true,2026-08-10T07:05:43.008Z,1.12.6,1.9.0-DEV,428070c0f9ad,4.16.0,1.3.11,ctbllib-fs2-q5-findall,2397,744,2026-08-10T16:39:24.069Z
2^2.L3(4).6,483840,false,0,true,2026-08-10T07:05:43.008Z,1.12.6,1.9.0-DEV,428070c0f9ad,4.16.0,1.3.11,ctbllib-fs2-q5-findall,2397,745,2026-08-10T16:39:25.369Z
2^2.L3(4).D12,967680,false,0,true,2026-08-10T07:05:43.008Z,1.12.6,1.9.0-DEV,428070c0f9ad,4.16.0,1.3.11,ctbllib-fs2-q5-findall,2397,746,2026-08-10T16:39:26.019Z
2^2.O8+(2),696729600,false,0,true,2026-08-10T07:05:43.008Z,1.12.6,1.9.0-DEV,428070c0f9ad,4.16.0,1.3.11,ctbllib-fs2-q5-findall,2397,747,2026-08-10T16:39:39.902Z
2^2.O8+(2).2,1393459200,false,0,true,2026-08-10T07:05:43.008Z,1.12.6,1.9.0-DEV,428070c0f9ad,4.16.0,1.3.11,ctbllib-fs2-q5-findall,2397,748,2026-08-10T16:39:52.135Z
2^2.O8+(2).3,2090188800,false,0,true,2026-08-10T07:05:43.008Z,1.12.6,1.9.0-DEV,428070c0f9ad,4.16.0,1.3.11,ctbllib-fs2-q5-findall,2397,749,2026-08-10T16:39:59.486Z
2^2.O8+(2).3.2,4180377600,false,0,true,2026-08-10T07:05:43.008Z,1.12.6,1.9.0-DEV,428070c0f9ad,4.16.0,1.3.11,ctbllib-fs2-q5-findall,2397,750,2026-08-10T16:40:07.248Z
2^2.O8+(3),19808719257600,false,0,true,2026-08-10T07:05:43.008Z,1.12.6,1.9.0-DEV,428070c0f9ad,4.16.0,1.3.11,ctbllib-fs2-q5-findall,2397,751,2026-08-10T16:41:33.85Z
2^2.O8+(3).3,59426157772800,false,0,true,2026-08-10T07:05:43.008Z,1.12.6,1.9.0-DEV,428070c0f9ad,4.16.0,1.3.11,ctbllib-fs2-q5-findall,2397,752,2026-08-10T16:42:05.167Z
2^2.S6,2880,false,0,true,2026-08-10T07:05:43.008Z,1.12.6,1.9.0-DEV,428070c0f9ad,4.16.0,1.3.11,ctbllib-fs2-q5-findall,2397,753,2026-08-10T16:42:05.509Z
2^2.Sz(8),116480,false,0,true,2026-08-10T07:05:43.008Z,1.12.6,1.9.0-DEV,428070c0f9ad,4.16.0,1.3.11,ctbllib-fs2-q5-findall,2397,754,2026-08-10T16:42:07.597Z
2^2.Sz(8).3,349440,false,0,true,2026-08-10T07:05:43.008Z,1.12.6,1.9.0-DEV,428070c0f9ad,4.16.0,1.3.11,ctbllib-fs2-q5-findall,2397,755,2026-08-10T16:42:08.745Z
2^2.U4(3).(2^2)_{122},52254720,false,0,true,2026-08-10T07:05:43.008Z,1.12.6,1.9.0-DEV,428070c0f9ad,4.16.0,1.3.11,ctbllib-fs2-q5-findall,2397,756,2026-08-10T16:42:23.029Z
2^2.U6(2),36787322880,false,0,true,2026-08-10T07:05:43.008Z,1.12.6,1.9.0-DEV,428070c0f9ad,4.16.0,1.3.11,ctbllib-fs2-q5-findall,2397,757,2026-08-10T16:42:39.025Z
2^2.U6(2).2,73574645760,false,0,true,2026-08-10T07:05:43.008Z,1.12.6,1.9.0-DEV,428070c0f9ad,4.16.0,1.3.11,ctbllib-fs2-q5-findall,2397,758,2026-08-10T16:42:51.304Z
2^2.U6(2).3,110361968640,false,0,true,2026-08-10T07:05:43.008Z,1.12.6,1.9.0-DEV,428070c0f9ad,4.16.0,1.3.11,ctbllib-fs2-q5-findall,2397,759,2026-08-10T16:43:14.33Z
2^2.U6(2).3.2,220723937280,false,0,true,2026-08-10T07:05:43.008Z,1.12.6,1.9.0-DEV,428070c0f9ad,4.16.0,1.3.11,ctbllib-fs2-q5-findall,2397,760,2026-08-10T16:43:28.594Z
2^2.U6(2):S3x2,441447874560,false,0,true,2026-08-10T07:05:43.008Z,1.12.6,1.9.0-DEV,428070c0f9ad,4.16.0,1.3.11,ctbllib-fs2-q5-findall,2397,761,2026-08-10T16:44:26.925Z
2^2.U6(2)M3,41287680,false,0,true,2026-08-10T07:05:43.008Z,1.12.6,1.9.0-DEV,428070c0f9ad,4.16.0,1.3.11,ctbllib-fs2-q5-findall,2397,762,2026-08-10T16:44:32.296Z
2^2.[2^6].(S3xS3),9216,true,0,true,2026-08-10T07:05:43.008Z,1.12.6,1.9.0-DEV,428070c0f9ad,4.16.0,1.3.11,ctbllib-fs2-q5-findall,2397,763,2026-08-10T16:44:35.69Z
2^2.[2^7*3^2].S3,27648,true,0,true,2026-08-10T07:05:43.008Z,1.12.6,1.9.0-DEV,428070c0f9ad,4.16.0,1.3.11,ctbllib-fs2-q5-findall,2397,764,2026-08-10T16:44:36.387Z
2^2.[2^9]:(7:3xS3),258048,true,0,true,2026-08-10T07:05:43.008Z,1.12.6,1.9.0-DEV,428070c0f9ad,4.16.0,1.3.11,ctbllib-fs2-q5-findall,2397,765,2026-08-10T16:44:39.495Z
2^2.[2^9]:(7xS3),86016,true,0,true,2026-08-10T07:05:43.008Z,1.12.6,1.9.0-DEV,428070c0f9ad,4.16.0,1.3.11,ctbllib-fs2-q5-findall,2397,766,2026-08-10T16:44:41.056Z
2^2.[2^9]:S3,12288,true,0,true,2026-08-10T07:05:43.008Z,1.12.6,1.9.0-DEV,428070c0f9ad,4.16.0,1.3.11,ctbllib-fs2-q5-findall,2397,767,2026-08-10T16:44:41.737Z
2^24.Co1,69755919563168164085760000,false,0,true,2026-08-10T07:05:43.008Z,1.12.6,1.9.0-DEV,428070c0f9ad,4.16.0,1.3.11,ctbllib-fs2-q5-findall,2397,768,2026-08-10T16:45:41.474Z
2^2:S4,96,true,0,true,2026-08-10T07:05:43.008Z,1.12.6,1.9.0-DEV,428070c0f9ad,4.16.0,1.3.11,ctbllib-fs2-q5-findall,2397,769,2026-08-10T16:45:41.535Z
2^2x11:5,220,true,0,true,2026-08-10T07:05:43.008Z,1.12.6,1.9.0-DEV,428070c0f9ad,4.16.0,1.3.11,ctbllib-fs2-q5-findall,2397,770,2026-08-10T16:45:42.537Z
2^2x13:4,208,true,0,true,2026-08-10T07:05:43.008Z,1.12.6,1.9.0-DEV,428070c0f9ad,4.16.0,1.3.11,ctbllib-fs2-q5-findall,2397,771,2026-08-10T16:45:44.571Z
2^2x3^2.2.S4,1728,true,0,true,2026-08-10T07:05:43.008Z,1.12.6,1.9.0-DEV,428070c0f9ad,4.16.0,1.3.11,ctbllib-fs2-q5-findall,2397,772,2026-08-10T16:45:45.506Z
2^2x3xS3xU4(2),1866240,false,0,true,2026-08-10T07:05:43.008Z,1.12.6,1.9.0-DEV,428070c0f9ad,4.16.0,1.3.11,ctbllib-fs2-q5-findall,2397,773,2026-08-10T16:55:13.015Z
2^2x3xS6(2),17418240,false,0,true,2026-08-10T07:05:43.008Z,1.12.6,1.9.0-DEV,428070c0f9ad,4.16.0,1.3.11,ctbllib-fs2-q5-findall,2397,774,2026-08-10T16:57:39.249Z
2^2x3xU5(2),164229120,false,0,true,2026-08-10T07:05:43.008Z,1.12.6,1.9.0-DEV,428070c0f9ad,4.16.0,1.3.11,ctbllib-fs2-q5-findall,2397,775,2026-08-10T17:04:03.08Z
2^2xA6,1440,false,0,true,2026-08-10T07:05:43.008Z,1.12.6,1.9.0-DEV,428070c0f9ad,4.16.0,1.3.11,ctbllib-fs2-q5-findall,2397,776,2026-08-10T17:04:03.441Z
2^2xD14,56,true,0,true,2026-08-10T07:05:43.008Z,1.12.6,1.9.0-DEV,428070c0f9ad,4.16.0,1.3.11,ctbllib-fs2-q5-findall,2397,777,2026-08-10T17:04:10.568Z
2^2xF4(2),13244506413465600,false,0,true,2026-08-10T07:05:43.008Z,1.12.6,1.9.0-DEV,428070c0f9ad,4.16.0,1.3.11,ctbllib-fs2-q5-findall,2397,778,2026-08-10T17:06:04.786Z
2^2xL2(7),672,false,0,true,2026-08-10T07:05:43.008Z,1.12.6,1.9.0-DEV,428070c0f9ad,4.16.0,1.3.11,ctbllib-fs2-q5-findall,2397,779,2026-08-10T17:06:06.627Z
2^2xS3xU4(2),622080,false,0,true,2026-08-10T07:05:43.008Z,1.12.6,1.9.0-DEV,428070c0f9ad,4.16.0,1.3.11,ctbllib-fs2-q5-findall,2397,780,2026-08-10T17:06:50.926Z
2^2xS6(2),5806080,false,0,true,2026-08-10T07:05:43.008Z,1.12.6,1.9.0-DEV,428070c0f9ad,4.16.0,1.3.11,ctbllib-fs2-q5-findall,2397,781,2026-08-10T17:07:00.744Z
2^2xU5(2),54743040,false,0,true,2026-08-10T07:05:43.008Z,1.12.6,1.9.0-DEV,428070c0f9ad,4.16.0,1.3.11,ctbllib-fs2-q5-findall,2397,782,2026-08-10T17:07:29.717Z
2^3,8,true,0,true,2026-08-10T07:05:43.008Z,1.12.6,1.9.0-DEV,428070c0f9ad,4.16.0,1.3.11,ctbllib-fs2-q5-findall,2397,783,2026-08-10T17:07:29.759Z
2^3+8:L3(2),344064,false,0,true,2026-08-10T07:05:43.008Z,1.12.6,1.9.0-DEV,428070c0f9ad,4.16.0,1.3.11,ctbllib-fs2-q5-findall,2397,784,2026-08-10T17:07:31.176Z
2^3.(2x2^(1+3+3+3).L3(2)),2752512,false,0,true,2026-08-10T07:05:43.008Z,1.12.6,1.9.0-DEV,428070c0f9ad,4.16.0,1.3.11,ctbllib-fs2-q5-findall,2397,785,2026-08-10T17:07:54.002Z
2^3.(2x2^3.L3(2)),21504,false,0,true,2026-08-10T07:05:43.008Z,1.12.6,1.9.0-DEV,428070c0f9ad,4.16.0,1.3.11,ctbllib-fs2-q5-findall,2397,786,2026-08-10T17:07:55.374Z
2^3.(S4x2),384,true,0,true,2026-08-10T07:05:43.008Z,1.12.6,1.9.0-DEV,428070c0f9ad,4.16.0,1.3.11,ctbllib-fs2-q5-findall,2397,787,2026-08-10T17:07:55.496Z
2^3.2^2.2^6.(3xL3(2)),1032192,false,0,true,2026-08-10T07:05:43.008Z,1.12.6,1.9.0-DEV,428070c0f9ad,4.16.0,1.3.11,ctbllib-fs2-q5-findall,2397,788,2026-08-10T17:07:58.578Z
2^3.2^2.2^6.(S3xL3(2)),2064384,false,0,true,2026-08-10T07:05:43.008Z,1.12.6,1.9.0-DEV,428070c0f9ad,4.16.0,1.3.11,ctbllib-fs2-q5-findall,2397,789,2026-08-10T17:08:02.135Z
2^3.7.3,168,true,0,true,2026-08-10T07:05:43.008Z,1.12.6,1.9.0-DEV,428070c0f9ad,4.16.0,1.3.11,ctbllib-fs2-q5-findall,2397,790,2026-08-10T17:08:02.252Z
2^3.D8,64,true,0,true,2026-08-10T07:05:43.008Z,1.12.6,1.9.0-DEV,428070c0f9ad,4.16.0,1.3.11,ctbllib-fs2-q5-findall,2397,791,2026-08-10T17:08:02.357Z
2^3.L3(2),1344,false,0,true,2026-08-10T07:05:43.008Z,1.12.6,1.9.0-DEV,428070c0f9ad,4.16.0,1.3.11,ctbllib-fs2-q5-findall,2397,792,2026-08-10T17:08:02.557Z
2^3.L3(2):2,2688,false,0,true,2026-08-10T07:05:43.008Z,1.12.6,1.9.0-DEV,428070c0f9ad,4.16.0,1.3.11,ctbllib-fs2-q5-findall,2397,793,2026-08-10T17:08:02.801Z
2^3.S4v1,192,true,0,true,2026-08-10T07:05:43.008Z,1.12.6,1.9.0-DEV,428070c0f9ad,4.16.0,1.3.11,ctbllib-fs2-q5-findall,2397,794,2026-08-10T17:08:02.893Z
2^3.S4v2,192,true,0,true,2026-08-10T07:05:43.008Z,1.12.6,1.9.0-DEV,428070c0f9ad,4.16.0,1.3.11,ctbllib-fs2-q5-findall,2397,795,2026-08-10T17:08:02.97Z
2^3:7,56,true,0,true,2026-08-10T07:05:43.008Z,1.12.6,1.9.0-DEV,428070c0f9ad,4.16.0,1.3.11,ctbllib-fs2-q5-findall,2397,796,2026-08-10T17:08:03.031Z
2^3:L3(2)xS3,8064,false,0,true,2026-08-10T07:05:43.008Z,1.12.6,1.9.0-DEV,428070c0f9ad,4.16.0,1.3.11,ctbllib-fs2-q5-findall,2397,797,2026-08-10T17:08:04.69Z
"2^3:sl(3,2)",1344,false,0,true,2026-08-10T07:05:43.008Z,1.12.6,1.9.0-DEV,428070c0f9ad,4.16.0,1.3.11,ctbllib-fs2-q5-findall,2397,798,2026-08-10T17:08:04.797Z
2^4+6:3a6,1105920,false,0,true,2026-08-10T07:05:43.008Z,1.12.6,1.9.0-DEV,428070c0f9ad,4.16.0,1.3.11,ctbllib-fs2-q5-findall,2397,799,2026-08-10T17:08:05.69Z
2^4.(S4x2),768,true,0,true,2026-08-10T07:05:43.008Z,1.12.6,1.9.0-DEV,428070c0f9ad,4.16.0,1.3.11,ctbllib-fs2-q5-findall,2397,800,2026-08-10T17:08:05.934Z
2^4.a8,322560,false,0,true,2026-08-10T07:05:43.008Z,1.12.6,1.9.0-DEV,428070c0f9ad,4.16.0,1.3.11,ctbllib-fs2-q5-findall,2397,801,2026-08-10T17:08:06.37Z
2^4.s6,11520,false,0,true,2026-08-10T07:05:43.008Z,1.12.6,1.9.0-DEV,428070c0f9ad,4.16.0,1.3.11,ctbllib-fs2-q5-findall,2397,802,2026-08-10T17:08:07.402Z
2^4:(3x3):2,288,true,0,true,2026-08-10T07:05:43.008Z,1.12.6,1.9.0-DEV,428070c0f9ad,4.16.0,1.3.11,ctbllib-fs2-q5-findall,2397,803,2026-08-10T17:08:07.494Z
2^4:(3xA5).2,5760,false,0,true,2026-08-10T07:05:43.008Z,1.12.6,1.9.0-DEV,428070c0f9ad,4.16.0,1.3.11,ctbllib-fs2-q5-findall,2397,804,2026-08-10T17:08:07.636Z
2^4:(S3xS3),576,true,0,true,2026-08-10T07:05:43.008Z,1.12.6,1.9.0-DEV,428070c0f9ad,4.16.0,1.3.11,ctbllib-fs2-q5-findall,2397,805,2026-08-10T17:08:07.752Z
2^4:3.S6,34560,false,0,true,2026-08-10T07:05:43.008Z,1.12.6,1.9.0-DEV,428070c0f9ad,4.16.0,1.3.11,ctbllib-fs2-q5-findall,2397,806,2026-08-10T17:08:08.156Z
2^4:3^2:4,576,true,0,true,2026-08-10T07:05:43.008Z,1.12.6,1.9.0-DEV,428070c0f9ad,4.16.0,1.3.11,ctbllib-fs2-q5-findall,2397,807,2026-08-10T17:08:08.33Z
2^4:A4,192,true,0,true,2026-08-10T07:05:43.008Z,1.12.6,1.9.0-DEV,428070c0f9ad,4.16.0,1.3.11,ctbllib-fs2-q5-findall,2397,808,2026-08-10T17:08:08.785Z
2^4:A4b,192,true,0,true,2026-08-10T07:05:43.008Z,1.12.6,1.9.0-DEV,428070c0f9ad,4.16.0,1.3.11,ctbllib-fs2-q5-findall,2397,809,2026-08-10T17:08:08.849Z
2^4:A5,960,false,0,true,2026-08-10T07:05:43.008Z,1.12.6,1.9.0-DEV,428070c0f9ad,4.16.0,1.3.11,ctbllib-fs2-q5-findall,2397,810,2026-08-10T17:08:08.895Z
2^4:D8,128,true,0,true,2026-08-10T07:05:43.008Z,1.12.6,1.9.0-DEV,428070c0f9ad,4.16.0,1.3.11,ctbllib-fs2-q5-findall,2397,811,2026-08-10T17:08:09.741Z
2^4:a6,5760,false,0,true,2026-08-10T07:05:43.008Z,1.12.6,1.9.0-DEV,428070c0f9ad,4.16.0,1.3.11,ctbllib-fs2-q5-findall,2397,812,2026-08-10T17:08:09.814Z
2^4:a7,40320,false,0,true,2026-08-10T07:05:43.008Z,1.12.6,1.9.0-DEV,428070c0f9ad,4.16.0,1.3.11,ctbllib-fs2-q5-findall,2397,813,2026-08-10T17:08:10.006Z
2^4:a8,322560,false,0,true,2026-08-10T07:05:43.008Z,1.12.6,1.9.0-DEV,428070c0f9ad,4.16.0,1.3.11,ctbllib-fs2-q5-findall,2397,814,2026-08-10T17:08:10.394Z
2^4:s5,1920,false,0,true,2026-08-10T07:05:43.008Z,1.12.6,1.9.0-DEV,428070c0f9ad,4.16.0,1.3.11,ctbllib-fs2-q5-findall,2397,815,2026-08-10T17:08:10.461Z
2^5.2^4.L4(2),10321920,false,0,true,2026-08-10T07:05:43.008Z,1.12.6,1.9.0-DEV,428070c0f9ad,4.16.0,1.3.11,ctbllib-fs2-q5-findall,2397,816,2026-08-10T17:08:12.603Z
2^5.2^6.(2xL3(2)),688128,false,0,true,2026-08-10T07:05:43.008Z,1.12.6,1.9.0-DEV,428070c0f9ad,4.16.0,1.3.11,ctbllib-fs2-q5-findall,2397,817,2026-08-10T17:08:14.642Z
2^5.2^6.D8.S3,98304,true,0,true,2026-08-10T07:05:43.008Z,1.12.6,1.9.0-DEV,428070c0f9ad,4.16.0,1.3.11,ctbllib-fs2-q5-findall,2397,818,2026-08-10T17:08:18.029Z
2^5.S6,23040,false,0,true,2026-08-10T07:05:43.008Z,1.12.6,1.9.0-DEV,428070c0f9ad,4.16.0,1.3.11,ctbllib-fs2-q5-findall,2397,819,2026-08-10T17:08:18.771Z
"2^5.psl(5,2)",319979520,false,0,true,2026-08-10T07:05:43.008Z,1.12.6,1.9.0-DEV,428070c0f9ad,4.16.0,1.3.11,ctbllib-fs2-q5-findall,2397,820,2026-08-10T17:08:26.658Z
2^5:A6,11520,false,0,true,2026-08-10T07:05:43.008Z,1.12.6,1.9.0-DEV,428070c0f9ad,4.16.0,1.3.11,ctbllib-fs2-q5-findall,2397,821,2026-08-10T17:08:27.131Z
2^5:L5(2),319979520,false,0,true,2026-08-10T07:05:43.008Z,1.12.6,1.9.0-DEV,428070c0f9ad,4.16.0,1.3.11,ctbllib-fs2-q5-findall,2397,822,2026-08-10T17:08:34.288Z
2^5:S6,23040,false,0,true,2026-08-10T07:05:43.008Z,1.12.6,1.9.0-DEV,428070c0f9ad,4.16.0,1.3.11,ctbllib-fs2-q5-findall,2397,823,2026-08-10T17:08:35.155Z
2^6.2^5.S6,1474560,false,0,true,2026-08-10T07:05:43.008Z,1.12.6,1.9.0-DEV,428070c0f9ad,4.16.0,1.3.11,ctbllib-fs2-q5-findall,2397,824,2026-08-10T17:08:46.165Z
2^6.U4(2),1658880,false,0,true,2026-08-10T07:05:43.008Z,1.12.6,1.9.0-DEV,428070c0f9ad,4.16.0,1.3.11,ctbllib-fs2-q5-findall,2397,825,2026-08-10T17:08:48.036Z
2^6.U4(2).2,3317760,false,0,true,2026-08-10T07:05:43.008Z,1.12.6,1.9.0-DEV,428070c0f9ad,4.16.0,1.3.11,ctbllib-fs2-q5-findall,2397,826,2026-08-10T17:08:50.607Z
2^6:(3xA5),11520,false,0,true,2026-08-10T07:05:43.008Z,1.12.6,1.9.0-DEV,428070c0f9ad,4.16.0,1.3.11,ctbllib-fs2-q5-findall,2397,827,2026-08-10T17:08:50.929Z
2^6:(3xA5):2,23040,false,0,true,2026-08-10T07:05:43.008Z,1.12.6,1.9.0-DEV,428070c0f9ad,4.16.0,1.3.11,ctbllib-fs2-q5-findall,2397,828,2026-08-10T17:08:51.215Z
2^6:(7xL2(8)),225792,false,0,true,2026-08-10T07:05:43.008Z,1.12.6,1.9.0-DEV,428070c0f9ad,4.16.0,1.3.11,ctbllib-fs2-q5-findall,2397,829,2026-08-10T17:09:41.68Z
"2^6:(psl(3,2)xs3)",64512,false,0,true,2026-08-10T07:05:43.008Z,1.12.6,1.9.0-DEV,428070c0f9ad,4.16.0,1.3.11,ctbllib-fs2-q5-findall,2397,830,2026-08-10T17:09:42.238Z
2^6:3.s6,138240,false,0,true,2026-08-10T07:05:43.008Z,1.12.6,1.9.0-DEV,428070c0f9ad,4.16.0,1.3.11,ctbllib-fs2-q5-findall,2397,831,2026-08-10T17:09:42.995Z
2^6:3A7,483840,false,0,true,2026-08-10T07:05:43.008Z,1.12.6,1.9.0-DEV,428070c0f9ad,4.16.0,1.3.11,ctbllib-fs2-q5-findall,2397,832,2026-08-10T17:09:47.473Z
2^6:3^(1+2).D8,13824,true,0,true,2026-08-10T07:05:43.008Z,1.12.6,1.9.0-DEV,428070c0f9ad,4.16.0,1.3.11,ctbllib-fs2-q5-findall,2397,833,2026-08-10T17:09:48.561Z
2^6:3^3:S4,41472,true,0,true,2026-08-10T07:05:43.008Z,1.12.6,1.9.0-DEV,428070c0f9ad,4.16.0,1.3.11,ctbllib-fs2-q5-findall,2397,834,2026-08-10T17:09:49.294Z
2^6:A8,1290240,false,0,true,2026-08-10T07:05:43.008Z,1.12.6,1.9.0-DEV,428070c0f9ad,4.16.0,1.3.11,ctbllib-fs2-q5-findall,2397,835,2026-08-10T17:09:50.804Z
2^6:L6(2),1290157424640,false,0,true,2026-08-10T07:05:43.008Z,1.12.6,1.9.0-DEV,428070c0f9ad,4.16.0,1.3.11,ctbllib-fs2-q5-findall,2397,836,2026-08-10T17:10:22.428Z
2^6:S4a,1536,true,0,true,2026-08-10T07:05:43.008Z,1.12.6,1.9.0-DEV,428070c0f9ad,4.16.0,1.3.11,ctbllib-fs2-q5-findall,2397,837,2026-08-10T17:10:23.705Z
2^6:S4b,1536,true,0,true,2026-08-10T07:05:43.008Z,1.12.6,1.9.0-DEV,428070c0f9ad,4.16.0,1.3.11,ctbllib-fs2-q5-findall,2397,838,2026-08-10T17:10:24.289Z
2^6:S5,7680,false,0,true,2026-08-10T07:05:43.008Z,1.12.6,1.9.0-DEV,428070c0f9ad,4.16.0,1.3.11,ctbllib-fs2-q5-findall,2397,839,2026-08-10T17:10:25.473Z
2^6:S6,46080,false,0,true,2026-08-10T07:05:43.008Z,1.12.6,1.9.0-DEV,428070c0f9ad,4.16.0,1.3.11,ctbllib-fs2-q5-findall,2397,840,2026-08-10T17:10:27.747Z
2^6:S7,322560,false,0,true,2026-08-10T07:05:43.008Z,1.12.6,1.9.0-DEV,428070c0f9ad,4.16.0,1.3.11,ctbllib-fs2-q5-findall,2397,841,2026-08-10T17:10:29.917Z
2^6:S8,2580480,false,0,true,2026-08-10T07:05:43.008Z,1.12.6,1.9.0-DEV,428070c0f9ad,4.16.0,1.3.11,ctbllib-fs2-q5-findall,2397,842,2026-08-10T17:10:32.943Z
2^6:U4(2).2,3317760,false,0,true,2026-08-10T07:05:43.008Z,1.12.6,1.9.0-DEV,428070c0f9ad,4.16.0,1.3.11,ctbllib-fs2-q5-findall,2397,843,2026-08-10T17:10:35.526Z
2^6:s6f2,92897280,false,0,true,2026-08-10T07:05:43.008Z,1.12.6,1.9.0-DEV,428070c0f9ad,4.16.0,1.3.11,ctbllib-fs2-q5-findall,2397,844,2026-08-10T17:10:39.521Z
2^6:u3(3),387072,false,0,true,2026-08-10T07:05:43.008Z,1.12.6,1.9.0-DEV,428070c0f9ad,4.16.0,1.3.11,ctbllib-fs2-q5-findall,2397,845,2026-08-10T17:10:39.872Z
2^6:u3(3):2,774144,false,0,true,2026-08-10T07:05:43.008Z,1.12.6,1.9.0-DEV,428070c0f9ad,4.16.0,1.3.11,ctbllib-fs2-q5-findall,2397,846,2026-08-10T17:10:40.3Z
2^7:S6(2),185794560,false,0,true,2026-08-10T07:05:43.008Z,1.12.6,1.9.0-DEV,428070c0f9ad,4.16.0,1.3.11,ctbllib-fs2-q5-findall,2397,847,2026-08-10T17:10:52.378Z
2^8.A9,46448640,false,0,true,2026-08-10T07:05:43.008Z,1.12.6,1.9.0-DEV,428070c0f9ad,4.16.0,1.3.11,ctbllib-fs2-q5-findall,2397,848,2026-08-10T17:10:58.881Z
2^8:O8+(2),44590694400,false,0,true,2026-08-10T07:05:43.008Z,1.12.6,1.9.0-DEV,428070c0f9ad,4.16.0,1.3.11,ctbllib-fs2-q5-findall,2397,849,2026-08-10T17:11:08.953Z
2^8:O8+(2):2,89181388800,false,0,true,2026-08-10T07:05:43.008Z,1.12.6,1.9.0-DEV,428070c0f9ad,4.16.0,1.3.11,ctbllib-fs2-q5-findall,2397,850,2026-08-10T17:11:34.787Z
2^8:O8-(2),50536120320,false,0,true,2026-08-10T07:05:43.008Z,1.12.6,1.9.0-DEV,428070c0f9ad,4.16.0,1.3.11,ctbllib-fs2-q5-findall,2397,851,2026-08-10T17:11:43.471Z
2^8:O8-(2):2,101072240640,false,0,true,2026-08-10T07:05:43.008Z,1.12.6,1.9.0-DEV,428070c0f9ad,4.16.0,1.3.11,ctbllib-fs2-q5-findall,2397,852,2026-08-10T17:12:07.459Z
2^8:S6(2),371589120,false,0,true,2026-08-10T07:05:43.008Z,1.12.6,1.9.0-DEV,428070c0f9ad,4.16.0,1.3.11,ctbllib-fs2-q5-findall,2397,853,2026-08-10T17:12:10.564Z
2^8:S8,10321920,false,0,true,2026-08-10T07:05:43.008Z,1.12.6,1.9.0-DEV,428070c0f9ad,4.16.0,1.3.11,ctbllib-fs2-q5-findall,2397,854,2026-08-10T17:12:13.016Z
2^8:S8(2),12128668876800,false,0,true,2026-08-10T07:05:43.008Z,1.12.6,1.9.0-DEV,428070c0f9ad,4.16.0,1.3.11,ctbllib-fs2-q5-findall,2397,855,2026-08-10T17:12:42.846Z
2^9.2^4.A5a,491520,false,0,true,2026-08-10T07:05:43.008Z,1.12.6,1.9.0-DEV,428070c0f9ad,4.16.0,1.3.11,ctbllib-fs2-q5-findall,2397,856,2026-08-10T17:12:44.175Z
2^9.2^4.A5b,491520,false,0,true,2026-08-10T07:05:43.008Z,1.12.6,1.9.0-DEV,428070c0f9ad,4.16.0,1.3.11,ctbllib-fs2-q5-findall,2397,857,2026-08-10T17:12:47.327Z
2^9.L3(4),10321920,false,0,true,2026-08-10T07:05:43.008Z,1.12.6,1.9.0-DEV,428070c0f9ad,4.16.0,1.3.11,ctbllib-fs2-q5-findall,2397,858,2026-08-10T17:12:47.917Z
2^[39].(L3(2)x3.S6),199495389743677440,false,0,true,2026-08-10T07:05:43.008Z,1.12.6,1.9.0-DEV,428070c0f9ad,4.16.0,1.3.11,ctbllib-fs2-q5-findall,2397,859,2026-08-10T17:38:54.085Z
2^{1+4}_-:2A5,3840,false,0,true,2026-08-10T07:05:43.008Z,1.12.6,1.9.0-DEV,428070c0f9ad,4.16.0,1.3.11,ctbllib-fs2-q5-findall,2397,860,2026-08-10T17:38:54.498Z
2^{1+6}:3^{1+2}:2A4,82944,true,0,true,2026-08-10T07:05:43.008Z,1.12.6,1.9.0-DEV,428070c0f9ad,4.16.0,1.3.11,ctbllib-fs2-q5-findall,2397,861,2026-08-10T17:38:56.699Z
2^{1+8}_+:(S3xA5),184320,false,0,true,2026-08-10T07:05:43.008Z,1.12.6,1.9.0-DEV,428070c0f9ad,4.16.0,1.3.11,ctbllib-fs2-q5-findall,2397,862,2026-08-10T17:38:59.607Z
2^{3+4}:(3xS3),2304,true,0,true,2026-08-10T07:05:43.008Z,1.12.6,1.9.0-DEV,428070c0f9ad,4.16.0,1.3.11,ctbllib-fs2-q5-findall,2397,863,2026-08-10T17:39:00.326Z
2^{3+6}:(L3(2)x3),258048,false,0,true,2026-08-10T07:05:43.008Z,1.12.6,1.9.0-DEV,428070c0f9ad,4.16.0,1.3.11,ctbllib-fs2-q5-findall,2397,864,2026-08-10T17:39:02.039Z
2_1.O12+(3),13525689401217540476505921945600,false,0,true,2026-08-10T07:05:43.008Z,1.12.6,1.9.0-DEV,428070c0f9ad,4.16.0,1.3.11,ctbllib-fs2-q5-findall,2397,865,2026-08-10T20:04:01.595Z
2x(3.A7),15120,false,0,true,2026-08-10T07:05:43.008Z,1.12.6,1.9.0-DEV,428070c0f9ad,4.16.0,1.3.11,ctbllib-fs2-q5-findall,2397,866,2026-08-10T20:04:04.372Z
2x(3^(1+6).3)a.2.S4,629856,true,0,true,2026-08-10T07:05:43.008Z,1.12.6,1.9.0-DEV,428070c0f9ad,4.16.0,1.3.11,ctbllib-fs2-q5-findall,2397,867,2026-08-10T20:04:17.953Z
2x(3^2.QD16),288,true,0,true,2026-08-10T07:05:43.008Z,1.12.6,1.9.0-DEV,428070c0f9ad,4.16.0,1.3.11,ctbllib-fs2-q5-findall,2397,868,2026-08-10T20:04:18.111Z
2x(3x2.U4(2)):2,622080,false,0,true,2026-08-10T07:05:43.008Z,1.12.6,1.9.0-DEV,428070c0f9ad,4.16.0,1.3.11,ctbllib-fs2-q5-findall,2397,869,2026-08-10T20:04:28.419Z
2x(3xU4(2)):2,311040,false,0,true,2026-08-10T07:05:43.008Z,1.12.6,1.9.0-DEV,428070c0f9ad,4.16.0,1.3.11,ctbllib-fs2-q5-findall,2397,870,2026-08-10T20:04:35.319Z
2x(7:3xL2(7)):2,14112,false,0,true,2026-08-10T07:05:43.008Z,1.12.6,1.9.0-DEV,428070c0f9ad,4.16.0,1.3.11,ctbllib-fs2-q5-findall,2397,871,2026-08-10T20:04:37.74Z
2x(A4x3):2,144,true,0,true,2026-08-10T07:05:43.008Z,1.12.6,1.9.0-DEV,428070c0f9ad,4.16.0,1.3.11,ctbllib-fs2-q5-findall,2397,872,2026-08-10T20:04:37.891Z
2x11:10,220,true,0,true,2026-08-10T07:05:43.008Z,1.12.6,1.9.0-DEV,428070c0f9ad,4.16.0,1.3.11,ctbllib-fs2-q5-findall,2397,873,2026-08-10T20:04:38.329Z
2x11:5,110,true,0,true,2026-08-10T07:05:43.008Z,1.12.6,1.9.0-DEV,428070c0f9ad,4.16.0,1.3.11,ctbllib-fs2-q5-findall,2397,874,2026-08-10T20:04:38.603Z
2x13:4,104,true,0,true,2026-08-10T07:05:43.008Z,1.12.6,1.9.0-DEV,428070c0f9ad,4.16.0,1.3.11,ctbllib-fs2-q5-findall,2397,875,2026-08-10T20:04:39.187Z
2x13:6,156,true,0,true,2026-08-10T07:05:43.008Z,1.12.6,1.9.0-DEV,428070c0f9ad,4.16.0,1.3.11,ctbllib-fs2-q5-findall,2397,876,2026-08-10T20:04:39.916Z
2x19:9,342,true,0,true,2026-08-10T07:05:43.008Z,1.12.6,1.9.0-DEV,428070c0f9ad,4.16.0,1.3.11,ctbllib-fs2-q5-findall,2397,877,2026-08-10T20:04:40.905Z
2x2.(3^3:(S4x2)),5184,true,0,true,2026-08-10T07:05:43.008Z,1.12.6,1.9.0-DEV,428070c0f9ad,4.16.0,1.3.11,ctbllib-fs2-q5-findall,2397,878,2026-08-10T20:04:45.221Z
2x2.A4xS3,288,true,0,true,2026-08-10T07:05:43.008Z,1.12.6,1.9.0-DEV,428070c0f9ad,4.16.0,1.3.11,ctbllib-fs2-q5-findall,2397,879,2026-08-10T20:04:46.694Z
2x2.A9,725760,false,0,true,2026-08-10T07:05:43.008Z,1.12.6,1.9.0-DEV,428070c0f9ad,4.16.0,1.3.11,ctbllib-fs2-q5-findall,2397,880,2026-08-10T20:04:48.075Z
2x2.F4(2),13244506413465600,false,0,true,2026-08-10T07:05:43.008Z,1.12.6,1.9.0-DEV,428070c0f9ad,4.16.0,1.3.11,ctbllib-fs2-q5-findall,2397,881,2026-08-10T20:06:34.807Z
2x2.Fi22,258247006617600,false,0,true,2026-08-10T07:05:43.008Z,1.12.6,1.9.0-DEV,428070c0f9ad,4.16.0,1.3.11,ctbllib-fs2-q5-findall,2397,882,2026-08-10T20:07:13.246Z
2x2.M12,380160,false,0,true,2026-08-10T07:05:43.008Z,1.12.6,1.9.0-DEV,428070c0f9ad,4.16.0,1.3.11,ctbllib-fs2-q5-findall,2397,883,2026-08-10T20:07:17.073Z
2x2.M22,1774080,false,0,true,2026-08-10T07:05:43.008Z,1.12.6,1.9.0-DEV,428070c0f9ad,4.16.0,1.3.11,ctbllib-fs2-q5-findall,2397,884,2026-08-10T20:07:19.382Z
2x2.S6(2),5806080,false,0,true,2026-08-10T07:05:43.008Z,1.12.6,1.9.0-DEV,428070c0f9ad,4.16.0,1.3.11,ctbllib-fs2-q5-findall,2397,885,2026-08-10T20:07:23.426Z
2x2.U4(2).2,207360,false,0,true,2026-08-10T07:05:43.008Z,1.12.6,1.9.0-DEV,428070c0f9ad,4.16.0,1.3.11,ctbllib-fs2-q5-findall,2397,886,2026-08-10T20:07:26.213Z
2x2.U4(3).2_2,26127360,false,0,true,2026-08-10T07:05:43.008Z,1.12.6,1.9.0-DEV,428070c0f9ad,4.16.0,1.3.11,ctbllib-fs2-q5-findall,2397,887,2026-08-10T20:07:38.634Z
2x23:11,506,true,0,true,2026-08-10T07:05:43.008Z,1.12.6,1.9.0-DEV,428070c0f9ad,4.16.0,1.3.11,ctbllib-fs2-q5-findall,2397,888,2026-08-10T20:07:41.321Z
2x2F4(2)',35942400,false,0,true,2026-08-10T07:05:43.008Z,1.12.6,1.9.0-DEV,428070c0f9ad,4.16.0,1.3.11,ctbllib-fs2-q5-findall,2397,889,2026-08-10T20:07:42.415Z
2x2^3:L3(2),2688,false,0,true,2026-08-10T07:05:43.008Z,1.12.6,1.9.0-DEV,428070c0f9ad,4.16.0,1.3.11,ctbllib-fs2-q5-findall,2397,890,2026-08-10T20:07:42.752Z
2x2^3:L3(2)x2,5376,false,0,true,2026-08-10T07:05:43.008Z,1.12.6,1.9.0-DEV,428070c0f9ad,4.16.0,1.3.11,ctbllib-fs2-q5-findall,2397,891,2026-08-10T20:07:44.566Z
2x3.(3^(3+3):L3(3)),24564384,false,0,true,2026-08-10T07:05:43.008Z,1.12.6,1.9.0-DEV,428070c0f9ad,4.16.0,1.3.11,ctbllib-fs2-q5-findall,2397,892,2026-08-10T20:08:11.03Z
2x3.(A4x3):2,432,true,0,true,2026-08-10T07:05:43.008Z,1.12.6,1.9.0-DEV,428070c0f9ad,4.16.0,1.3.11,ctbllib-fs2-q5-findall,2397,893,2026-08-10T20:08:12.344Z
2x3.3^5:(3^2:SD16),209952,true,0,true,2026-08-10T07:05:43.008Z,1.12.6,1.9.0-DEV,428070c0f9ad,4.16.0,1.3.11,ctbllib-fs2-q5-findall,2397,894,2026-08-10T20:08:51.572Z
2x3.A6,2160,false,0,true,2026-08-10T07:05:43.008Z,1.12.6,1.9.0-DEV,428070c0f9ad,4.16.0,1.3.11,ctbllib-fs2-q5-findall,2397,895,2026-08-10T20:08:52.18Z
2x3.Fi22,387370509926400,false,0,true,2026-08-10T07:05:43.008Z,1.12.6,1.9.0-DEV,428070c0f9ad,4.16.0,1.3.11,ctbllib-fs2-q5-findall,2397,896,2026-08-10T20:10:33.507Z
2x3.Fi22N3,472392,true,0,true,2026-08-10T07:05:43.008Z,1.12.6,1.9.0-DEV,428070c0f9ad,4.16.0,1.3.11,ctbllib-fs2-q5-findall,2397,897,2026-08-10T20:11:09.789Z
2x3.G2(3),25474176,false,0,true,2026-08-10T07:05:43.008Z,1.12.6,1.9.0-DEV,428070c0f9ad,4.16.0,1.3.11,ctbllib-fs2-q5-findall,2397,898,2026-08-10T20:11:21.899Z
2x3.M22,2661120,false,0,true,2026-08-10T07:05:43.008Z,1.12.6,1.9.0-DEV,428070c0f9ad,4.16.0,1.3.11,ctbllib-fs2-q5-findall,2397,899,2026-08-10T20:11:30.615Z
2x3.O7(3),27512110080,false,0,true,2026-08-10T07:05:43.008Z,1.12.6,1.9.0-DEV,428070c0f9ad,4.16.0,1.3.11,ctbllib-fs2-q5-findall,2397,900,2026-08-10T20:12:23.904Z
2x3.S6,4320,false,0,true,2026-08-10T07:05:43.008Z,1.12.6,1.9.0-DEV,428070c0f9ad,4.16.0,1.3.11,ctbllib-fs2-q5-findall,2397,901,2026-08-10T20:12:24.662Z
2x31:15,930,true,0,true,2026-08-10T07:05:43.008Z,1.12.6,1.9.0-DEV,428070c0f9ad,4.16.0,1.3.11,ctbllib-fs2-q5-findall,2397,902,2026-08-10T20:12:28.091Z
2x3^(1+2)+:2A4,1296,true,0,true,2026-08-10T07:05:43.008Z,1.12.6,1.9.0-DEV,428070c0f9ad,4.16.0,1.3.11,ctbllib-fs2-q5-findall,2397,903,2026-08-10T20:12:29.934Z
2x3^(1+2)_+:2S4,2592,true,0,true,2026-08-10T07:05:43.008Z,1.12.6,1.9.0-DEV,428070c0f9ad,4.16.0,1.3.11,ctbllib-fs2-q5-findall,2397,904,2026-08-10T20:12:30.419Z
2x3^(1+4).2U4(2).2,50388480,false,0,true,2026-08-10T07:05:43.008Z,1.12.6,1.9.0-DEV,428070c0f9ad,4.16.0,1.3.11,ctbllib-fs2-q5-findall,2397,905,2026-08-10T20:12:50.755Z
2x3^(3+3):L3(3),8188128,false,0,true,2026-08-10T07:05:43.008Z,1.12.6,1.9.0-DEV,428070c0f9ad,4.16.0,1.3.11,ctbllib-fs2-q5-findall,2397,906,2026-08-10T20:12:55.897Z
2x3^2.2.S4,864,true,0,true,2026-08-10T07:05:43.008Z,1.12.6,1.9.0-DEV,428070c0f9ad,4.16.0,1.3.11,ctbllib-fs2-q5-findall,2397,907,2026-08-10T20:12:56.085Z
2x3^2:2A4,432,true,0,true,2026-08-10T07:05:43.008Z,1.12.6,1.9.0-DEV,428070c0f9ad,4.16.0,1.3.11,ctbllib-fs2-q5-findall,2397,908,2026-08-10T20:12:56.385Z
2x3^3:(S3x2),648,true,0,true,2026-08-10T07:05:43.008Z,1.12.6,1.9.0-DEV,428070c0f9ad,4.16.0,1.3.11,ctbllib-fs2-q5-findall,2397,909,2026-08-10T20:12:58.075Z
2x3^3:13,702,true,0,true,2026-08-10T07:05:43.008Z,1.12.6,1.9.0-DEV,428070c0f9ad,4.16.0,1.3.11,ctbllib-fs2-q5-findall,2397,910,2026-08-10T20:12:58.785Z
2x3^3:S3,324,true,0,true,2026-08-10T07:05:43.008Z,1.12.6,1.9.0-DEV,428070c0f9ad,4.16.0,1.3.11,ctbllib-fs2-q5-findall,2397,911,2026-08-10T20:13:01.041Z
2x3^4:(2xA6),116640,false,0,true,2026-08-10T07:05:43.008Z,1.12.6,1.9.0-DEV,428070c0f9ad,4.16.0,1.3.11,ctbllib-fs2-q5-findall,2397,912,2026-08-10T20:13:03.056Z
2x3^4:A6,58320,false,0,true,2026-08-10T07:05:43.008Z,1.12.6,1.9.0-DEV,428070c0f9ad,4.16.0,1.3.11,ctbllib-fs2-q5-findall,2397,913,2026-08-10T20:13:03.873Z
2x3^5.3^(1+2).2.S4,629856,true,0,true,2026-08-10T07:05:43.008Z,1.12.6,1.9.0-DEV,428070c0f9ad,4.16.0,1.3.11,ctbllib-fs2-q5-findall,2397,914,2026-08-10T20:13:19.562Z
2x3^5.3^3.(2xS4),629856,true,0,true,2026-08-10T07:05:43.008Z,1.12.6,1.9.0-DEV,428070c0f9ad,4.16.0,1.3.11,ctbllib-fs2-q5-findall,2397,915,2026-08-10T20:13:46.367Z
2x3^5:(3^2:SD16),69984,true,0,true,2026-08-10T07:05:43.008Z,1.12.6,1.9.0-DEV,428070c0f9ad,4.16.0,1.3.11,ctbllib-fs2-q5-findall,2397,916,2026-08-10T20:13:50.452Z
2x3^5:M11,3849120,false,0,true,2026-08-10T07:05:43.008Z,1.12.6,1.9.0-DEV,428070c0f9ad,4.16.0,1.3.11,ctbllib-fs2-q5-findall,2397,917,2026-08-10T20:13:51.649Z
2x3^5:U4(2):2,25194240,false,0,true,2026-08-10T07:05:43.008Z,1.12.6,1.9.0-DEV,428070c0f9ad,4.16.0,1.3.11,ctbllib-fs2-q5-findall,2397,918,2026-08-10T20:14:08.365Z
2x3^6.M11,11547360,false,0,true,2026-08-10T07:05:43.008Z,1.12.6,1.9.0-DEV,428070c0f9ad,4.16.0,1.3.11,ctbllib-fs2-q5-findall,2397,919,2026-08-10T20:14:26.182Z
2x3^6:2.M12,277136640,false,0,true,2026-08-10T07:05:43.008Z,1.12.6,1.9.0-DEV,428070c0f9ad,4.16.0,1.3.11,ctbllib-fs2-q5-findall,2397,920,2026-08-10T20:14:36.118Z
2x3_1.U4(3).2_2,39191040,false,0,true,2026-08-10T07:05:43.008Z,1.12.6,1.9.0-DEV,428070c0f9ad,4.16.0,1.3.11,ctbllib-fs2-q5-findall,2397,921,2026-08-10T20:15:01.623Z
2x47:23,2162,true,0,true,2026-08-10T07:05:43.008Z,1.12.6,1.9.0-DEV,428070c0f9ad,4.16.0,1.3.11,ctbllib-fs2-q5-findall,2397,922,2026-08-10T20:15:16.653Z
2x5:4,40,true,0,true,2026-08-10T07:05:43.008Z,1.12.6,1.9.0-DEV,428070c0f9ad,4.16.0,1.3.11,ctbllib-fs2-q5-findall,2397,923,2026-08-10T20:15:16.807Z
2x5^(1+2):GL2(5),120000,false,0,true,2026-08-10T07:05:43.008Z,1.12.6,1.9.0-DEV,428070c0f9ad,4.16.0,1.3.11,ctbllib-fs2-q5-findall,2397,924,2026-08-10T20:15:19.475Z
2x5^2:2A5,6000,false,0,true,2026-08-10T07:05:43.008Z,1.12.6,1.9.0-DEV,428070c0f9ad,4.16.0,1.3.11,ctbllib-fs2-q5-findall,2397,925,2026-08-10T20:15:20.538Z
2x5^2:4S5,24000,false,0,true,2026-08-10T07:05:43.008Z,1.12.6,1.9.0-DEV,428070c0f9ad,4.16.0,1.3.11,ctbllib-fs2-q5-findall,2397,926,2026-08-10T20:15:21.668Z
2x6.Fi22,774741019852800,false,0,true,2026-08-10T07:05:43.008Z,1.12.6,1.9.0-DEV,428070c0f9ad,4.16.0,1.3.11,ctbllib-fs2-q5-findall,2397,927,2026-08-10T20:20:14.247Z
2x6.M22,5322240,false,0,true,2026-08-10T07:05:43.008Z,1.12.6,1.9.0-DEV,428070c0f9ad,4.16.0,1.3.11,ctbllib-fs2-q5-findall,2397,928,2026-08-10T20:20:43.985Z
2x6_1.U4(3).2_2,78382080,false,0,true,2026-08-10T07:05:43.008Z,1.12.6,1.9.0-DEV,428070c0f9ad,4.16.0,1.3.11,ctbllib-fs2-q5-findall,2397,929,2026-08-10T20:22:12.146Z
2x6x11:5,660,true,0,true,2026-08-10T07:05:43.008Z,1.12.6,1.9.0-DEV,428070c0f9ad,4.16.0,1.3.11,ctbllib-fs2-q5-findall,2397,930,2026-08-10T20:22:30.506Z
2x7:3,42,true,0,true,2026-08-10T07:05:43.008Z,1.12.6,1.9.0-DEV,428070c0f9ad,4.16.0,1.3.11,ctbllib-fs2-q5-findall,2397,931,2026-08-10T20:22:30.667Z
2x7:6,84,true,0,true,2026-08-10T07:05:43.008Z,1.12.6,1.9.0-DEV,428070c0f9ad,4.16.0,1.3.11,ctbllib-fs2-q5-findall,2397,932,2026-08-10T20:22:31.234Z
2x7^2:(3x2A4),7056,true,0,true,2026-08-10T07:05:43.008Z,1.12.6,1.9.0-DEV,428070c0f9ad,4.16.0,1.3.11,ctbllib-fs2-q5-findall,2397,933,2026-08-10T20:22:33.546Z
2xA5,120,false,0,true,2026-08-10T07:05:43.008Z,1.12.6,1.9.0-DEV,428070c0f9ad,4.16.0,1.3.11,ctbllib-fs2-q5-findall,2397,934,2026-08-10T20:22:33.642Z
2xA6,720,false,0,true,2026-08-10T07:05:43.008Z,1.12.6,1.9.0-DEV,428070c0f9ad,4.16.0,1.3.11,ctbllib-fs2-q5-findall,2397,935,2026-08-10T20:22:33.759Z
2xA7,5040,false,0,true,2026-08-10T07:05:43.008Z,1.12.6,1.9.0-DEV,428070c0f9ad,4.16.0,1.3.11,ctbllib-fs2-q5-findall,2397,936,2026-08-10T20:22:34.04Z
2xA8,40320,false,0,true,2026-08-10T07:05:43.008Z,1.12.6,1.9.0-DEV,428070c0f9ad,4.16.0,1.3.11,ctbllib-fs2-q5-findall,2397,937,2026-08-10T20:22:35.141Z
2xA9,362880,false,0,true,2026-08-10T07:05:43.008Z,1.12.6,1.9.0-DEV,428070c0f9ad,4.16.0,1.3.11,ctbllib-fs2-q5-findall,2397,938,2026-08-10T20:22:35.718Z
2xBN5,500000,true,0,true,2026-08-10T07:05:43.008Z,1.12.6,1.9.0-DEV,428070c0f9ad,4.16.0,1.3.11,ctbllib-fs2-q5-findall,2397,939,2026-08-10T20:22:42.363Z
2xCo1N3,314928,true,0,true,2026-08-10T07:05:43.008Z,1.12.6,1.9.0-DEV,428070c0f9ad,4.16.0,1.3.11,ctbllib-fs2-q5-findall,2397,940,2026-08-10T20:23:22.952Z
2xCo1N5,20000,true,0,true,2026-08-10T07:05:43.008Z,1.12.6,1.9.0-DEV,428070c0f9ad,4.16.0,1.3.11,ctbllib-fs2-q5-findall,2397,941,2026-08-10T20:23:27.081Z
2xCo2,84610842624000,false,0,true,2026-08-10T07:05:43.008Z,1.12.6,1.9.0-DEV,428070c0f9ad,4.16.0,1.3.11,ctbllib-fs2-q5-findall,2397,942,2026-08-10T20:23:38.71Z
2xCo3,991533312000,false,0,true,2026-08-10T07:05:43.008Z,1.12.6,1.9.0-DEV,428070c0f9ad,4.16.0,1.3.11,ctbllib-fs2-q5-findall,2397,943,2026-08-10T20:23:46.703Z
2xF4(2),6622253206732800,false,0,true,2026-08-10T07:05:43.008Z,1.12.6,1.9.0-DEV,428070c0f9ad,4.16.0,1.3.11,ctbllib-fs2-q5-findall,2397,944,2026-08-10T20:24:11.717Z
2xF4(2).2,13244506413465600,false,0,true,2026-08-10T07:05:43.008Z,1.12.6,1.9.0-DEV,428070c0f9ad,4.16.0,1.3.11,ctbllib-fs2-q5-findall,2397,945,2026-08-10T20:24:31.735Z
2xFi22,129123503308800,false,0,true,2026-08-10T07:05:43.008Z,1.12.6,1.9.0-DEV,428070c0f9ad,4.16.0,1.3.11,ctbllib-fs2-q5-findall,2397,946,2026-08-10T20:24:44.406Z
2xFi22.2,258247006617600,false,0,true,2026-08-10T07:05:43.008Z,1.12.6,1.9.0-DEV,428070c0f9ad,4.16.0,1.3.11,ctbllib-fs2-q5-findall,2397,947,2026-08-10T20:25:17.635Z
2xFi22N3,157464,true,0,true,2026-08-10T07:05:43.008Z,1.12.6,1.9.0-DEV,428070c0f9ad,4.16.0,1.3.11,ctbllib-fs2-q5-findall,2397,948,2026-08-10T20:25:44.323Z
2xFi22N5,4800,true,0,true,2026-08-10T07:05:43.008Z,1.12.6,1.9.0-DEV,428070c0f9ad,4.16.0,1.3.11,ctbllib-fs2-q5-findall,2397,949,2026-08-10T20:25:45.212Z
2xFi23,8178940946586009600,false,0,true,2026-08-10T07:05:43.008Z,1.12.6,1.9.0-DEV,428070c0f9ad,4.16.0,1.3.11,ctbllib-fs2-q5-findall,2397,950,2026-08-10T20:26:15.889Z
2xG2(3),8491392,false,0,true,2026-08-10T07:05:43.008Z,1.12.6,1.9.0-DEV,428070c0f9ad,4.16.0,1.3.11,ctbllib-fs2-q5-findall,2397,951,2026-08-10T20:26:17.951Z
2xL2(11),1320,false,0,true,2026-08-10T07:05:43.008Z,1.12.6,1.9.0-DEV,428070c0f9ad,4.16.0,1.3.11,ctbllib-fs2-q5-findall,2397,952,2026-08-10T20:26:18.28Z
2xL2(11).2,2640,false,0,true,2026-08-10T07:05:43.008Z,1.12.6,1.9.0-DEV,428070c0f9ad,4.16.0,1.3.11,ctbllib-fs2-q5-findall,2397,953,2026-08-10T20:26:18.517Z
2xL3(2),336,false,0,true,2026-08-10T07:05:43.008Z,1.12.6,1.9.0-DEV,428070c0f9ad,4.16.0,1.3.11,ctbllib-fs2-q5-findall,2397,954,2026-08-10T20:26:18.685Z
2xM11,15840,false,0,true,2026-08-10T07:05:43.008Z,1.12.6,1.9.0-DEV,428070c0f9ad,4.16.0,1.3.11,ctbllib-fs2-q5-findall,2397,955,2026-08-10T20:26:19.025Z
2xM12N3,216,true,0,true,2026-08-10T07:05:43.008Z,1.12.6,1.9.0-DEV,428070c0f9ad,4.16.0,1.3.11,ctbllib-fs2-q5-findall,2397,956,2026-08-10T20:26:19.533Z
2xM22,887040,false,0,true,2026-08-10T07:05:43.008Z,1.12.6,1.9.0-DEV,428070c0f9ad,4.16.0,1.3.11,ctbllib-fs2-q5-findall,2397,957,2026-08-10T20:26:20.126Z
2xO7(3),9170703360,false,0,true,2026-08-10T07:05:43.008Z,1.12.6,1.9.0-DEV,428070c0f9ad,4.16.0,1.3.11,ctbllib-fs2-q5-findall,2397,958,2026-08-10T20:26:29.626Z
2xS3x2.S4,576,true,0,true,2026-08-10T07:05:43.008Z,1.12.6,1.9.0-DEV,428070c0f9ad,4.16.0,1.3.11,ctbllib-fs2-q5-findall,2397,959,2026-08-10T20:26:30.606Z
2xS3x2.U4(3).2_2,156764160,false,0,true,2026-08-10T07:05:43.008Z,1.12.6,1.9.0-DEV,428070c0f9ad,4.16.0,1.3.11,ctbllib-fs2-q5-findall,2397,960,2026-08-10T20:28:11.466Z
2xS3x7:6,504,true,0,true,2026-08-10T07:05:43.008Z,1.12.6,1.9.0-DEV,428070c0f9ad,4.16.0,1.3.11,ctbllib-fs2-q5-findall,2397,961,2026-08-10T20:28:12.688Z
2xS3xS6(2),17418240,false,0,true,2026-08-10T07:05:43.008Z,1.12.6,1.9.0-DEV,428070c0f9ad,4.16.0,1.3.11,ctbllib-fs2-q5-findall,2397,962,2026-08-10T20:28:35.569Z
2xS3xU4(2),311040,false,0,true,2026-08-10T07:05:43.008Z,1.12.6,1.9.0-DEV,428070c0f9ad,4.16.0,1.3.11,ctbllib-fs2-q5-findall,2397,963,2026-08-10T20:28:46.511Z
2xS3xU4(3).(2^2)_{122},156764160,false,0,true,2026-08-10T07:05:43.008Z,1.12.6,1.9.0-DEV,428070c0f9ad,4.16.0,1.3.11,ctbllib-fs2-q5-findall,2397,964,2026-08-10T20:30:18.048Z
2xS3xU4(3).2_2,78382080,false,0,true,2026-08-10T07:05:43.008Z,1.12.6,1.9.0-DEV,428070c0f9ad,4.16.0,1.3.11,ctbllib-fs2-q5-findall,2397,965,2026-08-10T20:30:47.019Z
2xS5,240,false,0,true,2026-08-10T07:05:43.008Z,1.12.6,1.9.0-DEV,428070c0f9ad,4.16.0,1.3.11,ctbllib-fs2-q5-findall,2397,966,2026-08-10T20:30:47.151Z
2xS6(2),2903040,false,0,true,2026-08-10T07:05:43.008Z,1.12.6,1.9.0-DEV,428070c0f9ad,4.16.0,1.3.11,ctbllib-fs2-q5-findall,2397,967,2026-08-10T20:30:49.478Z
2xSymm(4),48,true,0,true,2026-08-10T07:05:43.008Z,1.12.6,1.9.0-DEV,428070c0f9ad,4.16.0,1.3.11,ctbllib-fs2-q5-findall,2397,968,2026-08-10T20:30:49.537Z
2xTh,181491887775744000,false,0,true,2026-08-10T07:05:43.008Z,1.12.6,1.9.0-DEV,428070c0f9ad,4.16.0,1.3.11,ctbllib-fs2-q5-findall,2397,969,2026-08-10T20:31:00.239Z
2xU3(3),12096,false,0,true,2026-08-10T07:05:43.008Z,1.12.6,1.9.0-DEV,428070c0f9ad,4.16.0,1.3.11,ctbllib-fs2-q5-findall,2397,970,2026-08-10T20:31:00.662Z
2xU3(3).2,24192,false,0,true,2026-08-10T07:05:43.008Z,1.12.6,1.9.0-DEV,428070c0f9ad,4.16.0,1.3.11,ctbllib-fs2-q5-findall,2397,971,2026-08-10T20:31:03.272Z
2xU3(5).2,504000,false,0,true,2026-08-10T07:05:43.008Z,1.12.6,1.9.0-DEV,428070c0f9ad,4.16.0,1.3.11,ctbllib-fs2-q5-findall,2397,972,2026-08-10T20:31:03.816Z
2xU4(3).(2^2)_{122},26127360,false,0,true,2026-08-10T07:05:43.008Z,1.12.6,1.9.0-DEV,428070c0f9ad,4.16.0,1.3.11,ctbllib-fs2-q5-findall,2397,973,2026-08-10T20:31:13.007Z
2xU4(3).2_2,13063680,false,0,true,2026-08-10T07:05:43.008Z,1.12.6,1.9.0-DEV,428070c0f9ad,4.16.0,1.3.11,ctbllib-fs2-q5-findall,2397,974,2026-08-10T20:31:16.037Z
2xU5(2),27371520,false,0,true,2026-08-10T07:05:43.008Z,1.12.6,1.9.0-DEV,428070c0f9ad,4.16.0,1.3.11,ctbllib-fs2-q5-findall,2397,975,2026-08-10T20:31:22.74Z
2xU5(2).2,54743040,false,0,true,2026-08-10T07:05:43.008Z,1.12.6,1.9.0-DEV,428070c0f9ad,4.16.0,1.3.11,ctbllib-fs2-q5-findall,2397,976,2026-08-10T20:31:27.172Z
2xU6(2).3.2,110361968640,false,0,true,2026-08-10T07:05:43.008Z,1.12.6,1.9.0-DEV,428070c0f9ad,4.16.0,1.3.11,ctbllib-fs2-q5-findall,2397,977,2026-08-10T20:31:55.216Z
2xa6.2^2,2880,false,0,true,2026-08-10T07:05:43.008Z,1.12.6,1.9.0-DEV,428070c0f9ad,4.16.0,1.3.11,ctbllib-fs2-q5-findall,2397,978,2026-08-10T20:31:55.541Z
2xm12,190080,false,0,true,2026-08-10T07:05:43.008Z,1.12.6,1.9.0-DEV,428070c0f9ad,4.16.0,1.3.11,ctbllib-fs2-q5-findall,2397,979,2026-08-10T20:31:56.128Z
3.(2x2^(1+8)):(U4(2):2x2),318504960,false,0,true,2026-08-10T07:05:43.008Z,1.12.6,1.9.0-DEV,428070c0f9ad,4.16.0,1.3.11,ctbllib-fs2-q5-findall,2397,980,2026-08-10T20:32:58.733Z
3.(3^(1+2)+x3^2):2S4,34992,true,0,true,2026-08-10T07:05:43.008Z,1.12.6,1.9.0-DEV,428070c0f9ad,4.16.0,1.3.11,ctbllib-fs2-q5-findall,2397,981,2026-08-10T20:32:59.491Z
3.(3^(1+4).[2^7.3]),279936,true,0,true,2026-08-10T07:05:43.008Z,1.12.6,1.9.0-DEV,428070c0f9ad,4.16.0,1.3.11,ctbllib-fs2-q5-findall,2397,982,2026-08-10T20:33:11.623Z
3.(3^(3+3):L3(3)),12282192,false,0,true,2026-08-10T07:05:43.008Z,1.12.6,1.9.0-DEV,428070c0f9ad,4.16.0,1.3.11,ctbllib-fs2-q5-findall,2397,983,2026-08-10T20:33:22.912Z
3.(3xM10):2,12960,false,0,true,2026-08-10T07:05:43.008Z,1.12.6,1.9.0-DEV,428070c0f9ad,4.16.0,1.3.11,ctbllib-fs2-q5-findall,2397,984,2026-08-10T20:33:23.833Z
3.(A4x2(A4xA4).2).2,41472,true,0,true,2026-08-10T07:05:43.008Z,1.12.6,1.9.0-DEV,428070c0f9ad,4.16.0,1.3.11,ctbllib-fs2-q5-findall,2397,985,2026-08-10T20:33:38.446Z
3.(A4x3):2,216,true,0,true,2026-08-10T07:05:43.008Z,1.12.6,1.9.0-DEV,428070c0f9ad,4.16.0,1.3.11,ctbllib-fs2-q5-findall,2397,986,2026-08-10T20:33:38.644Z
3.2E6(2),229597439051324561817600,false,0,true,2026-08-10T07:05:43.008Z,1.12.6,1.9.0-DEV,428070c0f9ad,4.16.0,1.3.11,ctbllib-fs2-q5-findall,2397,987,2026-08-10T20:35:43.0Z
3.2E6(2).2,459194878102649123635200,false,0,true,2026-08-10T07:05:43.008Z,1.12.6,1.9.0-DEV,428070c0f9ad,4.16.0,1.3.11,ctbllib-fs2-q5-findall,2397,988,2026-08-10T20:36:49.672Z
3.2^(1+12).3U4(3).2,481579499520,false,0,true,2026-08-10T07:05:43.008Z,1.12.6,1.9.0-DEV,428070c0f9ad,4.16.0,1.3.11,ctbllib-fs2-q5-findall,2397,989,2026-08-10T20:38:57.152Z
3.2^(1+4)+:3^2.2,1728,true,0,true,2026-08-10T07:05:43.008Z,1.12.6,1.9.0-DEV,428070c0f9ad,4.16.0,1.3.11,ctbllib-fs2-q5-findall,2397,990,2026-08-10T20:38:58.81Z
3.2^(2+4):(3x3):2,3456,true,0,true,2026-08-10T07:05:43.008Z,1.12.6,1.9.0-DEV,428070c0f9ad,4.16.0,1.3.11,ctbllib-fs2-q5-findall,2397,991,2026-08-10T20:38:59.63Z
3.2^(2+4):(S3xS3),6912,true,0,true,2026-08-10T07:05:43.008Z,1.12.6,1.9.0-DEV,428070c0f9ad,4.16.0,1.3.11,ctbllib-fs2-q5-findall,2397,992,2026-08-10T20:39:00.981Z
3.2^4:a7,120960,false,0,true,2026-08-10T07:05:43.008Z,1.12.6,1.9.0-DEV,428070c0f9ad,4.16.0,1.3.11,ctbllib-fs2-q5-findall,2397,993,2026-08-10T20:39:03.69Z
3.3^(1+4):2S5,174960,false,0,true,2026-08-10T07:05:43.008Z,1.12.6,1.9.0-DEV,428070c0f9ad,4.16.0,1.3.11,ctbllib-fs2-q5-findall,2397,994,2026-08-10T20:39:06.397Z
3.3^(1+4):4S5,349920,false,0,true,2026-08-10T07:05:43.008Z,1.12.6,1.9.0-DEV,428070c0f9ad,4.16.0,1.3.11,ctbllib-fs2-q5-findall,2397,995,2026-08-10T20:39:07.23Z
3.3^(1+6):2^(3+4):3^2:2,15116544,true,0,true,2026-08-10T07:05:43.008Z,1.12.6,1.9.0-DEV,428070c0f9ad,4.16.0,1.3.11,ctbllib-fs2-q5-findall,2397,996,2026-08-10T20:39:26.545Z
3.3^(2+4):2(A4x2^2).2,419904,true,0,true,2026-08-10T07:05:43.008Z,1.12.6,1.9.0-DEV,428070c0f9ad,4.16.0,1.3.11,ctbllib-fs2-q5-findall,2397,997,2026-08-10T20:39:39.105Z
3.3^(2+4):2(S4xD8),839808,true,0,true,2026-08-10T07:05:43.008Z,1.12.6,1.9.0-DEV,428070c0f9ad,4.16.0,1.3.11,ctbllib-fs2-q5-findall,2397,998,2026-08-10T20:39:45.022Z
3.3^4.3^2.Q8,17496,true,0,true,2026-08-10T07:05:43.008Z,1.12.6,1.9.0-DEV,428070c0f9ad,4.16.0,1.3.11,ctbllib-fs2-q5-findall,2397,999,2026-08-10T20:39:47.623Z
3.3^5.U4(2),18895680,false,0,true,2026-08-10T07:05:43.008Z,1.12.6,1.9.0-DEV,428070c0f9ad,4.16.0,1.3.11,ctbllib-fs2-q5-findall,2397,1000,2026-08-10T20:39:53.377Z
3.3^5:(3^2:SD16),104976,true,0,true,2026-08-10T07:05:43.008Z,1.12.6,1.9.0-DEV,428070c0f9ad,4.16.0,1.3.11,ctbllib-fs2-q5-findall,2397,1001,2026-08-10T20:40:02.631Z
3.3^5:U4(2):2,37791360,false,0,true,2026-08-10T07:05:43.008Z,1.12.6,1.9.0-DEV,428070c0f9ad,4.16.0,1.3.11,ctbllib-fs2-q5-findall,2397,1002,2026-08-10T20:40:16.084Z
3.A6,1080,false,0,true,2026-08-10T07:05:43.008Z,1.12.6,1.9.0-DEV,428070c0f9ad,4.16.0,1.3.11,ctbllib-fs2-q5-findall,2397,1003,2026-08-10T20:40:16.252Z
3.A6.(2x4),8640,false,0,true,2026-08-10T07:05:43.008Z,1.12.6,1.9.0-DEV,428070c0f9ad,4.16.0,1.3.11,ctbllib-fs2-q5-findall,2397,1004,2026-08-10T20:40:17.053Z
3.A6.2^2,4320,false,0,true,2026-08-10T07:05:43.008Z,1.12.6,1.9.0-DEV,428070c0f9ad,4.16.0,1.3.11,ctbllib-fs2-q5-findall,2397,1005,2026-08-10T20:40:17.238Z
3.A6.2_1,2160,false,0,true,2026-08-10T07:05:43.008Z,1.12.6,1.9.0-DEV,428070c0f9ad,4.16.0,1.3.11,ctbllib-fs2-q5-findall,2397,1006,2026-08-10T20:40:17.366Z
3.A6.2_2,2160,false,0,true,2026-08-10T07:05:43.008Z,1.12.6,1.9.0-DEV,428070c0f9ad,4.16.0,1.3.11,ctbllib-fs2-q5-findall,2397,1007,2026-08-10T20:40:17.456Z
3.A6.2_3,2160,false,0,true,2026-08-10T07:05:43.008Z,1.12.6,1.9.0-DEV,428070c0f9ad,4.16.0,1.3.11,ctbllib-fs2-q5-findall,2397,1008,2026-08-10T20:40:17.688Z
3.A7,7560,false,0,true,2026-08-10T07:05:43.008Z,1.12.6,1.9.0-DEV,428070c0f9ad,4.16.0,1.3.11,ctbllib-fs2-q5-findall,2397,1009,2026-08-10T20:40:18.455Z
3.A7.2,15120,false,0,true,2026-08-10T07:05:43.008Z,1.12.6,1.9.0-DEV,428070c0f9ad,4.16.0,1.3.11,ctbllib-fs2-q5-findall,2397,1010,2026-08-10T20:40:18.786Z
3.F3+,3765617127571985163878400,false,0,true,2026-08-10T07:05:43.008Z,1.12.6,1.9.0-DEV,428070c0f9ad,4.16.0,1.3.11,ctbllib-fs2-q5-findall,2397,1011,2026-08-10T20:42:10.677Z
3.F3+.2,7531234255143970327756800,false,0,true,2026-08-10T07:05:43.008Z,1.12.6,1.9.0-DEV,428070c0f9ad,4.16.0,1.3.11,ctbllib-fs2-q5-findall,2397,1012,2026-08-10T20:43:12.515Z
3.F3+.2N5,172800,true,0,true,2026-08-10T07:05:43.008Z,1.12.6,1.9.0-DEV,428070c0f9ad,4.16.0,1.3.11,ctbllib-fs2-q5-findall,2397,1013,2026-08-10T20:43:21.624Z
3.F3+.2N7,74088,true,0,true,2026-08-10T07:05:43.008Z,1.12.6,1.9.0-DEV,428070c0f9ad,4.16.0,1.3.11,ctbllib-fs2-q5-findall,2397,1014,2026-08-10T20:43:25.519Z
3.F3+N5,86400,true,0,true,2026-08-10T07:05:43.008Z,1.12.6,1.9.0-DEV,428070c0f9ad,4.16.0,1.3.11,ctbllib-fs2-q5-findall,2397,1015,2026-08-10T20:43:39.868Z
3.Fi22,193685254963200,false,0,true,2026-08-10T07:05:43.008Z,1.12.6,1.9.0-DEV,428070c0f9ad,4.16.0,1.3.11,ctbllib-fs2-q5-findall,2397,1016,2026-08-10T20:44:08.667Z
3.Fi22.2,387370509926400,false,0,true,2026-08-10T07:05:43.008Z,1.12.6,1.9.0-DEV,428070c0f9ad,4.16.0,1.3.11,ctbllib-fs2-q5-findall,2397,1017,2026-08-10T20:44:26.056Z
3.Fi22M5,1362493440,false,0,true,2026-08-10T07:05:43.008Z,1.12.6,1.9.0-DEV,428070c0f9ad,4.16.0,1.3.11,ctbllib-fs2-q5-findall,2397,1018,2026-08-10T20:44:42.444Z
3.Fi22N3,236196,true,0,true,2026-08-10T07:05:43.008Z,1.12.6,1.9.0-DEV,428070c0f9ad,4.16.0,1.3.11,ctbllib-fs2-q5-findall,2397,1019,2026-08-10T20:44:50.708Z
3.G2(3),12737088,false,0,true,2026-08-10T07:05:43.008Z,1.12.6,1.9.0-DEV,428070c0f9ad,4.16.0,1.3.11,ctbllib-fs2-q5-findall,2397,1020,2026-08-10T20:44:55.092Z
3.G2(3).2,25474176,false,0,true,2026-08-10T07:05:43.008Z,1.12.6,1.9.0-DEV,428070c0f9ad,4.16.0,1.3.11,ctbllib-fs2-q5-findall,2397,1021,2026-08-10T20:44:57.086Z
3.J3,150698880,false,0,true,2026-08-10T07:05:43.008Z,1.12.6,1.9.0-DEV,428070c0f9ad,4.16.0,1.3.11,ctbllib-fs2-q5-findall,2397,1022,2026-08-10T20:45:16.809Z
3.J3.2,301397760,false,0,true,2026-08-10T07:05:43.008Z,1.12.6,1.9.0-DEV,428070c0f9ad,4.16.0,1.3.11,ctbllib-fs2-q5-findall,2397,1023,2026-08-10T20:45:22.098Z
3.L3(4),60480,false,0,true,2026-08-10T07:05:43.008Z,1.12.6,1.9.0-DEV,428070c0f9ad,4.16.0,1.3.11,ctbllib-fs2-q5-findall,2397,1024,2026-08-10T20:45:23.085Z
3.L3(4).2^2,241920,false,0,true,2026-08-10T07:05:43.008Z,1.12.6,1.9.0-DEV,428070c0f9ad,4.16.0,1.3.11,ctbllib-fs2-q5-findall,2397,1025,2026-08-10T20:45:24.008Z
3.L3(4).2_1,120960,false,0,true,2026-08-10T07:05:43.008Z,1.12.6,1.9.0-DEV,428070c0f9ad,4.16.0,1.3.11,ctbllib-fs2-q5-findall,2397,1026,2026-08-10T20:45:24.676Z
3.L3(4).2_2,120960,false,0,true,2026-08-10T07:05:43.008Z,1.12.6,1.9.0-DEV,428070c0f9ad,4.16.0,1.3.11,ctbllib-fs2-q5-findall,2397,1027,2026-08-10T20:45:25.087Z
3.L3(4).2_3,120960,false,0,true,2026-08-10T07:05:43.008Z,1.12.6,1.9.0-DEV,428070c0f9ad,4.16.0,1.3.11,ctbllib-fs2-q5-findall,2397,1028,2026-08-10T20:45:25.947Z
3.L3(4).3,181440,false,0,true,2026-08-10T07:05:43.008Z,1.12.6,1.9.0-DEV,428070c0f9ad,4.16.0,1.3.11,ctbllib-fs2-q5-findall,2397,1029,2026-08-10T20:45:58.605Z
3.L3(4).3.2_2,362880,false,0,true,2026-08-10T07:05:43.008Z,1.12.6,1.9.0-DEV,428070c0f9ad,4.16.0,1.3.11,ctbllib-fs2-q5-findall,2397,1030,2026-08-10T20:46:10.647Z
3.L3(4).3.2_3,362880,false,0,true,2026-08-10T07:05:43.008Z,1.12.6,1.9.0-DEV,428070c0f9ad,4.16.0,1.3.11,ctbllib-fs2-q5-findall,2397,1031,2026-08-10T20:46:23.119Z
3.L3(4).6,362880,false,0,true,2026-08-10T07:05:43.008Z,1.12.6,1.9.0-DEV,428070c0f9ad,4.16.0,1.3.11,ctbllib-fs2-q5-findall,2397,1032,2026-08-10T20:46:35.888Z
3.L3(7),5630688,false,0,true,2026-08-10T07:05:43.008Z,1.12.6,1.9.0-DEV,428070c0f9ad,4.16.0,1.3.11,ctbllib-fs2-q5-findall,2397,1033,2026-08-10T20:47:06.02Z
3.L3(7).2,11261376,false,0,true,2026-08-10T07:05:43.008Z,1.12.6,1.9.0-DEV,428070c0f9ad,4.16.0,1.3.11,ctbllib-fs2-q5-findall,2397,1034,2026-08-10T20:47:19.659Z
3.L3(7).3,16892064,false,0,true,2026-08-10T07:05:43.008Z,1.12.6,1.9.0-DEV,428070c0f9ad,4.16.0,1.3.11,ctbllib-fs2-q5-findall,2397,1035,2026-08-10T21:18:21.232Z
3.L3(7).S3,33784128,false,0,true,2026-08-10T07:05:43.008Z,1.12.6,1.9.0-DEV,428070c0f9ad,4.16.0,1.3.11,ctbllib-fs2-q5-findall,2397,1036,2026-08-10T21:31:50.399Z
3.M22,1330560,false,0,true,2026-08-10T07:05:43.008Z,1.12.6,1.9.0-DEV,428070c0f9ad,4.16.0,1.3.11,ctbllib-fs2-q5-findall,2397,1037,2026-08-10T21:31:53.76Z
3.M22.2,2661120,false,0,true,2026-08-10T07:05:43.008Z,1.12.6,1.9.0-DEV,428070c0f9ad,4.16.0,1.3.11,ctbllib-fs2-q5-findall,2397,1038,2026-08-10T21:31:54.802Z
3.M22M2,17280,false,0,true,2026-08-10T07:05:43.008Z,1.12.6,1.9.0-DEV,428070c0f9ad,4.16.0,1.3.11,ctbllib-fs2-q5-findall,2397,1039,2026-08-10T21:31:55.766Z
3.McL,2694384000,false,0,true,2026-08-10T07:05:43.008Z,1.12.6,1.9.0-DEV,428070c0f9ad,4.16.0,1.3.11,ctbllib-fs2-q5-findall,2397,1040,2026-08-10T21:32:02.313Z
3.McL.2,5388768000,false,0,true,2026-08-10T07:05:43.008Z,1.12.6,1.9.0-DEV,428070c0f9ad,4.16.0,1.3.11,ctbllib-fs2-q5-findall,2397,1041,2026-08-10T21:32:04.518Z
3.McL.2N3,34992,true,0,true,2026-08-10T07:05:43.008Z,1.12.6,1.9.0-DEV,428070c0f9ad,4.16.0,1.3.11,ctbllib-fs2-q5-findall,2397,1042,2026-08-10T21:32:05.955Z
3.McL.2N5,18000,true,0,true,2026-08-10T07:05:43.008Z,1.12.6,1.9.0-DEV,428070c0f9ad,4.16.0,1.3.11,ctbllib-fs2-q5-findall,2397,1043,2026-08-10T21:32:06.946Z
3.O7(3),13756055040,false,0,true,2026-08-10T07:05:43.008Z,1.12.6,1.9.0-DEV,428070c0f9ad,4.16.0,1.3.11,ctbllib-fs2-q5-findall,2397,1044,2026-08-10T21:32:23.034Z
3.O7(3).2,27512110080,false,0,true,2026-08-10T07:05:43.008Z,1.12.6,1.9.0-DEV,428070c0f9ad,4.16.0,1.3.11,ctbllib-fs2-q5-findall,2397,1045,2026-08-10T21:32:33.796Z
3.O7(3)M9,3779136,true,0,true,2026-08-10T07:05:43.008Z,1.12.6,1.9.0-DEV,428070c0f9ad,4.16.0,1.3.11,ctbllib-fs2-q5-findall,2397,1046,2026-08-10T21:32:47.508Z
3.ON,1382446517760,false,0,true,2026-08-10T07:05:43.008Z,1.12.6,1.9.0-DEV,428070c0f9ad,4.16.0,1.3.11,ctbllib-fs2-q5-findall,2397,1047,2026-08-10T21:33:43.445Z
3.ON.2,2764893035520,false,0,true,2026-08-10T07:05:43.008Z,1.12.6,1.9.0-DEV,428070c0f9ad,4.16.0,1.3.11,ctbllib-fs2-q5-findall,2397,1048,2026-08-10T21:34:01.583Z
3.ON.2M4,155520,false,0,true,2026-08-10T07:05:43.008Z,1.12.6,1.9.0-DEV,428070c0f9ad,4.16.0,1.3.11,ctbllib-fs2-q5-findall,2397,1049,2026-08-10T21:34:03.593Z
3.ON.2N3,155520,true,0,true,2026-08-10T07:05:43.008Z,1.12.6,1.9.0-DEV,428070c0f9ad,4.16.0,1.3.11,ctbllib-fs2-q5-findall,2397,1050,2026-08-10T21:34:04.59Z
3.ON.2N7,49392,true,0,true,2026-08-10T07:05:43.008Z,1.12.6,1.9.0-DEV,428070c0f9ad,4.16.0,1.3.11,ctbllib-fs2-q5-findall,2397,1051,2026-08-10T21:34:06.84Z
3.ONM5,77760,false,0,true,2026-08-10T07:05:43.008Z,1.12.6,1.9.0-DEV,428070c0f9ad,4.16.0,1.3.11,ctbllib-fs2-q5-findall,2397,1052,2026-08-10T21:34:09.644Z
3.ONM6,77760,true,0,true,2026-08-10T07:05:43.008Z,1.12.6,1.9.0-DEV,428070c0f9ad,4.16.0,1.3.11,ctbllib-fs2-q5-findall,2397,1053,2026-08-10T21:34:10.518Z
3.Suz,1345036492800,false,0,true,2026-08-10T07:05:43.008Z,1.12.6,1.9.0-DEV,428070c0f9ad,4.16.0,1.3.11,ctbllib-fs2-q5-findall,2397,1054,2026-08-10T21:34:28.811Z
3.Suz.2,2690072985600,false,0,true,2026-08-10T07:05:43.008Z,1.12.6,1.9.0-DEV,428070c0f9ad,4.16.0,1.3.11,ctbllib-fs2-q5-findall,2397,1055,2026-08-10T21:34:36.445Z
3.U3(11),212747040,false,0,true,2026-08-10T07:05:43.008Z,1.12.6,1.9.0-DEV,428070c0f9ad,4.16.0,1.3.11,ctbllib-fs2-q5-findall,2397,1056,2026-08-10T21:39:22.191Z
3.U3(11).2,425494080,false,0,true,2026-08-10T07:05:43.008Z,1.12.6,1.9.0-DEV,428070c0f9ad,4.16.0,1.3.11,ctbllib-fs2-q5-findall,2397,1057,2026-08-10T21:41:52.288Z
3.U3(11).3,638241120,false,0,true,2026-08-10T07:05:43.008Z,1.12.6,1.9.0-DEV,428070c0f9ad,4.16.0,1.3.11,ctbllib-fs2-q5-findall,2397,1058,2026-08-11T06:30:08.299Z
3.U3(11).S3,1276482240,false,0,true,2026-08-10T07:05:43.008Z,1.12.6,1.9.0-DEV,428070c0f9ad,4.16.0,1.3.11,ctbllib-fs2-q5-findall,2397,1059,2026-08-11T10:15:04.349Z
3.U3(5),378000,false,0,true,2026-08-10T07:05:43.008Z,1.12.6,1.9.0-DEV,428070c0f9ad,4.16.0,1.3.11,ctbllib-fs2-q5-findall,2397,1060,2026-08-11T10:15:05.723Z
3.U3(5).2,756000,false,0,true,2026-08-10T07:05:43.008Z,1.12.6,1.9.0-DEV,428070c0f9ad,4.16.0,1.3.11,ctbllib-fs2-q5-findall,2397,1061,2026-08-11T10:15:06.238Z
3.U3(5).3,1134000,false,0,true,2026-08-10T07:05:43.008Z,1.12.6,1.9.0-DEV,428070c0f9ad,4.16.0,1.3.11,ctbllib-fs2-q5-findall,2397,1062,2026-08-11T10:15:44.555Z
3.U3(5).S3,2268000,false,0,true,2026-08-10T07:05:43.008Z,1.12.6,1.9.0-DEV,428070c0f9ad,4.16.0,1.3.11,ctbllib-fs2-q5-findall,2397,1063,2026-08-11T10:15:58.721Z
3.U3(8),16547328,false,0,true,2026-08-10T07:05:43.008Z,1.12.6,1.9.0-DEV,428070c0f9ad,4.16.0,1.3.11,ctbllib-fs2-q5-findall,2397,1064,2026-08-11T10:17:31.033Z
3.U3(8).2,33094656,false,0,true,2026-08-10T07:05:43.008Z,1.12.6,1.9.0-DEV,428070c0f9ad,4.16.0,1.3.11,ctbllib-fs2-q5-findall,2397,1065,2026-08-11T10:18:03.644Z
3.U3(8).3_1,49641984,false,0,true,2026-08-10T07:05:43.008Z,1.12.6,1.9.0-DEV,428070c0f9ad,4.16.0,1.3.11,ctbllib-fs2-q5-findall,2397,1066,2026-08-11T10:18:29.917Z
3.U3(8).3_2,49641984,false,0,true,2026-08-10T07:05:43.008Z,1.12.6,1.9.0-DEV,428070c0f9ad,4.16.0,1.3.11,ctbllib-fs2-q5-findall,2397,1067,2026-08-11T11:44:04.578Z
3.U3(8).6,99283968,false,0,true,2026-08-10T07:05:43.008Z,1.12.6,1.9.0-DEV,428070c0f9ad,4.16.0,1.3.11,ctbllib-fs2-q5-findall,2397,1068,2026-08-11T11:44:14.307Z
3.U3(8).S3,99283968,false,0,true,2026-08-10T07:05:43.008Z,1.12.6,1.9.0-DEV,428070c0f9ad,4.16.0,1.3.11,ctbllib-fs2-q5-findall,2397,1069,2026-08-11T12:19:37.182Z
3.U6(2),27590492160,false,0,true,2026-08-10T07:05:43.008Z,1.12.6,1.9.0-DEV,428070c0f9ad,4.16.0,1.3.11,ctbllib-fs2-q5-findall,2397,1070,2026-08-11T12:19:50.642Z
3.U6(2).2,55180984320,false,0,true,2026-08-10T07:05:43.008Z,1.12.6,1.9.0-DEV,428070c0f9ad,4.16.0,1.3.11,ctbllib-fs2-q5-findall,2397,1071,2026-08-11T12:19:58.306Z
3.U6(2).3,82771476480,false,0,true,2026-08-10T07:05:43.008Z,1.12.6,1.9.0-DEV,428070c0f9ad,4.16.0,1.3.11,ctbllib-fs2-q5-findall,2397,1072,2026-08-11T12:21:51.992Z
3.U6(2).3.2,165542952960,false,0,true,2026-08-10T07:05:43.008Z,1.12.6,1.9.0-DEV,428070c0f9ad,4.16.0,1.3.11,ctbllib-fs2-q5-findall,2397,1073,2026-08-11T12:22:24.315Z
3.U6(2)M3,30965760,false,0,true,2026-08-10T07:05:43.008Z,1.12.6,1.9.0-DEV,428070c0f9ad,4.16.0,1.3.11,ctbllib-fs2-q5-findall,2397,1074,2026-08-11T12:22:32.105Z
3.s7x2,30240,false,0,true,2026-08-10T07:05:43.008Z,1.12.6,1.9.0-DEV,428070c0f9ad,4.16.0,1.3.11,ctbllib-fs2-q5-findall,2397,1075,2026-08-11T12:22:35.472Z
31:10,310,true,0,true,2026-08-10T07:05:43.008Z,1.12.6,1.9.0-DEV,428070c0f9ad,4.16.0,1.3.11,ctbllib-fs2-q5-findall,2397,1076,2026-08-11T12:22:37.753Z
31:15,465,true,0,true,2026-08-10T07:05:43.008Z,1.12.6,1.9.0-DEV,428070c0f9ad,4.16.0,1.3.11,ctbllib-fs2-q5-findall,2397,1077,2026-08-11T12:22:39.035Z
31:3,93,true,0,true,2026-08-10T07:05:43.008Z,1.12.6,1.9.0-DEV,428070c0f9ad,4.16.0,1.3.11,ctbllib-fs2-q5-findall,2397,1078,2026-08-11T12:22:50.589Z
31:30,930,true,0,true,2026-08-10T07:05:43.008Z,1.12.6,1.9.0-DEV,428070c0f9ad,4.16.0,1.3.11,ctbllib-fs2-q5-findall,2397,1079,2026-08-11T12:22:51.007Z
31:5,155,true,0,true,2026-08-10T07:05:43.008Z,1.12.6,1.9.0-DEV,428070c0f9ad,4.16.0,1.3.11,ctbllib-fs2-q5-findall,2397,1080,2026-08-11T12:22:55.643Z
31:6,186,true,0,true,2026-08-10T07:05:43.008Z,1.12.6,1.9.0-DEV,428070c0f9ad,4.16.0,1.3.11,ctbllib-fs2-q5-findall,2397,1081,2026-08-11T12:22:58.845Z
37:12,444,true,0,true,2026-08-10T07:05:43.008Z,1.12.6,1.9.0-DEV,428070c0f9ad,4.16.0,1.3.11,ctbllib-fs2-q5-findall,2397,1082,2026-08-11T12:23:02.708Z
37:18,666,true,0,true,2026-08-10T07:05:43.008Z,1.12.6,1.9.0-DEV,428070c0f9ad,4.16.0,1.3.11,ctbllib-fs2-q5-findall,2397,1083,2026-08-11T12:23:05.438Z
37:3,111,true,0,true,2026-08-10T07:05:43.008Z,1.12.6,1.9.0-DEV,428070c0f9ad,4.16.0,1.3.11,ctbllib-fs2-q5-findall,2397,1084,2026-08-11T12:23:22.473Z
3D4(2),211341312,false,0,true,2026-08-10T07:05:43.008Z,1.12.6,1.9.0-DEV,428070c0f9ad,4.16.0,1.3.11,ctbllib-fs2-q5-findall,2397,1085,2026-08-11T12:23:23.536Z
3D4(2).3,634023936,false,0,true,2026-08-10T07:05:43.008Z,1.12.6,1.9.0-DEV,428070c0f9ad,4.16.0,1.3.11,ctbllib-fs2-q5-findall,2397,1086,2026-08-11T12:23:25.451Z
3D4(3),20560831566912,false,0,true,2026-08-10T07:05:43.008Z,1.12.6,1.9.0-DEV,428070c0f9ad,4.16.0,1.3.11,ctbllib-fs2-q5-findall,2397,1087,2026-08-11T12:25:41.425Z
3D4(4),67802350642790400,false,0,true,2026-08-10T07:05:43.008Z,1.12.6,1.9.0-DEV,428070c0f9ad,4.16.0,1.3.11,ctbllib-fs2-q5-findall,2397,1088,2026-08-11T15:02:08.374Z
3^(1+10):(2xU5(2):2),9697565306880,false,0,true,2026-08-10T07:05:43.008Z,1.12.6,1.9.0-DEV,428070c0f9ad,4.16.0,1.3.11,ctbllib-fs2-q5-findall,2397,1089,2026-08-11T15:03:10.592Z
3^(1+10):U5(2):2,4848782653440,false,0,true,2026-08-10T07:05:43.008Z,1.12.6,1.9.0-DEV,428070c0f9ad,4.16.0,1.3.11,ctbllib-fs2-q5-findall,2397,1090,2026-08-11T15:03:30.143Z
3^(1+10)_+:(2x2^(1+6)_-:3^(1+2)_+:2S4),58773123072,true,0,true,2026-08-10T07:05:43.008Z,1.12.6,1.9.0-DEV,428070c0f9ad,4.16.0,1.3.11,ctbllib-fs2-q5-findall,2397,1091,2026-08-11T15:05:39.298Z
3^(1+10)_+:2^(1+6)_-:3^(1+2)_+:2S4,29386561536,true,0,true,2026-08-10T07:05:43.008Z,1.12.6,1.9.0-DEV,428070c0f9ad,4.16.0,1.3.11,ctbllib-fs2-q5-findall,2397,1092,2026-08-11T15:06:21.775Z
3^(1+12).(2xU5(2).2),87278087761920,false,0,true,2026-08-10T07:05:43.008Z,1.12.6,1.9.0-DEV,428070c0f9ad,4.16.0,1.3.11,ctbllib-fs2-q5-findall,2397,1093,2026-08-11T15:08:24.465Z
3^(1+12).2.Suz.2,2859230155080499200,false,0,true,2026-08-10T07:05:43.008Z,1.12.6,1.9.0-DEV,428070c0f9ad,4.16.0,1.3.11,ctbllib-fs2-q5-findall,2397,1094,2026-08-11T15:09:01.208Z
3^(1+12):6.Suz.2,8577690465241497600,false,0,true,2026-08-10T07:05:43.008Z,1.12.6,1.9.0-DEV,428070c0f9ad,4.16.0,1.3.11,ctbllib-fs2-q5-findall,2397,1095,2026-08-11T15:11:53.311Z
3^(1+2)+.2S4,1296,true,0,true,2026-08-10T07:05:43.008Z,1.12.6,1.9.0-DEV,428070c0f9ad,4.16.0,1.3.11,ctbllib-fs2-q5-findall,2397,1096,2026-08-11T15:11:53.589Z
3^(1+2)+:2A4,648,true,0,true,2026-08-10T07:05:43.008Z,1.12.6,1.9.0-DEV,428070c0f9ad,4.16.0,1.3.11,ctbllib-fs2-q5-findall,2397,1097,2026-08-11T15:11:53.965Z
3^(1+2)+:2S4,1296,true,0,true,2026-08-10T07:05:43.008Z,1.12.6,1.9.0-DEV,428070c0f9ad,4.16.0,1.3.11,ctbllib-fs2-q5-findall,2397,1098,2026-08-11T15:11:54.115Z
3^(1+2):4,108,true,0,true,2026-08-10T07:05:43.008Z,1.12.6,1.9.0-DEV,428070c0f9ad,4.16.0,1.3.11,ctbllib-fs2-q5-findall,2397,1099,2026-08-11T15:11:54.332Z
3^(1+2):8,216,true,0,true,2026-08-10T07:05:43.008Z,1.12.6,1.9.0-DEV,428070c0f9ad,4.16.0,1.3.11,ctbllib-fs2-q5-findall,2397,1100,2026-08-11T15:11:54.5Z
3^(1+2):8:4,864,true,0,true,2026-08-10T07:05:43.008Z,1.12.6,1.9.0-DEV,428070c0f9ad,4.16.0,1.3.11,ctbllib-fs2-q5-findall,2397,1101,2026-08-11T15:11:56.263Z
3^(1+2):D8,216,true,0,true,2026-08-10T07:05:43.008Z,1.12.6,1.9.0-DEV,428070c0f9ad,4.16.0,1.3.11,ctbllib-fs2-q5-findall,2397,1102,2026-08-11T15:11:56.367Z
3^(1+2):SD16,432,true,0,true,2026-08-10T07:05:43.008Z,1.12.6,1.9.0-DEV,428070c0f9ad,4.16.0,1.3.11,ctbllib-fs2-q5-findall,2397,1103,2026-08-11T15:11:56.455Z
3^(1+2)_+,27,true,0,true,2026-08-10T07:05:43.008Z,1.12.6,1.9.0-DEV,428070c0f9ad,4.16.0,1.3.11,ctbllib-fs2-q5-findall,2397,1104,2026-08-11T15:11:56.566Z
3^(1+2)_+.(2S4x3),3888,true,0,true,2026-08-10T07:05:43.008Z,1.12.6,1.9.0-DEV,428070c0f9ad,4.16.0,1.3.11,ctbllib-fs2-q5-findall,2397,1105,2026-08-11T15:11:57.34Z
3^(1+2)_+:2,54,true,0,true,2026-08-10T07:05:43.008Z,1.12.6,1.9.0-DEV,428070c0f9ad,4.16.0,1.3.11,ctbllib-fs2-q5-findall,2397,1106,2026-08-11T15:11:57.404Z
3^(1+2)_+:Q8,216,true,0,true,2026-08-10T07:05:43.008Z,1.12.6,1.9.0-DEV,428070c0f9ad,4.16.0,1.3.11,ctbllib-fs2-q5-findall,2397,1107,2026-08-11T15:11:57.593Z
3^(1+4)+.2^(1+4)-.S3,46656,true,0,true,2026-08-10T07:05:43.008Z,1.12.6,1.9.0-DEV,428070c0f9ad,4.16.0,1.3.11,ctbllib-fs2-q5-findall,2397,1108,2026-08-11T15:11:58.216Z
3^(1+4)+.4S4,23328,true,0,true,2026-08-10T07:05:43.008Z,1.12.6,1.9.0-DEV,428070c0f9ad,4.16.0,1.3.11,ctbllib-fs2-q5-findall,2397,1109,2026-08-11T15:11:58.625Z
3^(1+4).2U4(2),12597120,false,0,true,2026-08-10T07:05:43.008Z,1.12.6,1.9.0-DEV,428070c0f9ad,4.16.0,1.3.11,ctbllib-fs2-q5-findall,2397,1110,2026-08-11T15:12:10.671Z
3^(1+4).2U4(2).2,25194240,false,0,true,2026-08-10T07:05:43.008Z,1.12.6,1.9.0-DEV,428070c0f9ad,4.16.0,1.3.11,ctbllib-fs2-q5-findall,2397,1111,2026-08-11T15:12:14.81Z
3^(1+4).2^(1+1+2+2).S3,93312,true,0,true,2026-08-10T07:05:43.008Z,1.12.6,1.9.0-DEV,428070c0f9ad,4.16.0,1.3.11,ctbllib-fs2-q5-findall,2397,1112,2026-08-11T15:12:15.826Z
3^(1+4):2S5,58320,false,0,true,2026-08-10T07:05:43.008Z,1.12.6,1.9.0-DEV,428070c0f9ad,4.16.0,1.3.11,ctbllib-fs2-q5-findall,2397,1113,2026-08-11T15:12:16.132Z
3^(1+4):4A5,58320,false,0,true,2026-08-10T07:05:43.008Z,1.12.6,1.9.0-DEV,428070c0f9ad,4.16.0,1.3.11,ctbllib-fs2-q5-findall,2397,1114,2026-08-11T15:12:16.44Z
3^(1+4):4S4,23328,true,0,true,2026-08-10T07:05:43.008Z,1.12.6,1.9.0-DEV,428070c0f9ad,4.16.0,1.3.11,ctbllib-fs2-q5-findall,2397,1115,2026-08-11T15:12:16.739Z
3^(1+4):4S5,116640,false,0,true,2026-08-10T07:05:43.008Z,1.12.6,1.9.0-DEV,428070c0f9ad,4.16.0,1.3.11,ctbllib-fs2-q5-findall,2397,1116,2026-08-11T15:12:18.636Z
3^(1+4)_+.2S4,11664,true,0,true,2026-08-10T07:05:43.008Z,1.12.6,1.9.0-DEV,428070c0f9ad,4.16.0,1.3.11,ctbllib-fs2-q5-findall,2397,1117,2026-08-11T15:12:18.868Z
3^(1+4)_+:(S3xQD16),23328,true,0,true,2026-08-10T07:05:43.008Z,1.12.6,1.9.0-DEV,428070c0f9ad,4.16.0,1.3.11,ctbllib-fs2-q5-findall,2397,1118,2026-08-11T15:12:19.521Z
3^(1+6):2^(3+4):3^2:2,5038848,true,0,true,2026-08-10T07:05:43.008Z,1.12.6,1.9.0-DEV,428070c0f9ad,4.16.0,1.3.11,ctbllib-fs2-q5-findall,2397,1119,2026-08-11T15:12:23.828Z
3^(1+6)_+:2^(3+4):(S3xS3),10077696,true,0,true,2026-08-10T07:05:43.008Z,1.12.6,1.9.0-DEV,428070c0f9ad,4.16.0,1.3.11,ctbllib-fs2-q5-findall,2397,1120,2026-08-11T15:12:36.212Z
3^(1+8).2^(1+6).3^(1+2).2S4,3265173504,true,0,true,2026-08-10T07:05:43.008Z,1.12.6,1.9.0-DEV,428070c0f9ad,4.16.0,1.3.11,ctbllib-fs2-q5-findall,2397,1121,2026-08-11T15:12:51.276Z
3^(1+8).2^(1+6).U4(2).2,130606940160,false,0,true,2026-08-10T07:05:43.008Z,1.12.6,1.9.0-DEV,428070c0f9ad,4.16.0,1.3.11,ctbllib-fs2-q5-findall,2397,1122,2026-08-11T15:13:13.573Z
3^(2+4):2(S4xD8),279936,true,0,true,2026-08-10T07:05:43.008Z,1.12.6,1.9.0-DEV,428070c0f9ad,4.16.0,1.3.11,ctbllib-fs2-q5-findall,2397,1123,2026-08-11T15:13:16.874Z
3^(2+4):2A5.D8,699840,false,0,true,2026-08-10T07:05:43.008Z,1.12.6,1.9.0-DEV,428070c0f9ad,4.16.0,1.3.11,ctbllib-fs2-q5-findall,2397,1124,2026-08-11T15:13:17.696Z
3^(2+4):80,58320,true,0,true,2026-08-10T07:05:43.008Z,1.12.6,1.9.0-DEV,428070c0f9ad,4.16.0,1.3.11,ctbllib-fs2-q5-findall,2397,1125,2026-08-11T15:13:28.157Z
3^(2+5+10).(M11x2S4),49093924366080,false,0,true,2026-08-10T07:05:43.008Z,1.12.6,1.9.0-DEV,428070c0f9ad,4.16.0,1.3.11,ctbllib-fs2-q5-findall,2397,1126,2026-08-11T15:14:22.581Z
3^(3+2+6+6):(L3(3)xSD16),11604018486528,false,0,true,2026-08-10T07:05:43.008Z,1.12.6,1.9.0-DEV,428070c0f9ad,4.16.0,1.3.11,ctbllib-fs2-q5-findall,2397,1127,2026-08-11T15:15:25.518Z
3^(3+3):L3(3),4094064,false,0,true,2026-08-10T07:05:43.008Z,1.12.6,1.9.0-DEV,428070c0f9ad,4.16.0,1.3.11,ctbllib-fs2-q5-findall,2397,1128,2026-08-11T15:15:26.507Z
3^(3+4):(2.S4)^2,5038848,true,0,true,2026-08-10T07:05:43.008Z,1.12.6,1.9.0-DEV,428070c0f9ad,4.16.0,1.3.11,ctbllib-fs2-q5-findall,2397,1129,2026-08-11T15:15:44.908Z
3^(3+4):2(S4xA4),1259712,true,0,true,2026-08-10T07:05:43.008Z,1.12.6,1.9.0-DEV,428070c0f9ad,4.16.0,1.3.11,ctbllib-fs2-q5-findall,2397,1130,2026-08-11T15:15:58.002Z
3^(3+4):2(S4xS4),2519424,true,0,true,2026-08-10T07:05:43.008Z,1.12.6,1.9.0-DEV,428070c0f9ad,4.16.0,1.3.11,ctbllib-fs2-q5-findall,2397,1131,2026-08-11T15:16:02.832Z
3^(3+6):(L3(3)x2),221079456,false,0,true,2026-08-10T07:05:43.008Z,1.12.6,1.9.0-DEV,428070c0f9ad,4.16.0,1.3.11,ctbllib-fs2-q5-findall,2397,1132,2026-08-11T15:16:19.313Z
3^(3+6):(L3(3)xD8),884317824,false,0,true,2026-08-10T07:05:43.008Z,1.12.6,1.9.0-DEV,428070c0f9ad,4.16.0,1.3.11,ctbllib-fs2-q5-findall,2397,1133,2026-08-11T15:16:34.502Z
3^(3+6):26,511758,true,0,true,2026-08-10T07:05:43.008Z,1.12.6,1.9.0-DEV,428070c0f9ad,4.16.0,1.3.11,ctbllib-fs2-q5-findall,2397,1134,2026-08-11T15:16:36.555Z
3^1+4:2^1+4.s5,933120,false,0,true,2026-08-10T07:05:43.008Z,1.12.6,1.9.0-DEV,428070c0f9ad,4.16.0,1.3.11,ctbllib-fs2-q5-findall,2397,1135,2026-08-11T15:16:37.389Z
3^1+4:4s6,699840,false,0,true,2026-08-10T07:05:43.008Z,1.12.6,1.9.0-DEV,428070c0f9ad,4.16.0,1.3.11,ctbllib-fs2-q5-findall,2397,1136,2026-08-11T15:16:38.281Z
3^12.6.Suz.2,2859230155080499200,false,0,true,2026-08-10T07:05:43.008Z,1.12.6,1.9.0-DEV,428070c0f9ad,4.16.0,1.3.11,ctbllib-fs2-q5-findall,2397,1137,2026-08-11T15:17:36.823Z
3^2,9,true,0,true,2026-08-10T07:05:43.008Z,1.12.6,1.9.0-DEV,428070c0f9ad,4.16.0,1.3.11,ctbllib-fs2-q5-findall,2397,1138,2026-08-11T15:17:36.902Z
3^2+4:2(2^2xa4)2,139968,true,0,true,2026-08-10T07:05:43.008Z,1.12.6,1.9.0-DEV,428070c0f9ad,4.16.0,1.3.11,ctbllib-fs2-q5-findall,2397,1139,2026-08-11T15:17:37.93Z
3^2.(3^(1+4)_+.2S4),104976,true,0,true,2026-08-10T07:05:43.008Z,1.12.6,1.9.0-DEV,428070c0f9ad,4.16.0,1.3.11,ctbllib-fs2-q5-findall,2397,1140,2026-08-11T15:17:52.966Z
3^2.(3^4:A6),262440,false,0,true,2026-08-10T07:05:43.008Z,1.12.6,1.9.0-DEV,428070c0f9ad,4.16.0,1.3.11,ctbllib-fs2-q5-findall,2397,1141,2026-08-11T15:18:03.201Z
3^2.(3x3^(1+2)+):2^2,2916,true,0,true,2026-08-10T07:05:43.008Z,1.12.6,1.9.0-DEV,428070c0f9ad,4.16.0,1.3.11,ctbllib-fs2-q5-findall,2397,1142,2026-08-11T15:18:04.03Z
3^2.(3x3^(1+2)+):D8,5832,true,0,true,2026-08-10T07:05:43.008Z,1.12.6,1.9.0-DEV,428070c0f9ad,4.16.0,1.3.11,ctbllib-fs2-q5-findall,2397,1143,2026-08-11T15:18:04.56Z
3^2.2.S4,432,true,0,true,2026-08-10T07:05:43.008Z,1.12.6,1.9.0-DEV,428070c0f9ad,4.16.0,1.3.11,ctbllib-fs2-q5-findall,2397,1144,2026-08-11T15:18:04.617Z
3^2.3^(1+2):8,1944,true,0,true,2026-08-10T07:05:43.008Z,1.12.6,1.9.0-DEV,428070c0f9ad,4.16.0,1.3.11,ctbllib-fs2-q5-findall,2397,1145,2026-08-11T15:18:04.895Z
3^2.3^(1+2):8.2,3888,true,0,true,2026-08-10T07:05:43.008Z,1.12.6,1.9.0-DEV,428070c0f9ad,4.16.0,1.3.11,ctbllib-fs2-q5-findall,2397,1146,2026-08-11T15:18:05.176Z
3^2.3^3.3^6.(S4x2S4),204073344,true,0,true,2026-08-10T07:05:43.008Z,1.12.6,1.9.0-DEV,428070c0f9ad,4.16.0,1.3.11,ctbllib-fs2-q5-findall,2397,1147,2026-08-11T15:18:27.74Z
3^2.3^4.3^8.(A5x2A4).2,13774950720,false,0,true,2026-08-10T07:05:43.008Z,1.12.6,1.9.0-DEV,428070c0f9ad,4.16.0,1.3.11,ctbllib-fs2-q5-findall,2397,1148,2026-08-11T15:19:08.592Z
3^2.3^4.3^8.(S5x2S4),27549901440,false,0,true,2026-08-10T07:05:43.008Z,1.12.6,1.9.0-DEV,428070c0f9ad,4.16.0,1.3.11,ctbllib-fs2-q5-findall,2397,1149,2026-08-11T15:20:52.529Z
3^2.U4(3),29393280,false,0,true,2026-08-10T07:05:43.008Z,1.12.6,1.9.0-DEV,428070c0f9ad,4.16.0,1.3.11,ctbllib-fs2-q5-findall,2397,1150,2026-08-11T15:21:11.036Z
3^2.U4(3).(2^2)_{133},117573120,false,0,true,2026-08-10T07:05:43.008Z,1.12.6,1.9.0-DEV,428070c0f9ad,4.16.0,1.3.11,ctbllib-fs2-q5-findall,2397,1151,2026-08-11T15:21:15.725Z
3^2.U4(3).2_3',58786560,false,0,true,2026-08-10T07:05:43.008Z,1.12.6,1.9.0-DEV,428070c0f9ad,4.16.0,1.3.11,ctbllib-fs2-q5-findall,2397,1152,2026-08-11T15:21:26.339Z
3^2.U4(3).D8,235146240,false,0,true,2026-08-10T07:05:43.008Z,1.12.6,1.9.0-DEV,428070c0f9ad,4.16.0,1.3.11,ctbllib-fs2-q5-findall,2397,1153,2026-08-11T15:21:33.238Z
3^2:2,18,true,0,true,2026-08-10T07:05:43.008Z,1.12.6,1.9.0-DEV,428070c0f9ad,4.16.0,1.3.11,ctbllib-fs2-q5-findall,2397,1154,2026-08-11T15:21:33.269Z
3^2:2A4,216,true,0,true,2026-08-10T07:05:43.008Z,1.12.6,1.9.0-DEV,428070c0f9ad,4.16.0,1.3.11,ctbllib-fs2-q5-findall,2397,1155,2026-08-11T15:21:33.36Z
3^2:2A4x3,648,true,0,true,2026-08-10T07:05:43.008Z,1.12.6,1.9.0-DEV,428070c0f9ad,4.16.0,1.3.11,ctbllib-fs2-q5-findall,2397,1156,2026-08-11T15:21:33.915Z
3^2:4,36,true,0,true,2026-08-10T07:05:43.008Z,1.12.6,1.9.0-DEV,428070c0f9ad,4.16.0,1.3.11,ctbllib-fs2-q5-findall,2397,1157,2026-08-11T15:21:33.954Z
3^2:8,72,true,0,true,2026-08-10T07:05:43.008Z,1.12.6,1.9.0-DEV,428070c0f9ad,4.16.0,1.3.11,ctbllib-fs2-q5-findall,2397,1158,2026-08-11T15:21:34.096Z
3^2:Q8,72,true,0,true,2026-08-10T07:05:43.008Z,1.12.6,1.9.0-DEV,428070c0f9ad,4.16.0,1.3.11,ctbllib-fs2-q5-findall,2397,1159,2026-08-11T15:21:34.155Z
3^2:Q8.2,144,true,0,true,2026-08-10T07:05:43.008Z,1.12.6,1.9.0-DEV,428070c0f9ad,4.16.0,1.3.11,ctbllib-fs2-q5-findall,2397,1160,2026-08-11T15:21:34.195Z
3^3.(3x3^(1+2)+):2^2,8748,true,0,true,2026-08-10T07:05:43.008Z,1.12.6,1.9.0-DEV,428070c0f9ad,4.16.0,1.3.11,ctbllib-fs2-q5-findall,2397,1161,2026-08-11T15:21:35.294Z
3^3.3^(1+2):8,5832,true,0,true,2026-08-10T07:05:43.008Z,1.12.6,1.9.0-DEV,428070c0f9ad,4.16.0,1.3.11,ctbllib-fs2-q5-findall,2397,1162,2026-08-11T15:21:39.137Z
3^3.3^(1+2):8.2,11664,true,0,true,2026-08-10T07:05:43.008Z,1.12.6,1.9.0-DEV,428070c0f9ad,4.16.0,1.3.11,ctbllib-fs2-q5-findall,2397,1163,2026-08-11T15:21:39.595Z
3^3.S4,648,true,0,true,2026-08-10T07:05:43.008Z,1.12.6,1.9.0-DEV,428070c0f9ad,4.16.0,1.3.11,ctbllib-fs2-q5-findall,2397,1164,2026-08-11T15:21:39.737Z
3^3.[3^10].(L3(3)x2^2),35814871872,false,0,true,2026-08-10T07:05:43.008Z,1.12.6,1.9.0-DEV,428070c0f9ad,4.16.0,1.3.11,ctbllib-fs2-q5-findall,2397,1165,2026-08-11T15:23:22.024Z
3^3.[3^10].GL3(3),17907435936,false,0,true,2026-08-10T07:05:43.008Z,1.12.6,1.9.0-DEV,428070c0f9ad,4.16.0,1.3.11,ctbllib-fs2-q5-findall,2397,1166,2026-08-11T15:23:58.291Z
3^3:(S3x2),324,true,0,true,2026-08-10T07:05:43.008Z,1.12.6,1.9.0-DEV,428070c0f9ad,4.16.0,1.3.11,ctbllib-fs2-q5-findall,2397,1167,2026-08-11T15:23:58.679Z
3^3:13,351,true,0,true,2026-08-10T07:05:43.008Z,1.12.6,1.9.0-DEV,428070c0f9ad,4.16.0,1.3.11,ctbllib-fs2-q5-findall,2397,1168,2026-08-11T15:23:58.908Z
3^3:A4,324,true,0,true,2026-08-10T07:05:43.008Z,1.12.6,1.9.0-DEV,428070c0f9ad,4.16.0,1.3.11,ctbllib-fs2-q5-findall,2397,1169,2026-08-11T15:23:59.094Z
3^3:L3(3),151632,false,0,true,2026-08-10T07:05:43.008Z,1.12.6,1.9.0-DEV,428070c0f9ad,4.16.0,1.3.11,ctbllib-fs2-q5-findall,2397,1170,2026-08-11T15:23:59.512Z
3^3:S3,162,true,0,true,2026-08-10T07:05:43.008Z,1.12.6,1.9.0-DEV,428070c0f9ad,4.16.0,1.3.11,ctbllib-fs2-q5-findall,2397,1171,2026-08-11T15:24:00.096Z
3^3:S4`,648,true,0,true,2026-08-10T07:05:43.008Z,1.12.6,1.9.0-DEV,428070c0f9ad,4.16.0,1.3.11,ctbllib-fs2-q5-findall,2397,1172,2026-08-11T15:24:03.508Z
"3^4.(3xSL(2,3)).2",11664,true,0,true,2026-08-10T07:05:43.008Z,1.12.6,1.9.0-DEV,428070c0f9ad,4.16.0,1.3.11,ctbllib-fs2-q5-findall,2397,1173,2026-08-11T15:24:04.072Z
3^4.2U4(2),4199040,false,0,true,2026-08-10T07:05:43.008Z,1.12.6,1.9.0-DEV,428070c0f9ad,4.16.0,1.3.11,ctbllib-fs2-q5-findall,2397,1174,2026-08-11T15:24:05.712Z
3^4.2U4(2).2,8398080,false,0,true,2026-08-10T07:05:43.008Z,1.12.6,1.9.0-DEV,428070c0f9ad,4.16.0,1.3.11,ctbllib-fs2-q5-findall,2397,1175,2026-08-11T15:24:08.072Z
3^4.3^2.Q8,5832,true,0,true,2026-08-10T07:05:43.008Z,1.12.6,1.9.0-DEV,428070c0f9ad,4.16.0,1.3.11,ctbllib-fs2-q5-findall,2397,1176,2026-08-11T15:24:08.281Z
3^4.3^2:4,2916,true,0,true,2026-08-10T07:05:43.008Z,1.12.6,1.9.0-DEV,428070c0f9ad,4.16.0,1.3.11,ctbllib-fs2-q5-findall,2397,1177,2026-08-11T15:24:08.863Z
3^4.A6.D8,233280,false,0,true,2026-08-10T07:05:43.008Z,1.12.6,1.9.0-DEV,428070c0f9ad,4.16.0,1.3.11,ctbllib-fs2-q5-findall,2397,1178,2026-08-11T15:24:09.393Z
3^4:(2xA5),9720,false,0,true,2026-08-10T07:05:43.008Z,1.12.6,1.9.0-DEV,428070c0f9ad,4.16.0,1.3.11,ctbllib-fs2-q5-findall,2397,1179,2026-08-11T15:24:09.665Z
3^4:(2xA6),58320,false,0,true,2026-08-10T07:05:43.008Z,1.12.6,1.9.0-DEV,428070c0f9ad,4.16.0,1.3.11,ctbllib-fs2-q5-findall,2397,1180,2026-08-11T15:24:10.002Z
3^4:(M10x2),116640,false,0,true,2026-08-10T07:05:43.008Z,1.12.6,1.9.0-DEV,428070c0f9ad,4.16.0,1.3.11,ctbllib-fs2-q5-findall,2397,1181,2026-08-11T15:24:11.407Z
3^4:2(A4xA4).2,46656,true,0,true,2026-08-10T07:05:43.008Z,1.12.6,1.9.0-DEV,428070c0f9ad,4.16.0,1.3.11,ctbllib-fs2-q5-findall,2397,1182,2026-08-11T15:24:11.899Z
3^4:2(A4xA4).4,93312,true,0,true,2026-08-10T07:05:43.008Z,1.12.6,1.9.0-DEV,428070c0f9ad,4.16.0,1.3.11,ctbllib-fs2-q5-findall,2397,1183,2026-08-11T15:24:12.311Z
3^4:2(S4xS4).2,186624,true,0,true,2026-08-10T07:05:43.008Z,1.12.6,1.9.0-DEV,428070c0f9ad,4.16.0,1.3.11,ctbllib-fs2-q5-findall,2397,1184,2026-08-11T15:24:12.996Z
3^4:2.A6,58320,false,0,true,2026-08-10T07:05:43.008Z,1.12.6,1.9.0-DEV,428070c0f9ad,4.16.0,1.3.11,ctbllib-fs2-q5-findall,2397,1185,2026-08-11T15:24:13.743Z
3^4:2^(1+4).(5:4),51840,true,0,true,2026-08-10T07:05:43.008Z,1.12.6,1.9.0-DEV,428070c0f9ad,4.16.0,1.3.11,ctbllib-fs2-q5-findall,2397,1186,2026-08-11T15:24:15.165Z
3^4:2^(1+4)D10,25920,true,0,true,2026-08-10T07:05:43.008Z,1.12.6,1.9.0-DEV,428070c0f9ad,4.16.0,1.3.11,ctbllib-fs2-q5-findall,2397,1187,2026-08-11T15:24:15.279Z
3^4:2^3.S4,15552,true,0,true,2026-08-10T07:05:43.008Z,1.12.6,1.9.0-DEV,428070c0f9ad,4.16.0,1.3.11,ctbllib-fs2-q5-findall,2397,1188,2026-08-11T15:24:15.651Z
3^4:2^3.S4(a),15552,true,0,true,2026-08-10T07:05:43.008Z,1.12.6,1.9.0-DEV,428070c0f9ad,4.16.0,1.3.11,ctbllib-fs2-q5-findall,2397,1189,2026-08-11T15:24:16.193Z
3^4:3^2:D8,5832,true,0,true,2026-08-10T07:05:43.008Z,1.12.6,1.9.0-DEV,428070c0f9ad,4.16.0,1.3.11,ctbllib-fs2-q5-findall,2397,1190,2026-08-11T15:24:17.183Z
3^4:40,3240,true,0,true,2026-08-10T07:05:43.008Z,1.12.6,1.9.0-DEV,428070c0f9ad,4.16.0,1.3.11,ctbllib-fs2-q5-findall,2397,1191,2026-08-11T15:24:19.049Z
3^4:A6,29160,false,0,true,2026-08-10T07:05:43.008Z,1.12.6,1.9.0-DEV,428070c0f9ad,4.16.0,1.3.11,ctbllib-fs2-q5-findall,2397,1192,2026-08-11T15:24:19.321Z
3^4:GL2(9),466560,false,0,true,2026-08-10T07:05:43.008Z,1.12.6,1.9.0-DEV,428070c0f9ad,4.16.0,1.3.11,ctbllib-fs2-q5-findall,2397,1193,2026-08-11T15:24:21.718Z
3^4:S5,9720,false,0,true,2026-08-10T07:05:43.008Z,1.12.6,1.9.0-DEV,428070c0f9ad,4.16.0,1.3.11,ctbllib-fs2-q5-findall,2397,1194,2026-08-11T15:24:23.269Z
3^4:S6,58320,false,0,true,2026-08-10T07:05:43.008Z,1.12.6,1.9.0-DEV,428070c0f9ad,4.16.0,1.3.11,ctbllib-fs2-q5-findall,2397,1195,2026-08-11T15:24:23.996Z
3^4:m10,58320,false,0,true,2026-08-10T07:05:43.008Z,1.12.6,1.9.0-DEV,428070c0f9ad,4.16.0,1.3.11,ctbllib-fs2-q5-findall,2397,1196,2026-08-11T15:24:24.177Z
3^5.3^(1+2).2.S4,314928,true,0,true,2026-08-10T07:05:43.008Z,1.12.6,1.9.0-DEV,428070c0f9ad,4.16.0,1.3.11,ctbllib-fs2-q5-findall,2397,1197,2026-08-11T15:24:27.678Z
3^5.3^3.(2xS4),314928,true,0,true,2026-08-10T07:05:43.008Z,1.12.6,1.9.0-DEV,428070c0f9ad,4.16.0,1.3.11,ctbllib-fs2-q5-findall,2397,1198,2026-08-11T15:24:32.089Z
3^5.U4(2),6298560,false,0,true,2026-08-10T07:05:43.008Z,1.12.6,1.9.0-DEV,428070c0f9ad,4.16.0,1.3.11,ctbllib-fs2-q5-findall,2397,1199,2026-08-11T15:24:34.661Z
3^5:(2xU4(2).2),25194240,false,0,true,2026-08-10T07:05:43.008Z,1.12.6,1.9.0-DEV,428070c0f9ad,4.16.0,1.3.11,ctbllib-fs2-q5-findall,2397,1200,2026-08-11T15:24:42.295Z
3^5:(2xm11),3849120,false,0,true,2026-08-10T07:05:43.008Z,1.12.6,1.9.0-DEV,428070c0f9ad,4.16.0,1.3.11,ctbllib-fs2-q5-findall,2397,1201,2026-08-11T15:24:42.957Z
3^5:(3^2:SD16),34992,true,0,true,2026-08-10T07:05:43.008Z,1.12.6,1.9.0-DEV,428070c0f9ad,4.16.0,1.3.11,ctbllib-fs2-q5-findall,2397,1202,2026-08-11T15:24:43.698Z
3^5:(M10x2),349920,false,0,true,2026-08-10T07:05:43.008Z,1.12.6,1.9.0-DEV,428070c0f9ad,4.16.0,1.3.11,ctbllib-fs2-q5-findall,2397,1203,2026-08-11T15:24:44.209Z
3^5:(M11x2),3849120,false,0,true,2026-08-10T07:05:43.008Z,1.12.6,1.9.0-DEV,428070c0f9ad,4.16.0,1.3.11,ctbllib-fs2-q5-findall,2397,1204,2026-08-11T15:24:46.296Z
3^5:2S6,349920,false,0,true,2026-08-10T07:05:43.008Z,1.12.6,1.9.0-DEV,428070c0f9ad,4.16.0,1.3.11,ctbllib-fs2-q5-findall,2397,1205,2026-08-11T15:24:47.365Z
3^5:M10,174960,false,0,true,2026-08-10T07:05:43.008Z,1.12.6,1.9.0-DEV,428070c0f9ad,4.16.0,1.3.11,ctbllib-fs2-q5-findall,2397,1206,2026-08-11T15:24:48.02Z
3^5:M11,1924560,false,0,true,2026-08-10T07:05:43.008Z,1.12.6,1.9.0-DEV,428070c0f9ad,4.16.0,1.3.11,ctbllib-fs2-q5-findall,2397,1207,2026-08-11T15:24:48.396Z
3^5:U4(2),6298560,false,0,true,2026-08-10T07:05:43.008Z,1.12.6,1.9.0-DEV,428070c0f9ad,4.16.0,1.3.11,ctbllib-fs2-q5-findall,2397,1208,2026-08-11T15:24:51.468Z
3^5:U4(2):2,12597120,false,0,true,2026-08-10T07:05:43.008Z,1.12.6,1.9.0-DEV,428070c0f9ad,4.16.0,1.3.11,ctbllib-fs2-q5-findall,2397,1209,2026-08-11T15:24:54.671Z
3^6.L4(3).D8,35372712960,false,0,true,2026-08-10T07:05:43.008Z,1.12.6,1.9.0-DEV,428070c0f9ad,4.16.0,1.3.11,ctbllib-fs2-q5-findall,2397,1210,2026-08-11T15:25:20.933Z
3^6.M11,5773680,false,0,true,2026-08-10T07:05:43.008Z,1.12.6,1.9.0-DEV,428070c0f9ad,4.16.0,1.3.11,ctbllib-fs2-q5-findall,2397,1211,2026-08-11T15:25:27.166Z
3^6:(L4(3)x2),8843178240,false,0,true,2026-08-10T07:05:43.008Z,1.12.6,1.9.0-DEV,428070c0f9ad,4.16.0,1.3.11,ctbllib-fs2-q5-findall,2397,1212,2026-08-11T15:25:39.083Z
3^6:(M11x2),11547360,false,0,true,2026-08-10T07:05:43.008Z,1.12.6,1.9.0-DEV,428070c0f9ad,4.16.0,1.3.11,ctbllib-fs2-q5-findall,2397,1213,2026-08-11T15:25:40.579Z
3^6:2M12,138568320,false,0,true,2026-08-10T07:05:43.008Z,1.12.6,1.9.0-DEV,428070c0f9ad,4.16.0,1.3.11,ctbllib-fs2-q5-findall,2397,1214,2026-08-11T15:25:43.419Z
3^6:2U4(3).2_1,9523422720,false,0,true,2026-08-10T07:05:43.008Z,1.12.6,1.9.0-DEV,428070c0f9ad,4.16.0,1.3.11,ctbllib-fs2-q5-findall,2397,1215,2026-08-11T15:25:52.963Z
3^6:L3(3),4094064,false,0,true,2026-08-10T07:05:43.008Z,1.12.6,1.9.0-DEV,428070c0f9ad,4.16.0,1.3.11,ctbllib-fs2-q5-findall,2397,1216,2026-08-11T15:25:57.119Z
3^6:L4(3),4421589120,false,0,true,2026-08-10T07:05:43.008Z,1.12.6,1.9.0-DEV,428070c0f9ad,4.16.0,1.3.11,ctbllib-fs2-q5-findall,2397,1217,2026-08-11T15:26:06.816Z
3^6:L4(3):2_2,8843178240,false,0,true,2026-08-10T07:05:43.008Z,1.12.6,1.9.0-DEV,428070c0f9ad,4.16.0,1.3.11,ctbllib-fs2-q5-findall,2397,1218,2026-08-11T15:26:20.431Z
3^7.O7(3),10028164124160,false,0,true,2026-08-10T07:05:43.008Z,1.12.6,1.9.0-DEV,428070c0f9ad,4.16.0,1.3.11,ctbllib-fs2-q5-findall,2397,1219,2026-08-11T15:26:41.601Z
3^7.O7(3):2,20056328248320,false,0,true,2026-08-10T07:05:43.008Z,1.12.6,1.9.0-DEV,428070c0f9ad,4.16.0,1.3.11,ctbllib-fs2-q5-findall,2397,1220,2026-08-11T15:27:31.883Z
3^7:O7(3),10028164124160,false,0,true,2026-08-10T07:05:43.008Z,1.12.6,1.9.0-DEV,428070c0f9ad,4.16.0,1.3.11,ctbllib-fs2-q5-findall,2397,1221,2026-08-11T15:27:58.949Z
3^8.O8-(3).2_3,133214132225341440,false,0,true,2026-08-10T07:05:43.008Z,1.12.6,1.9.0-DEV,428070c0f9ad,4.16.0,1.3.11,ctbllib-fs2-q5-findall,2397,1222,2026-08-11T15:28:38.957Z
3_1.U4(3),9797760,false,0,true,2026-08-10T07:05:43.008Z,1.12.6,1.9.0-DEV,428070c0f9ad,4.16.0,1.3.11,ctbllib-fs2-q5-findall,2397,1223,2026-08-11T15:28:42.104Z
3_1.U4(3).(2^2)_{122},39191040,false,0,true,2026-08-10T07:05:43.008Z,1.12.6,1.9.0-DEV,428070c0f9ad,4.16.0,1.3.11,ctbllib-fs2-q5-findall,2397,1224,2026-08-11T15:28:46.209Z
3_1.U4(3).2_1,19595520,false,0,true,2026-08-10T07:05:43.008Z,1.12.6,1.9.0-DEV,428070c0f9ad,4.16.0,1.3.11,ctbllib-fs2-q5-findall,2397,1225,2026-08-11T15:28:47.233Z
3_1.U4(3).2_2,19595520,false,0,true,2026-08-10T07:05:43.008Z,1.12.6,1.9.0-DEV,428070c0f9ad,4.16.0,1.3.11,ctbllib-fs2-q5-findall,2397,1226,2026-08-11T15:28:55.998Z
3_1.U4(3).2_2',19595520,false,0,true,2026-08-10T07:05:43.008Z,1.12.6,1.9.0-DEV,428070c0f9ad,4.16.0,1.3.11,ctbllib-fs2-q5-findall,2397,1227,2026-08-11T15:28:57.195Z
3_2.U4(3),9797760,false,0,true,2026-08-10T07:05:43.008Z,1.12.6,1.9.0-DEV,428070c0f9ad,4.16.0,1.3.11,ctbllib-fs2-q5-findall,2397,1228,2026-08-11T15:28:58.831Z
3_2.U4(3).(2^2)_{133},39191040,false,0,true,2026-08-10T07:05:43.008Z,1.12.6,1.9.0-DEV,428070c0f9ad,4.16.0,1.3.11,ctbllib-fs2-q5-findall,2397,1229,2026-08-11T15:29:01.606Z
3_2.U4(3).2_1,19595520,false,0,true,2026-08-10T07:05:43.008Z,1.12.6,1.9.0-DEV,428070c0f9ad,4.16.0,1.3.11,ctbllib-fs2-q5-findall,2397,1230,2026-08-11T15:29:02.492Z
3_2.U4(3).2_3,19595520,false,0,true,2026-08-10T07:05:43.008Z,1.12.6,1.9.0-DEV,428070c0f9ad,4.16.0,1.3.11,ctbllib-fs2-q5-findall,2397,1231,2026-08-11T15:29:05.72Z
3_2.U4(3).2_3',19595520,false,0,true,2026-08-10T07:05:43.008Z,1.12.6,1.9.0-DEV,428070c0f9ad,4.16.0,1.3.11,ctbllib-fs2-q5-findall,2397,1232,2026-08-11T15:29:06.448Z
3x(2.A5xD10).2,7200,false,0,true,2026-08-10T07:05:43.008Z,1.12.6,1.9.0-DEV,428070c0f9ad,4.16.0,1.3.11,ctbllib-fs2-q5-findall,2397,1233,2026-08-11T15:29:14.162Z
3x(2^2xU4(2)):2,622080,false,0,true,2026-08-10T07:05:43.008Z,1.12.6,1.9.0-DEV,428070c0f9ad,4.16.0,1.3.11,ctbllib-fs2-q5-findall,2397,1234,2026-08-11T15:29:47.371Z
3x(2x13).6,468,true,0,true,2026-08-10T07:05:43.008Z,1.12.6,1.9.0-DEV,428070c0f9ad,4.16.0,1.3.11,ctbllib-fs2-q5-findall,2397,1235,2026-08-11T15:29:56.547Z
3x(2x2^(1+8)):U4(2):2,159252480,false,0,true,2026-08-10T07:05:43.008Z,1.12.6,1.9.0-DEV,428070c0f9ad,4.16.0,1.3.11,ctbllib-fs2-q5-findall,2397,1236,2026-08-11T15:31:06.878Z
3x(2x2^(1+8)_+).2.2^4.(S3xS3),3538944,true,0,true,2026-08-10T07:05:43.008Z,1.12.6,1.9.0-DEV,428070c0f9ad,4.16.0,1.3.11,ctbllib-fs2-q5-findall,2397,1237,2026-08-11T15:33:26.786Z
3x(2xL3(3)).2,67392,false,0,true,2026-08-10T07:05:43.008Z,1.12.6,1.9.0-DEV,428070c0f9ad,4.16.0,1.3.11,ctbllib-fs2-q5-findall,2397,1238,2026-08-11T15:33:48.862Z
3x(3xA6):2_2,6480,false,0,true,2026-08-10T07:05:43.008Z,1.12.6,1.9.0-DEV,428070c0f9ad,4.16.0,1.3.11,ctbllib-fs2-q5-findall,2397,1239,2026-08-11T15:33:50.313Z
3x(4^2x2).2^3.S3,4608,true,0,true,2026-08-10T07:05:43.008Z,1.12.6,1.9.0-DEV,428070c0f9ad,4.16.0,1.3.11,ctbllib-fs2-q5-findall,2397,1240,2026-08-11T15:33:55.07Z
3x(4x2^2).2^4.S3,4608,true,0,true,2026-08-10T07:05:43.008Z,1.12.6,1.9.0-DEV,428070c0f9ad,4.16.0,1.3.11,ctbllib-fs2-q5-findall,2397,1241,2026-08-11T15:33:58.896Z
3x(A4x11:5).2,3960,true,0,true,2026-08-10T07:05:43.008Z,1.12.6,1.9.0-DEV,428070c0f9ad,4.16.0,1.3.11,ctbllib-fs2-q5-findall,2397,1242,2026-08-11T15:34:10.679Z
3x(A4x7:3):2,1512,true,0,true,2026-08-10T07:05:43.008Z,1.12.6,1.9.0-DEV,428070c0f9ad,4.16.0,1.3.11,ctbllib-fs2-q5-findall,2397,1243,2026-08-11T15:34:15.276Z
3x(A5xD10).2,3600,false,0,true,2026-08-10T07:05:43.008Z,1.12.6,1.9.0-DEV,428070c0f9ad,4.16.0,1.3.11,ctbllib-fs2-q5-findall,2397,1244,2026-08-11T15:34:18.688Z
3x(D10xA9).2,10886400,false,0,true,2026-08-10T07:05:43.008Z,1.12.6,1.9.0-DEV,428070c0f9ad,4.16.0,1.3.11,ctbllib-fs2-q5-findall,2397,1245,2026-08-11T15:34:58.541Z
"3x(SL(2,3)x7:3).2",3024,true,0,true,2026-08-10T07:05:43.008Z,1.12.6,1.9.0-DEV,428070c0f9ad,4.16.0,1.3.11,ctbllib-fs2-q5-findall,2397,1246,2026-08-11T15:35:08.936Z
3x11:10,330,true,0,true,2026-08-10T07:05:43.008Z,1.12.6,1.9.0-DEV,428070c0f9ad,4.16.0,1.3.11,ctbllib-fs2-q5-findall,2397,1247,2026-08-11T15:35:09.629Z
3x11:20,660,true,0,true,2026-08-10T07:05:43.008Z,1.12.6,1.9.0-DEV,428070c0f9ad,4.16.0,1.3.11,ctbllib-fs2-q5-findall,2397,1248,2026-08-11T15:35:12.962Z
3x11:5,165,true,0,true,2026-08-10T07:05:43.008Z,1.12.6,1.9.0-DEV,428070c0f9ad,4.16.0,1.3.11,ctbllib-fs2-q5-findall,2397,1249,2026-08-11T15:35:15.818Z
3x13:6,234,true,0,true,2026-08-10T07:05:43.008Z,1.12.6,1.9.0-DEV,428070c0f9ad,4.16.0,1.3.11,ctbllib-fs2-q5-findall,2397,1250,2026-08-11T15:35:19.71Z
3x17:16,816,true,0,true,2026-08-10T07:05:43.008Z,1.12.6,1.9.0-DEV,428070c0f9ad,4.16.0,1.3.11,ctbllib-fs2-q5-findall,2397,1251,2026-08-11T15:35:23.3Z
3x17:8,408,true,0,true,2026-08-10T07:05:43.008Z,1.12.6,1.9.0-DEV,428070c0f9ad,4.16.0,1.3.11,ctbllib-fs2-q5-findall,2397,1252,2026-08-11T15:35:34.856Z
3x19:3,171,true,0,true,2026-08-10T07:05:43.008Z,1.12.6,1.9.0-DEV,428070c0f9ad,4.16.0,1.3.11,ctbllib-fs2-q5-findall,2397,1253,2026-08-11T15:36:39.41Z
3x19:6,342,true,0,true,2026-08-10T07:05:43.008Z,1.12.6,1.9.0-DEV,428070c0f9ad,4.16.0,1.3.11,ctbllib-fs2-q5-findall,2397,1254,2026-08-11T15:36:53.137Z
3x19:9,513,true,0,true,2026-08-10T07:05:43.008Z,1.12.6,1.9.0-DEV,428070c0f9ad,4.16.0,1.3.11,ctbllib-fs2-q5-findall,2397,1255,2026-08-11T15:37:07.354Z
3x2(A4xA4).2^2,3456,true,0,true,2026-08-10T07:05:43.008Z,1.12.6,1.9.0-DEV,428070c0f9ad,4.16.0,1.3.11,ctbllib-fs2-q5-findall,2397,1256,2026-08-11T15:37:10.594Z
3x2.(2^2xU4(2)).2,1244160,false,0,true,2026-08-10T07:05:43.008Z,1.12.6,1.9.0-DEV,428070c0f9ad,4.16.0,1.3.11,ctbllib-fs2-q5-findall,2397,1257,2026-08-11T15:37:59.027Z
3x2.(2xL2(11)),7920,false,0,true,2026-08-10T07:05:43.008Z,1.12.6,1.9.0-DEV,428070c0f9ad,4.16.0,1.3.11,ctbllib-fs2-q5-findall,2397,1258,2026-08-11T15:38:08.772Z
3x2.(S6xS4),103680,false,0,true,2026-08-10T07:05:43.008Z,1.12.6,1.9.0-DEV,428070c0f9ad,4.16.0,1.3.11,ctbllib-fs2-q5-findall,2397,1259,2026-08-11T15:38:38.757Z
3x2.2^(1+8)_+:U4(2),79626240,false,0,true,2026-08-10T07:05:43.008Z,1.12.6,1.9.0-DEV,428070c0f9ad,4.16.0,1.3.11,ctbllib-fs2-q5-findall,2397,1260,2026-08-11T15:40:03.576Z
3x2.2^(4+8):(S3xA5),8847360,false,0,true,2026-08-10T07:05:43.008Z,1.12.6,1.9.0-DEV,428070c0f9ad,4.16.0,1.3.11,ctbllib-fs2-q5-findall,2397,1261,2026-08-11T15:41:18.219Z
3x2.A5,360,false,0,true,2026-08-10T07:05:43.008Z,1.12.6,1.9.0-DEV,428070c0f9ad,4.16.0,1.3.11,ctbllib-fs2-q5-findall,2397,1262,2026-08-11T15:41:18.712Z
3x2.A8,120960,false,0,true,2026-08-10T07:05:43.008Z,1.12.6,1.9.0-DEV,428070c0f9ad,4.16.0,1.3.11,ctbllib-fs2-q5-findall,2397,1263,2026-08-11T15:41:23.337Z
3x2.D10,60,true,0,true,2026-08-10T07:05:43.008Z,1.12.6,1.9.0-DEV,428070c0f9ad,4.16.0,1.3.11,ctbllib-fs2-q5-findall,2397,1264,2026-08-11T15:41:23.941Z
3x2.F4(2),19866759620198400,false,0,true,2026-08-10T07:05:43.008Z,1.12.6,1.9.0-DEV,428070c0f9ad,4.16.0,1.3.11,ctbllib-fs2-q5-findall,2397,1265,2026-08-11T15:46:00.689Z
3x2.Fi22.2,774741019852800,false,0,true,2026-08-10T07:05:43.008Z,1.12.6,1.9.0-DEV,428070c0f9ad,4.16.0,1.3.11,ctbllib-fs2-q5-findall,2397,1266,2026-08-11T15:48:55.014Z
3x2.Fi22N2,786432,true,0,true,2026-08-10T07:05:43.008Z,1.12.6,1.9.0-DEV,428070c0f9ad,4.16.0,1.3.11,ctbllib-fs2-q5-findall,2397,1267,2026-08-11T15:57:11.47Z
3x2.G2(4),1509580800,false,0,true,2026-08-10T07:05:43.008Z,1.12.6,1.9.0-DEV,428070c0f9ad,4.16.0,1.3.11,ctbllib-fs2-q5-findall,2397,1268,2026-08-11T15:57:57.873Z
3x2.J2.2,7257600,false,0,true,2026-08-10T07:05:43.008Z,1.12.6,1.9.0-DEV,428070c0f9ad,4.16.0,1.3.11,ctbllib-fs2-q5-findall,2397,1269,2026-08-11T15:58:09.906Z
3x2.J2.2N5,3600,true,0,true,2026-08-10T07:05:43.008Z,1.12.6,1.9.0-DEV,428070c0f9ad,4.16.0,1.3.11,ctbllib-fs2-q5-findall,2397,1270,2026-08-11T15:58:18.959Z
3x2.L2(25),46800,false,0,true,2026-08-10T07:05:43.008Z,1.12.6,1.9.0-DEV,428070c0f9ad,4.16.0,1.3.11,ctbllib-fs2-q5-findall,2397,1271,2026-08-11T15:59:27.972Z
3x2.L3(2),1008,false,0,true,2026-08-10T07:05:43.008Z,1.12.6,1.9.0-DEV,428070c0f9ad,4.16.0,1.3.11,ctbllib-fs2-q5-findall,2397,1272,2026-08-11T15:59:30.259Z
3x2.L4(3).2_2,72783360,false,0,true,2026-08-10T07:05:43.008Z,1.12.6,1.9.0-DEV,428070c0f9ad,4.16.0,1.3.11,ctbllib-fs2-q5-findall,2397,1273,2026-08-11T16:00:23.449Z
3x2.M22M5,11520,false,0,true,2026-08-10T07:05:43.008Z,1.12.6,1.9.0-DEV,428070c0f9ad,4.16.0,1.3.11,ctbllib-fs2-q5-findall,2397,1274,2026-08-11T16:00:26.098Z
3x2.M22N2,768,true,0,true,2026-08-10T07:05:43.008Z,1.12.6,1.9.0-DEV,428070c0f9ad,4.16.0,1.3.11,ctbllib-fs2-q5-findall,2397,1275,2026-08-11T16:00:30.682Z
3x2.S6(2),8709120,false,0,true,2026-08-10T07:05:43.008Z,1.12.6,1.9.0-DEV,428070c0f9ad,4.16.0,1.3.11,ctbllib-fs2-q5-findall,2397,1276,2026-08-11T16:00:43.866Z
3x2.SuzM4,19906560,false,0,true,2026-08-10T07:05:43.008Z,1.12.6,1.9.0-DEV,428070c0f9ad,4.16.0,1.3.11,ctbllib-fs2-q5-findall,2397,1277,2026-08-11T16:01:49.747Z
3x2.SuzM7,6635520,false,0,true,2026-08-10T07:05:43.008Z,1.12.6,1.9.0-DEV,428070c0f9ad,4.16.0,1.3.11,ctbllib-fs2-q5-findall,2397,1278,2026-08-11T16:02:23.971Z
3x2.SuzM9,2211840,false,0,true,2026-08-10T07:05:43.008Z,1.12.6,1.9.0-DEV,428070c0f9ad,4.16.0,1.3.11,ctbllib-fs2-q5-findall,2397,1279,2026-08-11T16:03:04.277Z
3x2.SuzN2,147456,true,0,true,2026-08-10T07:05:43.008Z,1.12.6,1.9.0-DEV,428070c0f9ad,4.16.0,1.3.11,ctbllib-fs2-q5-findall,2397,1280,2026-08-11T16:04:29.616Z
3x2.Symm(4),144,true,0,true,2026-08-10T07:05:43.008Z,1.12.6,1.9.0-DEV,428070c0f9ad,4.16.0,1.3.11,ctbllib-fs2-q5-findall,2397,1281,2026-08-11T16:04:29.995Z
3x2.U4(3).(2^2)_{122},78382080,false,0,true,2026-08-10T07:05:43.008Z,1.12.6,1.9.0-DEV,428070c0f9ad,4.16.0,1.3.11,ctbllib-fs2-q5-findall,2397,1282,2026-08-11T16:05:26.923Z
3x23:11,759,true,0,true,2026-08-10T07:05:43.008Z,1.12.6,1.9.0-DEV,428070c0f9ad,4.16.0,1.3.11,ctbllib-fs2-q5-findall,2397,1283,2026-08-11T16:05:45.783Z
3x29:14,1218,true,0,true,2026-08-10T07:05:43.008Z,1.12.6,1.9.0-DEV,428070c0f9ad,4.16.0,1.3.11,ctbllib-fs2-q5-findall,2397,1284,2026-08-11T16:06:21.418Z
3x2F4(2)',53913600,false,0,true,2026-08-10T07:05:43.008Z,1.12.6,1.9.0-DEV,428070c0f9ad,4.16.0,1.3.11,ctbllib-fs2-q5-findall,2397,1285,2026-08-11T16:06:27.257Z
3x2S5,720,false,0,true,2026-08-10T07:05:43.008Z,1.12.6,1.9.0-DEV,428070c0f9ad,4.16.0,1.3.11,ctbllib-fs2-q5-findall,2397,1286,2026-08-11T16:06:28.053Z
3x2^(1+4)_-:A5,5760,false,0,true,2026-08-10T07:05:43.008Z,1.12.6,1.9.0-DEV,428070c0f9ad,4.16.0,1.3.11,ctbllib-fs2-q5-findall,2397,1287,2026-08-11T16:06:29.618Z
3x2^(1+6)_-.2^4.A5,368640,false,0,true,2026-08-10T07:05:43.008Z,1.12.6,1.9.0-DEV,428070c0f9ad,4.16.0,1.3.11,ctbllib-fs2-q5-findall,2397,1288,2026-08-11T16:06:48.024Z
3x2^(1+6)_-.U4(2),9953280,false,0,true,2026-08-10T07:05:43.008Z,1.12.6,1.9.0-DEV,428070c0f9ad,4.16.0,1.3.11,ctbllib-fs2-q5-findall,2397,1289,2026-08-11T16:07:11.829Z
3x2^(1+8)_+:U4(2),39813120,false,0,true,2026-08-10T07:05:43.008Z,1.12.6,1.9.0-DEV,428070c0f9ad,4.16.0,1.3.11,ctbllib-fs2-q5-findall,2397,1290,2026-08-11T16:07:41.653Z
3x2^(2+4):(3xS3),3456,true,0,true,2026-08-10T07:05:43.008Z,1.12.6,1.9.0-DEV,428070c0f9ad,4.16.0,1.3.11,ctbllib-fs2-q5-findall,2397,1291,2026-08-11T16:07:44.763Z
3x2^(2+8).2^2.(3xS3),221184,true,0,true,2026-08-10T07:05:43.008Z,1.12.6,1.9.0-DEV,428070c0f9ad,4.16.0,1.3.11,ctbllib-fs2-q5-findall,2397,1292,2026-08-11T16:08:03.927Z
3x2^(2+8):(A5xS3),1105920,false,0,true,2026-08-10T07:05:43.008Z,1.12.6,1.9.0-DEV,428070c0f9ad,4.16.0,1.3.11,ctbllib-fs2-q5-findall,2397,1293,2026-08-11T16:08:22.048Z
3x2^(4+6).2^2.(3xS3),221184,true,0,true,2026-08-10T07:05:43.008Z,1.12.6,1.9.0-DEV,428070c0f9ad,4.16.0,1.3.11,ctbllib-fs2-q5-findall,2397,1294,2026-08-11T16:08:53.046Z
3x2^(4+6).3A6,3317760,false,0,true,2026-08-10T07:05:43.008Z,1.12.6,1.9.0-DEV,428070c0f9ad,4.16.0,1.3.11,ctbllib-fs2-q5-findall,2397,1295,2026-08-11T16:09:08.898Z
3x2^(4+8):(S3xA5),4423680,false,0,true,2026-08-10T07:05:43.008Z,1.12.6,1.9.0-DEV,428070c0f9ad,4.16.0,1.3.11,ctbllib-fs2-q5-findall,2397,1296,2026-08-11T16:09:36.903Z
3x2^(5+8):(2xS4),1179648,true,0,true,2026-08-10T07:05:43.008Z,1.12.6,1.9.0-DEV,428070c0f9ad,4.16.0,1.3.11,ctbllib-fs2-q5-findall,2397,1297,2026-08-11T16:11:27.371Z
3x2^(5+8):(S3xD8),1179648,true,0,true,2026-08-10T07:05:43.008Z,1.12.6,1.9.0-DEV,428070c0f9ad,4.16.0,1.3.11,ctbllib-fs2-q5-findall,2397,1298,2026-08-11T16:14:36.398Z
3x2^(5+8):(S3xS4),3538944,true,0,true,2026-08-10T07:05:43.008Z,1.12.6,1.9.0-DEV,428070c0f9ad,4.16.0,1.3.11,ctbllib-fs2-q5-findall,2397,1299,2026-08-11T16:16:18.069Z
3x2^10.2^2.2^2.S4,1179648,true,0,true,2026-08-10T07:05:43.008Z,1.12.6,1.9.0-DEV,428070c0f9ad,4.16.0,1.3.11,ctbllib-fs2-q5-findall,2397,1300,2026-08-11T16:18:07.519Z
3x2^10.2^3.L3(2),4128768,false,0,true,2026-08-10T07:05:43.008Z,1.12.6,1.9.0-DEV,428070c0f9ad,4.16.0,1.3.11,ctbllib-fs2-q5-findall,2397,1301,2026-08-11T16:19:16.16Z
3x2^10.2^3.S4,589824,true,0,true,2026-08-10T07:05:43.008Z,1.12.6,1.9.0-DEV,428070c0f9ad,4.16.0,1.3.11,ctbllib-fs2-q5-findall,2397,1302,2026-08-11T16:22:53.572Z
3x2^10.2^4.S5,5898240,false,0,true,2026-08-10T07:05:43.008Z,1.12.6,1.9.0-DEV,428070c0f9ad,4.16.0,1.3.11,ctbllib-fs2-q5-findall,2397,1303,2026-08-11T16:23:47.531Z
3x2^2.2^(1+8)_+:U4(2),159252480,false,0,true,2026-08-10T07:05:43.008Z,1.12.6,1.9.0-DEV,428070c0f9ad,4.16.0,1.3.11,ctbllib-fs2-q5-findall,2397,1304,2026-08-11T16:28:53.561Z
3x2^2.2^(4+8):(S3xA5),17694720,false,0,true,2026-08-10T07:05:43.008Z,1.12.6,1.9.0-DEV,428070c0f9ad,4.16.0,1.3.11,ctbllib-fs2-q5-findall,2397,1305,2026-08-11T16:33:11.564Z
3x2^3.L3(2),4032,false,0,true,2026-08-10T07:05:43.008Z,1.12.6,1.9.0-DEV,428070c0f9ad,4.16.0,1.3.11,ctbllib-fs2-q5-findall,2397,1306,2026-08-11T16:33:13.138Z
3x2^3.S4v1,576,true,0,true,2026-08-10T07:05:43.008Z,1.12.6,1.9.0-DEV,428070c0f9ad,4.16.0,1.3.11,ctbllib-fs2-q5-findall,2397,1307,2026-08-11T16:33:14.551Z
3x2^3:L3(2),4032,false,0,true,2026-08-10T07:05:43.008Z,1.12.6,1.9.0-DEV,428070c0f9ad,4.16.0,1.3.11,ctbllib-fs2-q5-findall,2397,1308,2026-08-11T16:33:16.844Z
3x2^4:(3xA5),8640,false,0,true,2026-08-10T07:05:43.008Z,1.12.6,1.9.0-DEV,428070c0f9ad,4.16.0,1.3.11,ctbllib-fs2-q5-findall,2397,1309,2026-08-11T16:33:18.425Z
3x2^4:A5,2880,false,0,true,2026-08-10T07:05:43.008Z,1.12.6,1.9.0-DEV,428070c0f9ad,4.16.0,1.3.11,ctbllib-fs2-q5-findall,2397,1310,2026-08-11T16:33:18.897Z
3x2^4:s5,5760,false,0,true,2026-08-10T07:05:43.008Z,1.12.6,1.9.0-DEV,428070c0f9ad,4.16.0,1.3.11,ctbllib-fs2-q5-findall,2397,1311,2026-08-11T16:33:19.532Z
3x2^5.A5,5760,false,0,true,2026-08-10T07:05:43.008Z,1.12.6,1.9.0-DEV,428070c0f9ad,4.16.0,1.3.11,ctbllib-fs2-q5-findall,2397,1312,2026-08-11T16:33:22.243Z
3x2^6.2^5.S6,4423680,false,0,true,2026-08-10T07:05:43.008Z,1.12.6,1.9.0-DEV,428070c0f9ad,4.16.0,1.3.11,ctbllib-fs2-q5-findall,2397,1313,2026-08-11T16:35:16.575Z
3x2^6:S6(2),278691840,false,0,true,2026-08-10T07:05:43.008Z,1.12.6,1.9.0-DEV,428070c0f9ad,4.16.0,1.3.11,ctbllib-fs2-q5-findall,2397,1314,2026-08-11T16:35:44.63Z
3x31:15,1395,true,0,true,2026-08-10T07:05:43.008Z,1.12.6,1.9.0-DEV,428070c0f9ad,4.16.0,1.3.11,ctbllib-fs2-q5-findall,2397,1315,2026-08-11T16:36:25.815Z
3x4.M22M5,23040,false,0,true,2026-08-10T07:05:43.008Z,1.12.6,1.9.0-DEV,428070c0f9ad,4.16.0,1.3.11,ctbllib-fs2-q5-findall,2397,1316,2026-08-11T16:36:30.522Z
3x4.M22M6,16128,false,0,true,2026-08-10T07:05:43.008Z,1.12.6,1.9.0-DEV,428070c0f9ad,4.16.0,1.3.11,ctbllib-fs2-q5-findall,2397,1317,2026-08-11T16:36:37.934Z
3x4.M22N2,1536,true,0,true,2026-08-10T07:05:43.008Z,1.12.6,1.9.0-DEV,428070c0f9ad,4.16.0,1.3.11,ctbllib-fs2-q5-findall,2397,1318,2026-08-11T16:36:46.387Z
3x4^2:D12,576,true,0,true,2026-08-10T07:05:43.008Z,1.12.6,1.9.0-DEV,428070c0f9ad,4.16.0,1.3.11,ctbllib-fs2-q5-findall,2397,1319,2026-08-11T16:36:47.522Z
3x4^3.L3(2),32256,false,0,true,2026-08-10T07:05:43.008Z,1.12.6,1.9.0-DEV,428070c0f9ad,4.16.0,1.3.11,ctbllib-fs2-q5-findall,2397,1320,2026-08-11T16:36:49.775Z
3x4_1.2^4:A5,11520,false,0,true,2026-08-10T07:05:43.008Z,1.12.6,1.9.0-DEV,428070c0f9ad,4.16.0,1.3.11,ctbllib-fs2-q5-findall,2397,1321,2026-08-11T16:36:55.697Z
3x4_2.2^4:A5,11520,false,0,true,2026-08-10T07:05:43.008Z,1.12.6,1.9.0-DEV,428070c0f9ad,4.16.0,1.3.11,ctbllib-fs2-q5-findall,2397,1322,2026-08-11T16:36:59.789Z
3x5:4xS5,7200,false,0,true,2026-08-10T07:05:43.008Z,1.12.6,1.9.0-DEV,428070c0f9ad,4.16.0,1.3.11,ctbllib-fs2-q5-findall,2397,1323,2026-08-11T16:37:08.626Z
3x5:8,120,true,0,true,2026-08-10T07:05:43.008Z,1.12.6,1.9.0-DEV,428070c0f9ad,4.16.0,1.3.11,ctbllib-fs2-q5-findall,2397,1324,2026-08-11T16:37:10.223Z
3x5^(1+2):3:8,9000,true,0,true,2026-08-10T07:05:43.008Z,1.12.6,1.9.0-DEV,428070c0f9ad,4.16.0,1.3.11,ctbllib-fs2-q5-findall,2397,1325,2026-08-11T16:37:13.663Z
3x5^(1+2)_+:8,3000,true,0,true,2026-08-10T07:05:43.008Z,1.12.6,1.9.0-DEV,428070c0f9ad,4.16.0,1.3.11,ctbllib-fs2-q5-findall,2397,1326,2026-08-11T16:37:15.37Z
3x5^2:(4xS3),1800,true,0,true,2026-08-10T07:05:43.008Z,1.12.6,1.9.0-DEV,428070c0f9ad,4.16.0,1.3.11,ctbllib-fs2-q5-findall,2397,1327,2026-08-11T16:37:17.794Z
3x7:6,126,true,0,true,2026-08-10T07:05:43.008Z,1.12.6,1.9.0-DEV,428070c0f9ad,4.16.0,1.3.11,ctbllib-fs2-q5-findall,2397,1328,2026-08-11T16:37:18.37Z
3x7^(1+2):(D8x3),24696,true,0,true,2026-08-10T07:05:43.008Z,1.12.6,1.9.0-DEV,428070c0f9ad,4.16.0,1.3.11,ctbllib-fs2-q5-findall,2397,1329,2026-08-11T16:37:22.071Z
3x7^2:2.L2(7).2,98784,false,0,true,2026-08-10T07:05:43.008Z,1.12.6,1.9.0-DEV,428070c0f9ad,4.16.0,1.3.11,ctbllib-fs2-q5-findall,2397,1330,2026-08-11T16:37:25.235Z
3xA10.2,10886400,false,0,true,2026-08-10T07:05:43.008Z,1.12.6,1.9.0-DEV,428070c0f9ad,4.16.0,1.3.11,ctbllib-fs2-q5-findall,2397,1331,2026-08-11T16:37:35.173Z
3xA5,180,false,0,true,2026-08-10T07:05:43.008Z,1.12.6,1.9.0-DEV,428070c0f9ad,4.16.0,1.3.11,ctbllib-fs2-q5-findall,2397,1332,2026-08-11T16:37:35.374Z
3xA5.2,360,false,0,true,2026-08-10T07:05:43.008Z,1.12.6,1.9.0-DEV,428070c0f9ad,4.16.0,1.3.11,ctbllib-fs2-q5-findall,2397,1333,2026-08-11T16:37:35.656Z
3xD10,30,true,0,true,2026-08-10T07:05:43.008Z,1.12.6,1.9.0-DEV,428070c0f9ad,4.16.0,1.3.11,ctbllib-fs2-q5-findall,2397,1334,2026-08-11T16:37:36.022Z
3xD6xD10,180,true,0,true,2026-08-10T07:05:43.008Z,1.12.6,1.9.0-DEV,428070c0f9ad,4.16.0,1.3.11,ctbllib-fs2-q5-findall,2397,1335,2026-08-11T16:37:38.379Z
3xD8,24,true,0,true,2026-08-10T07:05:43.008Z,1.12.6,1.9.0-DEV,428070c0f9ad,4.16.0,1.3.11,ctbllib-fs2-q5-findall,2397,1336,2026-08-11T16:37:38.528Z
3xF3+N7,37044,true,0,true,2026-08-10T07:05:43.008Z,1.12.6,1.9.0-DEV,428070c0f9ad,4.16.0,1.3.11,ctbllib-fs2-q5-findall,2397,1337,2026-08-11T16:37:49.2Z
3xF4(2),9933379810099200,false,0,true,2026-08-10T07:05:43.008Z,1.12.6,1.9.0-DEV,428070c0f9ad,4.16.0,1.3.11,ctbllib-fs2-q5-findall,2397,1338,2026-08-11T16:39:09.894Z
3xFi22N2,393216,true,0,true,2026-08-10T07:05:43.008Z,1.12.6,1.9.0-DEV,428070c0f9ad,4.16.0,1.3.11,ctbllib-fs2-q5-findall,2397,1339,2026-08-11T16:42:49.996Z
3xFi22N5,7200,true,0,true,2026-08-10T07:05:43.008Z,1.12.6,1.9.0-DEV,428070c0f9ad,4.16.0,1.3.11,ctbllib-fs2-q5-findall,2397,1340,2026-08-11T16:42:52.105Z
3xFi23,12268411419879014400,false,0,true,2026-08-10T07:05:43.008Z,1.12.6,1.9.0-DEV,428070c0f9ad,4.16.0,1.3.11,ctbllib-fs2-q5-findall,2397,1341,2026-08-11T16:44:31.074Z
3xG2(4),754790400,false,0,true,2026-08-10T07:05:43.008Z,1.12.6,1.9.0-DEV,428070c0f9ad,4.16.0,1.3.11,ctbllib-fs2-q5-findall,2397,1342,2026-08-11T16:44:44.902Z
3xIsoclinic(2.A5.2),720,false,0,true,2026-08-10T07:05:43.008Z,1.12.6,1.9.0-DEV,428070c0f9ad,4.16.0,1.3.11,ctbllib-fs2-q5-findall,2397,1343,2026-08-11T16:44:45.466Z
3xIsoclinic(2.A9.2),2177280,false,0,true,2026-08-10T07:05:43.008Z,1.12.6,1.9.0-DEV,428070c0f9ad,4.16.0,1.3.11,ctbllib-fs2-q5-findall,2397,1344,2026-08-11T16:44:57.471Z
3xIsoclinic(2.M12.2),1140480,false,0,true,2026-08-10T07:05:43.008Z,1.12.6,1.9.0-DEV,428070c0f9ad,4.16.0,1.3.11,ctbllib-fs2-q5-findall,2397,1345,2026-08-11T16:45:04.513Z
3xIsoclinic(2x5:8),240,true,0,true,2026-08-10T07:05:43.008Z,1.12.6,1.9.0-DEV,428070c0f9ad,4.16.0,1.3.11,ctbllib-fs2-q5-findall,2397,1346,2026-08-11T16:45:08.793Z
3xJ1,526680,false,0,true,2026-08-10T07:05:43.008Z,1.12.6,1.9.0-DEV,428070c0f9ad,4.16.0,1.3.11,ctbllib-fs2-q5-findall,2397,1347,2026-08-11T16:45:34.327Z
3xJ2.2,3628800,false,0,true,2026-08-10T07:05:43.008Z,1.12.6,1.9.0-DEV,428070c0f9ad,4.16.0,1.3.11,ctbllib-fs2-q5-findall,2397,1348,2026-08-11T16:45:39.524Z
3xJ3N2,1152,true,0,true,2026-08-10T07:05:43.008Z,1.12.6,1.9.0-DEV,428070c0f9ad,4.16.0,1.3.11,ctbllib-fs2-q5-findall,2397,1349,2026-08-11T16:45:41.455Z
3xL2(11),1980,false,0,true,2026-08-10T07:05:43.008Z,1.12.6,1.9.0-DEV,428070c0f9ad,4.16.0,1.3.11,ctbllib-fs2-q5-findall,2397,1350,2026-08-11T16:45:44.548Z
3xL2(13),3276,false,0,true,2026-08-10T07:05:43.008Z,1.12.6,1.9.0-DEV,428070c0f9ad,4.16.0,1.3.11,ctbllib-fs2-q5-findall,2397,1351,2026-08-11T16:45:50.499Z
3xL2(16).2,24480,false,0,true,2026-08-10T07:05:43.008Z,1.12.6,1.9.0-DEV,428070c0f9ad,4.16.0,1.3.11,ctbllib-fs2-q5-findall,2397,1352,2026-08-11T16:46:04.236Z
3xL2(17),7344,false,0,true,2026-08-10T07:05:43.008Z,1.12.6,1.9.0-DEV,428070c0f9ad,4.16.0,1.3.11,ctbllib-fs2-q5-findall,2397,1353,2026-08-11T16:46:11.907Z
3xL2(19),10260,false,0,true,2026-08-10T07:05:43.008Z,1.12.6,1.9.0-DEV,428070c0f9ad,4.16.0,1.3.11,ctbllib-fs2-q5-findall,2397,1354,2026-08-11T16:46:22.077Z
3xL2(25),23400,false,0,true,2026-08-10T07:05:43.008Z,1.12.6,1.9.0-DEV,428070c0f9ad,4.16.0,1.3.11,ctbllib-fs2-q5-findall,2397,1355,2026-08-11T16:46:45.115Z
3xL2(31),44640,false,0,true,2026-08-10T07:05:43.008Z,1.12.6,1.9.0-DEV,428070c0f9ad,4.16.0,1.3.11,ctbllib-fs2-q5-findall,2397,1356,2026-08-11T16:47:46.65Z
3xL2(8),1512,false,0,true,2026-08-10T07:05:43.008Z,1.12.6,1.9.0-DEV,428070c0f9ad,4.16.0,1.3.11,ctbllib-fs2-q5-findall,2397,1357,2026-08-11T16:47:48.705Z
3xL2(8).3,4536,false,0,true,2026-08-10T07:05:43.008Z,1.12.6,1.9.0-DEV,428070c0f9ad,4.16.0,1.3.11,ctbllib-fs2-q5-findall,2397,1358,2026-08-11T16:47:49.959Z
3xL3(2),504,false,0,true,2026-08-10T07:05:43.008Z,1.12.6,1.9.0-DEV,428070c0f9ad,4.16.0,1.3.11,ctbllib-fs2-q5-findall,2397,1359,2026-08-11T16:47:50.674Z
3xL3(2).2,1008,false,0,true,2026-08-10T07:05:43.008Z,1.12.6,1.9.0-DEV,428070c0f9ad,4.16.0,1.3.11,ctbllib-fs2-q5-findall,2397,1360,2026-08-11T16:47:51.184Z
3xL3(3).2,33696,false,0,true,2026-08-10T07:05:43.008Z,1.12.6,1.9.0-DEV,428070c0f9ad,4.16.0,1.3.11,ctbllib-fs2-q5-findall,2397,1361,2026-08-11T16:47:57.078Z
3xL3(4).2_2,120960,false,0,true,2026-08-10T07:05:43.008Z,1.12.6,1.9.0-DEV,428070c0f9ad,4.16.0,1.3.11,ctbllib-fs2-q5-findall,2397,1362,2026-08-11T16:47:59.204Z
3xL3(7).2,11261376,false,0,true,2026-08-10T07:05:43.008Z,1.12.6,1.9.0-DEV,428070c0f9ad,4.16.0,1.3.11,ctbllib-fs2-q5-findall,2397,1363,2026-08-11T16:48:26.174Z
3xL4(3).2_2,36391680,false,0,true,2026-08-10T07:05:43.008Z,1.12.6,1.9.0-DEV,428070c0f9ad,4.16.0,1.3.11,ctbllib-fs2-q5-findall,2397,1364,2026-08-11T16:48:48.726Z
3xM11,23760,false,0,true,2026-08-10T07:05:43.008Z,1.12.6,1.9.0-DEV,428070c0f9ad,4.16.0,1.3.11,ctbllib-fs2-q5-findall,2397,1365,2026-08-11T16:48:50.814Z
3xM12,285120,false,0,true,2026-08-10T07:05:43.008Z,1.12.6,1.9.0-DEV,428070c0f9ad,4.16.0,1.3.11,ctbllib-fs2-q5-findall,2397,1366,2026-08-11T16:48:54.276Z
3xM12.2,570240,false,0,true,2026-08-10T07:05:43.008Z,1.12.6,1.9.0-DEV,428070c0f9ad,4.16.0,1.3.11,ctbllib-fs2-q5-findall,2397,1367,2026-08-11T16:48:57.308Z
3xM12N2,192,true,0,true,2026-08-10T07:05:43.008Z,1.12.6,1.9.0-DEV,428070c0f9ad,4.16.0,1.3.11,ctbllib-fs2-q5-findall,2397,1368,2026-08-11T16:48:58.628Z
3xM22C2A,1152,true,0,true,2026-08-10T07:05:43.008Z,1.12.6,1.9.0-DEV,428070c0f9ad,4.16.0,1.3.11,ctbllib-fs2-q5-findall,2397,1369,2026-08-11T16:49:01.17Z
3xMcLN2,384,true,0,true,2026-08-10T07:05:43.008Z,1.12.6,1.9.0-DEV,428070c0f9ad,4.16.0,1.3.11,ctbllib-fs2-q5-findall,2397,1370,2026-08-11T16:49:02.611Z
"3xNRS(M22,[2^6])",1152,true,0,true,2026-08-10T07:05:43.008Z,1.12.6,1.9.0-DEV,428070c0f9ad,4.16.0,1.3.11,ctbllib-fs2-q5-findall,2397,1371,2026-08-11T16:49:05.028Z
3xO8+(2),522547200,false,0,true,2026-08-10T07:05:43.008Z,1.12.6,1.9.0-DEV,428070c0f9ad,4.16.0,1.3.11,ctbllib-fs2-q5-findall,2397,1372,2026-08-11T16:49:20.971Z
3xO8+(2):S3,3135283200,false,0,true,2026-08-10T07:05:43.008Z,1.12.6,1.9.0-DEV,428070c0f9ad,4.16.0,1.3.11,ctbllib-fs2-q5-findall,2397,1373,2026-08-11T16:49:47.858Z
3xONN2,1536,true,0,true,2026-08-10T07:05:43.008Z,1.12.6,1.9.0-DEV,428070c0f9ad,4.16.0,1.3.11,ctbllib-fs2-q5-findall,2397,1374,2026-08-11T16:49:52.237Z
3xS3x7:6,756,true,0,true,2026-08-10T07:05:43.008Z,1.12.6,1.9.0-DEV,428070c0f9ad,4.16.0,1.3.11,ctbllib-fs2-q5-findall,2397,1375,2026-08-11T16:49:55.838Z
3xS3xU4(2),466560,false,0,true,2026-08-10T07:05:43.008Z,1.12.6,1.9.0-DEV,428070c0f9ad,4.16.0,1.3.11,ctbllib-fs2-q5-findall,2397,1376,2026-08-11T16:50:20.94Z
3xS6(2),4354560,false,0,true,2026-08-10T07:05:43.008Z,1.12.6,1.9.0-DEV,428070c0f9ad,4.16.0,1.3.11,ctbllib-fs2-q5-findall,2397,1377,2026-08-11T16:50:27.233Z
3xS6xS4,51840,false,0,true,2026-08-10T07:05:43.008Z,1.12.6,1.9.0-DEV,428070c0f9ad,4.16.0,1.3.11,ctbllib-fs2-q5-findall,2397,1378,2026-08-11T16:50:53.262Z
3xS9,1088640,false,0,true,2026-08-10T07:05:43.008Z,1.12.6,1.9.0-DEV,428070c0f9ad,4.16.0,1.3.11,ctbllib-fs2-q5-findall,2397,1379,2026-08-11T16:51:00.377Z
3xSuzN2,73728,true,0,true,2026-08-10T07:05:43.008Z,1.12.6,1.9.0-DEV,428070c0f9ad,4.16.0,1.3.11,ctbllib-fs2-q5-findall,2397,1380,2026-08-11T16:51:36.56Z
3xSymm(4),72,true,0,true,2026-08-10T07:05:43.008Z,1.12.6,1.9.0-DEV,428070c0f9ad,4.16.0,1.3.11,ctbllib-fs2-q5-findall,2397,1381,2026-08-11T16:51:36.77Z
3xU3(3).2,36288,false,0,true,2026-08-10T07:05:43.008Z,1.12.6,1.9.0-DEV,428070c0f9ad,4.16.0,1.3.11,ctbllib-fs2-q5-findall,2397,1382,2026-08-11T16:51:38.247Z
3xU4(2),77760,false,0,true,2026-08-10T07:05:43.008Z,1.12.6,1.9.0-DEV,428070c0f9ad,4.16.0,1.3.11,ctbllib-fs2-q5-findall,2397,1383,2026-08-11T16:51:42.678Z
3xU5(2),41057280,false,0,true,2026-08-10T07:05:43.008Z,1.12.6,1.9.0-DEV,428070c0f9ad,4.16.0,1.3.11,ctbllib-fs2-q5-findall,2397,1384,2026-08-11T16:52:01.766Z
4(A4xA4).4,2304,true,0,true,2026-08-10T07:05:43.008Z,1.12.6,1.9.0-DEV,428070c0f9ad,4.16.0,1.3.11,ctbllib-fs2-q5-findall,2397,1385,2026-08-11T16:52:02.307Z
4.2^2,16,true,0,true,2026-08-10T07:05:43.008Z,1.12.6,1.9.0-DEV,428070c0f9ad,4.16.0,1.3.11,ctbllib-fs2-q5-findall,2397,1386,2026-08-11T16:52:02.416Z
4.2^4,64,true,0,true,2026-08-10T07:05:43.008Z,1.12.6,1.9.0-DEV,428070c0f9ad,4.16.0,1.3.11,ctbllib-fs2-q5-findall,2397,1387,2026-08-11T16:52:02.677Z
4.2^4.S5,7680,false,0,true,2026-08-10T07:05:43.008Z,1.12.6,1.9.0-DEV,428070c0f9ad,4.16.0,1.3.11,ctbllib-fs2-q5-findall,2397,1388,2026-08-11T16:52:02.937Z
4.2^4:(2xS3),768,true,0,true,2026-08-10T07:05:43.008Z,1.12.6,1.9.0-DEV,428070c0f9ad,4.16.0,1.3.11,ctbllib-fs2-q5-findall,2397,1389,2026-08-11T16:52:03.302Z
4.2^4:S4,1536,true,0,true,2026-08-10T07:05:43.008Z,1.12.6,1.9.0-DEV,428070c0f9ad,4.16.0,1.3.11,ctbllib-fs2-q5-findall,2397,1390,2026-08-11T16:52:03.544Z
4.3^(1+4)_+.2S4,46656,true,0,true,2026-08-10T07:05:43.008Z,1.12.6,1.9.0-DEV,428070c0f9ad,4.16.0,1.3.11,ctbllib-fs2-q5-findall,2397,1391,2026-08-11T16:52:08.285Z
4.A6.2_3,2880,false,0,true,2026-08-10T07:05:43.008Z,1.12.6,1.9.0-DEV,428070c0f9ad,4.16.0,1.3.11,ctbllib-fs2-q5-findall,2397,1392,2026-08-11T16:52:08.56Z
4.HS.2,354816000,false,0,true,2026-08-10T07:05:43.008Z,1.12.6,1.9.0-DEV,428070c0f9ad,4.16.0,1.3.11,ctbllib-fs2-q5-findall,2397,1393,2026-08-11T16:52:14.656Z
4.L2(25).2_3,62400,false,0,true,2026-08-10T07:05:43.008Z,1.12.6,1.9.0-DEV,428070c0f9ad,4.16.0,1.3.11,ctbllib-fs2-q5-findall,2397,1394,2026-08-11T16:52:15.877Z
4.L2(49).2_3,470400,false,0,true,2026-08-10T07:05:43.008Z,1.12.6,1.9.0-DEV,428070c0f9ad,4.16.0,1.3.11,ctbllib-fs2-q5-findall,2397,1395,2026-08-11T16:52:17.509Z
4.L2(81).2_3,2125440,false,0,true,2026-08-10T07:05:43.008Z,1.12.6,1.9.0-DEV,428070c0f9ad,4.16.0,1.3.11,ctbllib-fs2-q5-findall,2397,1396,2026-08-11T16:53:00.548Z
4.L2(81).4_2,4250880,false,0,true,2026-08-10T07:05:43.008Z,1.12.6,1.9.0-DEV,428070c0f9ad,4.16.0,1.3.11,ctbllib-fs2-q5-findall,2397,1397,2026-08-11T16:53:20.249Z
4.L4(5),29016000000,false,0,true,2026-08-10T07:05:43.008Z,1.12.6,1.9.0-DEV,428070c0f9ad,4.16.0,1.3.11,ctbllib-fs2-q5-findall,2397,1398,2026-08-11T16:54:43.859Z
4.M22,1774080,false,0,true,2026-08-10T07:05:43.008Z,1.12.6,1.9.0-DEV,428070c0f9ad,4.16.0,1.3.11,ctbllib-fs2-q5-findall,2397,1399,2026-08-11T16:54:44.715Z
4.M22.2,3548160,false,0,true,2026-08-10T07:05:43.008Z,1.12.6,1.9.0-DEV,428070c0f9ad,4.16.0,1.3.11,ctbllib-fs2-q5-findall,2397,1400,2026-08-11T16:54:45.655Z
4.M22M2,23040,false,0,true,2026-08-10T07:05:43.008Z,1.12.6,1.9.0-DEV,428070c0f9ad,4.16.0,1.3.11,ctbllib-fs2-q5-findall,2397,1401,2026-08-11T16:54:45.973Z
4.M22M5,7680,false,0,true,2026-08-10T07:05:43.008Z,1.12.6,1.9.0-DEV,428070c0f9ad,4.16.0,1.3.11,ctbllib-fs2-q5-findall,2397,1402,2026-08-11T16:54:47.285Z
4.M22M6,5376,false,0,true,2026-08-10T07:05:43.008Z,1.12.6,1.9.0-DEV,428070c0f9ad,4.16.0,1.3.11,ctbllib-fs2-q5-findall,2397,1403,2026-08-11T16:54:47.76Z
4.M22N2,512,true,0,true,2026-08-10T07:05:43.008Z,1.12.6,1.9.0-DEV,428070c0f9ad,4.16.0,1.3.11,ctbllib-fs2-q5-findall,2397,1404,2026-08-11T16:54:48.399Z
4.U4(3),13063680,false,0,true,2026-08-10T07:05:43.008Z,1.12.6,1.9.0-DEV,428070c0f9ad,4.16.0,1.3.11,ctbllib-fs2-q5-findall,2397,1405,2026-08-11T16:54:51.486Z
4.U4(3).2_1,26127360,false,0,true,2026-08-10T07:05:43.008Z,1.12.6,1.9.0-DEV,428070c0f9ad,4.16.0,1.3.11,ctbllib-fs2-q5-findall,2397,1406,2026-08-11T16:54:56.135Z
4.U4(3).2_2,26127360,false,0,true,2026-08-10T07:05:43.008Z,1.12.6,1.9.0-DEV,428070c0f9ad,4.16.0,1.3.11,ctbllib-fs2-q5-findall,2397,1407,2026-08-11T16:54:59.969Z
4.U4(3).2_3,26127360,false,0,true,2026-08-10T07:05:43.008Z,1.12.6,1.9.0-DEV,428070c0f9ad,4.16.0,1.3.11,ctbllib-fs2-q5-findall,2397,1408,2026-08-11T16:55:01.223Z
4.U4(3).4,52254720,false,0,true,2026-08-10T07:05:43.008Z,1.12.6,1.9.0-DEV,428070c0f9ad,4.16.0,1.3.11,ctbllib-fs2-q5-findall,2397,1409,2026-08-11T16:55:13.789Z
4.s4,96,true,0,true,2026-08-10T07:05:43.008Z,1.12.6,1.9.0-DEV,428070c0f9ad,4.16.0,1.3.11,ctbllib-fs2-q5-findall,2397,1410,2026-08-11T16:55:13.929Z
41:4,164,true,0,true,2026-08-10T07:05:43.008Z,1.12.6,1.9.0-DEV,428070c0f9ad,4.16.0,1.3.11,ctbllib-fs2-q5-findall,2397,1411,2026-08-11T16:55:30.796Z
41:40,1640,true,0,true,2026-08-10T07:05:43.008Z,1.12.6,1.9.0-DEV,428070c0f9ad,4.16.0,1.3.11,ctbllib-fs2-q5-findall,2397,1412,2026-08-11T16:55:31.697Z
43:14,602,true,0,true,2026-08-10T07:05:43.008Z,1.12.6,1.9.0-DEV,428070c0f9ad,4.16.0,1.3.11,ctbllib-fs2-q5-findall,2397,1413,2026-08-11T16:55:37.922Z
43:3,129,true,0,true,2026-08-10T07:05:43.008Z,1.12.6,1.9.0-DEV,428070c0f9ad,4.16.0,1.3.11,ctbllib-fs2-q5-findall,2397,1414,2026-08-11T16:56:08.09Z
47:23,1081,true,0,true,2026-08-10T07:05:43.008Z,1.12.6,1.9.0-DEV,428070c0f9ad,4.16.0,1.3.11,ctbllib-fs2-q5-findall,2397,1415,2026-08-11T16:56:13.98Z
4^2.L3(4),322560,false,0,true,2026-08-10T07:05:43.008Z,1.12.6,1.9.0-DEV,428070c0f9ad,4.16.0,1.3.11,ctbllib-fs2-q5-findall,2397,1416,2026-08-11T16:56:19.265Z
4^2:3,48,true,0,true,2026-08-10T07:05:43.008Z,1.12.6,1.9.0-DEV,428070c0f9ad,4.16.0,1.3.11,ctbllib-fs2-q5-findall,2397,1417,2026-08-11T16:56:19.336Z
4^2:D12,192,true,0,true,2026-08-10T07:05:43.008Z,1.12.6,1.9.0-DEV,428070c0f9ad,4.16.0,1.3.11,ctbllib-fs2-q5-findall,2397,1418,2026-08-11T16:56:19.429Z
4^2:D12.2,384,true,0,true,2026-08-10T07:05:43.008Z,1.12.6,1.9.0-DEV,428070c0f9ad,4.16.0,1.3.11,ctbllib-fs2-q5-findall,2397,1419,2026-08-11T16:56:19.549Z
4^2:s3,96,true,0,true,2026-08-10T07:05:43.008Z,1.12.6,1.9.0-DEV,428070c0f9ad,4.16.0,1.3.11,ctbllib-fs2-q5-findall,2397,1420,2026-08-11T16:56:19.621Z
4^3.(L3(2)x2),21504,false,0,true,2026-08-10T07:05:43.008Z,1.12.6,1.9.0-DEV,428070c0f9ad,4.16.0,1.3.11,ctbllib-fs2-q5-findall,2397,1421,2026-08-11T16:56:19.953Z
4^3.D8,512,true,0,true,2026-08-10T07:05:43.008Z,1.12.6,1.9.0-DEV,428070c0f9ad,4.16.0,1.3.11,ctbllib-fs2-q5-findall,2397,1422,2026-08-11T16:56:20.306Z
4^3.L3(2),10752,false,0,true,2026-08-10T07:05:43.008Z,1.12.6,1.9.0-DEV,428070c0f9ad,4.16.0,1.3.11,ctbllib-fs2-q5-findall,2397,1423,2026-08-11T16:56:20.522Z
4^3:(L3(2)x2),21504,false,0,true,2026-08-10T07:05:43.008Z,1.12.6,1.9.0-DEV,428070c0f9ad,4.16.0,1.3.11,ctbllib-fs2-q5-findall,2397,1424,2026-08-11T16:56:21.015Z
4^3:S4,1536,true,0,true,2026-08-10T07:05:43.008Z,1.12.6,1.9.0-DEV,428070c0f9ad,4.16.0,1.3.11,ctbllib-fs2-q5-findall,2397,1425,2026-08-11T16:56:21.277Z
"4^3:psl(3,2)",10752,false,0,true,2026-08-10T07:05:43.008Z,1.12.6,1.9.0-DEV,428070c0f9ad,4.16.0,1.3.11,ctbllib-fs2-q5-findall,2397,1426,2026-08-11T16:56:21.476Z
4_1.2^4:A5,3840,false,0,true,2026-08-10T07:05:43.008Z,1.12.6,1.9.0-DEV,428070c0f9ad,4.16.0,1.3.11,ctbllib-fs2-q5-findall,2397,1427,2026-08-11T16:56:21.653Z
4_1.L3(4),80640,false,0,true,2026-08-10T07:05:43.008Z,1.12.6,1.9.0-DEV,428070c0f9ad,4.16.0,1.3.11,ctbllib-fs2-q5-findall,2397,1428,2026-08-11T16:56:23.595Z
4_1.L3(4).(2^2)_{1*2*3*},322560,false,0,true,2026-08-10T07:05:43.008Z,1.12.6,1.9.0-DEV,428070c0f9ad,4.16.0,1.3.11,ctbllib-fs2-q5-findall,2397,1429,2026-08-11T16:56:24.127Z
4_1.L3(4).(2^2)_{1*2*3},322560,false,0,true,2026-08-10T07:05:43.008Z,1.12.6,1.9.0-DEV,428070c0f9ad,4.16.0,1.3.11,ctbllib-fs2-q5-findall,2397,1430,2026-08-11T16:56:24.804Z
4_1.L3(4).(2^2)_{1*23*},322560,false,0,true,2026-08-10T07:05:43.008Z,1.12.6,1.9.0-DEV,428070c0f9ad,4.16.0,1.3.11,ctbllib-fs2-q5-findall,2397,1431,2026-08-11T16:56:25.335Z
4_1.L3(4).(2^2)_{1*23},322560,false,0,true,2026-08-10T07:05:43.008Z,1.12.6,1.9.0-DEV,428070c0f9ad,4.16.0,1.3.11,ctbllib-fs2-q5-findall,2397,1432,2026-08-11T16:56:27.418Z
4_1.L3(4).(2^2)_{12*3*},322560,false,0,true,2026-08-10T07:05:43.008Z,1.12.6,1.9.0-DEV,428070c0f9ad,4.16.0,1.3.11,ctbllib-fs2-q5-findall,2397,1433,2026-08-11T16:56:27.931Z
4_1.L3(4).(2^2)_{12*3},322560,false,0,true,2026-08-10T07:05:43.008Z,1.12.6,1.9.0-DEV,428070c0f9ad,4.16.0,1.3.11,ctbllib-fs2-q5-findall,2397,1434,2026-08-11T16:56:28.569Z
4_1.L3(4).(2^2)_{123*},322560,false,0,true,2026-08-10T07:05:43.008Z,1.12.6,1.9.0-DEV,428070c0f9ad,4.16.0,1.3.11,ctbllib-fs2-q5-findall,2397,1435,2026-08-11T16:56:29.103Z
4_1.L3(4).(2^2)_{123},322560,false,0,true,2026-08-10T07:05:43.008Z,1.12.6,1.9.0-DEV,428070c0f9ad,4.16.0,1.3.11,ctbllib-fs2-q5-findall,2397,1436,2026-08-11T16:56:31.145Z
4_1.L3(4).2_1,161280,false,0,true,2026-08-10T07:05:43.008Z,1.12.6,1.9.0-DEV,428070c0f9ad,4.16.0,1.3.11,ctbllib-fs2-q5-findall,2397,1437,2026-08-11T16:56:31.41Z
4_1.L3(4).2_2,161280,false,0,true,2026-08-10T07:05:43.008Z,1.12.6,1.9.0-DEV,428070c0f9ad,4.16.0,1.3.11,ctbllib-fs2-q5-findall,2397,1438,2026-08-11T16:56:32.067Z
4_1.L3(4).2_3,161280,false,0,true,2026-08-10T07:05:43.008Z,1.12.6,1.9.0-DEV,428070c0f9ad,4.16.0,1.3.11,ctbllib-fs2-q5-findall,2397,1439,2026-08-11T16:56:32.547Z
4_1.L3(4).2_3*,161280,false,0,true,2026-08-10T07:05:43.008Z,1.12.6,1.9.0-DEV,428070c0f9ad,4.16.0,1.3.11,ctbllib-fs2-q5-findall,2397,1440,2026-08-11T16:56:33.016Z
4_2.2^4:A5,3840,false,0,true,2026-08-10T07:05:43.008Z,1.12.6,1.9.0-DEV,428070c0f9ad,4.16.0,1.3.11,ctbllib-fs2-q5-findall,2397,1441,2026-08-11T16:56:33.208Z
4_2.L3(4),80640,false,0,true,2026-08-10T07:05:43.008Z,1.12.6,1.9.0-DEV,428070c0f9ad,4.16.0,1.3.11,ctbllib-fs2-q5-findall,2397,1442,2026-08-11T16:56:33.663Z
4_2.L3(4).(2^2)_{1*2*3*},322560,false,0,true,2026-08-10T07:05:43.008Z,1.12.6,1.9.0-DEV,428070c0f9ad,4.16.0,1.3.11,ctbllib-fs2-q5-findall,2397,1443,2026-08-11T16:56:35.37Z
4_2.L3(4).(2^2)_{1*2*3},322560,false,0,true,2026-08-10T07:05:43.008Z,1.12.6,1.9.0-DEV,428070c0f9ad,4.16.0,1.3.11,ctbllib-fs2-q5-findall,2397,1444,2026-08-11T16:56:35.896Z
4_2.L3(4).(2^2)_{1*23*},322560,false,0,true,2026-08-10T07:05:43.008Z,1.12.6,1.9.0-DEV,428070c0f9ad,4.16.0,1.3.11,ctbllib-fs2-q5-findall,2397,1445,2026-08-11T16:56:36.648Z
4_2.L3(4).(2^2)_{1*23},322560,false,0,true,2026-08-10T07:05:43.008Z,1.12.6,1.9.0-DEV,428070c0f9ad,4.16.0,1.3.11,ctbllib-fs2-q5-findall,2397,1446,2026-08-11T16:56:37.342Z
4_2.L3(4).(2^2)_{12*3*},322560,false,0,true,2026-08-10T07:05:43.008Z,1.12.6,1.9.0-DEV,428070c0f9ad,4.16.0,1.3.11,ctbllib-fs2-q5-findall,2397,1447,2026-08-11T16:56:40.043Z
4_2.L3(4).(2^2)_{12*3},322560,false,0,true,2026-08-10T07:05:43.008Z,1.12.6,1.9.0-DEV,428070c0f9ad,4.16.0,1.3.11,ctbllib-fs2-q5-findall,2397,1448,2026-08-11T16:56:40.55Z
4_2.L3(4).(2^2)_{123*},322560,false,0,true,2026-08-10T07:05:43.008Z,1.12.6,1.9.0-DEV,428070c0f9ad,4.16.0,1.3.11,ctbllib-fs2-q5-findall,2397,1449,2026-08-11T16:56:41.193Z
4_2.L3(4).(2^2)_{123},322560,false,0,true,2026-08-10T07:05:43.008Z,1.12.6,1.9.0-DEV,428070c0f9ad,4.16.0,1.3.11,ctbllib-fs2-q5-findall,2397,1450,2026-08-11T16:56:41.915Z
4_2.L3(4).2_1,161280,false,0,true,2026-08-10T07:05:43.008Z,1.12.6,1.9.0-DEV,428070c0f9ad,4.16.0,1.3.11,ctbllib-fs2-q5-findall,2397,1451,2026-08-11T16:56:42.193Z
4_2.L3(4).2_2,161280,false,0,true,2026-08-10T07:05:43.008Z,1.12.6,1.9.0-DEV,428070c0f9ad,4.16.0,1.3.11,ctbllib-fs2-q5-findall,2397,1452,2026-08-11T16:56:46.792Z
4_2.L3(4).2_2*,161280,false,0,true,2026-08-10T07:05:43.008Z,1.12.6,1.9.0-DEV,428070c0f9ad,4.16.0,1.3.11,ctbllib-fs2-q5-findall,2397,1453,2026-08-11T16:56:47.728Z
4_2.L3(4).2_3,161280,false,0,true,2026-08-10T07:05:43.008Z,1.12.6,1.9.0-DEV,428070c0f9ad,4.16.0,1.3.11,ctbllib-fs2-q5-findall,2397,1454,2026-08-11T16:56:48.058Z
4x11:5,220,true,0,true,2026-08-10T07:05:43.008Z,1.12.6,1.9.0-DEV,428070c0f9ad,4.16.0,1.3.11,ctbllib-fs2-q5-findall,2397,1455,2026-08-11T16:56:51.491Z
4x7:3,84,true,0,true,2026-08-10T07:05:43.008Z,1.12.6,1.9.0-DEV,428070c0f9ad,4.16.0,1.3.11,ctbllib-fs2-q5-findall,2397,1456,2026-08-11T16:56:52.612Z
59:29,1711,true,0,true,2026-08-10T07:05:43.008Z,1.12.6,1.9.0-DEV,428070c0f9ad,4.16.0,1.3.11,ctbllib-fs2-q5-findall,2397,1457,2026-08-11T16:57:05.33Z
5:4,20,true,0,true,2026-08-10T07:05:43.008Z,1.12.6,1.9.0-DEV,428070c0f9ad,4.16.0,1.3.11,ctbllib-fs2-q5-findall,2397,1458,2026-08-11T16:57:05.399Z
5:4x2.A5,2400,false,0,true,2026-08-10T07:05:43.008Z,1.12.6,1.9.0-DEV,428070c0f9ad,4.16.0,1.3.11,ctbllib-fs2-q5-findall,2397,1459,2026-08-11T16:57:06.18Z
5:4x2^2,80,true,0,true,2026-08-10T07:05:43.008Z,1.12.6,1.9.0-DEV,428070c0f9ad,4.16.0,1.3.11,ctbllib-fs2-q5-findall,2397,1460,2026-08-11T16:57:06.514Z
5:4x3,60,true,0,true,2026-08-10T07:05:43.008Z,1.12.6,1.9.0-DEV,428070c0f9ad,4.16.0,1.3.11,ctbllib-fs2-q5-findall,2397,1461,2026-08-11T16:57:06.776Z
5:4xA4,240,true,0,true,2026-08-10T07:05:43.008Z,1.12.6,1.9.0-DEV,428070c0f9ad,4.16.0,1.3.11,ctbllib-fs2-q5-findall,2397,1462,2026-08-11T16:57:07.149Z
5:4xHS.2,1774080000,false,0,true,2026-08-10T07:05:43.008Z,1.12.6,1.9.0-DEV,428070c0f9ad,4.16.0,1.3.11,ctbllib-fs2-q5-findall,2397,1463,2026-08-11T16:57:27.718Z
5:4xS4,480,true,0,true,2026-08-10T07:05:43.008Z,1.12.6,1.9.0-DEV,428070c0f9ad,4.16.0,1.3.11,ctbllib-fs2-q5-findall,2397,1464,2026-08-11T16:57:28.319Z
5:4xS5,2400,false,0,true,2026-08-10T07:05:43.008Z,1.12.6,1.9.0-DEV,428070c0f9ad,4.16.0,1.3.11,ctbllib-fs2-q5-findall,2397,1465,2026-08-11T16:57:28.959Z
5:4xS5x2,4800,false,0,true,2026-08-10T07:05:43.008Z,1.12.6,1.9.0-DEV,428070c0f9ad,4.16.0,1.3.11,ctbllib-fs2-q5-findall,2397,1466,2026-08-11T16:57:32.63Z
5:4xS6,14400,false,0,true,2026-08-10T07:05:43.008Z,1.12.6,1.9.0-DEV,428070c0f9ad,4.16.0,1.3.11,ctbllib-fs2-q5-findall,2397,1467,2026-08-11T16:57:35.639Z
5:4xS7,100800,false,0,true,2026-08-10T07:05:43.008Z,1.12.6,1.9.0-DEV,428070c0f9ad,4.16.0,1.3.11,ctbllib-fs2-q5-findall,2397,1468,2026-08-11T16:57:39.462Z
5:4xU3(5).2N2,640,true,0,true,2026-08-10T07:05:43.008Z,1.12.6,1.9.0-DEV,428070c0f9ad,4.16.0,1.3.11,ctbllib-fs2-q5-findall,2397,1469,2026-08-11T16:57:40.906Z
5:4xU3(5):2,5040000,false,0,true,2026-08-10T07:05:43.008Z,1.12.6,1.9.0-DEV,428070c0f9ad,4.16.0,1.3.11,ctbllib-fs2-q5-findall,2397,1470,2026-08-11T16:57:45.27Z
5:4xa5,1200,false,0,true,2026-08-10T07:05:43.008Z,1.12.6,1.9.0-DEV,428070c0f9ad,4.16.0,1.3.11,ctbllib-fs2-q5-findall,2397,1471,2026-08-11T16:57:46.837Z
5:8,40,true,0,true,2026-08-10T07:05:43.008Z,1.12.6,1.9.0-DEV,428070c0f9ad,4.16.0,1.3.11,ctbllib-fs2-q5-findall,2397,1472,2026-08-11T16:57:47.207Z
5^(1+2)+:24,3000,true,0,true,2026-08-10T07:05:43.008Z,1.12.6,1.9.0-DEV,428070c0f9ad,4.16.0,1.3.11,ctbllib-fs2-q5-findall,2397,1473,2026-08-11T16:57:48.531Z
5^(1+2)+:4A5,30000,false,0,true,2026-08-10T07:05:43.008Z,1.12.6,1.9.0-DEV,428070c0f9ad,4.16.0,1.3.11,ctbllib-fs2-q5-findall,2397,1474,2026-08-11T16:57:48.964Z
5^(1+2)+:8,1000,true,0,true,2026-08-10T07:05:43.008Z,1.12.6,1.9.0-DEV,428070c0f9ad,4.16.0,1.3.11,ctbllib-fs2-q5-findall,2397,1475,2026-08-11T16:57:49.107Z
5^(1+2):(24:2),6000,true,0,true,2026-08-10T07:05:43.008Z,1.12.6,1.9.0-DEV,428070c0f9ad,4.16.0,1.3.11,ctbllib-fs2-q5-findall,2397,1476,2026-08-11T16:57:49.408Z
5^(1+2):(4x4):4,8000,true,0,true,2026-08-10T07:05:43.008Z,1.12.6,1.9.0-DEV,428070c0f9ad,4.16.0,1.3.11,ctbllib-fs2-q5-findall,2397,1477,2026-08-11T16:57:51.56Z
5^(1+2):(8.2),2000,true,0,true,2026-08-10T07:05:43.008Z,1.12.6,1.9.0-DEV,428070c0f9ad,4.16.0,1.3.11,ctbllib-fs2-q5-findall,2397,1478,2026-08-11T16:57:51.737Z
5^(1+2):3:8,3000,true,0,true,2026-08-10T07:05:43.008Z,1.12.6,1.9.0-DEV,428070c0f9ad,4.16.0,1.3.11,ctbllib-fs2-q5-findall,2397,1479,2026-08-11T16:57:51.971Z
5^(1+2):4S4,12000,true,0,true,2026-08-10T07:05:43.008Z,1.12.6,1.9.0-DEV,428070c0f9ad,4.16.0,1.3.11,ctbllib-fs2-q5-findall,2397,1480,2026-08-11T16:57:52.253Z
5^(1+2):8:4,4000,true,0,true,2026-08-10T07:05:43.008Z,1.12.6,1.9.0-DEV,428070c0f9ad,4.16.0,1.3.11,ctbllib-fs2-q5-findall,2397,1481,2026-08-11T16:57:53.137Z
5^(1+2):GL2(5),60000,false,0,true,2026-08-10T07:05:43.008Z,1.12.6,1.9.0-DEV,428070c0f9ad,4.16.0,1.3.11,ctbllib-fs2-q5-findall,2397,1482,2026-08-11T16:57:53.669Z
5^(1+4).2^(1+4).A5.4,24000000,false,0,true,2026-08-10T07:05:43.008Z,1.12.6,1.9.0-DEV,428070c0f9ad,4.16.0,1.3.11,ctbllib-fs2-q5-findall,2397,1483,2026-08-11T16:57:57.55Z
5^(1+4):2^(1+4).5.4,2000000,true,0,true,2026-08-10T07:05:43.008Z,1.12.6,1.9.0-DEV,428070c0f9ad,4.16.0,1.3.11,ctbllib-fs2-q5-findall,2397,1484,2026-08-11T16:57:58.357Z
5^(1+4):4.3^2:D8,900000,true,0,true,2026-08-10T07:05:43.008Z,1.12.6,1.9.0-DEV,428070c0f9ad,4.16.0,1.3.11,ctbllib-fs2-q5-findall,2397,1485,2026-08-11T16:58:02.213Z
5^(1+4):4S6,9000000,false,0,true,2026-08-10T07:05:43.008Z,1.12.6,1.9.0-DEV,428070c0f9ad,4.16.0,1.3.11,ctbllib-fs2-q5-findall,2397,1486,2026-08-11T16:58:03.332Z
"5^(1+4):GL(2,5)",1500000,false,0,true,2026-08-10T07:05:43.008Z,1.12.6,1.9.0-DEV,428070c0f9ad,4.16.0,1.3.11,ctbllib-fs2-q5-findall,2397,1487,2026-08-11T16:58:04.184Z
5^(1+4)_+:(4Y2^(1+4)_-.5.4),4000000,true,0,true,2026-08-10T07:05:43.008Z,1.12.6,1.9.0-DEV,428070c0f9ad,4.16.0,1.3.11,ctbllib-fs2-q5-findall,2397,1488,2026-08-11T16:58:07.622Z
5^(1+6):2.J2.4,378000000000,false,0,true,2026-08-10T07:05:43.008Z,1.12.6,1.9.0-DEV,428070c0f9ad,4.16.0,1.3.11,ctbllib-fs2-q5-findall,2397,1489,2026-08-11T16:58:17.289Z
5^(2+2+4):(S3xGL2(5)),1125000000,false,0,true,2026-08-10T07:05:43.008Z,1.12.6,1.9.0-DEV,428070c0f9ad,4.16.0,1.3.11,ctbllib-fs2-q5-findall,2397,1490,2026-08-11T16:58:29.574Z
5^(3+3).(2xL3(5)),11625000000,false,0,true,2026-08-10T07:05:43.008Z,1.12.6,1.9.0-DEV,428070c0f9ad,4.16.0,1.3.11,ctbllib-fs2-q5-findall,2397,1491,2026-08-11T16:58:54.659Z
5^1+2.2A4,3000,true,0,true,2026-08-10T07:05:43.008Z,1.12.6,1.9.0-DEV,428070c0f9ad,4.16.0,1.3.11,ctbllib-fs2-q5-findall,2397,1492,2026-08-11T16:58:55.984Z
5^1+2:(2^5),4000,true,0,true,2026-08-10T07:05:43.008Z,1.12.6,1.9.0-DEV,428070c0f9ad,4.16.0,1.3.11,ctbllib-fs2-q5-findall,2397,1493,2026-08-11T16:58:56.225Z
5^2.5.5^2.4A5,750000,false,0,true,2026-08-10T07:05:43.008Z,1.12.6,1.9.0-DEV,428070c0f9ad,4.16.0,1.3.11,ctbllib-fs2-q5-findall,2397,1494,2026-08-11T16:58:57.21Z
5^2.5.5^2.4S5,1500000,false,0,true,2026-08-10T07:05:43.008Z,1.12.6,1.9.0-DEV,428070c0f9ad,4.16.0,1.3.11,ctbllib-fs2-q5-findall,2397,1495,2026-08-11T16:58:58.013Z
5^2:(4xS3),600,true,0,true,2026-08-10T07:05:43.008Z,1.12.6,1.9.0-DEV,428070c0f9ad,4.16.0,1.3.11,ctbllib-fs2-q5-findall,2397,1496,2026-08-11T16:58:58.178Z
5^2:12,300,true,0,true,2026-08-10T07:05:43.008Z,1.12.6,1.9.0-DEV,428070c0f9ad,4.16.0,1.3.11,ctbllib-fs2-q5-findall,2397,1497,2026-08-11T16:58:58.42Z
5^2:2A5,3000,false,0,true,2026-08-10T07:05:43.008Z,1.12.6,1.9.0-DEV,428070c0f9ad,4.16.0,1.3.11,ctbllib-fs2-q5-findall,2397,1498,2026-08-11T16:58:58.53Z
5^2:4A4,1200,true,0,true,2026-08-10T07:05:43.008Z,1.12.6,1.9.0-DEV,428070c0f9ad,4.16.0,1.3.11,ctbllib-fs2-q5-findall,2397,1499,2026-08-11T16:58:58.685Z
5^2:4S4xS5,288000,false,0,true,2026-08-10T07:05:43.008Z,1.12.6,1.9.0-DEV,428070c0f9ad,4.16.0,1.3.11,ctbllib-fs2-q5-findall,2397,1500,2026-08-11T16:59:08.954Z
5^2:4s5,12000,false,0,true,2026-08-10T07:05:43.008Z,1.12.6,1.9.0-DEV,428070c0f9ad,4.16.0,1.3.11,ctbllib-fs2-q5-findall,2397,1501,2026-08-11T16:59:09.288Z
5^2:D12,300,true,0,true,2026-08-10T07:05:43.008Z,1.12.6,1.9.0-DEV,428070c0f9ad,4.16.0,1.3.11,ctbllib-fs2-q5-findall,2397,1502,2026-08-11T16:59:09.379Z
5^2:S3,150,true,0,true,2026-08-10T07:05:43.008Z,1.12.6,1.9.0-DEV,428070c0f9ad,4.16.0,1.3.11,ctbllib-fs2-q5-findall,2397,1503,2026-08-11T16:59:09.467Z
"5^3.psl(3,5)",46500000,false,0,true,2026-08-10T07:05:43.008Z,1.12.6,1.9.0-DEV,428070c0f9ad,4.16.0,1.3.11,ctbllib-fs2-q5-findall,2397,1504,2026-08-11T16:59:21.642Z
5^3:(2xA5).2,30000,false,0,true,2026-08-10T07:05:43.008Z,1.12.6,1.9.0-DEV,428070c0f9ad,4.16.0,1.3.11,ctbllib-fs2-q5-findall,2397,1505,2026-08-11T16:59:22.019Z
5^3:(4x(2xA5).2),120000,false,0,true,2026-08-10T07:05:43.008Z,1.12.6,1.9.0-DEV,428070c0f9ad,4.16.0,1.3.11,ctbllib-fs2-q5-findall,2397,1506,2026-08-11T16:59:26.203Z
5^3:(4xS5),60000,false,0,true,2026-08-10T07:05:43.008Z,1.12.6,1.9.0-DEV,428070c0f9ad,4.16.0,1.3.11,ctbllib-fs2-q5-findall,2397,1507,2026-08-11T16:59:26.892Z
5^3:62,7750,true,0,true,2026-08-10T07:05:43.008Z,1.12.6,1.9.0-DEV,428070c0f9ad,4.16.0,1.3.11,ctbllib-fs2-q5-findall,2397,1508,2026-08-11T16:59:34.124Z
5^4:(3x2.L2(25)).2,58500000,false,0,true,2026-08-10T07:05:43.008Z,1.12.6,1.9.0-DEV,428070c0f9ad,4.16.0,1.3.11,ctbllib-fs2-q5-findall,2397,1509,2026-08-11T16:59:46.547Z
5xA5,300,false,0,true,2026-08-10T07:05:43.008Z,1.12.6,1.9.0-DEV,428070c0f9ad,4.16.0,1.3.11,ctbllib-fs2-q5-findall,2397,1510,2026-08-11T16:59:46.762Z
5xIsoclinic(2.A6.2_2),7200,false,0,true,2026-08-10T07:05:43.008Z,1.12.6,1.9.0-DEV,428070c0f9ad,4.16.0,1.3.11,ctbllib-fs2-q5-findall,2397,1511,2026-08-11T16:59:48.983Z
6.(3^(1+4).[2^7.3]),559872,true,0,true,2026-08-10T07:05:43.008Z,1.12.6,1.9.0-DEV,428070c0f9ad,4.16.0,1.3.11,ctbllib-fs2-q5-findall,2397,1512,2026-08-11T17:00:20.177Z
6.(3^5:U4(2):2),75582720,false,0,true,2026-08-10T07:05:43.008Z,1.12.6,1.9.0-DEV,428070c0f9ad,4.16.0,1.3.11,ctbllib-fs2-q5-findall,2397,1513,2026-08-11T17:00:42.229Z
6.(A4x2(A4xA4).2).2,82944,true,0,true,2026-08-10T07:05:43.008Z,1.12.6,1.9.0-DEV,428070c0f9ad,4.16.0,1.3.11,ctbllib-fs2-q5-findall,2397,1514,2026-08-11T17:01:03.268Z
6.(A4x3).2,432,true,0,true,2026-08-10T07:05:43.008Z,1.12.6,1.9.0-DEV,428070c0f9ad,4.16.0,1.3.11,ctbllib-fs2-q5-findall,2397,1515,2026-08-11T17:01:03.61Z
6.2E6(2),459194878102649123635200,false,0,true,2026-08-10T07:05:43.008Z,1.12.6,1.9.0-DEV,428070c0f9ad,4.16.0,1.3.11,ctbllib-fs2-q5-findall,2397,1516,2026-08-11T17:05:47.71Z
6.2E6(2).2,918389756205298247270400,false,0,true,2026-08-10T07:05:43.008Z,1.12.6,1.9.0-DEV,428070c0f9ad,4.16.0,1.3.11,ctbllib-fs2-q5-findall,2397,1517,2026-08-11T17:08:31.675Z
6.A6,2160,false,0,true,2026-08-10T07:05:43.008Z,1.12.6,1.9.0-DEV,428070c0f9ad,4.16.0,1.3.11,ctbllib-fs2-q5-findall,2397,1518,2026-08-11T17:08:32.073Z
6.A6.2_1,4320,false,0,true,2026-08-10T07:05:43.008Z,1.12.6,1.9.0-DEV,428070c0f9ad,4.16.0,1.3.11,ctbllib-fs2-q5-findall,2397,1519,2026-08-11T17:08:32.388Z
6.A6.2_2,4320,false,0,true,2026-08-10T07:05:43.008Z,1.12.6,1.9.0-DEV,428070c0f9ad,4.16.0,1.3.11,ctbllib-fs2-q5-findall,2397,1520,2026-08-11T17:08:32.624Z
6.A6M3,216,true,0,true,2026-08-10T07:05:43.008Z,1.12.6,1.9.0-DEV,428070c0f9ad,4.16.0,1.3.11,ctbllib-fs2-q5-findall,2397,1521,2026-08-11T17:08:33.194Z
6.A6N2,48,true,0,true,2026-08-10T07:05:43.008Z,1.12.6,1.9.0-DEV,428070c0f9ad,4.16.0,1.3.11,ctbllib-fs2-q5-findall,2397,1522,2026-08-11T17:08:33.688Z
6.A7,15120,false,0,true,2026-08-10T07:05:43.008Z,1.12.6,1.9.0-DEV,428070c0f9ad,4.16.0,1.3.11,ctbllib-fs2-q5-findall,2397,1523,2026-08-11T17:08:36.895Z
6.A7.2,30240,false,0,true,2026-08-10T07:05:43.008Z,1.12.6,1.9.0-DEV,428070c0f9ad,4.16.0,1.3.11,ctbllib-fs2-q5-findall,2397,1524,2026-08-11T17:08:37.64Z
6.Fi22,387370509926400,false,0,true,2026-08-10T07:05:43.008Z,1.12.6,1.9.0-DEV,428070c0f9ad,4.16.0,1.3.11,ctbllib-fs2-q5-findall,2397,1525,2026-08-11T17:09:51.547Z
6.Fi22.2,774741019852800,false,0,true,2026-08-10T07:05:43.008Z,1.12.6,1.9.0-DEV,428070c0f9ad,4.16.0,1.3.11,ctbllib-fs2-q5-findall,2397,1526,2026-08-11T17:10:59.789Z
6.Fi22M5,2724986880,false,0,true,2026-08-10T07:05:43.008Z,1.12.6,1.9.0-DEV,428070c0f9ad,4.16.0,1.3.11,ctbllib-fs2-q5-findall,2397,1527,2026-08-11T17:11:31.903Z
6.L3(4),120960,false,0,true,2026-08-10T07:05:43.008Z,1.12.6,1.9.0-DEV,428070c0f9ad,4.16.0,1.3.11,ctbllib-fs2-q5-findall,2397,1528,2026-08-11T17:11:34.419Z
6.L3(4).(2^2)_{1*2*3*},483840,false,0,true,2026-08-10T07:05:43.008Z,1.12.6,1.9.0-DEV,428070c0f9ad,4.16.0,1.3.11,ctbllib-fs2-q5-findall,2397,1529,2026-08-11T17:11:36.214Z
6.L3(4).(2^2)_{1*2*3},483840,false,0,true,2026-08-10T07:05:43.008Z,1.12.6,1.9.0-DEV,428070c0f9ad,4.16.0,1.3.11,ctbllib-fs2-q5-findall,2397,1530,2026-08-11T17:11:37.193Z
6.L3(4).(2^2)_{1*23*},483840,false,0,true,2026-08-10T07:05:43.008Z,1.12.6,1.9.0-DEV,428070c0f9ad,4.16.0,1.3.11,ctbllib-fs2-q5-findall,2397,1531,2026-08-11T17:11:38.132Z
6.L3(4).(2^2)_{1*23},483840,false,0,true,2026-08-10T07:05:43.008Z,1.12.6,1.9.0-DEV,428070c0f9ad,4.16.0,1.3.11,ctbllib-fs2-q5-findall,2397,1532,2026-08-11T17:11:40.312Z
6.L3(4).(2^2)_{12*3*},483840,false,0,true,2026-08-10T07:05:43.008Z,1.12.6,1.9.0-DEV,428070c0f9ad,4.16.0,1.3.11,ctbllib-fs2-q5-findall,2397,1533,2026-08-11T17:11:41.259Z
6.L3(4).(2^2)_{12*3},483840,false,0,true,2026-08-10T07:05:43.008Z,1.12.6,1.9.0-DEV,428070c0f9ad,4.16.0,1.3.11,ctbllib-fs2-q5-findall,2397,1534,2026-08-11T17:11:42.18Z
6.L3(4).(2^2)_{123*},483840,false,0,true,2026-08-10T07:05:43.008Z,1.12.6,1.9.0-DEV,428070c0f9ad,4.16.0,1.3.11,ctbllib-fs2-q5-findall,2397,1535,2026-08-11T17:11:44.452Z
6.L3(4).(2^2)_{123},483840,false,0,true,2026-08-10T07:05:43.008Z,1.12.6,1.9.0-DEV,428070c0f9ad,4.16.0,1.3.11,ctbllib-fs2-q5-findall,2397,1536,2026-08-11T17:11:45.555Z
6.L3(4).2_1,241920,false,0,true,2026-08-10T07:05:43.008Z,1.12.6,1.9.0-DEV,428070c0f9ad,4.16.0,1.3.11,ctbllib-fs2-q5-findall,2397,1537,2026-08-11T17:11:48.444Z
6.L3(4).2_2,241920,false,0,true,2026-08-10T07:05:43.008Z,1.12.6,1.9.0-DEV,428070c0f9ad,4.16.0,1.3.11,ctbllib-fs2-q5-findall,2397,1538,2026-08-11T17:11:49.664Z
6.L3(4).2_3,241920,false,0,true,2026-08-10T07:05:43.008Z,1.12.6,1.9.0-DEV,428070c0f9ad,4.16.0,1.3.11,ctbllib-fs2-q5-findall,2397,1539,2026-08-11T17:11:51.814Z
6.M22,2661120,false,0,true,2026-08-10T07:05:43.008Z,1.12.6,1.9.0-DEV,428070c0f9ad,4.16.0,1.3.11,ctbllib-fs2-q5-findall,2397,1540,2026-08-11T17:11:59.9Z
6.M22.2,5322240,false,0,true,2026-08-10T07:05:43.008Z,1.12.6,1.9.0-DEV,428070c0f9ad,4.16.0,1.3.11,ctbllib-fs2-q5-findall,2397,1541,2026-08-11T17:12:03.276Z
6.M22M2,34560,false,0,true,2026-08-10T07:05:43.008Z,1.12.6,1.9.0-DEV,428070c0f9ad,4.16.0,1.3.11,ctbllib-fs2-q5-findall,2397,1542,2026-08-11T17:12:05.719Z
6.O7(3),27512110080,false,0,true,2026-08-10T07:05:43.008Z,1.12.6,1.9.0-DEV,428070c0f9ad,4.16.0,1.3.11,ctbllib-fs2-q5-findall,2397,1543,2026-08-11T17:12:33.981Z
6.O7(3).2,55024220160,false,0,true,2026-08-10T07:05:43.008Z,1.12.6,1.9.0-DEV,428070c0f9ad,4.16.0,1.3.11,ctbllib-fs2-q5-findall,2397,1544,2026-08-11T17:12:50.594Z
6.O7(3)M9,7558272,true,0,true,2026-08-10T07:05:43.008Z,1.12.6,1.9.0-DEV,428070c0f9ad,4.16.0,1.3.11,ctbllib-fs2-q5-findall,2397,1545,2026-08-11T17:13:14.28Z
6.Suz,2690072985600,false,0,true,2026-08-10T07:05:43.008Z,1.12.6,1.9.0-DEV,428070c0f9ad,4.16.0,1.3.11,ctbllib-fs2-q5-findall,2397,1546,2026-08-11T17:13:59.395Z
6.Suz.2,5380145971200,false,0,true,2026-08-10T07:05:43.008Z,1.12.6,1.9.0-DEV,428070c0f9ad,4.16.0,1.3.11,ctbllib-fs2-q5-findall,2397,1547,2026-08-11T17:14:16.32Z
6.SuzM11,839808,true,0,true,2026-08-10T07:05:43.008Z,1.12.6,1.9.0-DEV,428070c0f9ad,4.16.0,1.3.11,ctbllib-fs2-q5-findall,2397,1548,2026-08-11T17:15:01.693Z
6.SuzM8,2903040,false,0,true,2026-08-10T07:05:43.008Z,1.12.6,1.9.0-DEV,428070c0f9ad,4.16.0,1.3.11,ctbllib-fs2-q5-findall,2397,1549,2026-08-11T17:15:20.732Z
6.U6(2),55180984320,false,0,true,2026-08-10T07:05:43.008Z,1.12.6,1.9.0-DEV,428070c0f9ad,4.16.0,1.3.11,ctbllib-fs2-q5-findall,2397,1550,2026-08-11T17:15:57.935Z
6.U6(2).2,110361968640,false,0,true,2026-08-10T07:05:43.008Z,1.12.6,1.9.0-DEV,428070c0f9ad,4.16.0,1.3.11,ctbllib-fs2-q5-findall,2397,1551,2026-08-11T17:16:20.285Z
6.U6(2)M3,61931520,false,0,true,2026-08-10T07:05:43.008Z,1.12.6,1.9.0-DEV,428070c0f9ad,4.16.0,1.3.11,ctbllib-fs2-q5-findall,2397,1552,2026-08-11T17:16:37.591Z
67:22,1474,true,0,true,2026-08-10T07:05:43.008Z,1.12.6,1.9.0-DEV,428070c0f9ad,4.16.0,1.3.11,ctbllib-fs2-q5-findall,2397,1553,2026-08-11T17:17:00.232Z
6^2:D12,432,true,0,true,2026-08-10T07:05:43.008Z,1.12.6,1.9.0-DEV,428070c0f9ad,4.16.0,1.3.11,ctbllib-fs2-q5-findall,2397,1554,2026-08-11T17:17:00.45Z
6^2:S3,216,true,0,true,2026-08-10T07:05:43.008Z,1.12.6,1.9.0-DEV,428070c0f9ad,4.16.0,1.3.11,ctbllib-fs2-q5-findall,2397,1555,2026-08-11T17:17:00.653Z
6_1.U4(3),19595520,false,0,true,2026-08-10T07:05:43.008Z,1.12.6,1.9.0-DEV,428070c0f9ad,4.16.0,1.3.11,ctbllib-fs2-q5-findall,2397,1556,2026-08-11T17:17:09.263Z
6_1.U4(3).2_1,39191040,false,0,true,2026-08-10T07:05:43.008Z,1.12.6,1.9.0-DEV,428070c0f9ad,4.16.0,1.3.11,ctbllib-fs2-q5-findall,2397,1557,2026-08-11T17:17:14.658Z
6_1.U4(3).2_2,39191040,false,0,true,2026-08-10T07:05:43.008Z,1.12.6,1.9.0-DEV,428070c0f9ad,4.16.0,1.3.11,ctbllib-fs2-q5-findall,2397,1558,2026-08-11T17:17:36.082Z
6_1.U4(3).2_2',39191040,false,0,true,2026-08-10T07:05:43.008Z,1.12.6,1.9.0-DEV,428070c0f9ad,4.16.0,1.3.11,ctbllib-fs2-q5-findall,2397,1559,2026-08-11T17:17:42.797Z
6_2.U4(3),19595520,false,0,true,2026-08-10T07:05:43.008Z,1.12.6,1.9.0-DEV,428070c0f9ad,4.16.0,1.3.11,ctbllib-fs2-q5-findall,2397,1560,2026-08-11T17:17:49.172Z
6_2.U4(3).2_1,39191040,false,0,true,2026-08-10T07:05:43.008Z,1.12.6,1.9.0-DEV,428070c0f9ad,4.16.0,1.3.11,ctbllib-fs2-q5-findall,2397,1561,2026-08-11T17:17:53.927Z
6_2.U4(3).2_3,39191040,false,0,true,2026-08-10T07:05:43.008Z,1.12.6,1.9.0-DEV,428070c0f9ad,4.16.0,1.3.11,ctbllib-fs2-q5-findall,2397,1562,2026-08-11T17:18:00.54Z
6_2.U4(3).2_3',39191040,false,0,true,2026-08-10T07:05:43.008Z,1.12.6,1.9.0-DEV,428070c0f9ad,4.16.0,1.3.11,ctbllib-fs2-q5-findall,2397,1563,2026-08-11T17:18:04.07Z
6x11:5,330,true,0,true,2026-08-10T07:05:43.008Z,1.12.6,1.9.0-DEV,428070c0f9ad,4.16.0,1.3.11,ctbllib-fs2-q5-findall,2397,1564,2026-08-11T17:18:09.594Z
6x13:6,468,true,0,true,2026-08-10T07:05:43.008Z,1.12.6,1.9.0-DEV,428070c0f9ad,4.16.0,1.3.11,ctbllib-fs2-q5-findall,2397,1565,2026-08-11T17:18:18.161Z
6x2.F4(2),39733519240396800,false,0,true,2026-08-10T07:05:43.008Z,1.12.6,1.9.0-DEV,428070c0f9ad,4.16.0,1.3.11,ctbllib-fs2-q5-findall,2397,1566,2026-08-11T17:35:19.923Z
6x2^3:L3(2),8064,false,0,true,2026-08-10T07:05:43.008Z,1.12.6,1.9.0-DEV,428070c0f9ad,4.16.0,1.3.11,ctbllib-fs2-q5-findall,2397,1567,2026-08-11T17:35:26.431Z
6x5:4,120,true,0,true,2026-08-10T07:05:43.008Z,1.12.6,1.9.0-DEV,428070c0f9ad,4.16.0,1.3.11,ctbllib-fs2-q5-findall,2397,1568,2026-08-11T17:35:27.186Z
6x5:4xS5,14400,false,0,true,2026-08-10T07:05:43.008Z,1.12.6,1.9.0-DEV,428070c0f9ad,4.16.0,1.3.11,ctbllib-fs2-q5-findall,2397,1569,2026-08-11T17:36:16.492Z
6x7:3,126,true,0,true,2026-08-10T07:05:43.008Z,1.12.6,1.9.0-DEV,428070c0f9ad,4.16.0,1.3.11,ctbllib-fs2-q5-findall,2397,1570,2026-08-11T17:36:19.783Z
6xF4(2),19866759620198400,false,0,true,2026-08-10T07:05:43.008Z,1.12.6,1.9.0-DEV,428070c0f9ad,4.16.0,1.3.11,ctbllib-fs2-q5-findall,2397,1571,2026-08-11T17:41:23.972Z
6xFi22N5,14400,true,0,true,2026-08-10T07:05:43.008Z,1.12.6,1.9.0-DEV,428070c0f9ad,4.16.0,1.3.11,ctbllib-fs2-q5-findall,2397,1572,2026-08-11T17:41:35.585Z
6xL2(11),3960,false,0,true,2026-08-10T07:05:43.008Z,1.12.6,1.9.0-DEV,428070c0f9ad,4.16.0,1.3.11,ctbllib-fs2-q5-findall,2397,1573,2026-08-11T17:41:41.852Z
6xL3(2),1008,false,0,true,2026-08-10T07:05:43.008Z,1.12.6,1.9.0-DEV,428070c0f9ad,4.16.0,1.3.11,ctbllib-fs2-q5-findall,2397,1574,2026-08-11T17:41:43.973Z
6xO8+(2):S3,6270566400,false,0,true,2026-08-10T07:05:43.008Z,1.12.6,1.9.0-DEV,428070c0f9ad,4.16.0,1.3.11,ctbllib-fs2-q5-findall,2397,1575,2026-08-11T17:43:36.513Z
6xS3x7:6,1512,true,0,true,2026-08-10T07:05:43.008Z,1.12.6,1.9.0-DEV,428070c0f9ad,4.16.0,1.3.11,ctbllib-fs2-q5-findall,2397,1576,2026-08-11T17:43:49.857Z
6xS3xU4(2),933120,false,0,true,2026-08-10T07:05:43.008Z,1.12.6,1.9.0-DEV,428070c0f9ad,4.16.0,1.3.11,ctbllib-fs2-q5-findall,2397,1577,2026-08-11T17:45:34.25Z
6xS6(2),8709120,false,0,true,2026-08-10T07:05:43.008Z,1.12.6,1.9.0-DEV,428070c0f9ad,4.16.0,1.3.11,ctbllib-fs2-q5-findall,2397,1578,2026-08-11T17:45:59.444Z
6xU5(2),82114560,false,0,true,2026-08-10T07:05:43.008Z,1.12.6,1.9.0-DEV,428070c0f9ad,4.16.0,1.3.11,ctbllib-fs2-q5-findall,2397,1579,2026-08-11T17:47:11.614Z
73:3,219,true,0,true,2026-08-10T07:05:43.008Z,1.12.6,1.9.0-DEV,428070c0f9ad,4.16.0,1.3.11,ctbllib-fs2-q5-findall,2397,1580,2026-08-11T17:50:19.311Z
7:12,84,true,0,true,2026-08-10T07:05:43.008Z,1.12.6,1.9.0-DEV,428070c0f9ad,4.16.0,1.3.11,ctbllib-fs2-q5-findall,2397,1581,2026-08-11T17:50:19.73Z
7:3,21,true,0,true,2026-08-10T07:05:43.008Z,1.12.6,1.9.0-DEV,428070c0f9ad,4.16.0,1.3.11,ctbllib-fs2-q5-findall,2397,1582,2026-08-11T17:50:19.798Z
7:3x3,63,true,0,true,2026-08-10T07:05:43.008Z,1.12.6,1.9.0-DEV,428070c0f9ad,4.16.0,1.3.11,ctbllib-fs2-q5-findall,2397,1583,2026-08-11T17:50:20.44Z
7:3xS3,126,true,0,true,2026-08-10T07:05:43.008Z,1.12.6,1.9.0-DEV,428070c0f9ad,4.16.0,1.3.11,ctbllib-fs2-q5-findall,2397,1584,2026-08-11T17:50:20.754Z
7:3xS4,504,true,0,true,2026-08-10T07:05:43.008Z,1.12.6,1.9.0-DEV,428070c0f9ad,4.16.0,1.3.11,ctbllib-fs2-q5-findall,2397,1585,2026-08-11T17:50:21.474Z
7:3xS5,2520,false,0,true,2026-08-10T07:05:43.008Z,1.12.6,1.9.0-DEV,428070c0f9ad,4.16.0,1.3.11,ctbllib-fs2-q5-findall,2397,1586,2026-08-11T17:50:23.734Z
"7:3xpsl(3,2)",3528,false,0,true,2026-08-10T07:05:43.008Z,1.12.6,1.9.0-DEV,428070c0f9ad,4.16.0,1.3.11,ctbllib-fs2-q5-findall,2397,1587,2026-08-11T17:50:26.011Z
7:6,42,true,0,true,2026-08-10T07:05:43.008Z,1.12.6,1.9.0-DEV,428070c0f9ad,4.16.0,1.3.11,ctbllib-fs2-q5-findall,2397,1588,2026-08-11T17:50:26.075Z
7:6xA5.2,5040,false,0,true,2026-08-10T07:05:43.008Z,1.12.6,1.9.0-DEV,428070c0f9ad,4.16.0,1.3.11,ctbllib-fs2-q5-findall,2397,1589,2026-08-11T17:50:27.535Z
7:6xA7,105840,false,0,true,2026-08-10T07:05:43.008Z,1.12.6,1.9.0-DEV,428070c0f9ad,4.16.0,1.3.11,ctbllib-fs2-q5-findall,2397,1590,2026-08-11T17:50:33.768Z
7:6xL3(2),7056,false,0,true,2026-08-10T07:05:43.008Z,1.12.6,1.9.0-DEV,428070c0f9ad,4.16.0,1.3.11,ctbllib-fs2-q5-findall,2397,1591,2026-08-11T17:50:36.95Z
7:6xS7,211680,false,0,true,2026-08-10T07:05:43.008Z,1.12.6,1.9.0-DEV,428070c0f9ad,4.16.0,1.3.11,ctbllib-fs2-q5-findall,2397,1592,2026-08-11T17:50:47.175Z
"7^(1+2).Sp(2,7)",115248,false,0,true,2026-08-10T07:05:43.008Z,1.12.6,1.9.0-DEV,428070c0f9ad,4.16.0,1.3.11,ctbllib-fs2-q5-findall,2397,1593,2026-08-11T17:50:56.483Z
7^(1+2):(D8x3),8232,true,0,true,2026-08-10T07:05:43.008Z,1.12.6,1.9.0-DEV,428070c0f9ad,4.16.0,1.3.11,ctbllib-fs2-q5-findall,2397,1594,2026-08-11T17:50:56.785Z
7^(1+2):(S3x3),6174,true,0,true,2026-08-10T07:05:43.008Z,1.12.6,1.9.0-DEV,428070c0f9ad,4.16.0,1.3.11,ctbllib-fs2-q5-findall,2397,1595,2026-08-11T17:50:58.282Z
7^(1+2):(S3x6),12348,true,0,true,2026-08-10T07:05:43.008Z,1.12.6,1.9.0-DEV,428070c0f9ad,4.16.0,1.3.11,ctbllib-fs2-q5-findall,2397,1596,2026-08-11T17:50:59.051Z
7^(1+2):48,16464,true,0,true,2026-08-10T07:05:43.008Z,1.12.6,1.9.0-DEV,428070c0f9ad,4.16.0,1.3.11,ctbllib-fs2-q5-findall,2397,1597,2026-08-11T17:51:09.444Z
7^(1+2)_+:(3xD16),16464,true,0,true,2026-08-10T07:05:43.008Z,1.12.6,1.9.0-DEV,428070c0f9ad,4.16.0,1.3.11,ctbllib-fs2-q5-findall,2397,1598,2026-08-11T17:51:09.929Z
7^(1+2)_+:(6xS3).2,24696,true,0,true,2026-08-10T07:05:43.008Z,1.12.6,1.9.0-DEV,428070c0f9ad,4.16.0,1.3.11,ctbllib-fs2-q5-findall,2397,1599,2026-08-11T17:51:10.814Z
7^(1+4):(3x2.S7),508243680,false,0,true,2026-08-10T07:05:43.008Z,1.12.6,1.9.0-DEV,428070c0f9ad,4.16.0,1.3.11,ctbllib-fs2-q5-findall,2397,1600,2026-08-11T17:51:18.248Z
7^(2+1+2):GL2(7),33882912,false,0,true,2026-08-10T07:05:43.008Z,1.12.6,1.9.0-DEV,428070c0f9ad,4.16.0,1.3.11,ctbllib-fs2-q5-findall,2397,1601,2026-08-11T17:51:22.468Z
7^1+2.6,2058,true,0,true,2026-08-10T07:05:43.008Z,1.12.6,1.9.0-DEV,428070c0f9ad,4.16.0,1.3.11,ctbllib-fs2-q5-findall,2397,1602,2026-08-11T17:51:30.945Z
7^1+4.2A7,84707280,false,0,true,2026-08-10T07:05:43.008Z,1.12.6,1.9.0-DEV,428070c0f9ad,4.16.0,1.3.11,ctbllib-fs2-q5-findall,2397,1603,2026-08-11T17:51:46.134Z
7^2:(3x2A4),3528,true,0,true,2026-08-10T07:05:43.008Z,1.12.6,1.9.0-DEV,428070c0f9ad,4.16.0,1.3.11,ctbllib-fs2-q5-findall,2397,1604,2026-08-11T17:51:46.564Z
7^2:(3x2S4),7056,true,0,true,2026-08-10T07:05:43.008Z,1.12.6,1.9.0-DEV,428070c0f9ad,4.16.0,1.3.11,ctbllib-fs2-q5-findall,2397,1605,2026-08-11T17:51:47.544Z
7^2:2.L2(7).2,32928,false,0,true,2026-08-10T07:05:43.008Z,1.12.6,1.9.0-DEV,428070c0f9ad,4.16.0,1.3.11,ctbllib-fs2-q5-findall,2397,1606,2026-08-11T17:51:47.77Z
7^2:24,1176,true,0,true,2026-08-10T07:05:43.008Z,1.12.6,1.9.0-DEV,428070c0f9ad,4.16.0,1.3.11,ctbllib-fs2-q5-findall,2397,1607,2026-08-11T17:51:48.304Z
7^2:2A4,1176,true,0,true,2026-08-10T07:05:43.008Z,1.12.6,1.9.0-DEV,428070c0f9ad,4.16.0,1.3.11,ctbllib-fs2-q5-findall,2397,1608,2026-08-11T17:51:49.892Z
"7^2:2psl(2,7)",16464,false,0,true,2026-08-10T07:05:43.008Z,1.12.6,1.9.0-DEV,428070c0f9ad,4.16.0,1.3.11,ctbllib-fs2-q5-findall,2397,1609,2026-08-11T17:51:50.317Z
7^2:S3,294,true,0,true,2026-08-10T07:05:43.008Z,1.12.6,1.9.0-DEV,428070c0f9ad,4.16.0,1.3.11,ctbllib-fs2-q5-findall,2397,1610,2026-08-11T17:51:50.742Z
7xL2(8),3528,false,0,true,2026-08-10T07:05:43.008Z,1.12.6,1.9.0-DEV,428070c0f9ad,4.16.0,1.3.11,ctbllib-fs2-q5-findall,2397,1611,2026-08-11T17:52:39.872Z
8^2:S3,384,true,0,true,2026-08-10T07:05:43.008Z,1.12.6,1.9.0-DEV,428070c0f9ad,4.16.0,1.3.11,ctbllib-fs2-q5-findall,2397,1612,2026-08-11T17:52:40.185Z
9.U3(8).3_3,148925952,false,0,true,2026-08-10T07:05:43.008Z,1.12.6,1.9.0-DEV,428070c0f9ad,4.16.0,1.3.11,ctbllib-fs2-q5-findall,2397,1613,2026-08-11T17:58:33.854Z
91:3,273,true,0,true,2026-08-10T07:05:43.008Z,1.12.6,1.9.0-DEV,428070c0f9ad,4.16.0,1.3.11,ctbllib-fs2-q5-findall,2397,1614,2026-08-11T18:02:03.978Z
9:6,54,true,0,true,2026-08-10T07:05:43.008Z,1.12.6,1.9.0-DEV,428070c0f9ad,4.16.0,1.3.11,ctbllib-fs2-q5-findall,2397,1615,2026-08-11T18:02:04.082Z
A10,1814400,false,0,true,2026-08-10T07:05:43.008Z,1.12.6,1.9.0-DEV,428070c0f9ad,4.16.0,1.3.11,ctbllib-fs2-q5-findall,2397,1616,2026-08-11T18:02:04.491Z
A10.2,3628800,false,0,true,2026-08-10T07:05:43.008Z,1.12.6,1.9.0-DEV,428070c0f9ad,4.16.0,1.3.11,ctbllib-fs2-q5-findall,2397,1617,2026-08-11T18:02:05.133Z
A11,19958400,false,0,true,2026-08-10T07:05:43.008Z,1.12.6,1.9.0-DEV,428070c0f9ad,4.16.0,1.3.11,ctbllib-fs2-q5-findall,2397,1618,2026-08-11T18:02:06.669Z
A11.2,39916800,false,0,true,2026-08-10T07:05:43.008Z,1.12.6,1.9.0-DEV,428070c0f9ad,4.16.0,1.3.11,ctbllib-fs2-q5-findall,2397,1619,2026-08-11T18:02:07.808Z
A11Syl2,128,true,0,true,2026-08-10T07:05:43.008Z,1.12.6,1.9.0-DEV,428070c0f9ad,4.16.0,1.3.11,ctbllib-fs2-q5-findall,2397,1620,2026-08-11T18:02:07.977Z
A12,239500800,false,0,true,2026-08-10T07:05:43.008Z,1.12.6,1.9.0-DEV,428070c0f9ad,4.16.0,1.3.11,ctbllib-fs2-q5-findall,2397,1621,2026-08-11T18:02:08.946Z
A12.2,479001600,false,0,true,2026-08-10T07:05:43.008Z,1.12.6,1.9.0-DEV,428070c0f9ad,4.16.0,1.3.11,ctbllib-fs2-q5-findall,2397,1622,2026-08-11T18:02:12.279Z
A13,3113510400,false,0,true,2026-08-10T07:05:43.008Z,1.12.6,1.9.0-DEV,428070c0f9ad,4.16.0,1.3.11,ctbllib-fs2-q5-findall,2397,1623,2026-08-11T18:02:15.213Z
A13.2,6227020800,false,0,true,2026-08-10T07:05:43.008Z,1.12.6,1.9.0-DEV,428070c0f9ad,4.16.0,1.3.11,ctbllib-fs2-q5-findall,2397,1624,2026-08-11T18:02:20.472Z
A14,43589145600,false,0,true,2026-08-10T07:05:43.008Z,1.12.6,1.9.0-DEV,428070c0f9ad,4.16.0,1.3.11,ctbllib-fs2-q5-findall,2397,1625,2026-08-11T18:02:24.558Z
A14.2,87178291200,false,0,true,2026-08-10T07:05:43.008Z,1.12.6,1.9.0-DEV,428070c0f9ad,4.16.0,1.3.11,ctbllib-fs2-q5-findall,2397,1626,2026-08-11T18:02:37.156Z
A15,653837184000,false,0,true,2026-08-10T07:05:43.008Z,1.12.6,1.9.0-DEV,428070c0f9ad,4.16.0,1.3.11,ctbllib-fs2-q5-findall,2397,1627,2026-08-11T18:02:45.205Z
A15.2,1307674368000,false,0,true,2026-08-10T07:05:43.008Z,1.12.6,1.9.0-DEV,428070c0f9ad,4.16.0,1.3.11,ctbllib-fs2-q5-findall,2397,1628,2026-08-11T18:03:06.364Z
A16,10461394944000,false,0,true,2026-08-10T07:05:43.008Z,1.12.6,1.9.0-DEV,428070c0f9ad,4.16.0,1.3.11,ctbllib-fs2-q5-findall,2397,1629,2026-08-11T18:03:17.088Z
A16.2,20922789888000,false,0,true,2026-08-10T07:05:43.008Z,1.12.6,1.9.0-DEV,428070c0f9ad,4.16.0,1.3.11,ctbllib-fs2-q5-findall,2397,1630,2026-08-11T18:03:54.892Z
A17,177843714048000,false,0,true,2026-08-10T07:05:43.008Z,1.12.6,1.9.0-DEV,428070c0f9ad,4.16.0,1.3.11,ctbllib-fs2-q5-findall,2397,1631,2026-08-11T18:04:13.019Z
A17.2,355687428096000,false,0,true,2026-08-10T07:05:43.008Z,1.12.6,1.9.0-DEV,428070c0f9ad,4.16.0,1.3.11,ctbllib-fs2-q5-findall,2397,1632,2026-08-11T18:05:10.932Z
A18,3201186852864000,false,0,true,2026-08-10T07:05:43.008Z,1.12.6,1.9.0-DEV,428070c0f9ad,4.16.0,1.3.11,ctbllib-fs2-q5-findall,2397,1633,2026-08-11T18:05:57.608Z
A18.2,6402373705728000,false,0,true,2026-08-10T07:05:43.008Z,1.12.6,1.9.0-DEV,428070c0f9ad,4.16.0,1.3.11,ctbllib-fs2-q5-findall,2397,1634,2026-08-11T18:07:42.0Z
A19,60822550204416000,false,0,true,2026-08-10T07:05:43.008Z,1.12.6,1.9.0-DEV,428070c0f9ad,4.16.0,1.3.11,ctbllib-fs2-q5-findall,2397,1635,2026-08-11T18:08:46.033Z
A19.2,121645100408832000,false,0,true,2026-08-10T07:05:43.008Z,1.12.6,1.9.0-DEV,428070c0f9ad,4.16.0,1.3.11,ctbllib-fs2-q5-findall,2397,1636,2026-08-11T18:11:47.208Z
A4x7:3,252,true,0,true,2026-08-10T07:05:43.008Z,1.12.6,1.9.0-DEV,428070c0f9ad,4.16.0,1.3.11,ctbllib-fs2-q5-findall,2397,1637,2026-08-11T18:11:48.529Z
A4xC4,48,true,0,true,2026-08-10T07:05:43.008Z,1.12.6,1.9.0-DEV,428070c0f9ad,4.16.0,1.3.11,ctbllib-fs2-q5-findall,2397,1638,2026-08-11T18:11:48.861Z
A4xS3,72,true,0,true,2026-08-10T07:05:43.008Z,1.12.6,1.9.0-DEV,428070c0f9ad,4.16.0,1.3.11,ctbllib-fs2-q5-findall,2397,1639,2026-08-11T18:11:48.964Z
A4xU4(2),311040,false,0,true,2026-08-10T07:05:43.008Z,1.12.6,1.9.0-DEV,428070c0f9ad,4.16.0,1.3.11,ctbllib-fs2-q5-findall,2397,1640,2026-08-11T18:11:53.983Z
A5,60,false,0,true,2026-08-10T07:05:43.008Z,1.12.6,1.9.0-DEV,428070c0f9ad,4.16.0,1.3.11,ctbllib-fs2-q5-findall,2397,1641,2026-08-11T18:11:54.035Z
A5.2,120,false,0,true,2026-08-10T07:05:43.008Z,1.12.6,1.9.0-DEV,428070c0f9ad,4.16.0,1.3.11,ctbllib-fs2-q5-findall,2397,1642,2026-08-11T18:11:54.067Z
A5.2xM22.2,106444800,false,0,true,2026-08-10T07:05:43.008Z,1.12.6,1.9.0-DEV,428070c0f9ad,4.16.0,1.3.11,ctbllib-fs2-q5-findall,2397,1643,2026-08-11T18:12:08.396Z
A5xA5,3600,false,0,true,2026-08-10T07:05:43.008Z,1.12.6,1.9.0-DEV,428070c0f9ad,4.16.0,1.3.11,ctbllib-fs2-q5-findall,2397,1644,2026-08-11T18:12:08.632Z
A6,360,false,0,true,2026-08-10T07:05:43.008Z,1.12.6,1.9.0-DEV,428070c0f9ad,4.16.0,1.3.11,ctbllib-fs2-q5-findall,2397,1645,2026-08-11T18:12:08.661Z
A6.2^2,1440,false,0,true,2026-08-10T07:05:43.008Z,1.12.6,1.9.0-DEV,428070c0f9ad,4.16.0,1.3.11,ctbllib-fs2-q5-findall,2397,1646,2026-08-11T18:12:08.739Z
A6.2_1,720,false,0,true,2026-08-10T07:05:43.008Z,1.12.6,1.9.0-DEV,428070c0f9ad,4.16.0,1.3.11,ctbllib-fs2-q5-findall,2397,1647,2026-08-11T18:12:08.802Z
A6.2_2,720,false,0,true,2026-08-10T07:05:43.008Z,1.12.6,1.9.0-DEV,428070c0f9ad,4.16.0,1.3.11,ctbllib-fs2-q5-findall,2397,1648,2026-08-11T18:12:08.855Z
A6.2_3,720,false,0,true,2026-08-10T07:05:43.008Z,1.12.6,1.9.0-DEV,428070c0f9ad,4.16.0,1.3.11,ctbllib-fs2-q5-findall,2397,1649,2026-08-11T18:12:08.89Z
A6.D8,2880,false,0,true,2026-08-10T07:05:43.008Z,1.12.6,1.9.0-DEV,428070c0f9ad,4.16.0,1.3.11,ctbllib-fs2-q5-findall,2397,1650,2026-08-11T18:12:09.123Z
A6xL2(8):3,544320,false,0,true,2026-08-10T07:05:43.008Z,1.12.6,1.9.0-DEV,428070c0f9ad,4.16.0,1.3.11,ctbllib-fs2-q5-findall,2397,1651,2026-08-11T18:12:13.324Z
A7,2520,false,0,true,2026-08-10T07:05:43.008Z,1.12.6,1.9.0-DEV,428070c0f9ad,4.16.0,1.3.11,ctbllib-fs2-q5-findall,2397,1652,2026-08-11T18:12:13.437Z
A7.2,5040,false,0,true,2026-08-10T07:05:43.008Z,1.12.6,1.9.0-DEV,428070c0f9ad,4.16.0,1.3.11,ctbllib-fs2-q5-findall,2397,1653,2026-08-11T18:12:13.543Z
A7x3,7560,false,0,true,2026-08-10T07:05:43.008Z,1.12.6,1.9.0-DEV,428070c0f9ad,4.16.0,1.3.11,ctbllib-fs2-q5-findall,2397,1654,2026-08-11T18:12:14.544Z
A7xS3,15120,false,0,true,2026-08-10T07:05:43.008Z,1.12.6,1.9.0-DEV,428070c0f9ad,4.16.0,1.3.11,ctbllib-fs2-q5-findall,2397,1655,2026-08-11T18:12:16.806Z
A8,20160,false,0,true,2026-08-10T07:05:43.008Z,1.12.6,1.9.0-DEV,428070c0f9ad,4.16.0,1.3.11,ctbllib-fs2-q5-findall,2397,1656,2026-08-11T18:12:16.998Z
A8.2,40320,false,0,true,2026-08-10T07:05:43.008Z,1.12.6,1.9.0-DEV,428070c0f9ad,4.16.0,1.3.11,ctbllib-fs2-q5-findall,2397,1657,2026-08-11T18:12:17.203Z
A8x3,60480,false,0,true,2026-08-10T07:05:43.008Z,1.12.6,1.9.0-DEV,428070c0f9ad,4.16.0,1.3.11,ctbllib-fs2-q5-findall,2397,1658,2026-08-11T18:12:18.706Z
A8xS3,120960,false,0,true,2026-08-10T07:05:43.008Z,1.12.6,1.9.0-DEV,428070c0f9ad,4.16.0,1.3.11,ctbllib-fs2-q5-findall,2397,1659,2026-08-11T18:12:20.003Z
A9,181440,false,0,true,2026-08-10T07:05:43.008Z,1.12.6,1.9.0-DEV,428070c0f9ad,4.16.0,1.3.11,ctbllib-fs2-q5-findall,2397,1660,2026-08-11T18:12:20.198Z
A9.2,362880,false,0,true,2026-08-10T07:05:43.008Z,1.12.6,1.9.0-DEV,428070c0f9ad,4.16.0,1.3.11,ctbllib-fs2-q5-findall,2397,1661,2026-08-11T18:12:22.027Z
A9x3,544320,false,0,true,2026-08-10T07:05:43.008Z,1.12.6,1.9.0-DEV,428070c0f9ad,4.16.0,1.3.11,ctbllib-fs2-q5-findall,2397,1662,2026-08-11T18:12:23.394Z
A9xS3,1088640,false,0,true,2026-08-10T07:05:43.008Z,1.12.6,1.9.0-DEV,428070c0f9ad,4.16.0,1.3.11,ctbllib-fs2-q5-findall,2397,1663,2026-08-11T18:12:24.694Z
Alt(2),1,true,0,true,2026-08-10T07:05:43.008Z,1.12.6,1.9.0-DEV,428070c0f9ad,4.16.0,1.3.11,ctbllib-fs2-q5-findall,2397,1664,2026-08-11T18:12:24.709Z
B,4154781481226426191177580544000000,false,0,true,2026-08-10T07:05:43.008Z,1.12.6,1.9.0-DEV,428070c0f9ad,4.16.0,1.3.11,ctbllib-fs2-q5-findall,2397,1665,2026-08-11T18:13:00.691Z
BN7,28224,true,0,true,2026-08-10T07:05:43.008Z,1.12.6,1.9.0-DEV,428070c0f9ad,4.16.0,1.3.11,ctbllib-fs2-q5-findall,2397,1666,2026-08-11T18:13:05.154Z
C2,2,true,0,true,2026-08-10T07:05:43.008Z,1.12.6,1.9.0-DEV,428070c0f9ad,4.16.0,1.3.11,ctbllib-fs2-q5-findall,2397,1667,2026-08-11T18:13:05.172Z
C3,3,true,0,true,2026-08-10T07:05:43.008Z,1.12.6,1.9.0-DEV,428070c0f9ad,4.16.0,1.3.11,ctbllib-fs2-q5-findall,2397,1668,2026-08-11T18:13:05.195Z
C4,4,true,0,true,2026-08-10T07:05:43.008Z,1.12.6,1.9.0-DEV,428070c0f9ad,4.16.0,1.3.11,ctbllib-fs2-q5-findall,2397,1669,2026-08-11T18:13:05.217Z
C6,6,true,0,true,2026-08-10T07:05:43.008Z,1.12.6,1.9.0-DEV,428070c0f9ad,4.16.0,1.3.11,ctbllib-fs2-q5-findall,2397,1670,2026-08-11T18:13:05.252Z
C9Y3.3^5.U4(2),56687040,false,0,true,2026-08-10T07:05:43.008Z,1.12.6,1.9.0-DEV,428070c0f9ad,4.16.0,1.3.11,ctbllib-fs2-q5-findall,2397,1671,2026-08-11T18:13:55.545Z
Co1,4157776806543360000,false,0,true,2026-08-10T07:05:43.008Z,1.12.6,1.9.0-DEV,428070c0f9ad,4.16.0,1.3.11,ctbllib-fs2-q5-findall,2397,1672,2026-08-11T18:14:04.698Z
Co1N3,157464,true,0,true,2026-08-10T07:05:43.008Z,1.12.6,1.9.0-DEV,428070c0f9ad,4.16.0,1.3.11,ctbllib-fs2-q5-findall,2397,1673,2026-08-11T18:14:14.147Z
Co1N5,10000,true,0,true,2026-08-10T07:05:43.008Z,1.12.6,1.9.0-DEV,428070c0f9ad,4.16.0,1.3.11,ctbllib-fs2-q5-findall,2397,1674,2026-08-11T18:14:16.83Z
Co2,42305421312000,false,0,true,2026-08-10T07:05:43.008Z,1.12.6,1.9.0-DEV,428070c0f9ad,4.16.0,1.3.11,ctbllib-fs2-q5-findall,2397,1675,2026-08-11T18:14:18.869Z
Co2N2,262144,true,0,true,2026-08-10T07:05:43.008Z,1.12.6,1.9.0-DEV,428070c0f9ad,4.16.0,1.3.11,ctbllib-fs2-q5-findall,2397,1676,2026-08-11T18:15:40.3Z
Co2N7,336,true,0,true,2026-08-10T07:05:43.008Z,1.12.6,1.9.0-DEV,428070c0f9ad,4.16.0,1.3.11,ctbllib-fs2-q5-findall,2397,1677,2026-08-11T18:15:40.65Z
Co3,495766656000,false,0,true,2026-08-10T07:05:43.008Z,1.12.6,1.9.0-DEV,428070c0f9ad,4.16.0,1.3.11,ctbllib-fs2-q5-findall,2397,1678,2026-08-11T18:15:42.016Z
Co3N2,1024,true,0,true,2026-08-10T07:05:43.008Z,1.12.6,1.9.0-DEV,428070c0f9ad,4.16.0,1.3.11,ctbllib-fs2-q5-findall,2397,1679,2026-08-11T18:15:44.759Z
Co3N3,69984,true,0,true,2026-08-10T07:05:43.008Z,1.12.6,1.9.0-DEV,428070c0f9ad,4.16.0,1.3.11,ctbllib-fs2-q5-findall,2397,1680,2026-08-11T18:15:45.547Z
D10,10,true,0,true,2026-08-10T07:05:43.008Z,1.12.6,1.9.0-DEV,428070c0f9ad,4.16.0,1.3.11,ctbllib-fs2-q5-findall,2397,1681,2026-08-11T18:15:45.571Z
D108,108,true,0,true,2026-08-10T07:05:43.008Z,1.12.6,1.9.0-DEV,428070c0f9ad,4.16.0,1.3.11,ctbllib-fs2-q5-findall,2397,1682,2026-08-11T18:15:52.716Z
D110,110,true,0,true,2026-08-10T07:05:43.008Z,1.12.6,1.9.0-DEV,428070c0f9ad,4.16.0,1.3.11,ctbllib-fs2-q5-findall,2397,1683,2026-08-11T18:15:54.22Z
D112,112,true,0,true,2026-08-10T07:05:43.008Z,1.12.6,1.9.0-DEV,428070c0f9ad,4.16.0,1.3.11,ctbllib-fs2-q5-findall,2397,1684,2026-08-11T18:15:55.171Z
D114,114,true,0,true,2026-08-10T07:05:43.008Z,1.12.6,1.9.0-DEV,428070c0f9ad,4.16.0,1.3.11,ctbllib-fs2-q5-findall,2397,1685,2026-08-11T18:16:32.799Z
D120,120,true,0,true,2026-08-10T07:05:43.008Z,1.12.6,1.9.0-DEV,428070c0f9ad,4.16.0,1.3.11,ctbllib-fs2-q5-findall,2397,1686,2026-08-11T18:16:33.859Z
D122,122,true,0,true,2026-08-10T07:05:43.008Z,1.12.6,1.9.0-DEV,428070c0f9ad,4.16.0,1.3.11,ctbllib-fs2-q5-findall,2397,1687,2026-08-11T18:19:15.706Z
D126,126,true,0,true,2026-08-10T07:05:43.008Z,1.12.6,1.9.0-DEV,428070c0f9ad,4.16.0,1.3.11,ctbllib-fs2-q5-findall,2397,1688,2026-08-11T18:19:57.147Z
D14,14,true,0,true,2026-08-10T07:05:43.008Z,1.12.6,1.9.0-DEV,428070c0f9ad,4.16.0,1.3.11,ctbllib-fs2-q5-findall,2397,1689,2026-08-11T18:19:57.217Z
D16,16,true,0,true,2026-08-10T07:05:43.008Z,1.12.6,1.9.0-DEV,428070c0f9ad,4.16.0,1.3.11,ctbllib-fs2-q5-findall,2397,1690,2026-08-11T18:19:57.252Z
D18,18,true,0,true,2026-08-10T07:05:43.008Z,1.12.6,1.9.0-DEV,428070c0f9ad,4.16.0,1.3.11,ctbllib-fs2-q5-findall,2397,1691,2026-08-11T18:19:57.315Z
D20,20,true,0,true,2026-08-10T07:05:43.008Z,1.12.6,1.9.0-DEV,428070c0f9ad,4.16.0,1.3.11,ctbllib-fs2-q5-findall,2397,1692,2026-08-11T18:19:57.357Z
D22,22,true,0,true,2026-08-10T07:05:43.008Z,1.12.6,1.9.0-DEV,428070c0f9ad,4.16.0,1.3.11,ctbllib-fs2-q5-findall,2397,1693,2026-08-11T18:19:57.557Z
D24,24,true,0,true,2026-08-10T07:05:43.008Z,1.12.6,1.9.0-DEV,428070c0f9ad,4.16.0,1.3.11,ctbllib-fs2-q5-findall,2397,1694,2026-08-11T18:19:57.606Z
D26,26,true,0,true,2026-08-10T07:05:43.008Z,1.12.6,1.9.0-DEV,428070c0f9ad,4.16.0,1.3.11,ctbllib-fs2-q5-findall,2397,1695,2026-08-11T18:19:57.93Z
D28,28,true,0,true,2026-08-10T07:05:43.008Z,1.12.6,1.9.0-DEV,428070c0f9ad,4.16.0,1.3.11,ctbllib-fs2-q5-findall,2397,1696,2026-08-11T18:19:58.075Z
D30,30,true,0,true,2026-08-10T07:05:43.008Z,1.12.6,1.9.0-DEV,428070c0f9ad,4.16.0,1.3.11,ctbllib-fs2-q5-findall,2397,1697,2026-08-11T18:19:58.125Z
D32,32,true,0,true,2026-08-10T07:05:43.008Z,1.12.6,1.9.0-DEV,428070c0f9ad,4.16.0,1.3.11,ctbllib-fs2-q5-findall,2397,1698,2026-08-11T18:19:58.177Z
D62,62,true,0,true,2026-08-10T07:05:43.008Z,1.12.6,1.9.0-DEV,428070c0f9ad,4.16.0,1.3.11,ctbllib-fs2-q5-findall,2397,1699,2026-08-11T18:20:13.452Z
D62x2,124,true,0,true,2026-08-10T07:05:43.008Z,1.12.6,1.9.0-DEV,428070c0f9ad,4.16.0,1.3.11,ctbllib-fs2-q5-findall,2397,1700,2026-08-11T18:20:44.968Z
D6xD10,60,true,0,true,2026-08-10T07:05:43.008Z,1.12.6,1.9.0-DEV,428070c0f9ad,4.16.0,1.3.11,ctbllib-fs2-q5-findall,2397,1701,2026-08-11T18:20:45.057Z
D8,8,true,0,true,2026-08-10T07:05:43.008Z,1.12.6,1.9.0-DEV,428070c0f9ad,4.16.0,1.3.11,ctbllib-fs2-q5-findall,2397,1702,2026-08-11T18:20:45.081Z
D8x2,16,true,0,true,2026-08-10T07:05:43.008Z,1.12.6,1.9.0-DEV,428070c0f9ad,4.16.0,1.3.11,ctbllib-fs2-q5-findall,2397,1703,2026-08-11T18:20:45.134Z
D8x2F4(2)'.2,287539200,false,0,true,2026-08-10T07:05:43.008Z,1.12.6,1.9.0-DEV,428070c0f9ad,4.16.0,1.3.11,ctbllib-fs2-q5-findall,2397,1704,2026-08-11T18:20:55.507Z
D8x3^(1+2)_+:Q8,1728,true,0,true,2026-08-10T07:05:43.008Z,1.12.6,1.9.0-DEV,428070c0f9ad,4.16.0,1.3.11,ctbllib-fs2-q5-findall,2397,1705,2026-08-11T18:21:01.618Z
D8x3^2:Q8,576,true,0,true,2026-08-10T07:05:43.008Z,1.12.6,1.9.0-DEV,428070c0f9ad,4.16.0,1.3.11,ctbllib-fs2-q5-findall,2397,1706,2026-08-11T18:21:02.029Z
D8xL3(2),1344,false,0,true,2026-08-10T07:05:43.008Z,1.12.6,1.9.0-DEV,428070c0f9ad,4.16.0,1.3.11,ctbllib-fs2-q5-findall,2397,1707,2026-08-11T18:21:02.66Z
D8xL4(3).2_2,97044480,false,0,true,2026-08-10T07:05:43.008Z,1.12.6,1.9.0-DEV,428070c0f9ad,4.16.0,1.3.11,ctbllib-fs2-q5-findall,2397,1708,2026-08-11T18:21:44.594Z
D8xS3,48,true,0,true,2026-08-10T07:05:43.008Z,1.12.6,1.9.0-DEV,428070c0f9ad,4.16.0,1.3.11,ctbllib-fs2-q5-findall,2397,1709,2026-08-11T18:21:44.968Z
D8xS6(2),11612160,false,0,true,2026-08-10T07:05:43.008Z,1.12.6,1.9.0-DEV,428070c0f9ad,4.16.0,1.3.11,ctbllib-fs2-q5-findall,2397,1710,2026-08-11T18:21:57.619Z
D8xU3(3).2,96768,false,0,true,2026-08-10T07:05:43.008Z,1.12.6,1.9.0-DEV,428070c0f9ad,4.16.0,1.3.11,ctbllib-fs2-q5-findall,2397,1711,2026-08-11T18:22:02.134Z
D8xV4,32,true,0,true,2026-08-10T07:05:43.008Z,1.12.6,1.9.0-DEV,428070c0f9ad,4.16.0,1.3.11,ctbllib-fs2-q5-findall,2397,1712,2026-08-11T18:22:02.378Z
E6(2),214841575522005575270400,false,0,true,2026-08-10T07:05:43.008Z,1.12.6,1.9.0-DEV,428070c0f9ad,4.16.0,1.3.11,ctbllib-fs2-q5-findall,2397,1713,2026-08-11T18:25:26.83Z
F3+,1255205709190661721292800,false,0,true,2026-08-10T07:05:43.008Z,1.12.6,1.9.0-DEV,428070c0f9ad,4.16.0,1.3.11,ctbllib-fs2-q5-findall,2397,1714,2026-08-11T18:25:36.943Z
F3+.2,2510411418381323442585600,false,0,true,2026-08-10T07:05:43.008Z,1.12.6,1.9.0-DEV,428070c0f9ad,4.16.0,1.3.11,ctbllib-fs2-q5-findall,2397,1715,2026-08-11T18:26:03.819Z
F3+M7,501397585920,false,0,true,2026-08-10T07:05:43.008Z,1.12.6,1.9.0-DEV,428070c0f9ad,4.16.0,1.3.11,ctbllib-fs2-q5-findall,2397,1716,2026-08-11T18:26:08.239Z
F3+N5,28800,true,0,true,2026-08-10T07:05:43.008Z,1.12.6,1.9.0-DEV,428070c0f9ad,4.16.0,1.3.11,ctbllib-fs2-q5-findall,2397,1717,2026-08-11T18:26:09.356Z
F4(2),3311126603366400,false,0,true,2026-08-10T07:05:43.008Z,1.12.6,1.9.0-DEV,428070c0f9ad,4.16.0,1.3.11,ctbllib-fs2-q5-findall,2397,1718,2026-08-11T18:26:15.789Z
F4(2).2,6622253206732800,false,0,true,2026-08-10T07:05:43.008Z,1.12.6,1.9.0-DEV,428070c0f9ad,4.16.0,1.3.11,ctbllib-fs2-q5-findall,2397,1719,2026-08-11T18:26:20.151Z
F4(2).2M8,186624,true,0,true,2026-08-10T07:05:43.008Z,1.12.6,1.9.0-DEV,428070c0f9ad,4.16.0,1.3.11,ctbllib-fs2-q5-findall,2397,1720,2026-08-11T18:26:21.171Z
F4(2)M13,93312,true,0,true,2026-08-10T07:05:43.008Z,1.12.6,1.9.0-DEV,428070c0f9ad,4.16.0,1.3.11,ctbllib-fs2-q5-findall,2397,1721,2026-08-11T18:26:22.231Z
F4(3),5734420792816671844761600,false,0,true,2026-08-10T07:05:43.008Z,1.12.6,1.9.0-DEV,428070c0f9ad,4.16.0,1.3.11,ctbllib-fs2-q5-findall,2397,1722,2026-08-11T18:28:12.284Z
Fi22,64561751654400,false,0,true,2026-08-10T07:05:43.008Z,1.12.6,1.9.0-DEV,428070c0f9ad,4.16.0,1.3.11,ctbllib-fs2-q5-findall,2397,1723,2026-08-11T18:28:15.406Z
Fi22.2,129123503308800,false,0,true,2026-08-10T07:05:43.008Z,1.12.6,1.9.0-DEV,428070c0f9ad,4.16.0,1.3.11,ctbllib-fs2-q5-findall,2397,1724,2026-08-11T18:28:21.267Z
Fi22.2M4,908328960,false,0,true,2026-08-10T07:05:43.008Z,1.12.6,1.9.0-DEV,428070c0f9ad,4.16.0,1.3.11,ctbllib-fs2-q5-findall,2397,1725,2026-08-11T18:28:25.44Z
Fi22N3,78732,true,0,true,2026-08-10T07:05:43.008Z,1.12.6,1.9.0-DEV,428070c0f9ad,4.16.0,1.3.11,ctbllib-fs2-q5-findall,2397,1726,2026-08-11T18:28:32.18Z
Fi22N5,2400,true,0,true,2026-08-10T07:05:43.008Z,1.12.6,1.9.0-DEV,428070c0f9ad,4.16.0,1.3.11,ctbllib-fs2-q5-findall,2397,1727,2026-08-11T18:28:32.342Z
Fi23,4089470473293004800,false,0,true,2026-08-10T07:05:43.008Z,1.12.6,1.9.0-DEV,428070c0f9ad,4.16.0,1.3.11,ctbllib-fs2-q5-findall,2397,1728,2026-08-11T18:28:38.986Z
Fi23M8,663238368,false,0,true,2026-08-10T07:05:43.008Z,1.12.6,1.9.0-DEV,428070c0f9ad,4.16.0,1.3.11,ctbllib-fs2-q5-findall,2397,1729,2026-08-11T18:28:48.307Z
Fi23N3,12754584,true,0,true,2026-08-10T07:05:43.008Z,1.12.6,1.9.0-DEV,428070c0f9ad,4.16.0,1.3.11,ctbllib-fs2-q5-findall,2397,1730,2026-08-11T18:29:33.363Z
G2(3),4245696,false,0,true,2026-08-10T07:05:43.008Z,1.12.6,1.9.0-DEV,428070c0f9ad,4.16.0,1.3.11,ctbllib-fs2-q5-findall,2397,1731,2026-08-11T18:29:33.737Z
G2(3).2,8491392,false,0,true,2026-08-10T07:05:43.008Z,1.12.6,1.9.0-DEV,428070c0f9ad,4.16.0,1.3.11,ctbllib-fs2-q5-findall,2397,1732,2026-08-11T18:29:34.084Z
G2(3).2N2,128,true,0,true,2026-08-10T07:05:43.008Z,1.12.6,1.9.0-DEV,428070c0f9ad,4.16.0,1.3.11,ctbllib-fs2-q5-findall,2397,1733,2026-08-11T18:29:34.473Z
G2(4),251596800,false,0,true,2026-08-10T07:05:43.008Z,1.12.6,1.9.0-DEV,428070c0f9ad,4.16.0,1.3.11,ctbllib-fs2-q5-findall,2397,1734,2026-08-11T18:29:36.493Z
G2(4).2,503193600,false,0,true,2026-08-10T07:05:43.008Z,1.12.6,1.9.0-DEV,428070c0f9ad,4.16.0,1.3.11,ctbllib-fs2-q5-findall,2397,1735,2026-08-11T18:29:37.105Z
G2(4)N2,36864,true,0,true,2026-08-10T07:05:43.008Z,1.12.6,1.9.0-DEV,428070c0f9ad,4.16.0,1.3.11,ctbllib-fs2-q5-findall,2397,1736,2026-08-11T18:29:38.556Z
G2(5),5859000000,false,0,true,2026-08-10T07:05:43.008Z,1.12.6,1.9.0-DEV,428070c0f9ad,4.16.0,1.3.11,ctbllib-fs2-q5-findall,2397,1737,2026-08-11T18:29:43.455Z
G2(7),664376138496,false,0,true,2026-08-10T07:05:43.008Z,1.12.6,1.9.0-DEV,428070c0f9ad,4.16.0,1.3.11,ctbllib-fs2-q5-findall,2397,1738,2026-08-11T18:30:22.912Z
HN,273030912000000,false,0,true,2026-08-10T07:05:43.008Z,1.12.6,1.9.0-DEV,428070c0f9ad,4.16.0,1.3.11,ctbllib-fs2-q5-findall,2397,1739,2026-08-11T18:30:24.723Z
HN.2,546061824000000,false,0,true,2026-08-10T07:05:43.008Z,1.12.6,1.9.0-DEV,428070c0f9ad,4.16.0,1.3.11,ctbllib-fs2-q5-findall,2397,1740,2026-08-11T18:30:26.529Z
HN.2M13,116640,false,0,true,2026-08-10T07:05:43.008Z,1.12.6,1.9.0-DEV,428070c0f9ad,4.16.0,1.3.11,ctbllib-fs2-q5-findall,2397,1741,2026-08-11T18:30:28.681Z
HN.2N3,11664,true,0,true,2026-08-10T07:05:43.008Z,1.12.6,1.9.0-DEV,428070c0f9ad,4.16.0,1.3.11,ctbllib-fs2-q5-findall,2397,1742,2026-08-11T18:30:29.702Z
HNN2,49152,true,0,true,2026-08-10T07:05:43.008Z,1.12.6,1.9.0-DEV,428070c0f9ad,4.16.0,1.3.11,ctbllib-fs2-q5-findall,2397,1743,2026-08-11T18:30:33.751Z
HNN3,5832,true,0,true,2026-08-10T07:05:43.008Z,1.12.6,1.9.0-DEV,428070c0f9ad,4.16.0,1.3.11,ctbllib-fs2-q5-findall,2397,1744,2026-08-11T18:30:34.383Z
HNN5,125000,true,0,true,2026-08-10T07:05:43.008Z,1.12.6,1.9.0-DEV,428070c0f9ad,4.16.0,1.3.11,ctbllib-fs2-q5-findall,2397,1745,2026-08-11T18:30:35.668Z
HS,44352000,false,0,true,2026-08-10T07:05:43.008Z,1.12.6,1.9.0-DEV,428070c0f9ad,4.16.0,1.3.11,ctbllib-fs2-q5-findall,2397,1746,2026-08-11T18:30:37.139Z
HS.2,88704000,false,0,true,2026-08-10T07:05:43.008Z,1.12.6,1.9.0-DEV,428070c0f9ad,4.16.0,1.3.11,ctbllib-fs2-q5-findall,2397,1747,2026-08-11T18:30:37.684Z
HS.2x2,177408000,false,0,true,2026-08-10T07:05:43.008Z,1.12.6,1.9.0-DEV,428070c0f9ad,4.16.0,1.3.11,ctbllib-fs2-q5-findall,2397,1748,2026-08-11T18:30:41.312Z
HSN2,512,true,0,true,2026-08-10T07:05:43.008Z,1.12.6,1.9.0-DEV,428070c0f9ad,4.16.0,1.3.11,ctbllib-fs2-q5-findall,2397,1749,2026-08-11T18:30:41.737Z
He,4030387200,false,0,true,2026-08-10T07:05:43.008Z,1.12.6,1.9.0-DEV,428070c0f9ad,4.16.0,1.3.11,ctbllib-fs2-q5-findall,2397,1750,2026-08-11T18:30:42.954Z
He.2,8060774400,false,0,true,2026-08-10T07:05:43.008Z,1.12.6,1.9.0-DEV,428070c0f9ad,4.16.0,1.3.11,ctbllib-fs2-q5-findall,2397,1751,2026-08-11T18:30:45.175Z
Isoclinic((3^2x2).U4(3).2_3'),117573120,false,0,true,2026-08-10T07:05:43.008Z,1.12.6,1.9.0-DEV,428070c0f9ad,4.16.0,1.3.11,ctbllib-fs2-q5-findall,2397,1752,2026-08-11T18:31:15.281Z
Isoclinic(12.M22.2),10644480,false,0,true,2026-08-10T07:05:43.008Z,1.12.6,1.9.0-DEV,428070c0f9ad,4.16.0,1.3.11,ctbllib-fs2-q5-findall,2397,1753,2026-08-11T18:31:19.933Z
Isoclinic(12_1.L3(4).2_1),483840,false,0,true,2026-08-10T07:05:43.008Z,1.12.6,1.9.0-DEV,428070c0f9ad,4.16.0,1.3.11,ctbllib-fs2-q5-findall,2397,1754,2026-08-11T18:31:23.128Z
Isoclinic(12_1.L3(4).2_2),483840,false,0,true,2026-08-10T07:05:43.008Z,1.12.6,1.9.0-DEV,428070c0f9ad,4.16.0,1.3.11,ctbllib-fs2-q5-findall,2397,1755,2026-08-11T18:31:26.389Z
Isoclinic(12_1.U4(3).2_2'),78382080,false,0,true,2026-08-10T07:05:43.008Z,1.12.6,1.9.0-DEV,428070c0f9ad,4.16.0,1.3.11,ctbllib-fs2-q5-findall,2397,1756,2026-08-11T18:31:37.347Z
Isoclinic(12_1.U4(3).2_2),78382080,false,0,true,2026-08-10T07:05:43.008Z,1.12.6,1.9.0-DEV,428070c0f9ad,4.16.0,1.3.11,ctbllib-fs2-q5-findall,2397,1757,2026-08-11T18:32:07.604Z
Isoclinic(12_2.L3(4).2_1),483840,false,0,true,2026-08-10T07:05:43.008Z,1.12.6,1.9.0-DEV,428070c0f9ad,4.16.0,1.3.11,ctbllib-fs2-q5-findall,2397,1758,2026-08-11T18:32:09.882Z
Isoclinic(12_2.L3(4).2_3),483840,false,0,true,2026-08-10T07:05:43.008Z,1.12.6,1.9.0-DEV,428070c0f9ad,4.16.0,1.3.11,ctbllib-fs2-q5-findall,2397,1759,2026-08-11T18:32:12.808Z
Isoclinic(12_2.U4(3).2_3'),78382080,false,0,true,2026-08-10T07:05:43.008Z,1.12.6,1.9.0-DEV,428070c0f9ad,4.16.0,1.3.11,ctbllib-fs2-q5-findall,2397,1760,2026-08-11T18:32:18.511Z
Isoclinic(12_2.U4(3).2_3),78382080,false,0,true,2026-08-10T07:05:43.008Z,1.12.6,1.9.0-DEV,428070c0f9ad,4.16.0,1.3.11,ctbllib-fs2-q5-findall,2397,1761,2026-08-11T18:32:30.408Z
Isoclinic(2.A10.2),7257600,false,0,true,2026-08-10T07:05:43.008Z,1.12.6,1.9.0-DEV,428070c0f9ad,4.16.0,1.3.11,ctbllib-fs2-q5-findall,2397,1762,2026-08-11T18:32:31.432Z
Isoclinic(2.A11.2),79833600,false,0,true,2026-08-10T07:05:43.008Z,1.12.6,1.9.0-DEV,428070c0f9ad,4.16.0,1.3.11,ctbllib-fs2-q5-findall,2397,1763,2026-08-11T18:32:34.811Z
Isoclinic(2.A12.2),958003200,false,0,true,2026-08-10T07:05:43.008Z,1.12.6,1.9.0-DEV,428070c0f9ad,4.16.0,1.3.11,ctbllib-fs2-q5-findall,2397,1764,2026-08-11T18:32:39.664Z
Isoclinic(2.A13.2),12454041600,false,0,true,2026-08-10T07:05:43.008Z,1.12.6,1.9.0-DEV,428070c0f9ad,4.16.0,1.3.11,ctbllib-fs2-q5-findall,2397,1765,2026-08-11T18:32:51.266Z
Isoclinic(2.A14.2),174356582400,false,0,true,2026-08-10T07:05:43.008Z,1.12.6,1.9.0-DEV,428070c0f9ad,4.16.0,1.3.11,ctbllib-fs2-q5-findall,2397,1766,2026-08-11T18:33:08.22Z
Isoclinic(2.A5.2),240,false,0,true,2026-08-10T07:05:43.008Z,1.12.6,1.9.0-DEV,428070c0f9ad,4.16.0,1.3.11,ctbllib-fs2-q5-findall,2397,1767,2026-08-11T18:33:08.31Z
Isoclinic(2.A6.2_2),1440,false,0,true,2026-08-10T07:05:43.008Z,1.12.6,1.9.0-DEV,428070c0f9ad,4.16.0,1.3.11,ctbllib-fs2-q5-findall,2397,1768,2026-08-11T18:33:08.426Z
Isoclinic(2.A6x2),1440,false,0,true,2026-08-10T07:05:43.008Z,1.12.6,1.9.0-DEV,428070c0f9ad,4.16.0,1.3.11,ctbllib-fs2-q5-findall,2397,1769,2026-08-11T18:33:08.619Z
Isoclinic(2.A7.2),10080,false,0,true,2026-08-10T07:05:43.008Z,1.12.6,1.9.0-DEV,428070c0f9ad,4.16.0,1.3.11,ctbllib-fs2-q5-findall,2397,1770,2026-08-11T18:33:08.861Z
Isoclinic(2.A8.2),80640,false,0,true,2026-08-10T07:05:43.008Z,1.12.6,1.9.0-DEV,428070c0f9ad,4.16.0,1.3.11,ctbllib-fs2-q5-findall,2397,1771,2026-08-11T18:33:09.192Z
Isoclinic(2.A9.2),725760,false,0,true,2026-08-10T07:05:43.008Z,1.12.6,1.9.0-DEV,428070c0f9ad,4.16.0,1.3.11,ctbllib-fs2-q5-findall,2397,1772,2026-08-11T18:33:09.768Z
Isoclinic(2.F4(2).2),13244506413465600,false,0,true,2026-08-10T07:05:43.008Z,1.12.6,1.9.0-DEV,428070c0f9ad,4.16.0,1.3.11,ctbllib-fs2-q5-findall,2397,1773,2026-08-11T18:33:19.654Z
Isoclinic(2.Fi22.2),258247006617600,false,0,true,2026-08-10T07:05:43.008Z,1.12.6,1.9.0-DEV,428070c0f9ad,4.16.0,1.3.11,ctbllib-fs2-q5-findall,2397,1774,2026-08-11T18:33:32.906Z
Isoclinic(2.G2(4).2),1006387200,false,0,true,2026-08-10T07:05:43.008Z,1.12.6,1.9.0-DEV,428070c0f9ad,4.16.0,1.3.11,ctbllib-fs2-q5-findall,2397,1775,2026-08-11T18:33:34.068Z
Isoclinic(2.HS.2),177408000,false,0,true,2026-08-10T07:05:43.008Z,1.12.6,1.9.0-DEV,428070c0f9ad,4.16.0,1.3.11,ctbllib-fs2-q5-findall,2397,1776,2026-08-11T18:33:34.992Z
Isoclinic(2.HSx2),177408000,false,0,true,2026-08-10T07:05:43.008Z,1.12.6,1.9.0-DEV,428070c0f9ad,4.16.0,1.3.11,ctbllib-fs2-q5-findall,2397,1777,2026-08-11T18:33:38.764Z
Isoclinic(2.J2.2),2419200,false,0,true,2026-08-10T07:05:43.008Z,1.12.6,1.9.0-DEV,428070c0f9ad,4.16.0,1.3.11,ctbllib-fs2-q5-findall,2397,1778,2026-08-11T18:33:39.563Z
Isoclinic(2.L2(11).2),2640,false,0,true,2026-08-10T07:05:43.008Z,1.12.6,1.9.0-DEV,428070c0f9ad,4.16.0,1.3.11,ctbllib-fs2-q5-findall,2397,1779,2026-08-11T18:33:39.755Z
Isoclinic(2.L2(13).2),4368,false,0,true,2026-08-10T07:05:43.008Z,1.12.6,1.9.0-DEV,428070c0f9ad,4.16.0,1.3.11,ctbllib-fs2-q5-findall,2397,1780,2026-08-11T18:33:43.233Z
Isoclinic(2.L2(17).2),9792,false,0,true,2026-08-10T07:05:43.008Z,1.12.6,1.9.0-DEV,428070c0f9ad,4.16.0,1.3.11,ctbllib-fs2-q5-findall,2397,1781,2026-08-11T18:33:44.991Z
Isoclinic(2.L2(19).2),13680,false,0,true,2026-08-10T07:05:43.008Z,1.12.6,1.9.0-DEV,428070c0f9ad,4.16.0,1.3.11,ctbllib-fs2-q5-findall,2397,1782,2026-08-11T18:33:46.783Z
Isoclinic(2.L2(23).2),24288,false,0,true,2026-08-10T07:05:43.008Z,1.12.6,1.9.0-DEV,428070c0f9ad,4.16.0,1.3.11,ctbllib-fs2-q5-findall,2397,1783,2026-08-11T18:34:01.741Z
Isoclinic(2.L2(25).2_1),31200,false,0,true,2026-08-10T07:05:43.008Z,1.12.6,1.9.0-DEV,428070c0f9ad,4.16.0,1.3.11,ctbllib-fs2-q5-findall,2397,1784,2026-08-11T18:34:26.01Z
Isoclinic(2.L2(25)x2),31200,false,0,true,2026-08-10T07:05:43.008Z,1.12.6,1.9.0-DEV,428070c0f9ad,4.16.0,1.3.11,ctbllib-fs2-q5-findall,2397,1785,2026-08-11T18:34:28.329Z
Isoclinic(2.L2(27).2),39312,false,0,true,2026-08-10T07:05:43.008Z,1.12.6,1.9.0-DEV,428070c0f9ad,4.16.0,1.3.11,ctbllib-fs2-q5-findall,2397,1786,2026-08-11T18:34:53.426Z
Isoclinic(2.L2(27).6),117936,false,0,true,2026-08-10T07:05:43.008Z,1.12.6,1.9.0-DEV,428070c0f9ad,4.16.0,1.3.11,ctbllib-fs2-q5-findall,2397,1787,2026-08-11T18:35:00.309Z
Isoclinic(2.L2(29).2),48720,false,0,true,2026-08-10T07:05:43.008Z,1.12.6,1.9.0-DEV,428070c0f9ad,4.16.0,1.3.11,ctbllib-fs2-q5-findall,2397,1788,2026-08-11T18:35:02.097Z
Isoclinic(2.L2(31).2),59520,false,0,true,2026-08-10T07:05:43.008Z,1.12.6,1.9.0-DEV,428070c0f9ad,4.16.0,1.3.11,ctbllib-fs2-q5-findall,2397,1789,2026-08-11T18:35:03.752Z
Isoclinic(2.L2(49).2_1),235200,false,0,true,2026-08-10T07:05:43.008Z,1.12.6,1.9.0-DEV,428070c0f9ad,4.16.0,1.3.11,ctbllib-fs2-q5-findall,2397,1790,2026-08-11T18:35:08.891Z
Isoclinic(2.L2(49)x2),235200,false,0,true,2026-08-10T07:05:43.008Z,1.12.6,1.9.0-DEV,428070c0f9ad,4.16.0,1.3.11,ctbllib-fs2-q5-findall,2397,1791,2026-08-11T18:35:12.028Z
Isoclinic(2.L2(81).2_2),1062720,false,0,true,2026-08-10T07:05:43.008Z,1.12.6,1.9.0-DEV,428070c0f9ad,4.16.0,1.3.11,ctbllib-fs2-q5-findall,2397,1792,2026-08-11T19:24:32.096Z
Isoclinic(2.L2(81)x2),1062720,false,0,true,2026-08-10T07:05:43.008Z,1.12.6,1.9.0-DEV,428070c0f9ad,4.16.0,1.3.11,ctbllib-fs2-q5-findall,2397,1793,2026-08-11T19:26:17.778Z
Isoclinic(2.L3(2).2),672,false,0,true,2026-08-10T07:05:43.008Z,1.12.6,1.9.0-DEV,428070c0f9ad,4.16.0,1.3.11,ctbllib-fs2-q5-findall,2397,1794,2026-08-11T19:26:17.894Z
Isoclinic(2.L3(4).2_1),80640,false,0,true,2026-08-10T07:05:43.008Z,1.12.6,1.9.0-DEV,428070c0f9ad,4.16.0,1.3.11,ctbllib-fs2-q5-findall,2397,1795,2026-08-11T19:26:18.078Z
Isoclinic(2.L3(4).2_2),80640,false,0,true,2026-08-10T07:05:43.008Z,1.12.6,1.9.0-DEV,428070c0f9ad,4.16.0,1.3.11,ctbllib-fs2-q5-findall,2397,1796,2026-08-11T19:26:18.426Z
Isoclinic(2.L3(4).2_3),80640,false,0,true,2026-08-10T07:05:43.008Z,1.12.6,1.9.0-DEV,428070c0f9ad,4.16.0,1.3.11,ctbllib-fs2-q5-findall,2397,1797,2026-08-11T19:26:18.614Z
Isoclinic(2.L4(3).2_1),24261120,false,0,true,2026-08-10T07:05:43.008Z,1.12.6,1.9.0-DEV,428070c0f9ad,4.16.0,1.3.11,ctbllib-fs2-q5-findall,2397,1798,2026-08-11T19:26:20.533Z
Isoclinic(2.L4(3).2_2),24261120,false,0,true,2026-08-10T07:05:43.008Z,1.12.6,1.9.0-DEV,428070c0f9ad,4.16.0,1.3.11,ctbllib-fs2-q5-findall,2397,1799,2026-08-11T19:26:23.751Z
Isoclinic(2.L4(3).2_3),24261120,false,0,true,2026-08-10T07:05:43.008Z,1.12.6,1.9.0-DEV,428070c0f9ad,4.16.0,1.3.11,ctbllib-fs2-q5-findall,2397,1800,2026-08-11T19:26:26.132Z
Isoclinic(2.M12.2),380160,false,0,true,2026-08-10T07:05:43.008Z,1.12.6,1.9.0-DEV,428070c0f9ad,4.16.0,1.3.11,ctbllib-fs2-q5-findall,2397,1801,2026-08-11T19:26:26.498Z
Isoclinic(2.M22.2),1774080,false,0,true,2026-08-10T07:05:43.008Z,1.12.6,1.9.0-DEV,428070c0f9ad,4.16.0,1.3.11,ctbllib-fs2-q5-findall,2397,1802,2026-08-11T19:26:27.015Z
Isoclinic(2.O7(3).2),18341406720,false,0,true,2026-08-10T07:05:43.008Z,1.12.6,1.9.0-DEV,428070c0f9ad,4.16.0,1.3.11,ctbllib-fs2-q5-findall,2397,1803,2026-08-11T19:26:43.88Z
Isoclinic(2.O8+(2).2),696729600,false,0,true,2026-08-10T07:05:43.008Z,1.12.6,1.9.0-DEV,428070c0f9ad,4.16.0,1.3.11,ctbllib-fs2-q5-findall,2397,1804,2026-08-11T19:26:50.803Z
Isoclinic(2.S4(5).2),18720000,false,0,true,2026-08-10T07:05:43.008Z,1.12.6,1.9.0-DEV,428070c0f9ad,4.16.0,1.3.11,ctbllib-fs2-q5-findall,2397,1805,2026-08-11T19:26:54.834Z
Isoclinic(2.S6(3).2),18341406720,false,0,true,2026-08-10T07:05:43.008Z,1.12.6,1.9.0-DEV,428070c0f9ad,4.16.0,1.3.11,ctbllib-fs2-q5-findall,2397,1806,2026-08-11T19:27:03.454Z
Isoclinic(2.Suz.2),1793381990400,false,0,true,2026-08-10T07:05:43.008Z,1.12.6,1.9.0-DEV,428070c0f9ad,4.16.0,1.3.11,ctbllib-fs2-q5-findall,2397,1807,2026-08-11T19:27:08.226Z
Isoclinic(2.U4(2).2),103680,false,0,true,2026-08-10T07:05:43.008Z,1.12.6,1.9.0-DEV,428070c0f9ad,4.16.0,1.3.11,ctbllib-fs2-q5-findall,2397,1808,2026-08-11T19:27:08.676Z
Isoclinic(2.U4(3).2_1),13063680,false,0,true,2026-08-10T07:05:43.008Z,1.12.6,1.9.0-DEV,428070c0f9ad,4.16.0,1.3.11,ctbllib-fs2-q5-findall,2397,1809,2026-08-11T19:27:11.663Z
Isoclinic(2.U4(3).2_2),13063680,false,0,true,2026-08-10T07:05:43.008Z,1.12.6,1.9.0-DEV,428070c0f9ad,4.16.0,1.3.11,ctbllib-fs2-q5-findall,2397,1810,2026-08-11T19:27:12.856Z
Isoclinic(2.U4(3).2_3),13063680,false,0,true,2026-08-10T07:05:43.008Z,1.12.6,1.9.0-DEV,428070c0f9ad,4.16.0,1.3.11,ctbllib-fs2-q5-findall,2397,1811,2026-08-11T19:27:13.482Z
Isoclinic(2.U6(2).2),36787322880,false,0,true,2026-08-10T07:05:43.008Z,1.12.6,1.9.0-DEV,428070c0f9ad,4.16.0,1.3.11,ctbllib-fs2-q5-findall,2397,1812,2026-08-11T19:27:18.055Z
Isoclinic(2x(2.A4x3).2),288,true,0,true,2026-08-10T07:05:43.008Z,1.12.6,1.9.0-DEV,428070c0f9ad,4.16.0,1.3.11,ctbllib-fs2-q5-findall,2397,1813,2026-08-11T19:27:20.259Z
Isoclinic(2x2.F4(2).2),26489012826931200,false,0,true,2026-08-10T07:05:43.008Z,1.12.6,1.9.0-DEV,428070c0f9ad,4.16.0,1.3.11,ctbllib-fs2-q5-findall,2397,1814,2026-08-11T19:27:59.854Z
Isoclinic(2x3^(1+2)_+:Q8),432,true,0,true,2026-08-10T07:05:43.008Z,1.12.6,1.9.0-DEV,428070c0f9ad,4.16.0,1.3.11,ctbllib-fs2-q5-findall,2397,1815,2026-08-11T19:28:00.908Z
Isoclinic(2x3^2:Q8),144,true,0,true,2026-08-10T07:05:43.008Z,1.12.6,1.9.0-DEV,428070c0f9ad,4.16.0,1.3.11,ctbllib-fs2-q5-findall,2397,1816,2026-08-11T19:28:01.063Z
Isoclinic(2x5:8),80,true,0,true,2026-08-10T07:05:43.008Z,1.12.6,1.9.0-DEV,428070c0f9ad,4.16.0,1.3.11,ctbllib-fs2-q5-findall,2397,1817,2026-08-11T19:28:01.907Z
Isoclinic(2xU3(3).2),24192,false,0,true,2026-08-10T07:05:43.008Z,1.12.6,1.9.0-DEV,428070c0f9ad,4.16.0,1.3.11,ctbllib-fs2-q5-findall,2397,1818,2026-08-11T19:28:02.461Z
Isoclinic(2xU3(4).2),249600,false,0,true,2026-08-10T07:05:43.008Z,1.12.6,1.9.0-DEV,428070c0f9ad,4.16.0,1.3.11,ctbllib-fs2-q5-findall,2397,1819,2026-08-11T19:28:03.378Z
Isoclinic(3.A6.2_3x2),4320,false,0,true,2026-08-10T07:05:43.008Z,1.12.6,1.9.0-DEV,428070c0f9ad,4.16.0,1.3.11,ctbllib-fs2-q5-findall,2397,1820,2026-08-11T19:28:06.177Z
"Isoclinic(3.L3(4).3,1)",181440,false,0,true,2026-08-10T07:05:43.008Z,1.12.6,1.9.0-DEV,428070c0f9ad,4.16.0,1.3.11,ctbllib-fs2-q5-findall,2397,1821,2026-08-11T19:28:40.507Z
"Isoclinic(3.L3(4).3,2)",181440,false,0,true,2026-08-10T07:05:43.008Z,1.12.6,1.9.0-DEV,428070c0f9ad,4.16.0,1.3.11,ctbllib-fs2-q5-findall,2397,1822,2026-08-11T19:28:51.15Z
"Isoclinic(3.L3(4).6,1)",362880,false,0,true,2026-08-10T07:05:43.008Z,1.12.6,1.9.0-DEV,428070c0f9ad,4.16.0,1.3.11,ctbllib-fs2-q5-findall,2397,1823,2026-08-11T19:28:54.985Z
"Isoclinic(3.L3(4).6,2)",362880,false,0,true,2026-08-10T07:05:43.008Z,1.12.6,1.9.0-DEV,428070c0f9ad,4.16.0,1.3.11,ctbllib-fs2-q5-findall,2397,1824,2026-08-11T19:29:09.694Z
"Isoclinic(3.L3(7).3,1)",16892064,false,0,true,2026-08-10T07:05:43.008Z,1.12.6,1.9.0-DEV,428070c0f9ad,4.16.0,1.3.11,ctbllib-fs2-q5-findall,2397,1825,2026-08-11T19:59:26.57Z
"Isoclinic(3.L3(7).3,2)",16892064,false,0,true,2026-08-10T07:05:43.008Z,1.12.6,1.9.0-DEV,428070c0f9ad,4.16.0,1.3.11,ctbllib-fs2-q5-findall,2397,1826,2026-08-11T20:14:17.844Z
"Isoclinic(3.U3(11).3,1)",638241120,false,0,true,2026-08-10T07:05:43.008Z,1.12.6,1.9.0-DEV,428070c0f9ad,4.16.0,1.3.11,ctbllib-fs2-q5-findall,2397,1827,2026-08-12T04:49:53.954Z
"Isoclinic(3.U3(11).3,2)",638241120,false,0,true,2026-08-10T07:05:43.008Z,1.12.6,1.9.0-DEV,428070c0f9ad,4.16.0,1.3.11,ctbllib-fs2-q5-findall,2397,1828,2026-08-12T10:25:02.948Z
"Isoclinic(3.U3(5).3,1)",1134000,false,0,true,2026-08-10T07:05:43.008Z,1.12.6,1.9.0-DEV,428070c0f9ad,4.16.0,1.3.11,ctbllib-fs2-q5-findall,2397,1829,2026-08-12T10:25:42.075Z
"Isoclinic(3.U3(5).3,2)",1134000,false,0,true,2026-08-10T07:05:43.008Z,1.12.6,1.9.0-DEV,428070c0f9ad,4.16.0,1.3.11,ctbllib-fs2-q5-findall,2397,1830,2026-08-12T10:25:57.524Z
"Isoclinic(3.U3(8).3_2,1)",49641984,false,0,true,2026-08-10T07:05:43.008Z,1.12.6,1.9.0-DEV,428070c0f9ad,4.16.0,1.3.11,ctbllib-fs2-q5-findall,2397,1831,2026-08-12T11:48:05.215Z
"Isoclinic(3.U3(8).3_2,2)",49641984,false,0,true,2026-08-10T07:05:43.008Z,1.12.6,1.9.0-DEV,428070c0f9ad,4.16.0,1.3.11,ctbllib-fs2-q5-findall,2397,1832,2026-08-12T12:55:15.743Z
Isoclinic(3.U3(8)x3),49641984,false,0,true,2026-08-10T07:05:43.008Z,1.12.6,1.9.0-DEV,428070c0f9ad,4.16.0,1.3.11,ctbllib-fs2-q5-findall,2397,1833,2026-08-12T13:15:32.072Z
"Isoclinic(3.U6(2).3,1)",82771476480,false,0,true,2026-08-10T07:05:43.008Z,1.12.6,1.9.0-DEV,428070c0f9ad,4.16.0,1.3.11,ctbllib-fs2-q5-findall,2397,1834,2026-08-12T13:19:40.366Z
"Isoclinic(3.U6(2).3,2)",82771476480,false,0,true,2026-08-10T07:05:43.008Z,1.12.6,1.9.0-DEV,428070c0f9ad,4.16.0,1.3.11,ctbllib-fs2-q5-findall,2397,1835,2026-08-12T13:23:41.457Z
Isoclinic(4.M22.2),3548160,false,0,true,2026-08-10T07:05:43.008Z,1.12.6,1.9.0-DEV,428070c0f9ad,4.16.0,1.3.11,ctbllib-fs2-q5-findall,2397,1836,2026-08-12T13:23:42.472Z
Isoclinic(4.U4(3).2_2),26127360,false,0,true,2026-08-10T07:05:43.008Z,1.12.6,1.9.0-DEV,428070c0f9ad,4.16.0,1.3.11,ctbllib-fs2-q5-findall,2397,1837,2026-08-12T13:23:46.731Z
Isoclinic(4.U4(3).2_3),26127360,false,0,true,2026-08-10T07:05:43.008Z,1.12.6,1.9.0-DEV,428070c0f9ad,4.16.0,1.3.11,ctbllib-fs2-q5-findall,2397,1838,2026-08-12T13:23:48.007Z
Isoclinic(4_1.L3(4).2_1),161280,false,0,true,2026-08-10T07:05:43.008Z,1.12.6,1.9.0-DEV,428070c0f9ad,4.16.0,1.3.11,ctbllib-fs2-q5-findall,2397,1839,2026-08-12T13:23:48.297Z
Isoclinic(4_1.L3(4).2_2),161280,false,0,true,2026-08-10T07:05:43.008Z,1.12.6,1.9.0-DEV,428070c0f9ad,4.16.0,1.3.11,ctbllib-fs2-q5-findall,2397,1840,2026-08-12T13:23:48.968Z
Isoclinic(4_2.L3(4).2_1),161280,false,0,true,2026-08-10T07:05:43.008Z,1.12.6,1.9.0-DEV,428070c0f9ad,4.16.0,1.3.11,ctbllib-fs2-q5-findall,2397,1841,2026-08-12T13:23:49.257Z
Isoclinic(4_2.L3(4).2_3),161280,false,0,true,2026-08-10T07:05:43.008Z,1.12.6,1.9.0-DEV,428070c0f9ad,4.16.0,1.3.11,ctbllib-fs2-q5-findall,2397,1842,2026-08-12T13:23:49.589Z
Isoclinic(4x3^2:Q8),288,true,0,true,2026-08-10T07:05:43.008Z,1.12.6,1.9.0-DEV,428070c0f9ad,4.16.0,1.3.11,ctbllib-fs2-q5-findall,2397,1843,2026-08-12T13:23:51.856Z
Isoclinic(6.A6.2_2),4320,false,0,true,2026-08-10T07:05:43.008Z,1.12.6,1.9.0-DEV,428070c0f9ad,4.16.0,1.3.11,ctbllib-fs2-q5-findall,2397,1844,2026-08-12T13:23:52.126Z
Isoclinic(6.A6x2),4320,false,0,true,2026-08-10T07:05:43.008Z,1.12.6,1.9.0-DEV,428070c0f9ad,4.16.0,1.3.11,ctbllib-fs2-q5-findall,2397,1845,2026-08-12T13:23:53.521Z
Isoclinic(6.A7.2),30240,false,0,true,2026-08-10T07:05:43.008Z,1.12.6,1.9.0-DEV,428070c0f9ad,4.16.0,1.3.11,ctbllib-fs2-q5-findall,2397,1846,2026-08-12T13:23:54.339Z
Isoclinic(6.Fi22.2),774741019852800,false,0,true,2026-08-10T07:05:43.008Z,1.12.6,1.9.0-DEV,428070c0f9ad,4.16.0,1.3.11,ctbllib-fs2-q5-findall,2397,1847,2026-08-12T13:25:02.228Z
Isoclinic(6.L3(4).2_1),241920,false,0,true,2026-08-10T07:05:43.008Z,1.12.6,1.9.0-DEV,428070c0f9ad,4.16.0,1.3.11,ctbllib-fs2-q5-findall,2397,1848,2026-08-12T13:25:03.632Z
Isoclinic(6.L3(4).2_2),241920,false,0,true,2026-08-10T07:05:43.008Z,1.12.6,1.9.0-DEV,428070c0f9ad,4.16.0,1.3.11,ctbllib-fs2-q5-findall,2397,1849,2026-08-12T13:25:04.603Z
Isoclinic(6.L3(4).2_3),241920,false,0,true,2026-08-10T07:05:43.008Z,1.12.6,1.9.0-DEV,428070c0f9ad,4.16.0,1.3.11,ctbllib-fs2-q5-findall,2397,1850,2026-08-12T13:25:06.613Z
Isoclinic(6.M22.2),5322240,false,0,true,2026-08-10T07:05:43.008Z,1.12.6,1.9.0-DEV,428070c0f9ad,4.16.0,1.3.11,ctbllib-fs2-q5-findall,2397,1851,2026-08-12T13:25:08.978Z
Isoclinic(6.O7(3).2),55024220160,false,0,true,2026-08-10T07:05:43.008Z,1.12.6,1.9.0-DEV,428070c0f9ad,4.16.0,1.3.11,ctbllib-fs2-q5-findall,2397,1852,2026-08-12T13:25:37.146Z
Isoclinic(6.Suz.2),5380145971200,false,0,true,2026-08-10T07:05:43.008Z,1.12.6,1.9.0-DEV,428070c0f9ad,4.16.0,1.3.11,ctbllib-fs2-q5-findall,2397,1853,2026-08-12T13:25:53.543Z
Isoclinic(6.U6(2).2),110361968640,false,0,true,2026-08-10T07:05:43.008Z,1.12.6,1.9.0-DEV,428070c0f9ad,4.16.0,1.3.11,ctbllib-fs2-q5-findall,2397,1854,2026-08-12T13:26:11.356Z
Isoclinic(6_1.U4(3).2_1),39191040,false,0,true,2026-08-10T07:05:43.008Z,1.12.6,1.9.0-DEV,428070c0f9ad,4.16.0,1.3.11,ctbllib-fs2-q5-findall,2397,1855,2026-08-12T13:26:16.466Z
Isoclinic(6_1.U4(3).2_2'),39191040,false,0,true,2026-08-10T07:05:43.008Z,1.12.6,1.9.0-DEV,428070c0f9ad,4.16.0,1.3.11,ctbllib-fs2-q5-findall,2397,1856,2026-08-12T13:26:21.699Z
Isoclinic(6_1.U4(3).2_2),39191040,false,0,true,2026-08-10T07:05:43.008Z,1.12.6,1.9.0-DEV,428070c0f9ad,4.16.0,1.3.11,ctbllib-fs2-q5-findall,2397,1857,2026-08-12T13:26:37.459Z
Isoclinic(6_2.U4(3).2_1),39191040,false,0,true,2026-08-10T07:05:43.008Z,1.12.6,1.9.0-DEV,428070c0f9ad,4.16.0,1.3.11,ctbllib-fs2-q5-findall,2397,1858,2026-08-12T13:26:44.586Z
Isoclinic(6_2.U4(3).2_3'),39191040,false,0,true,2026-08-10T07:05:43.008Z,1.12.6,1.9.0-DEV,428070c0f9ad,4.16.0,1.3.11,ctbllib-fs2-q5-findall,2397,1859,2026-08-12T13:26:46.526Z
Isoclinic(6_2.U4(3).2_3),39191040,false,0,true,2026-08-10T07:05:43.008Z,1.12.6,1.9.0-DEV,428070c0f9ad,4.16.0,1.3.11,ctbllib-fs2-q5-findall,2397,1860,2026-08-12T13:26:52.836Z
Isoclinic(L2(13).2x2),4368,false,0,true,2026-08-10T07:05:43.008Z,1.12.6,1.9.0-DEV,428070c0f9ad,4.16.0,1.3.11,ctbllib-fs2-q5-findall,2397,1861,2026-08-12T13:26:53.44Z
Isoclinic(L2(25).2_3x2),31200,false,0,true,2026-08-10T07:05:43.008Z,1.12.6,1.9.0-DEV,428070c0f9ad,4.16.0,1.3.11,ctbllib-fs2-q5-findall,2397,1862,2026-08-12T13:26:54.229Z
Isoclinic(L2(49).2_3x2),235200,false,0,true,2026-08-10T07:05:43.008Z,1.12.6,1.9.0-DEV,428070c0f9ad,4.16.0,1.3.11,ctbllib-fs2-q5-findall,2397,1863,2026-08-12T13:26:56.532Z
Isoclinic(L2(81).2_3x2),1062720,false,0,true,2026-08-10T07:05:43.008Z,1.12.6,1.9.0-DEV,428070c0f9ad,4.16.0,1.3.11,ctbllib-fs2-q5-findall,2397,1864,2026-08-12T13:27:30.737Z
Isoclinic(S8x2),80640,false,0,true,2026-08-10T07:05:43.008Z,1.12.6,1.9.0-DEV,428070c0f9ad,4.16.0,1.3.11,ctbllib-fs2-q5-findall,2397,1865,2026-08-12T13:27:31.62Z
Isoclinic(U3(5).2x2),504000,false,0,true,2026-08-10T07:05:43.008Z,1.12.6,1.9.0-DEV,428070c0f9ad,4.16.0,1.3.11,ctbllib-fs2-q5-findall,2397,1866,2026-08-12T13:27:32.342Z
Isoclinic(U3(8).3_3x3),49641984,false,0,true,2026-08-10T07:05:43.008Z,1.12.6,1.9.0-DEV,428070c0f9ad,4.16.0,1.3.11,ctbllib-fs2-q5-findall,2397,1867,2026-08-12T13:27:49.307Z
J1,175560,false,0,true,2026-08-10T07:05:43.008Z,1.12.6,1.9.0-DEV,428070c0f9ad,4.16.0,1.3.11,ctbllib-fs2-q5-findall,2397,1868,2026-08-12T13:27:49.805Z
J1x2,351120,false,0,true,2026-08-10T07:05:43.008Z,1.12.6,1.9.0-DEV,428070c0f9ad,4.16.0,1.3.11,ctbllib-fs2-q5-findall,2397,1869,2026-08-12T13:27:51.045Z
J2,604800,false,0,true,2026-08-10T07:05:43.008Z,1.12.6,1.9.0-DEV,428070c0f9ad,4.16.0,1.3.11,ctbllib-fs2-q5-findall,2397,1870,2026-08-12T13:27:51.215Z
J2.2,1209600,false,0,true,2026-08-10T07:05:43.008Z,1.12.6,1.9.0-DEV,428070c0f9ad,4.16.0,1.3.11,ctbllib-fs2-q5-findall,2397,1871,2026-08-12T13:27:51.479Z
J2.2x2,2419200,false,0,true,2026-08-10T07:05:43.008Z,1.12.6,1.9.0-DEV,428070c0f9ad,4.16.0,1.3.11,ctbllib-fs2-q5-findall,2397,1872,2026-08-12T13:27:53.312Z
J2N2,384,true,0,true,2026-08-10T07:05:43.008Z,1.12.6,1.9.0-DEV,428070c0f9ad,4.16.0,1.3.11,ctbllib-fs2-q5-findall,2397,1873,2026-08-12T13:27:53.56Z
J3,50232960,false,0,true,2026-08-10T07:05:43.008Z,1.12.6,1.9.0-DEV,428070c0f9ad,4.16.0,1.3.11,ctbllib-fs2-q5-findall,2397,1874,2026-08-12T13:27:54.32Z
J3.2,100465920,false,0,true,2026-08-10T07:05:43.008Z,1.12.6,1.9.0-DEV,428070c0f9ad,4.16.0,1.3.11,ctbllib-fs2-q5-findall,2397,1875,2026-08-12T13:27:55.234Z
J4,86775571046077562880,false,0,true,2026-08-10T07:05:43.008Z,1.12.6,1.9.0-DEV,428070c0f9ad,4.16.0,1.3.11,ctbllib-fs2-q5-findall,2397,1876,2026-08-12T13:28:11.26Z
J4M4,660602880,false,0,true,2026-08-10T07:05:43.008Z,1.12.6,1.9.0-DEV,428070c0f9ad,4.16.0,1.3.11,ctbllib-fs2-q5-findall,2397,1877,2026-08-12T13:28:21.657Z
L2(101),515100,false,0,true,2026-08-10T07:05:43.008Z,1.12.6,1.9.0-DEV,428070c0f9ad,4.16.0,1.3.11,ctbllib-fs2-q5-findall,2397,1878,2026-08-12T13:29:59.026Z
L2(103),546312,false,0,true,2026-08-10T07:05:43.008Z,1.12.6,1.9.0-DEV,428070c0f9ad,4.16.0,1.3.11,ctbllib-fs2-q5-findall,2397,1879,2026-08-12T13:31:40.921Z
L2(107),612468,false,0,true,2026-08-10T07:05:43.008Z,1.12.6,1.9.0-DEV,428070c0f9ad,4.16.0,1.3.11,ctbllib-fs2-q5-findall,2397,1880,2026-08-12T13:34:48.454Z
L2(109),647460,false,0,true,2026-08-10T07:05:43.008Z,1.12.6,1.9.0-DEV,428070c0f9ad,4.16.0,1.3.11,ctbllib-fs2-q5-findall,2397,1881,2026-08-12T13:36:25.869Z
L2(11),660,false,0,true,2026-08-10T07:05:43.008Z,1.12.6,1.9.0-DEV,428070c0f9ad,4.16.0,1.3.11,ctbllib-fs2-q5-findall,2397,1882,2026-08-12T13:36:26.002Z
L2(11).2,1320,false,0,true,2026-08-10T07:05:43.008Z,1.12.6,1.9.0-DEV,428070c0f9ad,4.16.0,1.3.11,ctbllib-fs2-q5-findall,2397,1883,2026-08-12T13:36:26.072Z
L2(113),721392,false,0,true,2026-08-10T07:05:43.008Z,1.12.6,1.9.0-DEV,428070c0f9ad,4.16.0,1.3.11,ctbllib-fs2-q5-findall,2397,1884,2026-08-12T13:38:44.39Z
L2(121),885720,false,0,true,2026-08-10T07:05:43.008Z,1.12.6,1.9.0-DEV,428070c0f9ad,4.16.0,1.3.11,ctbllib-fs2-q5-findall,2397,1885,2026-08-12T13:41:24.824Z
L2(125),976500,false,0,true,2026-08-10T07:05:43.008Z,1.12.6,1.9.0-DEV,428070c0f9ad,4.16.0,1.3.11,ctbllib-fs2-q5-findall,2397,1886,2026-08-12T13:42:37.803Z
L2(13),1092,false,0,true,2026-08-10T07:05:43.008Z,1.12.6,1.9.0-DEV,428070c0f9ad,4.16.0,1.3.11,ctbllib-fs2-q5-findall,2397,1887,2026-08-12T13:42:38.515Z
L2(13).2,2184,false,0,true,2026-08-10T07:05:43.008Z,1.12.6,1.9.0-DEV,428070c0f9ad,4.16.0,1.3.11,ctbllib-fs2-q5-findall,2397,1888,2026-08-12T13:42:38.695Z
L2(16),4080,false,0,true,2026-08-10T07:05:43.008Z,1.12.6,1.9.0-DEV,428070c0f9ad,4.16.0,1.3.11,ctbllib-fs2-q5-findall,2397,1889,2026-08-12T13:42:39.978Z
L2(16).2,8160,false,0,true,2026-08-10T07:05:43.008Z,1.12.6,1.9.0-DEV,428070c0f9ad,4.16.0,1.3.11,ctbllib-fs2-q5-findall,2397,1890,2026-08-12T13:42:40.483Z
L2(16).4,16320,false,0,true,2026-08-10T07:05:43.008Z,1.12.6,1.9.0-DEV,428070c0f9ad,4.16.0,1.3.11,ctbllib-fs2-q5-findall,2397,1891,2026-08-12T13:42:40.864Z
L2(17),2448,false,0,true,2026-08-10T07:05:43.008Z,1.12.6,1.9.0-DEV,428070c0f9ad,4.16.0,1.3.11,ctbllib-fs2-q5-findall,2397,1892,2026-08-12T13:42:41.179Z
L2(17).2,4896,false,0,true,2026-08-10T07:05:43.008Z,1.12.6,1.9.0-DEV,428070c0f9ad,4.16.0,1.3.11,ctbllib-fs2-q5-findall,2397,1893,2026-08-12T13:42:41.4Z
L2(17)x2,4896,false,0,true,2026-08-10T07:05:43.008Z,1.12.6,1.9.0-DEV,428070c0f9ad,4.16.0,1.3.11,ctbllib-fs2-q5-findall,2397,1894,2026-08-12T13:42:42.217Z
L2(19),3420,false,0,true,2026-08-10T07:05:43.008Z,1.12.6,1.9.0-DEV,428070c0f9ad,4.16.0,1.3.11,ctbllib-fs2-q5-findall,2397,1895,2026-08-12T13:42:42.632Z
L2(19).2,6840,false,0,true,2026-08-10T07:05:43.008Z,1.12.6,1.9.0-DEV,428070c0f9ad,4.16.0,1.3.11,ctbllib-fs2-q5-findall,2397,1896,2026-08-12T13:42:42.874Z
L2(23),6072,false,0,true,2026-08-10T07:05:43.008Z,1.12.6,1.9.0-DEV,428070c0f9ad,4.16.0,1.3.11,ctbllib-fs2-q5-findall,2397,1897,2026-08-12T13:42:43.615Z
L2(23).2,12144,false,0,true,2026-08-10T07:05:43.008Z,1.12.6,1.9.0-DEV,428070c0f9ad,4.16.0,1.3.11,ctbllib-fs2-q5-findall,2397,1898,2026-08-12T13:42:44.182Z
L2(25),7800,false,0,true,2026-08-10T07:05:43.008Z,1.12.6,1.9.0-DEV,428070c0f9ad,4.16.0,1.3.11,ctbllib-fs2-q5-findall,2397,1899,2026-08-12T13:42:44.552Z
L2(25).(2x4),62400,false,0,true,2026-08-10T07:05:43.008Z,1.12.6,1.9.0-DEV,428070c0f9ad,4.16.0,1.3.11,ctbllib-fs2-q5-findall,2397,1900,2026-08-12T13:42:46.865Z
L2(25).2^2,31200,false,0,true,2026-08-10T07:05:43.008Z,1.12.6,1.9.0-DEV,428070c0f9ad,4.16.0,1.3.11,ctbllib-fs2-q5-findall,2397,1901,2026-08-12T13:42:47.431Z
L2(25).2_1,15600,false,0,true,2026-08-10T07:05:43.008Z,1.12.6,1.9.0-DEV,428070c0f9ad,4.16.0,1.3.11,ctbllib-fs2-q5-findall,2397,1902,2026-08-12T13:42:48.268Z
L2(25).2_2,15600,false,0,true,2026-08-10T07:05:43.008Z,1.12.6,1.9.0-DEV,428070c0f9ad,4.16.0,1.3.11,ctbllib-fs2-q5-findall,2397,1903,2026-08-12T13:42:48.564Z
L2(25).2_3,15600,false,0,true,2026-08-10T07:05:43.008Z,1.12.6,1.9.0-DEV,428070c0f9ad,4.16.0,1.3.11,ctbllib-fs2-q5-findall,2397,1904,2026-08-12T13:42:48.828Z
L2(27),9828,false,0,true,2026-08-10T07:05:43.008Z,1.12.6,1.9.0-DEV,428070c0f9ad,4.16.0,1.3.11,ctbllib-fs2-q5-findall,2397,1905,2026-08-12T13:42:49.317Z
L2(27).2,19656,false,0,true,2026-08-10T07:05:43.008Z,1.12.6,1.9.0-DEV,428070c0f9ad,4.16.0,1.3.11,ctbllib-fs2-q5-findall,2397,1906,2026-08-12T13:42:50.351Z
L2(27).3,29484,false,0,true,2026-08-10T07:05:43.008Z,1.12.6,1.9.0-DEV,428070c0f9ad,4.16.0,1.3.11,ctbllib-fs2-q5-findall,2397,1907,2026-08-12T13:42:50.644Z
L2(27).6,58968,false,0,true,2026-08-10T07:05:43.008Z,1.12.6,1.9.0-DEV,428070c0f9ad,4.16.0,1.3.11,ctbllib-fs2-q5-findall,2397,1908,2026-08-12T13:42:52.319Z
L2(29),12180,false,0,true,2026-08-10T07:05:43.008Z,1.12.6,1.9.0-DEV,428070c0f9ad,4.16.0,1.3.11,ctbllib-fs2-q5-findall,2397,1909,2026-08-12T13:42:53.505Z
L2(29).2,24360,false,0,true,2026-08-10T07:05:43.008Z,1.12.6,1.9.0-DEV,428070c0f9ad,4.16.0,1.3.11,ctbllib-fs2-q5-findall,2397,1910,2026-08-12T13:42:53.967Z
L2(31),14880,false,0,true,2026-08-10T07:05:43.008Z,1.12.6,1.9.0-DEV,428070c0f9ad,4.16.0,1.3.11,ctbllib-fs2-q5-findall,2397,1911,2026-08-12T13:42:55.204Z
L2(31).2,29760,false,0,true,2026-08-10T07:05:43.008Z,1.12.6,1.9.0-DEV,428070c0f9ad,4.16.0,1.3.11,ctbllib-fs2-q5-findall,2397,1912,2026-08-12T13:42:55.576Z
L2(32),32736,false,0,true,2026-08-10T07:05:43.008Z,1.12.6,1.9.0-DEV,428070c0f9ad,4.16.0,1.3.11,ctbllib-fs2-q5-findall,2397,1913,2026-08-12T13:43:21.605Z
L2(32).5,163680,false,0,true,2026-08-10T07:05:43.008Z,1.12.6,1.9.0-DEV,428070c0f9ad,4.16.0,1.3.11,ctbllib-fs2-q5-findall,2397,1914,2026-08-12T13:43:24.141Z
L2(37),25308,false,0,true,2026-08-10T07:05:43.008Z,1.12.6,1.9.0-DEV,428070c0f9ad,4.16.0,1.3.11,ctbllib-fs2-q5-findall,2397,1915,2026-08-12T13:43:28.88Z
L2(41),34440,false,0,true,2026-08-10T07:05:43.008Z,1.12.6,1.9.0-DEV,428070c0f9ad,4.16.0,1.3.11,ctbllib-fs2-q5-findall,2397,1916,2026-08-12T13:43:33.32Z
L2(43),39732,false,0,true,2026-08-10T07:05:43.008Z,1.12.6,1.9.0-DEV,428070c0f9ad,4.16.0,1.3.11,ctbllib-fs2-q5-findall,2397,1917,2026-08-12T13:43:37.957Z
L2(47),51888,false,0,true,2026-08-10T07:05:43.008Z,1.12.6,1.9.0-DEV,428070c0f9ad,4.16.0,1.3.11,ctbllib-fs2-q5-findall,2397,1918,2026-08-12T13:43:48.141Z
L2(49),58800,false,0,true,2026-08-10T07:05:43.008Z,1.12.6,1.9.0-DEV,428070c0f9ad,4.16.0,1.3.11,ctbllib-fs2-q5-findall,2397,1919,2026-08-12T13:43:48.355Z
L2(49).2^2,235200,false,0,true,2026-08-10T07:05:43.008Z,1.12.6,1.9.0-DEV,428070c0f9ad,4.16.0,1.3.11,ctbllib-fs2-q5-findall,2397,1920,2026-08-12T13:43:48.767Z
L2(49).2_1,117600,false,0,true,2026-08-10T07:05:43.008Z,1.12.6,1.9.0-DEV,428070c0f9ad,4.16.0,1.3.11,ctbllib-fs2-q5-findall,2397,1921,2026-08-12T13:43:49.531Z
L2(49).2_2,117600,false,0,true,2026-08-10T07:05:43.008Z,1.12.6,1.9.0-DEV,428070c0f9ad,4.16.0,1.3.11,ctbllib-fs2-q5-findall,2397,1922,2026-08-12T13:43:50.499Z
L2(49).2_3,117600,false,0,true,2026-08-10T07:05:43.008Z,1.12.6,1.9.0-DEV,428070c0f9ad,4.16.0,1.3.11,ctbllib-fs2-q5-findall,2397,1923,2026-08-12T13:43:50.678Z
L2(53),74412,false,0,true,2026-08-10T07:05:43.008Z,1.12.6,1.9.0-DEV,428070c0f9ad,4.16.0,1.3.11,ctbllib-fs2-q5-findall,2397,1924,2026-08-12T13:44:01.825Z
L2(59),102660,false,0,true,2026-08-10T07:05:43.008Z,1.12.6,1.9.0-DEV,428070c0f9ad,4.16.0,1.3.11,ctbllib-fs2-q5-findall,2397,1925,2026-08-12T13:44:25.62Z
L2(61),113460,false,0,true,2026-08-10T07:05:43.008Z,1.12.6,1.9.0-DEV,428070c0f9ad,4.16.0,1.3.11,ctbllib-fs2-q5-findall,2397,1926,2026-08-12T13:44:54.125Z
L2(64),262080,false,0,true,2026-08-10T07:05:43.008Z,1.12.6,1.9.0-DEV,428070c0f9ad,4.16.0,1.3.11,ctbllib-fs2-q5-findall,2397,1927,2026-08-12T13:45:37.839Z
L2(64).6,1572480,false,0,true,2026-08-10T07:05:43.008Z,1.12.6,1.9.0-DEV,428070c0f9ad,4.16.0,1.3.11,ctbllib-fs2-q5-findall,2397,1928,2026-08-12T13:45:43.839Z
L2(67),150348,false,0,true,2026-08-10T07:05:43.008Z,1.12.6,1.9.0-DEV,428070c0f9ad,4.16.0,1.3.11,ctbllib-fs2-q5-findall,2397,1929,2026-08-12T13:46:09.531Z
L2(71),178920,false,0,true,2026-08-10T07:05:43.008Z,1.12.6,1.9.0-DEV,428070c0f9ad,4.16.0,1.3.11,ctbllib-fs2-q5-findall,2397,1930,2026-08-12T13:46:31.744Z
L2(73),194472,false,0,true,2026-08-10T07:05:43.008Z,1.12.6,1.9.0-DEV,428070c0f9ad,4.16.0,1.3.11,ctbllib-fs2-q5-findall,2397,1931,2026-08-12T13:47:26.274Z
L2(79),246480,false,0,true,2026-08-10T07:05:43.008Z,1.12.6,1.9.0-DEV,428070c0f9ad,4.16.0,1.3.11,ctbllib-fs2-q5-findall,2397,1932,2026-08-12T13:48:07.22Z
L2(8),504,false,0,true,2026-08-10T07:05:43.008Z,1.12.6,1.9.0-DEV,428070c0f9ad,4.16.0,1.3.11,ctbllib-fs2-q5-findall,2397,1933,2026-08-12T13:48:07.363Z
L2(8).3,1512,false,0,true,2026-08-10T07:05:43.008Z,1.12.6,1.9.0-DEV,428070c0f9ad,4.16.0,1.3.11,ctbllib-fs2-q5-findall,2397,1934,2026-08-12T13:48:07.467Z
L2(8):3x2,3024,false,0,true,2026-08-10T07:05:43.008Z,1.12.6,1.9.0-DEV,428070c0f9ad,4.16.0,1.3.11,ctbllib-fs2-q5-findall,2397,1935,2026-08-12T13:48:08.471Z
L2(81),265680,false,0,true,2026-08-10T07:05:43.008Z,1.12.6,1.9.0-DEV,428070c0f9ad,4.16.0,1.3.11,ctbllib-fs2-q5-findall,2397,1936,2026-08-12T13:48:48.906Z
L2(81).(2x4),2125440,false,0,true,2026-08-10T07:05:43.008Z,1.12.6,1.9.0-DEV,428070c0f9ad,4.16.0,1.3.11,ctbllib-fs2-q5-findall,2397,1937,2026-08-12T13:49:05.078Z
L2(81).2^2,1062720,false,0,true,2026-08-10T07:05:43.008Z,1.12.6,1.9.0-DEV,428070c0f9ad,4.16.0,1.3.11,ctbllib-fs2-q5-findall,2397,1938,2026-08-12T13:49:38.776Z
L2(81).2_1,531360,false,0,true,2026-08-10T07:05:43.008Z,1.12.6,1.9.0-DEV,428070c0f9ad,4.16.0,1.3.11,ctbllib-fs2-q5-findall,2397,1939,2026-08-12T13:49:55.165Z
L2(81).2_2,531360,false,0,true,2026-08-10T07:05:43.008Z,1.12.6,1.9.0-DEV,428070c0f9ad,4.16.0,1.3.11,ctbllib-fs2-q5-findall,2397,1940,2026-08-12T13:51:19.886Z
L2(81).2_3,531360,false,0,true,2026-08-10T07:05:43.008Z,1.12.6,1.9.0-DEV,428070c0f9ad,4.16.0,1.3.11,ctbllib-fs2-q5-findall,2397,1941,2026-08-12T13:51:36.347Z
L2(81).4_1,1062720,false,0,true,2026-08-10T07:05:43.008Z,1.12.6,1.9.0-DEV,428070c0f9ad,4.16.0,1.3.11,ctbllib-fs2-q5-findall,2397,1942,2026-08-12T13:51:44.437Z
L2(81).4_2,1062720,false,0,true,2026-08-10T07:05:43.008Z,1.12.6,1.9.0-DEV,428070c0f9ad,4.16.0,1.3.11,ctbllib-fs2-q5-findall,2397,1943,2026-08-12T13:51:52.207Z
L2(83),285852,false,0,true,2026-08-10T07:05:43.008Z,1.12.6,1.9.0-DEV,428070c0f9ad,4.16.0,1.3.11,ctbllib-fs2-q5-findall,2397,1944,2026-08-12T13:53:11.885Z
L2(89),352440,false,0,true,2026-08-10T07:05:43.008Z,1.12.6,1.9.0-DEV,428070c0f9ad,4.16.0,1.3.11,ctbllib-fs2-q5-findall,2397,1945,2026-08-12T13:54:00.891Z
L2(97),456288,false,0,true,2026-08-10T07:05:43.008Z,1.12.6,1.9.0-DEV,428070c0f9ad,4.16.0,1.3.11,ctbllib-fs2-q5-findall,2397,1946,2026-08-12T13:56:12.755Z
L3(11),212427600,false,0,true,2026-08-10T07:05:43.008Z,1.12.6,1.9.0-DEV,428070c0f9ad,4.16.0,1.3.11,ctbllib-fs2-q5-findall,2397,1947,2026-08-12T14:10:53.499Z
L3(2),168,false,0,true,2026-08-10T07:05:43.008Z,1.12.6,1.9.0-DEV,428070c0f9ad,4.16.0,1.3.11,ctbllib-fs2-q5-findall,2397,1948,2026-08-12T14:10:53.575Z
L3(2).2,336,false,0,true,2026-08-10T07:05:43.008Z,1.12.6,1.9.0-DEV,428070c0f9ad,4.16.0,1.3.11,ctbllib-fs2-q5-findall,2397,1949,2026-08-12T14:10:53.625Z
L3(2).2x2,672,false,0,true,2026-08-10T07:05:43.008Z,1.12.6,1.9.0-DEV,428070c0f9ad,4.16.0,1.3.11,ctbllib-fs2-q5-findall,2397,1950,2026-08-12T14:10:53.802Z
L3(2)wr2,56448,false,0,true,2026-08-10T07:05:43.008Z,1.12.6,1.9.0-DEV,428070c0f9ad,4.16.0,1.3.11,ctbllib-fs2-q5-findall,2397,1951,2026-08-12T14:10:54.512Z
L3(2)xS3,1008,false,0,true,2026-08-10T07:05:43.008Z,1.12.6,1.9.0-DEV,428070c0f9ad,4.16.0,1.3.11,ctbllib-fs2-q5-findall,2397,1952,2026-08-12T14:10:55.105Z
L3(3),5616,false,0,true,2026-08-10T07:05:43.008Z,1.12.6,1.9.0-DEV,428070c0f9ad,4.16.0,1.3.11,ctbllib-fs2-q5-findall,2397,1953,2026-08-12T14:10:55.374Z
L3(3).2,11232,false,0,true,2026-08-10T07:05:43.008Z,1.12.6,1.9.0-DEV,428070c0f9ad,4.16.0,1.3.11,ctbllib-fs2-q5-findall,2397,1954,2026-08-12T14:10:55.582Z
L3(3)x2,11232,false,0,true,2026-08-10T07:05:43.008Z,1.12.6,1.9.0-DEV,428070c0f9ad,4.16.0,1.3.11,ctbllib-fs2-q5-findall,2397,1955,2026-08-12T14:10:56.52Z
L3(3)xD8,44928,false,0,true,2026-08-10T07:05:43.008Z,1.12.6,1.9.0-DEV,428070c0f9ad,4.16.0,1.3.11,ctbllib-fs2-q5-findall,2397,1956,2026-08-12T14:11:00.595Z
L3(4),20160,false,0,true,2026-08-10T07:05:43.008Z,1.12.6,1.9.0-DEV,428070c0f9ad,4.16.0,1.3.11,ctbllib-fs2-q5-findall,2397,1957,2026-08-12T14:11:00.698Z
L3(4).2^2,80640,false,0,true,2026-08-10T07:05:43.008Z,1.12.6,1.9.0-DEV,428070c0f9ad,4.16.0,1.3.11,ctbllib-fs2-q5-findall,2397,1958,2026-08-12T14:11:00.889Z
L3(4).2_1,40320,false,0,true,2026-08-10T07:05:43.008Z,1.12.6,1.9.0-DEV,428070c0f9ad,4.16.0,1.3.11,ctbllib-fs2-q5-findall,2397,1959,2026-08-12T14:11:00.976Z
L3(4).2_2,40320,false,0,true,2026-08-10T07:05:43.008Z,1.12.6,1.9.0-DEV,428070c0f9ad,4.16.0,1.3.11,ctbllib-fs2-q5-findall,2397,1960,2026-08-12T14:11:01.139Z
L3(4).2_3,40320,false,0,true,2026-08-10T07:05:43.008Z,1.12.6,1.9.0-DEV,428070c0f9ad,4.16.0,1.3.11,ctbllib-fs2-q5-findall,2397,1961,2026-08-12T14:11:01.218Z
L3(4).3,60480,false,0,true,2026-08-10T07:05:43.008Z,1.12.6,1.9.0-DEV,428070c0f9ad,4.16.0,1.3.11,ctbllib-fs2-q5-findall,2397,1962,2026-08-12T14:11:02.133Z
L3(4).3.2_2,120960,false,0,true,2026-08-10T07:05:43.008Z,1.12.6,1.9.0-DEV,428070c0f9ad,4.16.0,1.3.11,ctbllib-fs2-q5-findall,2397,1963,2026-08-12T14:11:02.431Z
L3(4).3.2_3,120960,false,0,true,2026-08-10T07:05:43.008Z,1.12.6,1.9.0-DEV,428070c0f9ad,4.16.0,1.3.11,ctbllib-fs2-q5-findall,2397,1964,2026-08-12T14:11:02.719Z
L3(4).6,120960,false,0,true,2026-08-10T07:05:43.008Z,1.12.6,1.9.0-DEV,428070c0f9ad,4.16.0,1.3.11,ctbllib-fs2-q5-findall,2397,1965,2026-08-12T14:11:03.16Z
L3(4).D12,241920,false,0,true,2026-08-10T07:05:43.008Z,1.12.6,1.9.0-DEV,428070c0f9ad,4.16.0,1.3.11,ctbllib-fs2-q5-findall,2397,1966,2026-08-12T14:11:03.455Z
L3(4)Syl2,64,true,0,true,2026-08-10T07:05:43.008Z,1.12.6,1.9.0-DEV,428070c0f9ad,4.16.0,1.3.11,ctbllib-fs2-q5-findall,2397,1967,2026-08-12T14:11:03.635Z
L3(5),372000,false,0,true,2026-08-10T07:05:43.008Z,1.12.6,1.9.0-DEV,428070c0f9ad,4.16.0,1.3.11,ctbllib-fs2-q5-findall,2397,1968,2026-08-12T14:11:14.105Z
L3(5).2,744000,false,0,true,2026-08-10T07:05:43.008Z,1.12.6,1.9.0-DEV,428070c0f9ad,4.16.0,1.3.11,ctbllib-fs2-q5-findall,2397,1969,2026-08-12T14:11:17.302Z
L3(7),1876896,false,0,true,2026-08-10T07:05:43.008Z,1.12.6,1.9.0-DEV,428070c0f9ad,4.16.0,1.3.11,ctbllib-fs2-q5-findall,2397,1970,2026-08-12T14:11:18.425Z
L3(7).2,3753792,false,0,true,2026-08-10T07:05:43.008Z,1.12.6,1.9.0-DEV,428070c0f9ad,4.16.0,1.3.11,ctbllib-fs2-q5-findall,2397,1971,2026-08-12T14:11:19.035Z
L3(7).3,5630688,false,0,true,2026-08-10T07:05:43.008Z,1.12.6,1.9.0-DEV,428070c0f9ad,4.16.0,1.3.11,ctbllib-fs2-q5-findall,2397,1972,2026-08-12T14:12:25.177Z
L3(7).S3,11261376,false,0,true,2026-08-10T07:05:43.008Z,1.12.6,1.9.0-DEV,428070c0f9ad,4.16.0,1.3.11,ctbllib-fs2-q5-findall,2397,1973,2026-08-12T14:12:48.683Z
L3(8),16482816,false,0,true,2026-08-10T07:05:43.008Z,1.12.6,1.9.0-DEV,428070c0f9ad,4.16.0,1.3.11,ctbllib-fs2-q5-findall,2397,1974,2026-08-12T14:16:42.846Z
L3(8).2,32965632,false,0,true,2026-08-10T07:05:43.008Z,1.12.6,1.9.0-DEV,428070c0f9ad,4.16.0,1.3.11,ctbllib-fs2-q5-findall,2397,1975,2026-08-12T14:18:26.483Z
L3(8).3,49448448,false,0,true,2026-08-10T07:05:43.008Z,1.12.6,1.9.0-DEV,428070c0f9ad,4.16.0,1.3.11,ctbllib-fs2-q5-findall,2397,1976,2026-08-12T14:19:43.309Z
L3(8).6,98896896,false,0,true,2026-08-10T07:05:43.008Z,1.12.6,1.9.0-DEV,428070c0f9ad,4.16.0,1.3.11,ctbllib-fs2-q5-findall,2397,1977,2026-08-12T14:20:21.83Z
L3(9),42456960,false,0,true,2026-08-10T07:05:43.008Z,1.12.6,1.9.0-DEV,428070c0f9ad,4.16.0,1.3.11,ctbllib-fs2-q5-findall,2397,1978,2026-08-12T14:24:05.883Z
L3(9).2^2,169827840,false,0,true,2026-08-10T07:05:43.008Z,1.12.6,1.9.0-DEV,428070c0f9ad,4.16.0,1.3.11,ctbllib-fs2-q5-findall,2397,1979,2026-08-12T14:25:00.842Z
L3(9).2_1,84913920,false,0,true,2026-08-10T07:05:43.008Z,1.12.6,1.9.0-DEV,428070c0f9ad,4.16.0,1.3.11,ctbllib-fs2-q5-findall,2397,1980,2026-08-12T14:26:38.621Z
L3(9).2_2,84913920,false,0,true,2026-08-10T07:05:43.008Z,1.12.6,1.9.0-DEV,428070c0f9ad,4.16.0,1.3.11,ctbllib-fs2-q5-findall,2397,1981,2026-08-12T14:28:20.405Z
L3(9).2_3,84913920,false,0,true,2026-08-10T07:05:43.008Z,1.12.6,1.9.0-DEV,428070c0f9ad,4.16.0,1.3.11,ctbllib-fs2-q5-findall,2397,1982,2026-08-12T14:29:58.147Z
L4(3),6065280,false,0,true,2026-08-10T07:05:43.008Z,1.12.6,1.9.0-DEV,428070c0f9ad,4.16.0,1.3.11,ctbllib-fs2-q5-findall,2397,1983,2026-08-12T14:29:58.672Z
L4(3).2^2,24261120,false,0,true,2026-08-10T07:05:43.008Z,1.12.6,1.9.0-DEV,428070c0f9ad,4.16.0,1.3.11,ctbllib-fs2-q5-findall,2397,1984,2026-08-12T14:30:00.001Z
L4(3).2_1,12130560,false,0,true,2026-08-10T07:05:43.008Z,1.12.6,1.9.0-DEV,428070c0f9ad,4.16.0,1.3.11,ctbllib-fs2-q5-findall,2397,1985,2026-08-12T14:30:00.939Z
L4(3).2_2,12130560,false,0,true,2026-08-10T07:05:43.008Z,1.12.6,1.9.0-DEV,428070c0f9ad,4.16.0,1.3.11,ctbllib-fs2-q5-findall,2397,1986,2026-08-12T14:30:01.947Z
L4(3).2_3,12130560,false,0,true,2026-08-10T07:05:43.008Z,1.12.6,1.9.0-DEV,428070c0f9ad,4.16.0,1.3.11,ctbllib-fs2-q5-findall,2397,1987,2026-08-12T14:30:04.102Z
L4(3)x2,12130560,false,0,true,2026-08-10T07:05:43.008Z,1.12.6,1.9.0-DEV,428070c0f9ad,4.16.0,1.3.11,ctbllib-fs2-q5-findall,2397,1988,2026-08-12T14:30:05.731Z
L4(4),987033600,false,0,true,2026-08-10T07:05:43.008Z,1.12.6,1.9.0-DEV,428070c0f9ad,4.16.0,1.3.11,ctbllib-fs2-q5-findall,2397,1989,2026-08-12T14:30:59.993Z
L4(4).2^2,3948134400,false,0,true,2026-08-10T07:05:43.008Z,1.12.6,1.9.0-DEV,428070c0f9ad,4.16.0,1.3.11,ctbllib-fs2-q5-findall,2397,1990,2026-08-12T14:31:18.428Z
L4(4).2_1,1974067200,false,0,true,2026-08-10T07:05:43.008Z,1.12.6,1.9.0-DEV,428070c0f9ad,4.16.0,1.3.11,ctbllib-fs2-q5-findall,2397,1991,2026-08-12T14:31:39.979Z
L4(4).2_2,1974067200,false,0,true,2026-08-10T07:05:43.008Z,1.12.6,1.9.0-DEV,428070c0f9ad,4.16.0,1.3.11,ctbllib-fs2-q5-findall,2397,1992,2026-08-12T14:31:55.81Z
L4(4).2_3,1974067200,false,0,true,2026-08-10T07:05:43.008Z,1.12.6,1.9.0-DEV,428070c0f9ad,4.16.0,1.3.11,ctbllib-fs2-q5-findall,2397,1993,2026-08-12T14:32:16.749Z
L4(5),7254000000,false,0,true,2026-08-10T07:05:43.008Z,1.12.6,1.9.0-DEV,428070c0f9ad,4.16.0,1.3.11,ctbllib-fs2-q5-findall,2397,1994,2026-08-12T14:32:34.797Z
L4(9),50759843097600,false,0,true,2026-08-10T07:05:43.008Z,1.12.6,1.9.0-DEV,428070c0f9ad,4.16.0,1.3.11,ctbllib-fs2-q5-findall,2397,1995,2026-08-12T14:53:42.55Z
L5(2),9999360,false,0,true,2026-08-10T07:05:43.008Z,1.12.6,1.9.0-DEV,428070c0f9ad,4.16.0,1.3.11,ctbllib-fs2-q5-findall,2397,1996,2026-08-12T14:53:47.315Z
L5(2).2,19998720,false,0,true,2026-08-10T07:05:43.008Z,1.12.6,1.9.0-DEV,428070c0f9ad,4.16.0,1.3.11,ctbllib-fs2-q5-findall,2397,1997,2026-08-12T14:53:50.477Z
L5(3),237783237120,false,0,true,2026-08-10T07:05:43.008Z,1.12.6,1.9.0-DEV,428070c0f9ad,4.16.0,1.3.11,ctbllib-fs2-q5-findall,2397,1998,2026-08-12T15:04:04.214Z
L5(3).2,475566474240,false,0,true,2026-08-10T07:05:43.008Z,1.12.6,1.9.0-DEV,428070c0f9ad,4.16.0,1.3.11,ctbllib-fs2-q5-findall,2397,1999,2026-08-12T15:09:13.674Z
L6(2),20158709760,false,0,true,2026-08-10T07:05:43.008Z,1.12.6,1.9.0-DEV,428070c0f9ad,4.16.0,1.3.11,ctbllib-fs2-q5-findall,2397,2000,2026-08-12T15:09:32.683Z
L6(2).2,40317419520,false,0,true,2026-08-10T07:05:43.008Z,1.12.6,1.9.0-DEV,428070c0f9ad,4.16.0,1.3.11,ctbllib-fs2-q5-findall,2397,2001,2026-08-12T15:09:42.198Z
L7(2),163849992929280,false,0,true,2026-08-10T07:05:43.008Z,1.12.6,1.9.0-DEV,428070c0f9ad,4.16.0,1.3.11,ctbllib-fs2-q5-findall,2397,2002,2026-08-12T15:19:00.784Z
L7(2).2,327699985858560,false,0,true,2026-08-10T07:05:43.008Z,1.12.6,1.9.0-DEV,428070c0f9ad,4.16.0,1.3.11,ctbllib-fs2-q5-findall,2397,2003,2026-08-12T15:23:52.261Z
L8(2),5348063769211699200,false,0,true,2026-08-10T07:05:43.008Z,1.12.6,1.9.0-DEV,428070c0f9ad,4.16.0,1.3.11,ctbllib-fs2-q5-findall,2397,2004,2026-08-12T16:05:42.66Z
Ly,51765179004000000,false,0,true,2026-08-10T07:05:43.008Z,1.12.6,1.9.0-DEV,428070c0f9ad,4.16.0,1.3.11,ctbllib-fs2-q5-findall,2397,2005,2026-08-12T16:06:13.766Z
LyN2,256,true,0,true,2026-08-10T07:05:43.008Z,1.12.6,1.9.0-DEV,428070c0f9ad,4.16.0,1.3.11,ctbllib-fs2-q5-findall,2397,2006,2026-08-12T16:06:14.003Z
LyN3,69984,true,0,true,2026-08-10T07:05:43.008Z,1.12.6,1.9.0-DEV,428070c0f9ad,4.16.0,1.3.11,ctbllib-fs2-q5-findall,2397,2007,2026-08-12T16:06:14.764Z
LyN5,250000,true,0,true,2026-08-10T07:05:43.008Z,1.12.6,1.9.0-DEV,428070c0f9ad,4.16.0,1.3.11,ctbllib-fs2-q5-findall,2397,2008,2026-08-12T16:06:15.739Z
M,808017424794512875886459904961710757005754368000000000,false,0,true,2026-08-10T07:05:43.008Z,1.12.6,1.9.0-DEV,428070c0f9ad,4.16.0,1.3.11,ctbllib-fs2-q5-findall,2397,2009,2026-08-12T16:08:54.348Z
M10x2,1440,false,0,true,2026-08-10T07:05:43.008Z,1.12.6,1.9.0-DEV,428070c0f9ad,4.16.0,1.3.11,ctbllib-fs2-q5-findall,2397,2010,2026-08-12T16:08:54.494Z
M11,7920,false,0,true,2026-08-10T07:05:43.008Z,1.12.6,1.9.0-DEV,428070c0f9ad,4.16.0,1.3.11,ctbllib-fs2-q5-findall,2397,2011,2026-08-12T16:08:54.627Z
M11N2,16,true,0,true,2026-08-10T07:05:43.008Z,1.12.6,1.9.0-DEV,428070c0f9ad,4.16.0,1.3.11,ctbllib-fs2-q5-findall,2397,2012,2026-08-12T16:08:54.694Z
M11xA6.2^2,11404800,false,0,true,2026-08-10T07:05:43.008Z,1.12.6,1.9.0-DEV,428070c0f9ad,4.16.0,1.3.11,ctbllib-fs2-q5-findall,2397,2013,2026-08-12T16:09:06.801Z
M11xS3,47520,false,0,true,2026-08-10T07:05:43.008Z,1.12.6,1.9.0-DEV,428070c0f9ad,4.16.0,1.3.11,ctbllib-fs2-q5-findall,2397,2014,2026-08-12T16:09:07.46Z
M12,95040,false,0,true,2026-08-10T07:05:43.008Z,1.12.6,1.9.0-DEV,428070c0f9ad,4.16.0,1.3.11,ctbllib-fs2-q5-findall,2397,2015,2026-08-12T16:09:07.653Z
M12.2,190080,false,0,true,2026-08-10T07:05:43.008Z,1.12.6,1.9.0-DEV,428070c0f9ad,4.16.0,1.3.11,ctbllib-fs2-q5-findall,2397,2016,2026-08-12T16:09:07.813Z
M12.2x2,380160,false,0,true,2026-08-10T07:05:43.008Z,1.12.6,1.9.0-DEV,428070c0f9ad,4.16.0,1.3.11,ctbllib-fs2-q5-findall,2397,2017,2026-08-12T16:09:08.467Z
M12C4,32,true,0,true,2026-08-10T07:05:43.008Z,1.12.6,1.9.0-DEV,428070c0f9ad,4.16.0,1.3.11,ctbllib-fs2-q5-findall,2397,2018,2026-08-12T16:09:08.649Z
M12N2,64,true,0,true,2026-08-10T07:05:43.008Z,1.12.6,1.9.0-DEV,428070c0f9ad,4.16.0,1.3.11,ctbllib-fs2-q5-findall,2397,2019,2026-08-12T16:09:08.796Z
M12N3,108,true,0,true,2026-08-10T07:05:43.008Z,1.12.6,1.9.0-DEV,428070c0f9ad,4.16.0,1.3.11,ctbllib-fs2-q5-findall,2397,2020,2026-08-12T16:09:08.857Z
M22,443520,false,0,true,2026-08-10T07:05:43.008Z,1.12.6,1.9.0-DEV,428070c0f9ad,4.16.0,1.3.11,ctbllib-fs2-q5-findall,2397,2021,2026-08-12T16:09:09.05Z
M22.2,887040,false,0,true,2026-08-10T07:05:43.008Z,1.12.6,1.9.0-DEV,428070c0f9ad,4.16.0,1.3.11,ctbllib-fs2-q5-findall,2397,2022,2026-08-12T16:09:09.312Z
M22.2M3,11520,false,0,true,2026-08-10T07:05:43.008Z,1.12.6,1.9.0-DEV,428070c0f9ad,4.16.0,1.3.11,ctbllib-fs2-q5-findall,2397,2023,2026-08-12T16:09:11.169Z
M22.2M4,3840,false,0,true,2026-08-10T07:05:43.008Z,1.12.6,1.9.0-DEV,428070c0f9ad,4.16.0,1.3.11,ctbllib-fs2-q5-findall,2397,2024,2026-08-12T16:09:11.405Z
M22C2A,384,true,0,true,2026-08-10T07:05:43.008Z,1.12.6,1.9.0-DEV,428070c0f9ad,4.16.0,1.3.11,ctbllib-fs2-q5-findall,2397,2025,2026-08-12T16:09:11.544Z
M23,10200960,false,0,true,2026-08-10T07:05:43.008Z,1.12.6,1.9.0-DEV,428070c0f9ad,4.16.0,1.3.11,ctbllib-fs2-q5-findall,2397,2026,2026-08-12T16:09:12.345Z
M24,244823040,false,0,true,2026-08-10T07:05:43.008Z,1.12.6,1.9.0-DEV,428070c0f9ad,4.16.0,1.3.11,ctbllib-fs2-q5-findall,2397,2027,2026-08-12T16:09:13.318Z
M24C2B,7680,false,0,true,2026-08-10T07:05:43.008Z,1.12.6,1.9.0-DEV,428070c0f9ad,4.16.0,1.3.11,ctbllib-fs2-q5-findall,2397,2028,2026-08-12T16:09:13.625Z
M24N2,1024,true,0,true,2026-08-10T07:05:43.008Z,1.12.6,1.9.0-DEV,428070c0f9ad,4.16.0,1.3.11,ctbllib-fs2-q5-findall,2397,2029,2026-08-12T16:09:14.852Z
M8.S4,192,true,0,true,2026-08-10T07:05:43.008Z,1.12.6,1.9.0-DEV,428070c0f9ad,4.16.0,1.3.11,ctbllib-fs2-q5-findall,2397,2030,2026-08-12T16:09:14.937Z
MN5,187500000,true,0,true,2026-08-10T07:05:43.008Z,1.12.6,1.9.0-DEV,428070c0f9ad,4.16.0,1.3.11,ctbllib-fs2-q5-findall,2397,2031,2026-08-12T16:09:33.749Z
McL,898128000,false,0,true,2026-08-10T07:05:43.008Z,1.12.6,1.9.0-DEV,428070c0f9ad,4.16.0,1.3.11,ctbllib-fs2-q5-findall,2397,2032,2026-08-12T16:09:34.254Z
McL.2,1796256000,false,0,true,2026-08-10T07:05:43.008Z,1.12.6,1.9.0-DEV,428070c0f9ad,4.16.0,1.3.11,ctbllib-fs2-q5-findall,2397,2033,2026-08-12T16:09:38.01Z
McL.2N3,11664,true,0,true,2026-08-10T07:05:43.008Z,1.12.6,1.9.0-DEV,428070c0f9ad,4.16.0,1.3.11,ctbllib-fs2-q5-findall,2397,2034,2026-08-12T16:09:38.587Z
"NDG(12.M22,3^2)",864,true,0,true,2026-08-10T07:05:43.008Z,1.12.6,1.9.0-DEV,428070c0f9ad,4.16.0,1.3.11,ctbllib-fs2-q5-findall,2397,2035,2026-08-12T16:09:39.806Z
"NDG(2.Co1,3^3)",311040,false,0,true,2026-08-10T07:05:43.008Z,1.12.6,1.9.0-DEV,428070c0f9ad,4.16.0,1.3.11,ctbllib-fs2-q5-findall,2397,2036,2026-08-12T16:09:47.323Z
"NDG(2.Co1,5^2)",72000,false,0,true,2026-08-10T07:05:43.008Z,1.12.6,1.9.0-DEV,428070c0f9ad,4.16.0,1.3.11,ctbllib-fs2-q5-findall,2397,2037,2026-08-12T16:09:52.708Z
"NDG(2.HS,Q8)",480,true,0,true,2026-08-10T07:05:43.008Z,1.12.6,1.9.0-DEV,428070c0f9ad,4.16.0,1.3.11,ctbllib-fs2-q5-findall,2397,2038,2026-08-12T16:09:53.552Z
"NDG(2.HS,Q8).2",960,true,0,true,2026-08-10T07:05:43.008Z,1.12.6,1.9.0-DEV,428070c0f9ad,4.16.0,1.3.11,ctbllib-fs2-q5-findall,2397,2039,2026-08-12T16:09:54.284Z
"NDG(3.ON,D8)",1728,true,0,true,2026-08-10T07:05:43.008Z,1.12.6,1.9.0-DEV,428070c0f9ad,4.16.0,1.3.11,ctbllib-fs2-q5-findall,2397,2040,2026-08-12T16:09:55.662Z
"NDG(Co1,5^2)",36000,false,0,true,2026-08-10T07:05:43.008Z,1.12.6,1.9.0-DEV,428070c0f9ad,4.16.0,1.3.11,ctbllib-fs2-q5-findall,2397,2041,2026-08-12T16:09:56.892Z
"NDG(HN,3^2)",51840,false,0,true,2026-08-10T07:05:43.008Z,1.12.6,1.9.0-DEV,428070c0f9ad,4.16.0,1.3.11,ctbllib-fs2-q5-findall,2397,2042,2026-08-12T16:09:59.4Z
"NDG(HN.2,3^2)",103680,false,0,true,2026-08-10T07:05:43.008Z,1.12.6,1.9.0-DEV,428070c0f9ad,4.16.0,1.3.11,ctbllib-fs2-q5-findall,2397,2043,2026-08-12T16:10:00.975Z
"NDG(He.2,3^2)",3456,true,0,true,2026-08-10T07:05:43.008Z,1.12.6,1.9.0-DEV,428070c0f9ad,4.16.0,1.3.11,ctbllib-fs2-q5-findall,2397,2044,2026-08-12T16:10:01.303Z
"NDG(J4,3^2)",3456,true,0,true,2026-08-10T07:05:43.008Z,1.12.6,1.9.0-DEV,428070c0f9ad,4.16.0,1.3.11,ctbllib-fs2-q5-findall,2397,2045,2026-08-12T16:10:01.629Z
"NDG(ON,D8)",576,true,0,true,2026-08-10T07:05:43.008Z,1.12.6,1.9.0-DEV,428070c0f9ad,4.16.0,1.3.11,ctbllib-fs2-q5-findall,2397,2046,2026-08-12T16:10:01.822Z
"NDG(ON,D8).2",1152,true,0,true,2026-08-10T07:05:43.008Z,1.12.6,1.9.0-DEV,428070c0f9ad,4.16.0,1.3.11,ctbllib-fs2-q5-findall,2397,2047,2026-08-12T16:10:02.159Z
"NRS(M22,[2^6])",384,true,0,true,2026-08-10T07:05:43.008Z,1.12.6,1.9.0-DEV,428070c0f9ad,4.16.0,1.3.11,ctbllib-fs2-q5-findall,2397,2048,2026-08-12T16:10:02.233Z
"NRS(M24,2^(4+4))",9216,true,0,true,2026-08-10T07:05:43.008Z,1.12.6,1.9.0-DEV,428070c0f9ad,4.16.0,1.3.11,ctbllib-fs2-q5-findall,2397,2049,2026-08-12T16:10:02.859Z
O10+(2),23499295948800,false,0,true,2026-08-10T07:05:43.008Z,1.12.6,1.9.0-DEV,428070c0f9ad,4.16.0,1.3.11,ctbllib-fs2-q5-findall,2397,2050,2026-08-12T16:10:26.298Z
O10+(2).2,46998591897600,false,0,true,2026-08-10T07:05:43.008Z,1.12.6,1.9.0-DEV,428070c0f9ad,4.16.0,1.3.11,ctbllib-fs2-q5-findall,2397,2051,2026-08-12T16:10:43.299Z
O10+(3),1289512799941305139200,false,0,true,2026-08-10T07:05:43.008Z,1.12.6,1.9.0-DEV,428070c0f9ad,4.16.0,1.3.11,ctbllib-fs2-q5-findall,2397,2052,2026-08-12T16:24:17.814Z
O10-(2),25015379558400,false,0,true,2026-08-10T07:05:43.008Z,1.12.6,1.9.0-DEV,428070c0f9ad,4.16.0,1.3.11,ctbllib-fs2-q5-findall,2397,2053,2026-08-12T16:24:28.534Z
O10-(2).2,50030759116800,false,0,true,2026-08-10T07:05:43.008Z,1.12.6,1.9.0-DEV,428070c0f9ad,4.16.0,1.3.11,ctbllib-fs2-q5-findall,2397,2054,2026-08-12T16:24:45.639Z
O10-(3),650084965259666227200,false,0,true,2026-08-10T07:05:43.008Z,1.12.6,1.9.0-DEV,428070c0f9ad,4.16.0,1.3.11,ctbllib-fs2-q5-findall,2397,2055,2026-08-12T16:26:33.091Z
O12+(2),50027557148216524800,false,0,true,2026-08-10T07:05:43.008Z,1.12.6,1.9.0-DEV,428070c0f9ad,4.16.0,1.3.11,ctbllib-fs2-q5-findall,2397,2056,2026-08-12T16:27:58.611Z
O12+(2).2,100055114296433049600,false,0,true,2026-08-10T07:05:43.008Z,1.12.6,1.9.0-DEV,428070c0f9ad,4.16.0,1.3.11,ctbllib-fs2-q5-findall,2397,2057,2026-08-12T16:29:52.93Z
O12+(3),6762844700608770238252960972800,false,0,true,2026-08-10T07:05:43.008Z,1.12.6,1.9.0-DEV,428070c0f9ad,4.16.0,1.3.11,ctbllib-fs2-q5-findall,2397,2058,2026-08-12T17:10:42.123Z
O12-(2),51615733565620224000,false,0,true,2026-08-10T07:05:43.008Z,1.12.6,1.9.0-DEV,428070c0f9ad,4.16.0,1.3.11,ctbllib-fs2-q5-findall,2397,2059,2026-08-12T17:13:52.269Z
O12-(2).2,103231467131240448000,false,0,true,2026-08-10T07:05:43.008Z,1.12.6,1.9.0-DEV,428070c0f9ad,4.16.0,1.3.11,ctbllib-fs2-q5-findall,2397,2060,2026-08-12T17:15:44.367Z
O12-(3),13562847888583522730562256896000,false,0,true,2026-08-10T07:05:43.008Z,1.12.6,1.9.0-DEV,428070c0f9ad,4.16.0,1.3.11,ctbllib-fs2-q5-findall,2397,2061,2026-08-12T21:54:09.093Z
O7(3),4585351680,false,0,true,2026-08-10T07:05:43.008Z,1.12.6,1.9.0-DEV,428070c0f9ad,4.16.0,1.3.11,ctbllib-fs2-q5-findall,2397,2062,2026-08-12T21:54:10.575Z
O7(3).2,9170703360,false,0,true,2026-08-10T07:05:43.008Z,1.12.6,1.9.0-DEV,428070c0f9ad,4.16.0,1.3.11,ctbllib-fs2-q5-findall,2397,2063,2026-08-12T21:54:16.6Z
O7(3).2x2,18341406720,false,0,true,2026-08-10T07:05:43.008Z,1.12.6,1.9.0-DEV,428070c0f9ad,4.16.0,1.3.11,ctbllib-fs2-q5-findall,2397,2064,2026-08-12T21:54:40.649Z
O7(3)N3A,1259712,true,0,true,2026-08-10T07:05:43.008Z,1.12.6,1.9.0-DEV,428070c0f9ad,4.16.0,1.3.11,ctbllib-fs2-q5-findall,2397,2065,2026-08-12T21:54:42.932Z
O7(5),228501000000000,false,0,true,2026-08-10T07:05:43.008Z,1.12.6,1.9.0-DEV,428070c0f9ad,4.16.0,1.3.11,ctbllib-fs2-q5-findall,2397,2066,2026-08-12T21:55:34.689Z
O7(5).2,457002000000000,false,0,true,2026-08-10T07:05:43.008Z,1.12.6,1.9.0-DEV,428070c0f9ad,4.16.0,1.3.11,ctbllib-fs2-q5-findall,2397,2067,2026-08-12T21:56:45.385Z
O8+(2),174182400,false,0,true,2026-08-10T07:05:43.008Z,1.12.6,1.9.0-DEV,428070c0f9ad,4.16.0,1.3.11,ctbllib-fs2-q5-findall,2397,2068,2026-08-12T21:56:46.406Z
O8+(2).2,348364800,false,0,true,2026-08-10T07:05:43.008Z,1.12.6,1.9.0-DEV,428070c0f9ad,4.16.0,1.3.11,ctbllib-fs2-q5-findall,2397,2069,2026-08-12T21:56:49.578Z
O8+(2).3,522547200,false,0,true,2026-08-10T07:05:43.008Z,1.12.6,1.9.0-DEV,428070c0f9ad,4.16.0,1.3.11,ctbllib-fs2-q5-findall,2397,2070,2026-08-12T21:56:51.322Z
O8+(2).3.2,1045094400,false,0,true,2026-08-10T07:05:43.008Z,1.12.6,1.9.0-DEV,428070c0f9ad,4.16.0,1.3.11,ctbllib-fs2-q5-findall,2397,2071,2026-08-12T21:56:52.884Z
O8+(2):S3x2,2090188800,false,0,true,2026-08-10T07:05:43.008Z,1.12.6,1.9.0-DEV,428070c0f9ad,4.16.0,1.3.11,ctbllib-fs2-q5-findall,2397,2072,2026-08-12T21:57:04.539Z
O8+(2)N2,4096,true,0,true,2026-08-10T07:05:43.008Z,1.12.6,1.9.0-DEV,428070c0f9ad,4.16.0,1.3.11,ctbllib-fs2-q5-findall,2397,2073,2026-08-12T21:57:11.404Z
O8+(3),4952179814400,false,0,true,2026-08-10T07:05:43.008Z,1.12.6,1.9.0-DEV,428070c0f9ad,4.16.0,1.3.11,ctbllib-fs2-q5-findall,2397,2074,2026-08-12T21:57:19.155Z
O8+(3).(2^2)_{111},19808719257600,false,0,true,2026-08-10T07:05:43.008Z,1.12.6,1.9.0-DEV,428070c0f9ad,4.16.0,1.3.11,ctbllib-fs2-q5-findall,2397,2075,2026-08-12T21:57:47.283Z
O8+(3).(2^2)_{122},19808719257600,false,0,true,2026-08-10T07:05:43.008Z,1.12.6,1.9.0-DEV,428070c0f9ad,4.16.0,1.3.11,ctbllib-fs2-q5-findall,2397,2076,2026-08-12T21:58:13.509Z
O8+(3).2_1,9904359628800,false,0,true,2026-08-10T07:05:43.008Z,1.12.6,1.9.0-DEV,428070c0f9ad,4.16.0,1.3.11,ctbllib-fs2-q5-findall,2397,2077,2026-08-12T21:58:25.954Z
O8+(3).2_2,9904359628800,false,0,true,2026-08-10T07:05:43.008Z,1.12.6,1.9.0-DEV,428070c0f9ad,4.16.0,1.3.11,ctbllib-fs2-q5-findall,2397,2078,2026-08-12T21:58:35.364Z
O8+(3).3,14856539443200,false,0,true,2026-08-10T07:05:43.008Z,1.12.6,1.9.0-DEV,428070c0f9ad,4.16.0,1.3.11,ctbllib-fs2-q5-findall,2397,2079,2026-08-12T21:58:47.479Z
O8+(3).3.2,29713078886400,false,0,true,2026-08-10T07:05:43.008Z,1.12.6,1.9.0-DEV,428070c0f9ad,4.16.0,1.3.11,ctbllib-fs2-q5-findall,2397,2080,2026-08-12T21:58:57.79Z
O8+(3).4,19808719257600,false,0,true,2026-08-10T07:05:43.008Z,1.12.6,1.9.0-DEV,428070c0f9ad,4.16.0,1.3.11,ctbllib-fs2-q5-findall,2397,2081,2026-08-12T21:59:07.145Z
O8+(3).A4,59426157772800,false,0,true,2026-08-10T07:05:43.008Z,1.12.6,1.9.0-DEV,428070c0f9ad,4.16.0,1.3.11,ctbllib-fs2-q5-findall,2397,2082,2026-08-12T21:59:27.423Z
O8+(3).D8,39617438515200,false,0,true,2026-08-10T07:05:43.008Z,1.12.6,1.9.0-DEV,428070c0f9ad,4.16.0,1.3.11,ctbllib-fs2-q5-findall,2397,2083,2026-08-12T21:59:52.878Z
O8+(3).S4,118852315545600,false,0,true,2026-08-10T07:05:43.008Z,1.12.6,1.9.0-DEV,428070c0f9ad,4.16.0,1.3.11,ctbllib-fs2-q5-findall,2397,2084,2026-08-12T22:00:08.33Z
O8+(3)M14,136048896,true,0,true,2026-08-10T07:05:43.008Z,1.12.6,1.9.0-DEV,428070c0f9ad,4.16.0,1.3.11,ctbllib-fs2-q5-findall,2397,2085,2026-08-12T22:00:43.107Z
O8+(3)M27,331776,true,0,true,2026-08-10T07:05:43.008Z,1.12.6,1.9.0-DEV,428070c0f9ad,4.16.0,1.3.11,ctbllib-fs2-q5-findall,2397,2086,2026-08-12T22:00:51.946Z
O8+(7),112554991177798901760000,false,0,true,2026-08-10T07:05:43.008Z,1.12.6,1.9.0-DEV,428070c0f9ad,4.16.0,1.3.11,ctbllib-fs2-q5-findall,2397,2087,2026-08-12T23:21:14.711Z
O8-(2),197406720,false,0,true,2026-08-10T07:05:43.008Z,1.12.6,1.9.0-DEV,428070c0f9ad,4.16.0,1.3.11,ctbllib-fs2-q5-findall,2397,2088,2026-08-12T23:21:17.048Z
O8-(2).2,394813440,false,0,true,2026-08-10T07:05:43.008Z,1.12.6,1.9.0-DEV,428070c0f9ad,4.16.0,1.3.11,ctbllib-fs2-q5-findall,2397,2089,2026-08-12T23:21:18.614Z
O8-(3),10151968619520,false,0,true,2026-08-10T07:05:43.008Z,1.12.6,1.9.0-DEV,428070c0f9ad,4.16.0,1.3.11,ctbllib-fs2-q5-findall,2397,2090,2026-08-12T23:21:43.043Z
O8-(3).2^2,40607874478080,false,0,true,2026-08-10T07:05:43.008Z,1.12.6,1.9.0-DEV,428070c0f9ad,4.16.0,1.3.11,ctbllib-fs2-q5-findall,2397,2091,2026-08-12T23:22:27.387Z
O8-(3).2_1,20303937239040,false,0,true,2026-08-10T07:05:43.008Z,1.12.6,1.9.0-DEV,428070c0f9ad,4.16.0,1.3.11,ctbllib-fs2-q5-findall,2397,2092,2026-08-12T23:22:56.602Z
O8-(3).2_2,20303937239040,false,0,true,2026-08-10T07:05:43.008Z,1.12.6,1.9.0-DEV,428070c0f9ad,4.16.0,1.3.11,ctbllib-fs2-q5-findall,2397,2093,2026-08-12T23:23:39.569Z
O8-(3).2_3,20303937239040,false,0,true,2026-08-10T07:05:43.008Z,1.12.6,1.9.0-DEV,428070c0f9ad,4.16.0,1.3.11,ctbllib-fs2-q5-findall,2397,2094,2026-08-12T23:24:01.703Z
O9(3),65784756654489600,false,0,true,2026-08-10T07:05:43.008Z,1.12.6,1.9.0-DEV,428070c0f9ad,4.16.0,1.3.11,ctbllib-fs2-q5-findall,2397,2095,2026-08-12T23:24:37.734Z
ON,460815505920,false,0,true,2026-08-10T07:05:43.008Z,1.12.6,1.9.0-DEV,428070c0f9ad,4.16.0,1.3.11,ctbllib-fs2-q5-findall,2397,2096,2026-08-12T23:24:39.57Z
ON.2,921631011840,false,0,true,2026-08-10T07:05:43.008Z,1.12.6,1.9.0-DEV,428070c0f9ad,4.16.0,1.3.11,ctbllib-fs2-q5-findall,2397,2097,2026-08-12T23:24:41.018Z
ON.2N2,1024,true,0,true,2026-08-10T07:05:43.008Z,1.12.6,1.9.0-DEV,428070c0f9ad,4.16.0,1.3.11,ctbllib-fs2-q5-findall,2397,2098,2026-08-12T23:24:41.709Z
ONM5,25920,false,0,true,2026-08-10T07:05:43.008Z,1.12.6,1.9.0-DEV,428070c0f9ad,4.16.0,1.3.11,ctbllib-fs2-q5-findall,2397,2099,2026-08-12T23:24:43.617Z
P1/G1/L1/V1/ext2,960,false,0,true,2026-08-10T07:05:43.008Z,1.12.6,1.9.0-DEV,428070c0f9ad,4.16.0,1.3.11,ctbllib-fs2-q5-findall,2397,2100,2026-08-12T23:24:43.796Z
P1/G1/L1/V1/ext3,4860,false,0,true,2026-08-10T07:05:43.008Z,1.12.6,1.9.0-DEV,428070c0f9ad,4.16.0,1.3.11,ctbllib-fs2-q5-findall,2397,2101,2026-08-12T23:24:44.214Z
P1/G1/L1/V1/ext4,15360,false,0,true,2026-08-10T07:05:43.008Z,1.12.6,1.9.0-DEV,428070c0f9ad,4.16.0,1.3.11,ctbllib-fs2-q5-findall,2397,2102,2026-08-12T23:24:45.182Z
P1/G1/L1/V1/ext5,37500,false,0,true,2026-08-10T07:05:43.008Z,1.12.6,1.9.0-DEV,428070c0f9ad,4.16.0,1.3.11,ctbllib-fs2-q5-findall,2397,2103,2026-08-12T23:24:46.986Z
P1/G1/L1/V1/ext6,77760,false,0,true,2026-08-10T07:05:43.008Z,1.12.6,1.9.0-DEV,428070c0f9ad,4.16.0,1.3.11,ctbllib-fs2-q5-findall,2397,2104,2026-08-12T23:24:54.509Z
P1/G1/L1/V2/ext3,4860,false,0,true,2026-08-10T07:05:43.008Z,1.12.6,1.9.0-DEV,428070c0f9ad,4.16.0,1.3.11,ctbllib-fs2-q5-findall,2397,2105,2026-08-12T23:24:55.289Z
P1/G1/L1/V2/ext6,77760,false,0,true,2026-08-10T07:05:43.008Z,1.12.6,1.9.0-DEV,428070c0f9ad,4.16.0,1.3.11,ctbllib-fs2-q5-findall,2397,2106,2026-08-12T23:25:06.909Z
P1/G2/L1/V1/ext2,1920,false,0,true,2026-08-10T07:05:43.008Z,1.12.6,1.9.0-DEV,428070c0f9ad,4.16.0,1.3.11,ctbllib-fs2-q5-findall,2397,2107,2026-08-12T23:25:07.121Z
P1/G2/L1/V1/ext3,14580,false,0,true,2026-08-10T07:05:43.008Z,1.12.6,1.9.0-DEV,428070c0f9ad,4.16.0,1.3.11,ctbllib-fs2-q5-findall,2397,2108,2026-08-12T23:25:09.901Z
P1/G2/L1/V1/ext4,61440,false,0,true,2026-08-10T07:05:43.008Z,1.12.6,1.9.0-DEV,428070c0f9ad,4.16.0,1.3.11,ctbllib-fs2-q5-findall,2397,2109,2026-08-12T23:25:12.177Z
P1/G2/L1/V2/ext2,1920,false,0,true,2026-08-10T07:05:43.008Z,1.12.6,1.9.0-DEV,428070c0f9ad,4.16.0,1.3.11,ctbllib-fs2-q5-findall,2397,2110,2026-08-12T23:25:12.384Z
P1/G2/L1/V2/ext4,61440,false,0,true,2026-08-10T07:05:43.008Z,1.12.6,1.9.0-DEV,428070c0f9ad,4.16.0,1.3.11,ctbllib-fs2-q5-findall,2397,2111,2026-08-12T23:25:14.738Z
P1/G2/L2/V2/ext2,1920,false,0,true,2026-08-10T07:05:43.008Z,1.12.6,1.9.0-DEV,428070c0f9ad,4.16.0,1.3.11,ctbllib-fs2-q5-findall,2397,2112,2026-08-12T23:25:14.946Z
P1/G2/L2/V2/ext4,61440,false,0,true,2026-08-10T07:05:43.008Z,1.12.6,1.9.0-DEV,428070c0f9ad,4.16.0,1.3.11,ctbllib-fs2-q5-findall,2397,2113,2026-08-12T23:25:21.009Z
P1/G3/L2/V1/ext2,3840,false,0,true,2026-08-10T07:05:43.008Z,1.12.6,1.9.0-DEV,428070c0f9ad,4.16.0,1.3.11,ctbllib-fs2-q5-findall,2397,2114,2026-08-12T23:25:21.443Z
P1/G3/L2/V1/ext3,43740,false,0,true,2026-08-10T07:05:43.008Z,1.12.6,1.9.0-DEV,428070c0f9ad,4.16.0,1.3.11,ctbllib-fs2-q5-findall,2397,2115,2026-08-12T23:25:22.634Z
P11/G1/L1/V1/ext2,10752,false,0,true,2026-08-10T07:05:43.008Z,1.12.6,1.9.0-DEV,428070c0f9ad,4.16.0,1.3.11,ctbllib-fs2-q5-findall,2397,2116,2026-08-12T23:25:23.05Z
P11/G1/L1/V1/ext3,122472,false,0,true,2026-08-10T07:05:43.008Z,1.12.6,1.9.0-DEV,428070c0f9ad,4.16.0,1.3.11,ctbllib-fs2-q5-findall,2397,2117,2026-08-12T23:25:23.645Z
P11/G1/L1/V1/ext4,688128,false,0,true,2026-08-10T07:05:43.008Z,1.12.6,1.9.0-DEV,428070c0f9ad,4.16.0,1.3.11,ctbllib-fs2-q5-findall,2397,2118,2026-08-12T23:25:30.406Z
P11/G1/L1/V2/ext2,10752,false,0,true,2026-08-10T07:05:43.008Z,1.12.6,1.9.0-DEV,428070c0f9ad,4.16.0,1.3.11,ctbllib-fs2-q5-findall,2397,2119,2026-08-12T23:25:30.815Z
P11/G1/L1/V2/ext4,688128,false,0,true,2026-08-10T07:05:43.008Z,1.12.6,1.9.0-DEV,428070c0f9ad,4.16.0,1.3.11,ctbllib-fs2-q5-findall,2397,2120,2026-08-12T23:25:39.194Z
P11/G1/L1/V3/ext2,10752,false,0,true,2026-08-10T07:05:43.008Z,1.12.6,1.9.0-DEV,428070c0f9ad,4.16.0,1.3.11,ctbllib-fs2-q5-findall,2397,2121,2026-08-12T23:25:39.58Z
P11/G1/L1/V3/ext4,688128,false,0,true,2026-08-10T07:05:43.008Z,1.12.6,1.9.0-DEV,428070c0f9ad,4.16.0,1.3.11,ctbllib-fs2-q5-findall,2397,2122,2026-08-12T23:25:42.271Z
P11/G2/L1/V1/ext2,10752,false,0,true,2026-08-10T07:05:43.008Z,1.12.6,1.9.0-DEV,428070c0f9ad,4.16.0,1.3.11,ctbllib-fs2-q5-findall,2397,2123,2026-08-12T23:25:42.69Z
P11/G2/L1/V1/ext3,122472,false,0,true,2026-08-10T07:05:43.008Z,1.12.6,1.9.0-DEV,428070c0f9ad,4.16.0,1.3.11,ctbllib-fs2-q5-findall,2397,2124,2026-08-12T23:25:49.276Z
P11/G2/L1/V2/ext2,10752,false,0,true,2026-08-10T07:05:43.008Z,1.12.6,1.9.0-DEV,428070c0f9ad,4.16.0,1.3.11,ctbllib-fs2-q5-findall,2397,2125,2026-08-12T23:25:49.729Z
P11/G3/L1/V1/ext2,21504,false,0,true,2026-08-10T07:05:43.008Z,1.12.6,1.9.0-DEV,428070c0f9ad,4.16.0,1.3.11,ctbllib-fs2-q5-findall,2397,2126,2026-08-12T23:25:50.361Z
P11/G3/L1/V1/ext3,367416,false,0,true,2026-08-10T07:05:43.008Z,1.12.6,1.9.0-DEV,428070c0f9ad,4.16.0,1.3.11,ctbllib-fs2-q5-findall,2397,2127,2026-08-12T23:25:55.674Z
P11/G3/L1/V2/ext3,367416,false,0,true,2026-08-10T07:05:43.008Z,1.12.6,1.9.0-DEV,428070c0f9ad,4.16.0,1.3.11,ctbllib-fs2-q5-findall,2397,2128,2026-08-12T23:26:00.152Z
P11/G3/L3/V1/ext2,21504,false,0,true,2026-08-10T07:05:43.008Z,1.12.6,1.9.0-DEV,428070c0f9ad,4.16.0,1.3.11,ctbllib-fs2-q5-findall,2397,2129,2026-08-12T23:26:00.804Z
P11/G3/L4/V2/ext2,21504,false,0,true,2026-08-10T07:05:43.008Z,1.12.6,1.9.0-DEV,428070c0f9ad,4.16.0,1.3.11,ctbllib-fs2-q5-findall,2397,2130,2026-08-12T23:26:01.625Z
P11/G4/L1/V1/ext2,43008,false,0,true,2026-08-10T07:05:43.008Z,1.12.6,1.9.0-DEV,428070c0f9ad,4.16.0,1.3.11,ctbllib-fs2-q5-findall,2397,2131,2026-08-12T23:26:04.016Z
P11/G4/L1/V1/ext3,1102248,false,0,true,2026-08-10T07:05:43.008Z,1.12.6,1.9.0-DEV,428070c0f9ad,4.16.0,1.3.11,ctbllib-fs2-q5-findall,2397,2132,2026-08-12T23:26:22.192Z
P12/G1/L2/V1/ext2,86016,false,0,true,2026-08-10T07:05:43.008Z,1.12.6,1.9.0-DEV,428070c0f9ad,4.16.0,1.3.11,ctbllib-fs2-q5-findall,2397,2133,2026-08-12T23:26:26.086Z
P12/G1/L2/V1/ext3,2204496,false,0,true,2026-08-10T07:05:43.008Z,1.12.6,1.9.0-DEV,428070c0f9ad,4.16.0,1.3.11,ctbllib-fs2-q5-findall,2397,2134,2026-08-12T23:26:34.637Z
P13/G1/L2/V1/ext2,172032,false,0,true,2026-08-10T07:05:43.008Z,1.12.6,1.9.0-DEV,428070c0f9ad,4.16.0,1.3.11,ctbllib-fs2-q5-findall,2397,2135,2026-08-12T23:26:38.866Z
P13/G1/L2/V1/ext3,2939328,false,0,true,2026-08-10T07:05:43.008Z,1.12.6,1.9.0-DEV,428070c0f9ad,4.16.0,1.3.11,ctbllib-fs2-q5-findall,2397,2136,2026-08-12T23:26:50.127Z
P13/G1/L6/V1/ext2,172032,false,0,true,2026-08-10T07:05:43.008Z,1.12.6,1.9.0-DEV,428070c0f9ad,4.16.0,1.3.11,ctbllib-fs2-q5-findall,2397,2137,2026-08-12T23:26:53.606Z
P1L82,20972799094947840,false,0,true,2026-08-10T07:05:43.008Z,1.12.6,1.9.0-DEV,428070c0f9ad,4.16.0,1.3.11,ctbllib-fs2-q5-findall,2397,2138,2026-08-12T23:37:10.009Z
P2/G1/L1/V1/ext2,30720,false,0,true,2026-08-10T07:05:43.008Z,1.12.6,1.9.0-DEV,428070c0f9ad,4.16.0,1.3.11,ctbllib-fs2-q5-findall,2397,2139,2026-08-12T23:37:14.694Z
P2/G1/L1/V1/ext3,787320,false,0,true,2026-08-10T07:05:43.008Z,1.12.6,1.9.0-DEV,428070c0f9ad,4.16.0,1.3.11,ctbllib-fs2-q5-findall,2397,2140,2026-08-12T23:37:26.186Z
P2/G2/L1/V1/ext2,30720,false,0,true,2026-08-10T07:05:43.008Z,1.12.6,1.9.0-DEV,428070c0f9ad,4.16.0,1.3.11,ctbllib-fs2-q5-findall,2397,2141,2026-08-12T23:37:26.887Z
P2/G2/L1/V1/ext3,787320,false,0,true,2026-08-10T07:05:43.008Z,1.12.6,1.9.0-DEV,428070c0f9ad,4.16.0,1.3.11,ctbllib-fs2-q5-findall,2397,2142,2026-08-12T23:37:39.976Z
P2/G2/L1/V2/ext2,30720,false,0,true,2026-08-10T07:05:43.008Z,1.12.6,1.9.0-DEV,428070c0f9ad,4.16.0,1.3.11,ctbllib-fs2-q5-findall,2397,2143,2026-08-12T23:37:41.062Z
P21/G1/L1/V1/ext2,11520,false,0,true,2026-08-10T07:05:43.008Z,1.12.6,1.9.0-DEV,428070c0f9ad,4.16.0,1.3.11,ctbllib-fs2-q5-findall,2397,2144,2026-08-12T23:37:41.35Z
P21/G1/L1/V1/ext3,87480,false,0,true,2026-08-10T07:05:43.008Z,1.12.6,1.9.0-DEV,428070c0f9ad,4.16.0,1.3.11,ctbllib-fs2-q5-findall,2397,2145,2026-08-12T23:37:42.521Z
P21/G1/L1/V1/ext4,368640,false,0,true,2026-08-10T07:05:43.008Z,1.12.6,1.9.0-DEV,428070c0f9ad,4.16.0,1.3.11,ctbllib-fs2-q5-findall,2397,2146,2026-08-12T23:37:46.888Z
P21/G1/L3/V2/ext3,87480,false,0,true,2026-08-10T07:05:43.008Z,1.12.6,1.9.0-DEV,428070c0f9ad,4.16.0,1.3.11,ctbllib-fs2-q5-findall,2397,2147,2026-08-12T23:37:48.163Z
P21/G2/L1/V1/ext2,184320,false,0,true,2026-08-10T07:05:43.008Z,1.12.6,1.9.0-DEV,428070c0f9ad,4.16.0,1.3.11,ctbllib-fs2-q5-findall,2397,2148,2026-08-12T23:37:48.916Z
P21/G2/L1/V3/ext2,184320,false,0,true,2026-08-10T07:05:43.008Z,1.12.6,1.9.0-DEV,428070c0f9ad,4.16.0,1.3.11,ctbllib-fs2-q5-findall,2397,2149,2026-08-12T23:37:49.581Z
P21/G2/L2/V1/ext2,184320,false,0,true,2026-08-10T07:05:43.008Z,1.12.6,1.9.0-DEV,428070c0f9ad,4.16.0,1.3.11,ctbllib-fs2-q5-findall,2397,2150,2026-08-12T23:37:50.416Z
P21/G2/L2/V3/ext2,184320,false,0,true,2026-08-10T07:05:43.008Z,1.12.6,1.9.0-DEV,428070c0f9ad,4.16.0,1.3.11,ctbllib-fs2-q5-findall,2397,2151,2026-08-12T23:37:53.692Z
P21/G2/L5/V2/ext2,184320,false,0,true,2026-08-10T07:05:43.008Z,1.12.6,1.9.0-DEV,428070c0f9ad,4.16.0,1.3.11,ctbllib-fs2-q5-findall,2397,2152,2026-08-12T23:37:54.513Z
P21/G3/L2/V1/ext2,368640,false,0,true,2026-08-10T07:05:43.008Z,1.12.6,1.9.0-DEV,428070c0f9ad,4.16.0,1.3.11,ctbllib-fs2-q5-findall,2397,2153,2026-08-12T23:37:56.37Z
P27/G1/L1/V1/ext2,161280,false,0,true,2026-08-10T07:05:43.008Z,1.12.6,1.9.0-DEV,428070c0f9ad,4.16.0,1.3.11,ctbllib-fs2-q5-findall,2397,2154,2026-08-12T23:37:56.928Z
P27/G1/L1/V1/ext3,1837080,false,0,true,2026-08-10T07:05:43.008Z,1.12.6,1.9.0-DEV,428070c0f9ad,4.16.0,1.3.11,ctbllib-fs2-q5-findall,2397,2155,2026-08-12T23:38:03.016Z
P27/G1/L1/V1/ext4,10321920,false,0,true,2026-08-10T07:05:43.008Z,1.12.6,1.9.0-DEV,428070c0f9ad,4.16.0,1.3.11,ctbllib-fs2-q5-findall,2397,2156,2026-08-12T23:38:19.066Z
P2L62,30965760,false,0,true,2026-08-10T07:05:43.008Z,1.12.6,1.9.0-DEV,428070c0f9ad,4.16.0,1.3.11,ctbllib-fs2-q5-findall,2397,2157,2026-08-12T23:38:22.156Z
P2L82,495420451061760,false,0,true,2026-08-10T07:05:43.008Z,1.12.6,1.9.0-DEV,428070c0f9ad,4.16.0,1.3.11,ctbllib-fs2-q5-findall,2397,2158,2026-08-12T23:40:58.549Z
P31/G1/L1/V1/ext2,2580480,false,0,true,2026-08-10T07:05:43.008Z,1.12.6,1.9.0-DEV,428070c0f9ad,4.16.0,1.3.11,ctbllib-fs2-q5-findall,2397,2159,2026-08-12T23:41:00.37Z
P31/G1/L1/V1/ext3,44089920,false,0,true,2026-08-10T07:05:43.008Z,1.12.6,1.9.0-DEV,428070c0f9ad,4.16.0,1.3.11,ctbllib-fs2-q5-findall,2397,2160,2026-08-12T23:41:21.135Z
P3L62,14450688,false,0,true,2026-08-10T07:05:43.008Z,1.12.6,1.9.0-DEV,428070c0f9ad,4.16.0,1.3.11,ctbllib-fs2-q5-findall,2397,2161,2026-08-12T23:41:24.494Z
P41/G1/L1/V1/ext2,64512,false,0,true,2026-08-10T07:05:43.008Z,1.12.6,1.9.0-DEV,428070c0f9ad,4.16.0,1.3.11,ctbllib-fs2-q5-findall,2397,2162,2026-08-12T23:41:25.111Z
P41/G1/L1/V1/ext3,1102248,false,0,true,2026-08-10T07:05:43.008Z,1.12.6,1.9.0-DEV,428070c0f9ad,4.16.0,1.3.11,ctbllib-fs2-q5-findall,2397,2163,2026-08-12T23:41:27.151Z
P41/G1/L1/V2/ext2,64512,false,0,true,2026-08-10T07:05:43.008Z,1.12.6,1.9.0-DEV,428070c0f9ad,4.16.0,1.3.11,ctbllib-fs2-q5-findall,2397,2164,2026-08-12T23:41:29.795Z
P41/G1/L1/V3/ext3,1102248,false,0,true,2026-08-10T07:05:43.008Z,1.12.6,1.9.0-DEV,428070c0f9ad,4.16.0,1.3.11,ctbllib-fs2-q5-findall,2397,2165,2026-08-12T23:41:31.65Z
P41/G1/L1/V4/ext2,64512,false,0,true,2026-08-10T07:05:43.008Z,1.12.6,1.9.0-DEV,428070c0f9ad,4.16.0,1.3.11,ctbllib-fs2-q5-findall,2397,2166,2026-08-12T23:41:32.225Z
P41/G2/L1/V1/ext2,129024,false,0,true,2026-08-10T07:05:43.008Z,1.12.6,1.9.0-DEV,428070c0f9ad,4.16.0,1.3.11,ctbllib-fs2-q5-findall,2397,2167,2026-08-12T23:41:33.282Z
P41/G2/L1/V1/ext3,3306744,false,0,true,2026-08-10T07:05:43.008Z,1.12.6,1.9.0-DEV,428070c0f9ad,4.16.0,1.3.11,ctbllib-fs2-q5-findall,2397,2168,2026-08-12T23:41:47.265Z
P43/G1/L1/V1/ext2,675840,false,0,true,2026-08-10T07:05:43.008Z,1.12.6,1.9.0-DEV,428070c0f9ad,4.16.0,1.3.11,ctbllib-fs2-q5-findall,2397,2169,2026-08-12T23:41:50.388Z
P43/G3/L1/V1/ext2,675840,false,0,true,2026-08-10T07:05:43.008Z,1.12.6,1.9.0-DEV,428070c0f9ad,4.16.0,1.3.11,ctbllib-fs2-q5-findall,2397,2170,2026-08-12T23:41:51.473Z
P43/G3/L1/V2/ext2,675840,false,0,true,2026-08-10T07:05:43.008Z,1.12.6,1.9.0-DEV,428070c0f9ad,4.16.0,1.3.11,ctbllib-fs2-q5-findall,2397,2171,2026-08-12T23:41:52.801Z
P48/G1/L1/V1/ext2,8110080,false,0,true,2026-08-10T07:05:43.008Z,1.12.6,1.9.0-DEV,428070c0f9ad,4.16.0,1.3.11,ctbllib-fs2-q5-findall,2397,2172,2026-08-12T23:41:53.967Z
P48/G1/L1/V2/ext2,8110080,false,0,true,2026-08-10T07:05:43.008Z,1.12.6,1.9.0-DEV,428070c0f9ad,4.16.0,1.3.11,ctbllib-fs2-q5-findall,2397,2173,2026-08-12T23:41:55.374Z
P49/G1/L1/V1/ext2,774144,false,0,true,2026-08-10T07:05:43.008Z,1.12.6,1.9.0-DEV,428070c0f9ad,4.16.0,1.3.11,ctbllib-fs2-q5-findall,2397,2174,2026-08-12T23:41:58.511Z
P49/G1/L1/V1/ext3,13226976,false,0,true,2026-08-10T07:05:43.008Z,1.12.6,1.9.0-DEV,428070c0f9ad,4.16.0,1.3.11,ctbllib-fs2-q5-findall,2397,2175,2026-08-12T23:42:00.417Z
P49/G1/L1/V2/ext3,13226976,false,0,true,2026-08-10T07:05:43.008Z,1.12.6,1.9.0-DEV,428070c0f9ad,4.16.0,1.3.11,ctbllib-fs2-q5-findall,2397,2176,2026-08-12T23:42:01.942Z
P50/G1/L1/V1/ext2,1658880,false,0,true,2026-08-10T07:05:43.008Z,1.12.6,1.9.0-DEV,428070c0f9ad,4.16.0,1.3.11,ctbllib-fs2-q5-findall,2397,2177,2026-08-12T23:42:02.972Z
P50/G1/L1/V1/ext3,18895680,false,0,true,2026-08-10T07:05:43.008Z,1.12.6,1.9.0-DEV,428070c0f9ad,4.16.0,1.3.11,ctbllib-fs2-q5-findall,2397,2178,2026-08-12T23:42:09.89Z
P50/G1/L1/V1/ext4,106168320,false,0,true,2026-08-10T07:05:43.008Z,1.12.6,1.9.0-DEV,428070c0f9ad,4.16.0,1.3.11,ctbllib-fs2-q5-findall,2397,2179,2026-08-12T23:42:19.176Z
Q8,8,true,0,true,2026-08-10T07:05:43.008Z,1.12.6,1.9.0-DEV,428070c0f9ad,4.16.0,1.3.11,ctbllib-fs2-q5-findall,2397,2180,2026-08-12T23:42:19.216Z
QD16.2,32,true,0,true,2026-08-10T07:05:43.008Z,1.12.6,1.9.0-DEV,428070c0f9ad,4.16.0,1.3.11,ctbllib-fs2-q5-findall,2397,2181,2026-08-12T23:42:19.546Z
R(27),10073444472,false,0,true,2026-08-10T07:05:43.008Z,1.12.6,1.9.0-DEV,428070c0f9ad,4.16.0,1.3.11,ctbllib-fs2-q5-findall,2397,2182,2026-08-12T23:42:29.251Z
R(27).3,30220333416,false,0,true,2026-08-10T07:05:43.008Z,1.12.6,1.9.0-DEV,428070c0f9ad,4.16.0,1.3.11,ctbllib-fs2-q5-findall,2397,2183,2026-08-12T23:42:33.069Z
Ru,145926144000,false,0,true,2026-08-10T07:05:43.008Z,1.12.6,1.9.0-DEV,428070c0f9ad,4.16.0,1.3.11,ctbllib-fs2-q5-findall,2397,2184,2026-08-12T23:42:34.804Z
RuN2,16384,true,0,true,2026-08-10T07:05:43.008Z,1.12.6,1.9.0-DEV,428070c0f9ad,4.16.0,1.3.11,ctbllib-fs2-q5-findall,2397,2185,2026-08-12T23:42:38.455Z
S10(2),24815256521932800,false,0,true,2026-08-10T07:05:43.008Z,1.12.6,1.9.0-DEV,428070c0f9ad,4.16.0,1.3.11,ctbllib-fs2-q5-findall,2397,2186,2026-08-12T23:43:10.727Z
S10x2,7257600,false,0,true,2026-08-10T07:05:43.008Z,1.12.6,1.9.0-DEV,428070c0f9ad,4.16.0,1.3.11,ctbllib-fs2-q5-findall,2397,2187,2026-08-12T23:43:16.072Z
S10xS3,21772800,false,0,true,2026-08-10T07:05:43.008Z,1.12.6,1.9.0-DEV,428070c0f9ad,4.16.0,1.3.11,ctbllib-fs2-q5-findall,2397,2188,2026-08-12T23:43:24.611Z
S11x2,79833600,false,0,true,2026-08-10T07:05:43.008Z,1.12.6,1.9.0-DEV,428070c0f9ad,4.16.0,1.3.11,ctbllib-fs2-q5-findall,2397,2189,2026-08-12T23:43:32.18Z
S12(2),208114637736580743168000,false,0,true,2026-08-10T07:05:43.008Z,1.12.6,1.9.0-DEV,428070c0f9ad,4.16.0,1.3.11,ctbllib-fs2-q5-findall,2397,2190,2026-08-12T23:46:30.771Z
S3,6,true,0,true,2026-08-10T07:05:43.008Z,1.12.6,1.9.0-DEV,428070c0f9ad,4.16.0,1.3.11,ctbllib-fs2-q5-findall,2397,2191,2026-08-12T23:46:30.791Z
S3wrS4,31104,true,0,true,2026-08-10T07:05:43.008Z,1.12.6,1.9.0-DEV,428070c0f9ad,4.16.0,1.3.11,ctbllib-fs2-q5-findall,2397,2192,2026-08-12T23:46:31.728Z
"S3x(3xSL(2,3)):2",864,true,0,true,2026-08-10T07:05:43.008Z,1.12.6,1.9.0-DEV,428070c0f9ad,4.16.0,1.3.11,ctbllib-fs2-q5-findall,2397,2193,2026-08-12T23:46:32.936Z
S3x13:6,468,true,0,true,2026-08-10T07:05:43.008Z,1.12.6,1.9.0-DEV,428070c0f9ad,4.16.0,1.3.11,ctbllib-fs2-q5-findall,2397,2194,2026-08-12T23:46:33.771Z
S3x2,12,true,0,true,2026-08-10T07:05:43.008Z,1.12.6,1.9.0-DEV,428070c0f9ad,4.16.0,1.3.11,ctbllib-fs2-q5-findall,2397,2195,2026-08-12T23:46:33.799Z
S3x2.A5,720,false,0,true,2026-08-10T07:05:43.008Z,1.12.6,1.9.0-DEV,428070c0f9ad,4.16.0,1.3.11,ctbllib-fs2-q5-findall,2397,2196,2026-08-12T23:46:34.369Z
S3x2.S4,288,true,0,true,2026-08-10T07:05:43.008Z,1.12.6,1.9.0-DEV,428070c0f9ad,4.16.0,1.3.11,ctbllib-fs2-q5-findall,2397,2197,2026-08-12T23:46:34.848Z
S3x2.U4(3).2_2,78382080,false,0,true,2026-08-10T07:05:43.008Z,1.12.6,1.9.0-DEV,428070c0f9ad,4.16.0,1.3.11,ctbllib-fs2-q5-findall,2397,2198,2026-08-12T23:46:58.158Z
S3x3.S6,12960,false,0,true,2026-08-10T07:05:43.008Z,1.12.6,1.9.0-DEV,428070c0f9ad,4.16.0,1.3.11,ctbllib-fs2-q5-findall,2397,2199,2026-08-12T23:46:59.434Z
S3x3^(1+2)+:2A4,3888,true,0,true,2026-08-10T07:05:43.008Z,1.12.6,1.9.0-DEV,428070c0f9ad,4.16.0,1.3.11,ctbllib-fs2-q5-findall,2397,2200,2026-08-12T23:47:02.001Z
S3x3_1.U4(3).2_2,117573120,false,0,true,2026-08-10T07:05:43.008Z,1.12.6,1.9.0-DEV,428070c0f9ad,4.16.0,1.3.11,ctbllib-fs2-q5-findall,2397,2201,2026-08-12T23:47:57.76Z
S3x5:4,120,true,0,true,2026-08-10T07:05:43.008Z,1.12.6,1.9.0-DEV,428070c0f9ad,4.16.0,1.3.11,ctbllib-fs2-q5-findall,2397,2202,2026-08-12T23:47:59.977Z
S3x6_1.U4(3).2_2,235146240,false,0,true,2026-08-10T07:05:43.008Z,1.12.6,1.9.0-DEV,428070c0f9ad,4.16.0,1.3.11,ctbllib-fs2-q5-findall,2397,2203,2026-08-12T23:50:58.911Z
S3x7:6,252,true,0,true,2026-08-10T07:05:43.008Z,1.12.6,1.9.0-DEV,428070c0f9ad,4.16.0,1.3.11,ctbllib-fs2-q5-findall,2397,2204,2026-08-12T23:50:59.185Z
S3xA5,360,false,0,true,2026-08-10T07:05:43.008Z,1.12.6,1.9.0-DEV,428070c0f9ad,4.16.0,1.3.11,ctbllib-fs2-q5-findall,2397,2205,2026-08-12T23:50:59.582Z
S3xFi22.2,774741019852800,false,0,true,2026-08-10T07:05:43.008Z,1.12.6,1.9.0-DEV,428070c0f9ad,4.16.0,1.3.11,ctbllib-fs2-q5-findall,2397,2206,2026-08-12T23:52:15.474Z
S3xJ2.2,7257600,false,0,true,2026-08-10T07:05:43.008Z,1.12.6,1.9.0-DEV,428070c0f9ad,4.16.0,1.3.11,ctbllib-fs2-q5-findall,2397,2207,2026-08-12T23:52:20.828Z
S3xL2(8),3024,false,0,true,2026-08-10T07:05:43.008Z,1.12.6,1.9.0-DEV,428070c0f9ad,4.16.0,1.3.11,ctbllib-fs2-q5-findall,2397,2208,2026-08-12T23:52:21.423Z
S3xM12.2,1140480,false,0,true,2026-08-10T07:05:43.008Z,1.12.6,1.9.0-DEV,428070c0f9ad,4.16.0,1.3.11,ctbllib-fs2-q5-findall,2397,2209,2026-08-12T23:52:22.7Z
S3xO7(3),27512110080,false,0,true,2026-08-10T07:05:43.008Z,1.12.6,1.9.0-DEV,428070c0f9ad,4.16.0,1.3.11,ctbllib-fs2-q5-findall,2397,2210,2026-08-12T23:52:40.604Z
S3xO8+(3):S3,178278473318400,false,0,true,2026-08-10T07:05:43.008Z,1.12.6,1.9.0-DEV,428070c0f9ad,4.16.0,1.3.11,ctbllib-fs2-q5-findall,2397,2211,2026-08-12T23:54:10.161Z
S3xS3,36,true,0,true,2026-08-10T07:05:43.008Z,1.12.6,1.9.0-DEV,428070c0f9ad,4.16.0,1.3.11,ctbllib-fs2-q5-findall,2397,2212,2026-08-12T23:54:10.209Z
S3xS6,4320,false,0,true,2026-08-10T07:05:43.008Z,1.12.6,1.9.0-DEV,428070c0f9ad,4.16.0,1.3.11,ctbllib-fs2-q5-findall,2397,2213,2026-08-12T23:54:10.674Z
S3xS6(2),8709120,false,0,true,2026-08-10T07:05:43.008Z,1.12.6,1.9.0-DEV,428070c0f9ad,4.16.0,1.3.11,ctbllib-fs2-q5-findall,2397,2214,2026-08-12T23:54:16.456Z
S3xTh,544475663327232000,false,0,true,2026-08-10T07:05:43.008Z,1.12.6,1.9.0-DEV,428070c0f9ad,4.16.0,1.3.11,ctbllib-fs2-q5-findall,2397,2215,2026-08-12T23:54:35.573Z
S3xU4(2),155520,false,0,true,2026-08-10T07:05:43.008Z,1.12.6,1.9.0-DEV,428070c0f9ad,4.16.0,1.3.11,ctbllib-fs2-q5-findall,2397,2216,2026-08-12T23:54:37.105Z
S3xU4(2).2,311040,false,0,true,2026-08-10T07:05:43.008Z,1.12.6,1.9.0-DEV,428070c0f9ad,4.16.0,1.3.11,ctbllib-fs2-q5-findall,2397,2217,2026-08-12T23:54:39.282Z
S3xU4(3),19595520,false,0,true,2026-08-10T07:05:43.008Z,1.12.6,1.9.0-DEV,428070c0f9ad,4.16.0,1.3.11,ctbllib-fs2-q5-findall,2397,2218,2026-08-12T23:54:43.565Z
S3xU4(3).(2^2)_{122},78382080,false,0,true,2026-08-10T07:05:43.008Z,1.12.6,1.9.0-DEV,428070c0f9ad,4.16.0,1.3.11,ctbllib-fs2-q5-findall,2397,2219,2026-08-12T23:55:01.628Z
S3xU4(3).2_2,39191040,false,0,true,2026-08-10T07:05:43.008Z,1.12.6,1.9.0-DEV,428070c0f9ad,4.16.0,1.3.11,ctbllib-fs2-q5-findall,2397,2220,2026-08-12T23:55:09.088Z
S4(4),979200,false,0,true,2026-08-10T07:05:43.008Z,1.12.6,1.9.0-DEV,428070c0f9ad,4.16.0,1.3.11,ctbllib-fs2-q5-findall,2397,2221,2026-08-12T23:55:09.767Z
S4(4).2,1958400,false,0,true,2026-08-10T07:05:43.008Z,1.12.6,1.9.0-DEV,428070c0f9ad,4.16.0,1.3.11,ctbllib-fs2-q5-findall,2397,2222,2026-08-12T23:55:10.343Z
S4(4).4,3916800,false,0,true,2026-08-10T07:05:43.008Z,1.12.6,1.9.0-DEV,428070c0f9ad,4.16.0,1.3.11,ctbllib-fs2-q5-findall,2397,2223,2026-08-12T23:55:10.698Z
S4(5),4680000,false,0,true,2026-08-10T07:05:43.008Z,1.12.6,1.9.0-DEV,428070c0f9ad,4.16.0,1.3.11,ctbllib-fs2-q5-findall,2397,2224,2026-08-12T23:55:11.267Z
S4(5).2,9360000,false,0,true,2026-08-10T07:05:43.008Z,1.12.6,1.9.0-DEV,428070c0f9ad,4.16.0,1.3.11,ctbllib-fs2-q5-findall,2397,2225,2026-08-12T23:55:12.363Z
S4(7),138297600,false,0,true,2026-08-10T07:05:43.008Z,1.12.6,1.9.0-DEV,428070c0f9ad,4.16.0,1.3.11,ctbllib-fs2-q5-findall,2397,2226,2026-08-12T23:55:13.789Z
S4(7).2,276595200,false,0,true,2026-08-10T07:05:43.008Z,1.12.6,1.9.0-DEV,428070c0f9ad,4.16.0,1.3.11,ctbllib-fs2-q5-findall,2397,2227,2026-08-12T23:55:17.782Z
S4(8),1056706560,false,0,true,2026-08-10T07:05:43.008Z,1.12.6,1.9.0-DEV,428070c0f9ad,4.16.0,1.3.11,ctbllib-fs2-q5-findall,2397,2228,2026-08-12T23:56:02.735Z
S4(8).3,3170119680,false,0,true,2026-08-10T07:05:43.008Z,1.12.6,1.9.0-DEV,428070c0f9ad,4.16.0,1.3.11,ctbllib-fs2-q5-findall,2397,2229,2026-08-12T23:56:14.854Z
S4(9),1721606400,false,0,true,2026-08-10T07:05:43.008Z,1.12.6,1.9.0-DEV,428070c0f9ad,4.16.0,1.3.11,ctbllib-fs2-q5-findall,2397,2230,2026-08-12T23:56:34.94Z
S4(9).2^2,6886425600,false,0,true,2026-08-10T07:05:43.008Z,1.12.6,1.9.0-DEV,428070c0f9ad,4.16.0,1.3.11,ctbllib-fs2-q5-findall,2397,2231,2026-08-12T23:56:57.746Z
S4(9).2_1,3443212800,false,0,true,2026-08-10T07:05:43.008Z,1.12.6,1.9.0-DEV,428070c0f9ad,4.16.0,1.3.11,ctbllib-fs2-q5-findall,2397,2232,2026-08-12T23:57:06.114Z
S4(9).2_2,3443212800,false,0,true,2026-08-10T07:05:43.008Z,1.12.6,1.9.0-DEV,428070c0f9ad,4.16.0,1.3.11,ctbllib-fs2-q5-findall,2397,2233,2026-08-12T23:57:43.725Z
S4(9).2_3,3443212800,false,0,true,2026-08-10T07:05:43.008Z,1.12.6,1.9.0-DEV,428070c0f9ad,4.16.0,1.3.11,ctbllib-fs2-q5-findall,2397,2234,2026-08-12T23:57:52.532Z
S4wrS3,82944,true,0,true,2026-08-10T07:05:43.008Z,1.12.6,1.9.0-DEV,428070c0f9ad,4.16.0,1.3.11,ctbllib-fs2-q5-findall,2397,2235,2026-08-12T23:57:54.13Z
S4x2F4(2)'.2,862617600,false,0,true,2026-08-10T07:05:43.008Z,1.12.6,1.9.0-DEV,428070c0f9ad,4.16.0,1.3.11,ctbllib-fs2-q5-findall,2397,2236,2026-08-12T23:58:05.802Z
S4x2^2,96,true,0,true,2026-08-10T07:05:43.008Z,1.12.6,1.9.0-DEV,428070c0f9ad,4.16.0,1.3.11,ctbllib-fs2-q5-findall,2397,2237,2026-08-12T23:58:06.044Z
S4x3^(1+2):4,2592,true,0,true,2026-08-10T07:05:43.008Z,1.12.6,1.9.0-DEV,428070c0f9ad,4.16.0,1.3.11,ctbllib-fs2-q5-findall,2397,2238,2026-08-12T23:58:08.954Z
S4x3^(1+2)_+:Q8,5184,true,0,true,2026-08-10T07:05:43.008Z,1.12.6,1.9.0-DEV,428070c0f9ad,4.16.0,1.3.11,ctbllib-fs2-q5-findall,2397,2239,2026-08-12T23:58:14.842Z
S4x3^2:4,864,true,0,true,2026-08-10T07:05:43.008Z,1.12.6,1.9.0-DEV,428070c0f9ad,4.16.0,1.3.11,ctbllib-fs2-q5-findall,2397,2240,2026-08-12T23:58:15.505Z
S4x3^2:Q8,1728,true,0,true,2026-08-10T07:05:43.008Z,1.12.6,1.9.0-DEV,428070c0f9ad,4.16.0,1.3.11,ctbllib-fs2-q5-findall,2397,2241,2026-08-12T23:58:16.174Z
S4x5^2:4S4,57600,true,0,true,2026-08-10T07:05:43.008Z,1.12.6,1.9.0-DEV,428070c0f9ad,4.16.0,1.3.11,ctbllib-fs2-q5-findall,2397,2242,2026-08-12T23:58:21.502Z
S4xL3(2).2,8064,false,0,true,2026-08-10T07:05:43.008Z,1.12.6,1.9.0-DEV,428070c0f9ad,4.16.0,1.3.11,ctbllib-fs2-q5-findall,2397,2243,2026-08-12T23:58:22.206Z
S4xO8+(2):S3,25082265600,false,0,true,2026-08-10T07:05:43.008Z,1.12.6,1.9.0-DEV,428070c0f9ad,4.16.0,1.3.11,ctbllib-fs2-q5-findall,2397,2244,2026-08-12T23:59:32.562Z
S4xS3,144,true,0,true,2026-08-10T07:05:43.008Z,1.12.6,1.9.0-DEV,428070c0f9ad,4.16.0,1.3.11,ctbllib-fs2-q5-findall,2397,2245,2026-08-12T23:59:32.675Z
S4xS4,576,true,0,true,2026-08-10T07:05:43.008Z,1.12.6,1.9.0-DEV,428070c0f9ad,4.16.0,1.3.11,ctbllib-fs2-q5-findall,2397,2246,2026-08-12T23:59:32.939Z
S4xS6(2),34836480,false,0,true,2026-08-10T07:05:43.008Z,1.12.6,1.9.0-DEV,428070c0f9ad,4.16.0,1.3.11,ctbllib-fs2-q5-findall,2397,2247,2026-08-12T23:59:45.265Z
S4xU3(3).2,290304,false,0,true,2026-08-10T07:05:43.008Z,1.12.6,1.9.0-DEV,428070c0f9ad,4.16.0,1.3.11,ctbllib-fs2-q5-findall,2397,2248,2026-08-12T23:59:50.837Z
S4xU4(2).2,1244160,false,0,true,2026-08-10T07:05:43.008Z,1.12.6,1.9.0-DEV,428070c0f9ad,4.16.0,1.3.11,ctbllib-fs2-q5-findall,2397,2249,2026-08-12T23:59:59.404Z
S5xS3,720,false,0,true,2026-08-10T07:05:43.008Z,1.12.6,1.9.0-DEV,428070c0f9ad,4.16.0,1.3.11,ctbllib-fs2-q5-findall,2397,2250,2026-08-12T23:59:59.631Z
S5xS4,2880,false,0,true,2026-08-10T07:05:43.008Z,1.12.6,1.9.0-DEV,428070c0f9ad,4.16.0,1.3.11,ctbllib-fs2-q5-findall,2397,2251,2026-08-13T00:00:00.143Z
S5xS9,43545600,false,0,true,2026-08-10T07:05:43.008Z,1.12.6,1.9.0-DEV,428070c0f9ad,4.16.0,1.3.11,ctbllib-fs2-q5-findall,2397,2252,2026-08-13T00:00:25.302Z
S6(2),1451520,false,0,true,2026-08-10T07:05:43.008Z,1.12.6,1.9.0-DEV,428070c0f9ad,4.16.0,1.3.11,ctbllib-fs2-q5-findall,2397,2253,2026-08-13T00:00:25.673Z
S6(2)N2,512,true,0,true,2026-08-10T07:05:43.008Z,1.12.6,1.9.0-DEV,428070c0f9ad,4.16.0,1.3.11,ctbllib-fs2-q5-findall,2397,2254,2026-08-13T00:00:27.005Z
S6(3),4585351680,false,0,true,2026-08-10T07:05:43.008Z,1.12.6,1.9.0-DEV,428070c0f9ad,4.16.0,1.3.11,ctbllib-fs2-q5-findall,2397,2255,2026-08-13T00:00:32.608Z
S6(3).2,9170703360,false,0,true,2026-08-10T07:05:43.008Z,1.12.6,1.9.0-DEV,428070c0f9ad,4.16.0,1.3.11,ctbllib-fs2-q5-findall,2397,2256,2026-08-13T00:00:34.756Z
S6(4),4106059776000,false,0,true,2026-08-10T07:05:43.008Z,1.12.6,1.9.0-DEV,428070c0f9ad,4.16.0,1.3.11,ctbllib-fs2-q5-findall,2397,2257,2026-08-13T00:01:01.524Z
S6(4).2,8212119552000,false,0,true,2026-08-10T07:05:43.008Z,1.12.6,1.9.0-DEV,428070c0f9ad,4.16.0,1.3.11,ctbllib-fs2-q5-findall,2397,2258,2026-08-13T00:01:30.671Z
S6(5),228501000000000,false,0,true,2026-08-10T07:05:43.008Z,1.12.6,1.9.0-DEV,428070c0f9ad,4.16.0,1.3.11,ctbllib-fs2-q5-findall,2397,2259,2026-08-13T00:02:10.516Z
S6x2,1440,false,0,true,2026-08-10T07:05:43.008Z,1.12.6,1.9.0-DEV,428070c0f9ad,4.16.0,1.3.11,ctbllib-fs2-q5-findall,2397,2260,2026-08-13T00:02:10.78Z
S6xD8,5760,false,0,true,2026-08-10T07:05:43.008Z,1.12.6,1.9.0-DEV,428070c0f9ad,4.16.0,1.3.11,ctbllib-fs2-q5-findall,2397,2261,2026-08-13T00:02:12.201Z
S6xL2(8):3,1088640,false,0,true,2026-08-10T07:05:43.008Z,1.12.6,1.9.0-DEV,428070c0f9ad,4.16.0,1.3.11,ctbllib-fs2-q5-findall,2397,2262,2026-08-13T00:02:20.176Z
S6xS4,17280,false,0,true,2026-08-10T07:05:43.008Z,1.12.6,1.9.0-DEV,428070c0f9ad,4.16.0,1.3.11,ctbllib-fs2-q5-findall,2397,2263,2026-08-13T00:02:23.975Z
S6xS5,86400,false,0,true,2026-08-10T07:05:43.008Z,1.12.6,1.9.0-DEV,428070c0f9ad,4.16.0,1.3.11,ctbllib-fs2-q5-findall,2397,2264,2026-08-13T00:02:26.067Z
S7x2,10080,false,0,true,2026-08-10T07:05:43.008Z,1.12.6,1.9.0-DEV,428070c0f9ad,4.16.0,1.3.11,ctbllib-fs2-q5-findall,2397,2265,2026-08-13T00:02:26.474Z
S7xS3,30240,false,0,true,2026-08-10T07:05:43.008Z,1.12.6,1.9.0-DEV,428070c0f9ad,4.16.0,1.3.11,ctbllib-fs2-q5-findall,2397,2266,2026-08-13T00:02:27.273Z
S7xS4,120960,false,0,true,2026-08-10T07:05:43.008Z,1.12.6,1.9.0-DEV,428070c0f9ad,4.16.0,1.3.11,ctbllib-fs2-q5-findall,2397,2267,2026-08-13T00:02:32.045Z
S7xS5,604800,false,0,true,2026-08-10T07:05:43.008Z,1.12.6,1.9.0-DEV,428070c0f9ad,4.16.0,1.3.11,ctbllib-fs2-q5-findall,2397,2268,2026-08-13T00:02:39.052Z
S7xS6,3628800,false,0,true,2026-08-10T07:05:43.008Z,1.12.6,1.9.0-DEV,428070c0f9ad,4.16.0,1.3.11,ctbllib-fs2-q5-findall,2397,2269,2026-08-13T00:02:55.315Z
S8(2),47377612800,false,0,true,2026-08-10T07:05:43.008Z,1.12.6,1.9.0-DEV,428070c0f9ad,4.16.0,1.3.11,ctbllib-fs2-q5-findall,2397,2270,2026-08-13T00:02:57.987Z
S8(2)M3,185794560,false,0,true,2026-08-10T07:05:43.008Z,1.12.6,1.9.0-DEV,428070c0f9ad,4.16.0,1.3.11,ctbllib-fs2-q5-findall,2397,2271,2026-08-13T00:03:05.506Z
S8(3),65784756654489600,false,0,true,2026-08-10T07:05:43.008Z,1.12.6,1.9.0-DEV,428070c0f9ad,4.16.0,1.3.11,ctbllib-fs2-q5-findall,2397,2272,2026-08-13T00:04:30.246Z
S8x2,80640,false,0,true,2026-08-10T07:05:43.008Z,1.12.6,1.9.0-DEV,428070c0f9ad,4.16.0,1.3.11,ctbllib-fs2-q5-findall,2397,2273,2026-08-13T00:04:31.029Z
S8xS3,241920,false,0,true,2026-08-10T07:05:43.008Z,1.12.6,1.9.0-DEV,428070c0f9ad,4.16.0,1.3.11,ctbllib-fs2-q5-findall,2397,2274,2026-08-13T00:04:32.571Z
S8xS4,967680,false,0,true,2026-08-10T07:05:43.008Z,1.12.6,1.9.0-DEV,428070c0f9ad,4.16.0,1.3.11,ctbllib-fs2-q5-findall,2397,2275,2026-08-13T00:04:38.608Z
S8xS5,4838400,false,0,true,2026-08-10T07:05:43.008Z,1.12.6,1.9.0-DEV,428070c0f9ad,4.16.0,1.3.11,ctbllib-fs2-q5-findall,2397,2276,2026-08-13T00:04:53.38Z
S9x2,725760,false,0,true,2026-08-10T07:05:43.008Z,1.12.6,1.9.0-DEV,428070c0f9ad,4.16.0,1.3.11,ctbllib-fs2-q5-findall,2397,2277,2026-08-13T00:04:54.747Z
S9xS3,2177280,false,0,true,2026-08-10T07:05:43.008Z,1.12.6,1.9.0-DEV,428070c0f9ad,4.16.0,1.3.11,ctbllib-fs2-q5-findall,2397,2278,2026-08-13T00:05:00.825Z
S9xS4,8709120,false,0,true,2026-08-10T07:05:43.008Z,1.12.6,1.9.0-DEV,428070c0f9ad,4.16.0,1.3.11,ctbllib-fs2-q5-findall,2397,2279,2026-08-13T00:05:11.722Z
Suz,448345497600,false,0,true,2026-08-10T07:05:43.008Z,1.12.6,1.9.0-DEV,428070c0f9ad,4.16.0,1.3.11,ctbllib-fs2-q5-findall,2397,2280,2026-08-13T00:05:16.104Z
Suz.2,896690995200,false,0,true,2026-08-10T07:05:43.008Z,1.12.6,1.9.0-DEV,428070c0f9ad,4.16.0,1.3.11,ctbllib-fs2-q5-findall,2397,2281,2026-08-13T00:05:17.702Z
SuzN2,24576,true,0,true,2026-08-10T07:05:43.008Z,1.12.6,1.9.0-DEV,428070c0f9ad,4.16.0,1.3.11,ctbllib-fs2-q5-findall,2397,2282,2026-08-13T00:05:20.243Z
Sz(32),32537600,false,0,true,2026-08-10T07:05:43.008Z,1.12.6,1.9.0-DEV,428070c0f9ad,4.16.0,1.3.11,ctbllib-fs2-q5-findall,2397,2283,2026-08-13T00:05:55.644Z
Sz(32).5,162688000,false,0,true,2026-08-10T07:05:43.008Z,1.12.6,1.9.0-DEV,428070c0f9ad,4.16.0,1.3.11,ctbllib-fs2-q5-findall,2397,2284,2026-08-13T00:06:01.973Z
Sz(8),29120,false,0,true,2026-08-10T07:05:43.008Z,1.12.6,1.9.0-DEV,428070c0f9ad,4.16.0,1.3.11,ctbllib-fs2-q5-findall,2397,2285,2026-08-13T00:06:02.242Z
Sz(8).3,87360,false,0,true,2026-08-10T07:05:43.008Z,1.12.6,1.9.0-DEV,428070c0f9ad,4.16.0,1.3.11,ctbllib-fs2-q5-findall,2397,2286,2026-08-13T00:06:02.412Z
Th,90745943887872000,false,0,true,2026-08-10T07:05:43.008Z,1.12.6,1.9.0-DEV,428070c0f9ad,4.16.0,1.3.11,ctbllib-fs2-q5-findall,2397,2287,2026-08-13T00:06:05.462Z
ThM7,944784,true,0,true,2026-08-10T07:05:43.008Z,1.12.6,1.9.0-DEV,428070c0f9ad,4.16.0,1.3.11,ctbllib-fs2-q5-findall,2397,2288,2026-08-13T00:06:06.362Z
ThN2,32768,true,0,true,2026-08-10T07:05:43.008Z,1.12.6,1.9.0-DEV,428070c0f9ad,4.16.0,1.3.11,ctbllib-fs2-q5-findall,2397,2289,2026-08-13T00:06:10.949Z
ThN3,236196,true,0,true,2026-08-10T07:05:43.008Z,1.12.6,1.9.0-DEV,428070c0f9ad,4.16.0,1.3.11,ctbllib-fs2-q5-findall,2397,2290,2026-08-13T00:06:12.745Z
ThN3B,944784,true,0,true,2026-08-10T07:05:43.008Z,1.12.6,1.9.0-DEV,428070c0f9ad,4.16.0,1.3.11,ctbllib-fs2-q5-findall,2397,2291,2026-08-13T00:06:14.053Z
U3(11),70915680,false,0,true,2026-08-10T07:05:43.008Z,1.12.6,1.9.0-DEV,428070c0f9ad,4.16.0,1.3.11,ctbllib-fs2-q5-findall,2397,2292,2026-08-13T00:06:35.01Z
U3(11).2,141831360,false,0,true,2026-08-10T07:05:43.008Z,1.12.6,1.9.0-DEV,428070c0f9ad,4.16.0,1.3.11,ctbllib-fs2-q5-findall,2397,2293,2026-08-13T00:06:41.658Z
U3(11).3,212747040,false,0,true,2026-08-10T07:05:43.008Z,1.12.6,1.9.0-DEV,428070c0f9ad,4.16.0,1.3.11,ctbllib-fs2-q5-findall,2397,2294,2026-08-13T00:21:19.353Z
U3(11).S3,425494080,false,0,true,2026-08-10T07:05:43.008Z,1.12.6,1.9.0-DEV,428070c0f9ad,4.16.0,1.3.11,ctbllib-fs2-q5-findall,2397,2295,2026-08-13T00:27:53.514Z
U3(3),6048,false,0,true,2026-08-10T07:05:43.008Z,1.12.6,1.9.0-DEV,428070c0f9ad,4.16.0,1.3.11,ctbllib-fs2-q5-findall,2397,2296,2026-08-13T00:27:53.708Z
U3(3).2,12096,false,0,true,2026-08-10T07:05:43.008Z,1.12.6,1.9.0-DEV,428070c0f9ad,4.16.0,1.3.11,ctbllib-fs2-q5-findall,2397,2297,2026-08-13T00:27:53.859Z
U3(4),62400,false,0,true,2026-08-10T07:05:43.008Z,1.12.6,1.9.0-DEV,428070c0f9ad,4.16.0,1.3.11,ctbllib-fs2-q5-findall,2397,2298,2026-08-13T00:27:54.218Z
U3(4).2,124800,false,0,true,2026-08-10T07:05:43.008Z,1.12.6,1.9.0-DEV,428070c0f9ad,4.16.0,1.3.11,ctbllib-fs2-q5-findall,2397,2299,2026-08-13T00:27:54.478Z
U3(4).4,249600,false,0,true,2026-08-10T07:05:43.008Z,1.12.6,1.9.0-DEV,428070c0f9ad,4.16.0,1.3.11,ctbllib-fs2-q5-findall,2397,2300,2026-08-13T00:27:54.71Z
U3(5),126000,false,0,true,2026-08-10T07:05:43.008Z,1.12.6,1.9.0-DEV,428070c0f9ad,4.16.0,1.3.11,ctbllib-fs2-q5-findall,2397,2301,2026-08-13T00:27:54.833Z
U3(5).2,252000,false,0,true,2026-08-10T07:05:43.008Z,1.12.6,1.9.0-DEV,428070c0f9ad,4.16.0,1.3.11,ctbllib-fs2-q5-findall,2397,2302,2026-08-13T00:27:54.979Z
U3(5).2N2,32,true,0,true,2026-08-10T07:05:43.008Z,1.12.6,1.9.0-DEV,428070c0f9ad,4.16.0,1.3.11,ctbllib-fs2-q5-findall,2397,2303,2026-08-13T00:27:55.317Z
U3(5).3,378000,false,0,true,2026-08-10T07:05:43.008Z,1.12.6,1.9.0-DEV,428070c0f9ad,4.16.0,1.3.11,ctbllib-fs2-q5-findall,2397,2304,2026-08-13T00:27:56.579Z
U3(5).3.2,756000,false,0,true,2026-08-10T07:05:43.008Z,1.12.6,1.9.0-DEV,428070c0f9ad,4.16.0,1.3.11,ctbllib-fs2-q5-findall,2397,2305,2026-08-13T00:27:57.01Z
U3(7),5663616,false,0,true,2026-08-10T07:05:43.008Z,1.12.6,1.9.0-DEV,428070c0f9ad,4.16.0,1.3.11,ctbllib-fs2-q5-findall,2397,2306,2026-08-13T00:28:33.061Z
U3(7).2,11327232,false,0,true,2026-08-10T07:05:43.008Z,1.12.6,1.9.0-DEV,428070c0f9ad,4.16.0,1.3.11,ctbllib-fs2-q5-findall,2397,2307,2026-08-13T00:28:46.496Z
U3(8),5515776,false,0,true,2026-08-10T07:05:43.008Z,1.12.6,1.9.0-DEV,428070c0f9ad,4.16.0,1.3.11,ctbllib-fs2-q5-findall,2397,2308,2026-08-13T00:28:48.878Z
U3(8).(S3x3),99283968,false,0,true,2026-08-10T07:05:43.008Z,1.12.6,1.9.0-DEV,428070c0f9ad,4.16.0,1.3.11,ctbllib-fs2-q5-findall,2397,2309,2026-08-13T00:28:57.901Z
U3(8).2,11031552,false,0,true,2026-08-10T07:05:43.008Z,1.12.6,1.9.0-DEV,428070c0f9ad,4.16.0,1.3.11,ctbllib-fs2-q5-findall,2397,2310,2026-08-13T00:28:58.877Z
U3(8).3^2,49641984,false,0,true,2026-08-10T07:05:43.008Z,1.12.6,1.9.0-DEV,428070c0f9ad,4.16.0,1.3.11,ctbllib-fs2-q5-findall,2397,2311,2026-08-13T00:29:23.731Z
U3(8).3_1,16547328,false,0,true,2026-08-10T07:05:43.008Z,1.12.6,1.9.0-DEV,428070c0f9ad,4.16.0,1.3.11,ctbllib-fs2-q5-findall,2397,2312,2026-08-13T00:29:24.815Z
U3(8).3_2,16547328,false,0,true,2026-08-10T07:05:43.008Z,1.12.6,1.9.0-DEV,428070c0f9ad,4.16.0,1.3.11,ctbllib-fs2-q5-findall,2397,2313,2026-08-13T00:31:29.552Z
U3(8).3_3,16547328,false,0,true,2026-08-10T07:05:43.008Z,1.12.6,1.9.0-DEV,428070c0f9ad,4.16.0,1.3.11,ctbllib-fs2-q5-findall,2397,2314,2026-08-13T00:31:30.562Z
U3(8).6,33094656,false,0,true,2026-08-10T07:05:43.008Z,1.12.6,1.9.0-DEV,428070c0f9ad,4.16.0,1.3.11,ctbllib-fs2-q5-findall,2397,2315,2026-08-13T00:31:31.391Z
U3(8).S3,33094656,false,0,true,2026-08-10T07:05:43.008Z,1.12.6,1.9.0-DEV,428070c0f9ad,4.16.0,1.3.11,ctbllib-fs2-q5-findall,2397,2316,2026-08-13T00:32:12.661Z
U3(9),42573600,false,0,true,2026-08-10T07:05:43.008Z,1.12.6,1.9.0-DEV,428070c0f9ad,4.16.0,1.3.11,ctbllib-fs2-q5-findall,2397,2317,2026-08-13T00:35:15.49Z
U3(9).2,85147200,false,0,true,2026-08-10T07:05:43.008Z,1.12.6,1.9.0-DEV,428070c0f9ad,4.16.0,1.3.11,ctbllib-fs2-q5-findall,2397,2318,2026-08-13T00:36:41.396Z
U3(9).4,170294400,false,0,true,2026-08-10T07:05:43.008Z,1.12.6,1.9.0-DEV,428070c0f9ad,4.16.0,1.3.11,ctbllib-fs2-q5-findall,2397,2319,2026-08-13T00:37:28.883Z
U4(2),25920,false,0,true,2026-08-10T07:05:43.008Z,1.12.6,1.9.0-DEV,428070c0f9ad,4.16.0,1.3.11,ctbllib-fs2-q5-findall,2397,2320,2026-08-13T00:37:29.144Z
U4(2).2,51840,false,0,true,2026-08-10T07:05:43.008Z,1.12.6,1.9.0-DEV,428070c0f9ad,4.16.0,1.3.11,ctbllib-fs2-q5-findall,2397,2321,2026-08-13T00:37:29.406Z
U4(3),3265920,false,0,true,2026-08-10T07:05:43.008Z,1.12.6,1.9.0-DEV,428070c0f9ad,4.16.0,1.3.11,ctbllib-fs2-q5-findall,2397,2322,2026-08-13T00:37:29.747Z
U4(3).(2^2)_{122},13063680,false,0,true,2026-08-10T07:05:43.008Z,1.12.6,1.9.0-DEV,428070c0f9ad,4.16.0,1.3.11,ctbllib-fs2-q5-findall,2397,2323,2026-08-13T00:37:31.031Z
U4(3).(2^2)_{133},13063680,false,0,true,2026-08-10T07:05:43.008Z,1.12.6,1.9.0-DEV,428070c0f9ad,4.16.0,1.3.11,ctbllib-fs2-q5-findall,2397,2324,2026-08-13T00:37:31.736Z
U4(3).2_1,6531840,false,0,true,2026-08-10T07:05:43.008Z,1.12.6,1.9.0-DEV,428070c0f9ad,4.16.0,1.3.11,ctbllib-fs2-q5-findall,2397,2325,2026-08-13T00:37:32.227Z
U4(3).2_2,6531840,false,0,true,2026-08-10T07:05:43.008Z,1.12.6,1.9.0-DEV,428070c0f9ad,4.16.0,1.3.11,ctbllib-fs2-q5-findall,2397,2326,2026-08-13T00:37:32.748Z
U4(3).2_3,6531840,false,0,true,2026-08-10T07:05:43.008Z,1.12.6,1.9.0-DEV,428070c0f9ad,4.16.0,1.3.11,ctbllib-fs2-q5-findall,2397,2327,2026-08-13T00:37:34.949Z
U4(3).4,13063680,false,0,true,2026-08-10T07:05:43.008Z,1.12.6,1.9.0-DEV,428070c0f9ad,4.16.0,1.3.11,ctbllib-fs2-q5-findall,2397,2328,2026-08-13T00:37:36.07Z
U4(3).D8,26127360,false,0,true,2026-08-10T07:05:43.008Z,1.12.6,1.9.0-DEV,428070c0f9ad,4.16.0,1.3.11,ctbllib-fs2-q5-findall,2397,2329,2026-08-13T00:37:37.305Z
U4(4),1018368000,false,0,true,2026-08-10T07:05:43.008Z,1.12.6,1.9.0-DEV,428070c0f9ad,4.16.0,1.3.11,ctbllib-fs2-q5-findall,2397,2330,2026-08-13T00:38:08.81Z
U4(4).4,4073472000,false,0,true,2026-08-10T07:05:43.008Z,1.12.6,1.9.0-DEV,428070c0f9ad,4.16.0,1.3.11,ctbllib-fs2-q5-findall,2397,2331,2026-08-13T00:38:11.87Z
U4(5),14742000000,false,0,true,2026-08-10T07:05:43.008Z,1.12.6,1.9.0-DEV,428070c0f9ad,4.16.0,1.3.11,ctbllib-fs2-q5-findall,2397,2332,2026-08-13T00:38:48.93Z
U4(5).2^2,58968000000,false,0,true,2026-08-10T07:05:43.008Z,1.12.6,1.9.0-DEV,428070c0f9ad,4.16.0,1.3.11,ctbllib-fs2-q5-findall,2397,2333,2026-08-13T00:39:26.443Z
U4(5).2_1,29484000000,false,0,true,2026-08-10T07:05:43.008Z,1.12.6,1.9.0-DEV,428070c0f9ad,4.16.0,1.3.11,ctbllib-fs2-q5-findall,2397,2334,2026-08-13T00:39:46.788Z
U4(5).2_2,29484000000,false,0,true,2026-08-10T07:05:43.008Z,1.12.6,1.9.0-DEV,428070c0f9ad,4.16.0,1.3.11,ctbllib-fs2-q5-findall,2397,2335,2026-08-13T00:41:05.909Z
U4(5).2_3,29484000000,false,0,true,2026-08-10T07:05:43.008Z,1.12.6,1.9.0-DEV,428070c0f9ad,4.16.0,1.3.11,ctbllib-fs2-q5-findall,2397,2336,2026-08-13T00:41:37.412Z
U5(2),13685760,false,0,true,2026-08-10T07:05:43.008Z,1.12.6,1.9.0-DEV,428070c0f9ad,4.16.0,1.3.11,ctbllib-fs2-q5-findall,2397,2337,2026-08-13T00:41:38.733Z
U5(2).2,27371520,false,0,true,2026-08-10T07:05:43.008Z,1.12.6,1.9.0-DEV,428070c0f9ad,4.16.0,1.3.11,ctbllib-fs2-q5-findall,2397,2338,2026-08-13T00:41:39.345Z
U5(3),258190571520,false,0,true,2026-08-10T07:05:43.008Z,1.12.6,1.9.0-DEV,428070c0f9ad,4.16.0,1.3.11,ctbllib-fs2-q5-findall,2397,2339,2026-08-13T00:42:43.28Z
U5(4),53443952640000,false,0,true,2026-08-10T07:05:43.008Z,1.12.6,1.9.0-DEV,428070c0f9ad,4.16.0,1.3.11,ctbllib-fs2-q5-findall,2397,2340,2026-08-13T00:43:27.176Z
U5(4).2,106887905280000,false,0,true,2026-08-10T07:05:43.008Z,1.12.6,1.9.0-DEV,428070c0f9ad,4.16.0,1.3.11,ctbllib-fs2-q5-findall,2397,2341,2026-08-13T00:43:38.168Z
U6(2),9196830720,false,0,true,2026-08-10T07:05:43.008Z,1.12.6,1.9.0-DEV,428070c0f9ad,4.16.0,1.3.11,ctbllib-fs2-q5-findall,2397,2342,2026-08-13T00:43:39.277Z
U6(2).2,18393661440,false,0,true,2026-08-10T07:05:43.008Z,1.12.6,1.9.0-DEV,428070c0f9ad,4.16.0,1.3.11,ctbllib-fs2-q5-findall,2397,2343,2026-08-13T00:43:44.889Z
U6(2).3,27590492160,false,0,true,2026-08-10T07:05:43.008Z,1.12.6,1.9.0-DEV,428070c0f9ad,4.16.0,1.3.11,ctbllib-fs2-q5-findall,2397,2344,2026-08-13T00:43:58.393Z
U6(2).3.2,55180984320,false,0,true,2026-08-10T07:05:43.008Z,1.12.6,1.9.0-DEV,428070c0f9ad,4.16.0,1.3.11,ctbllib-fs2-q5-findall,2397,2345,2026-08-13T00:44:03.893Z
U6(4),1120527288631296000000,false,1,true,2026-08-10T07:05:43.008Z,1.12.6,1.9.0-DEV,428070c0f9ad,4.16.0,1.3.11,ctbllib-fs2-q5-findall,2397,2346,2026-08-16T22:02:34.872Z
U7(2),227787103272960,false,0,true,2026-08-10T07:05:43.008Z,1.12.6,1.9.0-DEV,428070c0f9ad,4.16.0,1.3.11,ctbllib-fs2-q5-findall,2397,2347,2026-08-16T22:03:52.899Z
U72CT,168170618880,false,0,true,2026-08-10T07:05:43.008Z,1.12.6,1.9.0-DEV,428070c0f9ad,4.16.0,1.3.11,ctbllib-fs2-q5-findall,2397,2348,2026-08-16T22:04:33.393Z
V4,4,true,0,true,2026-08-10T07:05:43.008Z,1.12.6,1.9.0-DEV,428070c0f9ad,4.16.0,1.3.11,ctbllib-fs2-q5-findall,2397,2349,2026-08-16T22:04:33.416Z
[2^20]:(S3xL3(2)),1056964608,false,0,true,2026-08-10T07:05:43.008Z,1.12.6,1.9.0-DEV,428070c0f9ad,4.16.0,1.3.11,ctbllib-fs2-q5-findall,2397,2350,2026-08-16T22:06:13.086Z
[2^20]:A6.2^2,1509949440,false,0,true,2026-08-10T07:05:43.008Z,1.12.6,1.9.0-DEV,428070c0f9ad,4.16.0,1.3.11,ctbllib-fs2-q5-findall,2397,2351,2026-08-16T22:07:07.852Z
[2^22]:(S3xS3):2,301989888,true,0,true,2026-08-10T07:05:43.008Z,1.12.6,1.9.0-DEV,428070c0f9ad,4.16.0,1.3.11,ctbllib-fs2-q5-findall,2397,2352,2026-08-16T22:08:51.131Z
[2^30].L5(2),10736731045232640,false,0,true,2026-08-10T07:05:43.008Z,1.12.6,1.9.0-DEV,428070c0f9ad,4.16.0,1.3.11,ctbllib-fs2-q5-findall,2397,2353,2026-08-16T22:22:33.279Z
[2^35].(S5xL3(2)),692692325498880,false,0,true,2026-08-10T07:05:43.008Z,1.12.6,1.9.0-DEV,428070c0f9ad,4.16.0,1.3.11,ctbllib-fs2-q5-findall,2397,2354,2026-08-16T23:21:51.115Z
[2^9].S3a,3072,true,0,true,2026-08-10T07:05:43.008Z,1.12.6,1.9.0-DEV,428070c0f9ad,4.16.0,1.3.11,ctbllib-fs2-q5-findall,2397,2355,2026-08-16T23:21:52.092Z
[2^9].S3b,3072,true,0,true,2026-08-10T07:05:43.008Z,1.12.6,1.9.0-DEV,428070c0f9ad,4.16.0,1.3.11,ctbllib-fs2-q5-findall,2397,2356,2026-08-16T23:21:52.867Z
[7^6]:(6x6),4235364,true,0,true,2026-08-10T07:05:43.008Z,1.12.6,1.9.0-DEV,428070c0f9ad,4.16.0,1.3.11,ctbllib-fs2-q5-findall,2397,2357,2026-08-16T23:21:57.964Z
a4,12,true,0,true,2026-08-10T07:05:43.008Z,1.12.6,1.9.0-DEV,428070c0f9ad,4.16.0,1.3.11,ctbllib-fs2-q5-findall,2397,2358,2026-08-16T23:21:57.996Z
a4xa5,720,false,0,true,2026-08-10T07:05:43.008Z,1.12.6,1.9.0-DEV,428070c0f9ad,4.16.0,1.3.11,ctbllib-fs2-q5-findall,2397,2359,2026-08-16T23:21:58.208Z
a4xs5,1440,false,0,true,2026-08-10T07:05:43.008Z,1.12.6,1.9.0-DEV,428070c0f9ad,4.16.0,1.3.11,ctbllib-fs2-q5-findall,2397,2360,2026-08-16T23:21:58.811Z
a5wc2,7200,false,0,true,2026-08-10T07:05:43.008Z,1.12.6,1.9.0-DEV,428070c0f9ad,4.16.0,1.3.11,ctbllib-fs2-q5-findall,2397,2361,2026-08-16T23:21:58.965Z
a5xd10,600,false,0,true,2026-08-10T07:05:43.008Z,1.12.6,1.9.0-DEV,428070c0f9ad,4.16.0,1.3.11,ctbllib-fs2-q5-findall,2397,2362,2026-08-16T23:21:59.161Z
affine,311040,false,0,true,2026-08-10T07:05:43.008Z,1.12.6,1.9.0-DEV,428070c0f9ad,4.16.0,1.3.11,ctbllib-fs2-q5-findall,2397,2363,2026-08-16T23:21:59.51Z
b33141,576,true,0,true,2026-08-10T07:05:43.008Z,1.12.6,1.9.0-DEV,428070c0f9ad,4.16.0,1.3.11,ctbllib-fs2-q5-findall,2397,2364,2026-08-16T23:21:59.84Z
bd10,20,true,0,true,2026-08-10T07:05:43.008Z,1.12.6,1.9.0-DEV,428070c0f9ad,4.16.0,1.3.11,ctbllib-fs2-q5-findall,2397,2365,2026-08-16T23:21:59.879Z
c2aj4,21799895040,false,0,true,2026-08-10T07:05:43.008Z,1.12.6,1.9.0-DEV,428070c0f9ad,4.16.0,1.3.11,ctbllib-fs2-q5-findall,2397,2366,2026-08-16T23:22:05.67Z
c3d2,1008,true,0,true,2026-08-10T07:05:43.008Z,1.12.6,1.9.0-DEV,428070c0f9ad,4.16.0,1.3.11,ctbllib-fs2-q5-findall,2397,2367,2026-08-16T23:22:06.145Z
f22s2,131072,true,0,true,2026-08-10T07:05:43.008Z,1.12.6,1.9.0-DEV,428070c0f9ad,4.16.0,1.3.11,ctbllib-fs2-q5-findall,2397,2368,2026-08-16T23:22:37.244Z
frob,812,true,0,true,2026-08-10T07:05:43.008Z,1.12.6,1.9.0-DEV,428070c0f9ad,4.16.0,1.3.11,ctbllib-fs2-q5-findall,2397,2369,2026-08-16T23:22:40.178Z
g61,390000,true,0,true,2026-08-10T07:05:43.008Z,1.12.6,1.9.0-DEV,428070c0f9ad,4.16.0,1.3.11,ctbllib-fs2-q5-findall,2397,2370,2026-08-16T23:22:50.883Z
g61s1,624,true,0,true,2026-08-10T07:05:43.008Z,1.12.6,1.9.0-DEV,428070c0f9ad,4.16.0,1.3.11,ctbllib-fs2-q5-findall,2397,2371,2026-08-16T23:23:06.874Z
g72x16,1152,true,0,true,2026-08-10T07:05:43.008Z,1.12.6,1.9.0-DEV,428070c0f9ad,4.16.0,1.3.11,ctbllib-fs2-q5-findall,2397,2372,2026-08-16T23:23:09.952Z
gl25,480,false,0,true,2026-08-10T07:05:43.008Z,1.12.6,1.9.0-DEV,428070c0f9ad,4.16.0,1.3.11,ctbllib-fs2-q5-findall,2397,2373,2026-08-16T23:23:10.184Z
group2,512,true,0,true,2026-08-10T07:05:43.008Z,1.12.6,1.9.0-DEV,428070c0f9ad,4.16.0,1.3.11,ctbllib-fs2-q5-findall,2397,2374,2026-08-16T23:23:10.668Z
group3,63,true,0,true,2026-08-10T07:05:43.008Z,1.12.6,1.9.0-DEV,428070c0f9ad,4.16.0,1.3.11,ctbllib-fs2-q5-findall,2397,2375,2026-08-16T23:23:11.167Z
group5,1176,true,0,true,2026-08-10T07:05:43.008Z,1.12.6,1.9.0-DEV,428070c0f9ad,4.16.0,1.3.11,ctbllib-fs2-q5-findall,2397,2376,2026-08-16T23:24:16.704Z
group6,96,true,0,true,2026-08-10T07:05:43.008Z,1.12.6,1.9.0-DEV,428070c0f9ad,4.16.0,1.3.11,ctbllib-fs2-q5-findall,2397,2377,2026-08-16T23:24:16.8Z
h4,14400,false,0,true,2026-08-10T07:05:43.008Z,1.12.6,1.9.0-DEV,428070c0f9ad,4.16.0,1.3.11,ctbllib-fs2-q5-findall,2397,2378,2026-08-16T23:24:17.209Z
hed3,1728,true,0,true,2026-08-10T07:05:43.008Z,1.12.6,1.9.0-DEV,428070c0f9ad,4.16.0,1.3.11,ctbllib-fs2-q5-findall,2397,2379,2026-08-16T23:24:17.395Z
hess,648,true,0,true,2026-08-10T07:05:43.008Z,1.12.6,1.9.0-DEV,428070c0f9ad,4.16.0,1.3.11,ctbllib-fs2-q5-findall,2397,2380,2026-08-16T23:24:17.95Z
j3m4,2880,false,0,true,2026-08-10T07:05:43.008Z,1.12.6,1.9.0-DEV,428070c0f9ad,4.16.0,1.3.11,ctbllib-fs2-q5-findall,2397,2381,2026-08-16T23:24:18.162Z
j3m6,2160,false,0,true,2026-08-10T07:05:43.008Z,1.12.6,1.9.0-DEV,428070c0f9ad,4.16.0,1.3.11,ctbllib-fs2-q5-findall,2397,2382,2026-08-16T23:24:18.334Z
mo62,1920,false,0,true,2026-08-10T07:05:43.008Z,1.12.6,1.9.0-DEV,428070c0f9ad,4.16.0,1.3.11,ctbllib-fs2-q5-findall,2397,2383,2026-08-16T23:24:18.497Z
mx1j4,501397585920,false,0,true,2026-08-10T07:05:43.008Z,1.12.6,1.9.0-DEV,428070c0f9ad,4.16.0,1.3.11,ctbllib-fs2-q5-findall,2397,2384,2026-08-16T23:24:21.6Z
s2wrs4,384,true,0,true,2026-08-10T07:05:43.008Z,1.12.6,1.9.0-DEV,428070c0f9ad,4.16.0,1.3.11,ctbllib-fs2-q5-findall,2397,2385,2026-08-16T23:24:21.784Z
s2wrs5,3840,false,0,true,2026-08-10T07:05:43.008Z,1.12.6,1.9.0-DEV,428070c0f9ad,4.16.0,1.3.11,ctbllib-fs2-q5-findall,2397,2386,2026-08-16T23:24:22.316Z
s3wrs2,72,true,0,true,2026-08-10T07:05:43.008Z,1.12.6,1.9.0-DEV,428070c0f9ad,4.16.0,1.3.11,ctbllib-fs2-q5-findall,2397,2387,2026-08-16T23:24:22.362Z
s3wrs3,1296,true,0,true,2026-08-10T07:05:43.008Z,1.12.6,1.9.0-DEV,428070c0f9ad,4.16.0,1.3.11,ctbllib-fs2-q5-findall,2397,2388,2026-08-16T23:24:22.56Z
"s3xpsl(2,8).3",9072,false,0,true,2026-08-10T07:05:43.008Z,1.12.6,1.9.0-DEV,428070c0f9ad,4.16.0,1.3.11,ctbllib-fs2-q5-findall,2397,2389,2026-08-16T23:24:23.164Z
s4,24,true,0,true,2026-08-10T07:05:43.008Z,1.12.6,1.9.0-DEV,428070c0f9ad,4.16.0,1.3.11,ctbllib-fs2-q5-findall,2397,2390,2026-08-16T23:24:23.205Z
s4wrs2,1152,true,0,true,2026-08-10T07:05:43.008Z,1.12.6,1.9.0-DEV,428070c0f9ad,4.16.0,1.3.11,ctbllib-fs2-q5-findall,2397,2391,2026-08-16T23:24:38.168Z
"s4xpsl(3,2)",4032,false,0,true,2026-08-10T07:05:43.008Z,1.12.6,1.9.0-DEV,428070c0f9ad,4.16.0,1.3.11,ctbllib-fs2-q5-findall,2397,2392,2026-08-16T23:24:38.807Z
s5wrs2,28800,false,0,true,2026-08-10T07:05:43.008Z,1.12.6,1.9.0-DEV,428070c0f9ad,4.16.0,1.3.11,ctbllib-fs2-q5-findall,2397,2393,2026-08-16T23:24:39.26Z
sl25ex,29160,false,0,true,2026-08-10T07:05:43.008Z,1.12.6,1.9.0-DEV,428070c0f9ad,4.16.0,1.3.11,ctbllib-fs2-q5-findall,2397,2394,2026-08-16T23:24:39.732Z
suzs2,8192,true,0,true,2026-08-10T07:05:43.008Z,1.12.6,1.9.0-DEV,428070c0f9ad,4.16.0,1.3.11,ctbllib-fs2-q5-findall,2397,2395,2026-08-16T23:24:43.159Z
twd5a,3840,false,0,true,2026-08-10T07:05:43.008Z,1.12.6,1.9.0-DEV,428070c0f9ad,4.16.0,1.3.11,ctbllib-fs2-q5-findall,2397,2396,2026-08-16T23:24:43.373Z
w(f4),1152,true,0,true,2026-08-10T07:05:43.008Z,1.12.6,1.9.0-DEV,428070c0f9ad,4.16.0,1.3.11,ctbllib-fs2-q5-findall,2397,2397,2026-08-16T23:24:43.617Z
