table,G_order,G_solvable,false_characters,findall,run_started_at_utc,julia_version,oscar_version,fs2_git_revision,gap_version,ctbllib_version,scan_id,scan_total,scan_index,logged_at_utc
(11:5xD12).2,1320,true,0,true,2026-08-10T06:58:19.62Z,1.12.6,1.9.0-DEV,428070c0f9ad,4.16.0,1.3.11,ctbllib-fs2-q1-findall,2397,1,2026-08-10T06:58:26.21Z
(11:5xM12):2,10454400,false,0,true,2026-08-10T06:58:19.62Z,1.12.6,1.9.0-DEV,428070c0f9ad,4.16.0,1.3.11,ctbllib-fs2-q1-findall,2397,2,2026-08-10T06:58:28.301Z
(13:6xA4).2,1872,true,0,true,2026-08-10T06:58:19.62Z,1.12.6,1.9.0-DEV,428070c0f9ad,4.16.0,1.3.11,ctbllib-fs2-q1-findall,2397,3,2026-08-10T06:58:31.671Z
(13:6xL3(3)).2,876096,false,0,true,2026-08-10T06:58:19.62Z,1.12.6,1.9.0-DEV,428070c0f9ad,4.16.0,1.3.11,ctbllib-fs2-q1-findall,2397,4,2026-08-10T06:58:31.975Z
(2.A4x2.G2(4)).2,24153292800,false,0,true,2026-08-10T06:58:19.62Z,1.12.6,1.9.0-DEV,428070c0f9ad,4.16.0,1.3.11,ctbllib-fs2-q1-findall,2397,5,2026-08-10T06:58:32.827Z
(2.A4x3).2,144,true,0,true,2026-08-10T06:58:19.62Z,1.12.6,1.9.0-DEV,428070c0f9ad,4.16.0,1.3.11,ctbllib-fs2-q1-findall,2397,6,2026-08-10T06:58:32.876Z
(2.A5x2.J2).2,290304000,false,0,true,2026-08-10T06:58:19.62Z,1.12.6,1.9.0-DEV,428070c0f9ad,4.16.0,1.3.11,ctbllib-fs2-q1-findall,2397,7,2026-08-10T06:58:33.62Z
(2.A5x3).2,720,false,0,true,2026-08-10T06:58:19.62Z,1.12.6,1.9.0-DEV,428070c0f9ad,4.16.0,1.3.11,ctbllib-fs2-q1-findall,2397,8,2026-08-10T06:58:33.783Z
(2.A5xA5):2,14400,false,0,true,2026-08-10T06:58:19.62Z,1.12.6,1.9.0-DEV,428070c0f9ad,4.16.0,1.3.11,ctbllib-fs2-q1-findall,2397,9,2026-08-10T06:58:33.84Z
(2.A5xD10).2,2400,false,0,true,2026-08-10T06:58:19.62Z,1.12.6,1.9.0-DEV,428070c0f9ad,4.16.0,1.3.11,ctbllib-fs2-q1-findall,2397,10,2026-08-10T06:58:33.935Z
(2.A6x3).2_1,4320,false,0,true,2026-08-10T06:58:19.62Z,1.12.6,1.9.0-DEV,428070c0f9ad,4.16.0,1.3.11,ctbllib-fs2-q1-findall,2397,11,2026-08-10T06:58:34.019Z
(2.A6xU3(3)).2,8709120,false,0,true,2026-08-10T06:58:19.62Z,1.12.6,1.9.0-DEV,428070c0f9ad,4.16.0,1.3.11,ctbllib-fs2-q1-findall,2397,12,2026-08-10T06:58:34.595Z
(2.A7x3).2,30240,false,0,true,2026-08-10T06:58:19.62Z,1.12.6,1.9.0-DEV,428070c0f9ad,4.16.0,1.3.11,ctbllib-fs2-q1-findall,2397,13,2026-08-10T06:58:35.604Z
(2.A7xL2(7)).2,1693440,false,0,true,2026-08-10T06:58:19.62Z,1.12.6,1.9.0-DEV,428070c0f9ad,4.16.0,1.3.11,ctbllib-fs2-q1-findall,2397,14,2026-08-10T06:58:35.958Z
(2.A8x3).2,241920,false,0,true,2026-08-10T06:58:19.62Z,1.12.6,1.9.0-DEV,428070c0f9ad,4.16.0,1.3.11,ctbllib-fs2-q1-findall,2397,15,2026-08-10T06:58:36.096Z
(2.A9x3).2,2177280,false,0,true,2026-08-10T06:58:19.62Z,1.12.6,1.9.0-DEV,428070c0f9ad,4.16.0,1.3.11,ctbllib-fs2-q1-findall,2397,16,2026-08-10T06:58:36.204Z
(2.D10x3.A6).2_3,43200,false,0,true,2026-08-10T06:58:19.62Z,1.12.6,1.9.0-DEV,428070c0f9ad,4.16.0,1.3.11,ctbllib-fs2-q1-findall,2397,17,2026-08-10T06:58:37.04Z
(2.D10xA6).2,14400,false,0,true,2026-08-10T06:58:19.62Z,1.12.6,1.9.0-DEV,428070c0f9ad,4.16.0,1.3.11,ctbllib-fs2-q1-findall,2397,18,2026-08-10T06:58:37.679Z
"(2^(1+4)x3).GO+(4,2)",6912,true,0,true,2026-08-10T06:58:19.62Z,1.12.6,1.9.0-DEV,428070c0f9ad,4.16.0,1.3.11,ctbllib-fs2-q1-findall,2397,19,2026-08-10T06:58:37.948Z
(2^(1+8).2^3)a.L3(2),688128,false,0,true,2026-08-10T06:58:19.62Z,1.12.6,1.9.0-DEV,428070c0f9ad,4.16.0,1.3.11,ctbllib-fs2-q1-findall,2397,20,2026-08-10T06:58:37.964Z
(2^(1+8).2^3)b.L3(2),688128,false,0,true,2026-08-10T06:58:19.62Z,1.12.6,1.9.0-DEV,428070c0f9ad,4.16.0,1.3.11,ctbllib-fs2-q1-findall,2397,21,2026-08-10T06:58:37.98Z
(2^(1+8)x2^6):S6(2),47563407360,false,0,true,2026-08-10T06:58:19.62Z,1.12.6,1.9.0-DEV,428070c0f9ad,4.16.0,1.3.11,ctbllib-fs2-q1-findall,2397,22,2026-08-10T06:58:38.105Z
(2^2x11:5).2,440,true,0,true,2026-08-10T06:58:19.62Z,1.12.6,1.9.0-DEV,428070c0f9ad,4.16.0,1.3.11,ctbllib-fs2-q1-findall,2397,23,2026-08-10T06:58:38.522Z
(2^2x13:4):3,624,true,0,true,2026-08-10T06:58:19.62Z,1.12.6,1.9.0-DEV,428070c0f9ad,4.16.0,1.3.11,ctbllib-fs2-q1-findall,2397,24,2026-08-10T06:58:38.559Z
(2^2x2^(1+8)).(3xU4(2)).2,318504960,false,0,true,2026-08-10T06:58:19.62Z,1.12.6,1.9.0-DEV,428070c0f9ad,4.16.0,1.3.11,ctbllib-fs2-q1-findall,2397,25,2026-08-10T06:58:38.707Z
(2^2x3).(3^(1+4).[2^7.3]),1119744,true,0,true,2026-08-10T06:58:19.62Z,1.12.6,1.9.0-DEV,428070c0f9ad,4.16.0,1.3.11,ctbllib-fs2-q1-findall,2397,26,2026-08-10T06:58:39.448Z
(2^2x3).2,24,true,0,true,2026-08-10T06:58:19.62Z,1.12.6,1.9.0-DEV,428070c0f9ad,4.16.0,1.3.11,ctbllib-fs2-q1-findall,2397,27,2026-08-10T06:58:39.504Z
(2^2x3).2E6(2),918389756205298247270400,false,0,true,2026-08-10T06:58:19.62Z,1.12.6,1.9.0-DEV,428070c0f9ad,4.16.0,1.3.11,ctbllib-fs2-q1-findall,2397,28,2026-08-10T06:58:45.411Z
(2^2x3).2E6(2).2,1836779512410596494540800,false,0,true,2026-08-10T06:58:19.62Z,1.12.6,1.9.0-DEV,428070c0f9ad,4.16.0,1.3.11,ctbllib-fs2-q1-findall,2397,29,2026-08-10T06:58:47.564Z
(2^2x3).L3(4),241920,false,0,true,2026-08-10T06:58:19.62Z,1.12.6,1.9.0-DEV,428070c0f9ad,4.16.0,1.3.11,ctbllib-fs2-q1-findall,2397,30,2026-08-10T06:58:48.033Z
(2^2x3).L3(4).2_1,483840,false,0,true,2026-08-10T06:58:19.62Z,1.12.6,1.9.0-DEV,428070c0f9ad,4.16.0,1.3.11,ctbllib-fs2-q1-findall,2397,31,2026-08-10T06:58:48.071Z
(2^2x3).L3(4).2_2,483840,false,0,true,2026-08-10T06:58:19.62Z,1.12.6,1.9.0-DEV,428070c0f9ad,4.16.0,1.3.11,ctbllib-fs2-q1-findall,2397,32,2026-08-10T06:58:48.102Z
(2^2x3).L3(4).2_3,483840,false,0,true,2026-08-10T06:58:19.62Z,1.12.6,1.9.0-DEV,428070c0f9ad,4.16.0,1.3.11,ctbllib-fs2-q1-findall,2397,33,2026-08-10T06:58:48.132Z
(2^2x3).L3(4).3,725760,false,0,true,2026-08-10T06:58:19.62Z,1.12.6,1.9.0-DEV,428070c0f9ad,4.16.0,1.3.11,ctbllib-fs2-q1-findall,2397,34,2026-08-10T06:58:48.211Z
(2^2x3).U6(2),110361968640,false,0,true,2026-08-10T06:58:19.62Z,1.12.6,1.9.0-DEV,428070c0f9ad,4.16.0,1.3.11,ctbllib-fs2-q1-findall,2397,35,2026-08-10T06:58:48.836Z
(2^2x3).U6(2).2,220723937280,false,0,true,2026-08-10T06:58:19.62Z,1.12.6,1.9.0-DEV,428070c0f9ad,4.16.0,1.3.11,ctbllib-fs2-q1-findall,2397,36,2026-08-10T06:58:49.084Z
(2^2x3).U6(2).3,331085905920,false,0,true,2026-08-10T06:58:19.62Z,1.12.6,1.9.0-DEV,428070c0f9ad,4.16.0,1.3.11,ctbllib-fs2-q1-findall,2397,37,2026-08-10T06:58:50.972Z
(2^2x3).U6(2)M3,123863040,false,0,true,2026-08-10T06:58:19.62Z,1.12.6,1.9.0-DEV,428070c0f9ad,4.16.0,1.3.11,ctbllib-fs2-q1-findall,2397,38,2026-08-10T06:58:51.36Z
(2^2x3^4).2^3.S4,62208,true,0,true,2026-08-10T06:58:19.62Z,1.12.6,1.9.0-DEV,428070c0f9ad,4.16.0,1.3.11,ctbllib-fs2-q1-findall,2397,39,2026-08-10T06:58:51.418Z
(2^2x4).2^5.S3,3072,true,0,true,2026-08-10T06:58:19.62Z,1.12.6,1.9.0-DEV,428070c0f9ad,4.16.0,1.3.11,ctbllib-fs2-q1-findall,2397,40,2026-08-10T06:58:51.697Z
(2^2xA5):2,480,false,0,true,2026-08-10T06:58:19.62Z,1.12.6,1.9.0-DEV,428070c0f9ad,4.16.0,1.3.11,ctbllib-fs2-q1-findall,2397,41,2026-08-10T06:58:51.769Z
(2^2xD14):3,168,true,0,true,2026-08-10T06:58:19.62Z,1.12.6,1.9.0-DEV,428070c0f9ad,4.16.0,1.3.11,ctbllib-fs2-q1-findall,2397,42,2026-08-10T06:58:51.806Z
(2^2xF4(2)):2,26489012826931200,false,0,true,2026-08-10T06:58:19.62Z,1.12.6,1.9.0-DEV,428070c0f9ad,4.16.0,1.3.11,ctbllib-fs2-q1-findall,2397,43,2026-08-10T06:58:52.752Z
(2^2xSz(8)):3,349440,false,0,true,2026-08-10T06:58:19.62Z,1.12.6,1.9.0-DEV,428070c0f9ad,4.16.0,1.3.11,ctbllib-fs2-q1-findall,2397,44,2026-08-10T06:58:52.805Z
(2^2xU4(2)):2,207360,false,0,true,2026-08-10T06:58:19.62Z,1.12.6,1.9.0-DEV,428070c0f9ad,4.16.0,1.3.11,ctbllib-fs2-q1-findall,2397,45,2026-08-10T06:58:52.937Z
(2^4:A4xA4).2,4608,true,0,true,2026-08-10T06:58:19.62Z,1.12.6,1.9.0-DEV,428070c0f9ad,4.16.0,1.3.11,ctbllib-fs2-q1-findall,2397,46,2026-08-10T06:58:53.536Z
(2^4:S5x3).2,11520,false,0,true,2026-08-10T06:58:19.62Z,1.12.6,1.9.0-DEV,428070c0f9ad,4.16.0,1.3.11,ctbllib-fs2-q1-findall,2397,47,2026-08-10T06:58:53.795Z
(2^5.2^6)a.(S3xL3(2)),2064384,false,0,true,2026-08-10T06:58:19.62Z,1.12.6,1.9.0-DEV,428070c0f9ad,4.16.0,1.3.11,ctbllib-fs2-q1-findall,2397,48,2026-08-10T06:58:54.07Z
(2^5.2^6)b.(L3(2)xS3),2064384,false,0,true,2026-08-10T06:58:19.62Z,1.12.6,1.9.0-DEV,428070c0f9ad,4.16.0,1.3.11,ctbllib-fs2-q1-findall,2397,49,2026-08-10T06:58:54.086Z
(2^5.2^6.2^2)a.S3^2,294912,true,0,true,2026-08-10T06:58:19.62Z,1.12.6,1.9.0-DEV,428070c0f9ad,4.16.0,1.3.11,ctbllib-fs2-q1-findall,2397,50,2026-08-10T06:58:54.101Z
(2^5.2^6.2^2)b.S3^2,294912,true,0,true,2026-08-10T06:58:19.62Z,1.12.6,1.9.0-DEV,428070c0f9ad,4.16.0,1.3.11,ctbllib-fs2-q1-findall,2397,51,2026-08-10T06:58:54.116Z
(2^6x2^8):S6(2),23781703680,false,0,true,2026-08-10T06:58:19.62Z,1.12.6,1.9.0-DEV,428070c0f9ad,4.16.0,1.3.11,ctbllib-fs2-q1-findall,2397,52,2026-08-10T06:58:54.201Z
(2x12).L3(4),483840,false,0,true,2026-08-10T06:58:19.62Z,1.12.6,1.9.0-DEV,428070c0f9ad,4.16.0,1.3.11,ctbllib-fs2-q1-findall,2397,53,2026-08-10T06:58:54.349Z
(2x13).6,156,true,0,true,2026-08-10T06:58:19.62Z,1.12.6,1.9.0-DEV,428070c0f9ad,4.16.0,1.3.11,ctbllib-fs2-q1-findall,2397,54,2026-08-10T06:58:54.359Z
(2x17).8,272,true,0,true,2026-08-10T06:58:19.62Z,1.12.6,1.9.0-DEV,428070c0f9ad,4.16.0,1.3.11,ctbllib-fs2-q1-findall,2397,55,2026-08-10T06:58:54.365Z
(2x2.(A5xA5)):2^2,57600,false,0,true,2026-08-10T06:58:19.62Z,1.12.6,1.9.0-DEV,428070c0f9ad,4.16.0,1.3.11,ctbllib-fs2-q1-findall,2397,56,2026-08-10T06:58:54.406Z
(2x29).14,812,true,0,true,2026-08-10T06:58:19.62Z,1.12.6,1.9.0-DEV,428070c0f9ad,4.16.0,1.3.11,ctbllib-fs2-q1-findall,2397,57,2026-08-10T06:58:54.424Z
(2x2^(1+6)_+).A8,5160960,false,0,true,2026-08-10T06:58:19.62Z,1.12.6,1.9.0-DEV,428070c0f9ad,4.16.0,1.3.11,ctbllib-fs2-q1-findall,2397,58,2026-08-10T06:58:55.463Z
(2x2^(1+8)):(U4(2):2x2),106168320,false,0,true,2026-08-10T06:58:19.62Z,1.12.6,1.9.0-DEV,428070c0f9ad,4.16.0,1.3.11,ctbllib-fs2-q1-findall,2397,59,2026-08-10T06:58:55.618Z
(2x2^(1+8)):U4(2):2,53084160,false,0,true,2026-08-10T06:58:19.62Z,1.12.6,1.9.0-DEV,428070c0f9ad,4.16.0,1.3.11,ctbllib-fs2-q1-findall,2397,60,2026-08-10T06:58:55.652Z
(2x2^(1+8)_+).2.2^4.(S3xS3),1179648,true,0,true,2026-08-10T06:58:19.62Z,1.12.6,1.9.0-DEV,428070c0f9ad,4.16.0,1.3.11,ctbllib-fs2-q1-findall,2397,61,2026-08-10T06:58:55.978Z
(2x2^(1+8)_+).O8+(2),178362777600,false,0,true,2026-08-10T06:58:19.62Z,1.12.6,1.9.0-DEV,428070c0f9ad,4.16.0,1.3.11,ctbllib-fs2-q1-findall,2397,62,2026-08-10T06:58:56.152Z
(2x3.A6).2,4320,false,0,true,2026-08-10T06:58:19.62Z,1.12.6,1.9.0-DEV,428070c0f9ad,4.16.0,1.3.11,ctbllib-fs2-q1-findall,2397,63,2026-08-10T06:58:56.21Z
(2x3^(1+2)_+:8):2,864,true,0,true,2026-08-10T06:58:19.62Z,1.12.6,1.9.0-DEV,428070c0f9ad,4.16.0,1.3.11,ctbllib-fs2-q1-findall,2397,64,2026-08-10T06:58:56.248Z
(2x3^3).S4,1296,true,0,true,2026-08-10T06:58:19.62Z,1.12.6,1.9.0-DEV,428070c0f9ad,4.16.0,1.3.11,ctbllib-fs2-q1-findall,2397,65,2026-08-10T06:58:56.258Z
(2x3^3).S4`,1296,true,0,true,2026-08-10T06:58:19.62Z,1.12.6,1.9.0-DEV,428070c0f9ad,4.16.0,1.3.11,ctbllib-fs2-q1-findall,2397,66,2026-08-10T06:58:56.341Z
(2x3^4:2^3).S4,31104,true,0,true,2026-08-10T06:58:19.62Z,1.12.6,1.9.0-DEV,428070c0f9ad,4.16.0,1.3.11,ctbllib-fs2-q1-findall,2397,67,2026-08-10T06:58:56.381Z
(2x3^5).U4(2).2,25194240,false,0,true,2026-08-10T06:58:19.62Z,1.12.6,1.9.0-DEV,428070c0f9ad,4.16.0,1.3.11,ctbllib-fs2-q1-findall,2397,68,2026-08-10T06:58:56.493Z
(2x4).L3(4),161280,false,0,true,2026-08-10T06:58:19.62Z,1.12.6,1.9.0-DEV,428070c0f9ad,4.16.0,1.3.11,ctbllib-fs2-q1-findall,2397,69,2026-08-10T06:58:56.528Z
(2x4^2).2^4.S3,3072,true,0,true,2026-08-10T06:58:19.62Z,1.12.6,1.9.0-DEV,428070c0f9ad,4.16.0,1.3.11,ctbllib-fs2-q1-findall,2397,70,2026-08-10T06:58:57.067Z
(2x5^2).12,600,true,0,true,2026-08-10T06:58:19.62Z,1.12.6,1.9.0-DEV,428070c0f9ad,4.16.0,1.3.11,ctbllib-fs2-q1-findall,2397,71,2026-08-10T06:58:57.08Z
(2xA6).2^2,2880,false,0,true,2026-08-10T06:58:19.62Z,1.12.6,1.9.0-DEV,428070c0f9ad,4.16.0,1.3.11,ctbllib-fs2-q1-findall,2397,72,2026-08-10T06:58:57.143Z
(2xA6).2_3,1440,false,0,true,2026-08-10T06:58:19.62Z,1.12.6,1.9.0-DEV,428070c0f9ad,4.16.0,1.3.11,ctbllib-fs2-q1-findall,2397,73,2026-08-10T06:58:57.181Z
(2xA6.2^2).2,5760,false,0,true,2026-08-10T06:58:19.62Z,1.12.6,1.9.0-DEV,428070c0f9ad,4.16.0,1.3.11,ctbllib-fs2-q1-findall,2397,74,2026-08-10T06:58:57.231Z
(2xL3(2)).2,672,false,0,true,2026-08-10T06:58:19.62Z,1.12.6,1.9.0-DEV,428070c0f9ad,4.16.0,1.3.11,ctbllib-fs2-q1-findall,2397,75,2026-08-10T06:58:57.257Z
(2xL3(3)).2,22464,false,0,true,2026-08-10T06:58:19.62Z,1.12.6,1.9.0-DEV,428070c0f9ad,4.16.0,1.3.11,ctbllib-fs2-q1-findall,2397,76,2026-08-10T06:58:57.32Z
(2xO8+(3)).S4,237704631091200,false,0,true,2026-08-10T06:58:19.62Z,1.12.6,1.9.0-DEV,428070c0f9ad,4.16.0,1.3.11,ctbllib-fs2-q1-findall,2397,77,2026-08-10T06:58:57.719Z
(3.A6.2_2xA5):2,259200,false,0,true,2026-08-10T06:58:19.62Z,1.12.6,1.9.0-DEV,428070c0f9ad,4.16.0,1.3.11,ctbllib-fs2-q1-findall,2397,78,2026-08-10T06:58:57.912Z
(3.A6x2.A5).2,259200,false,0,true,2026-08-10T06:58:19.62Z,1.12.6,1.9.0-DEV,428070c0f9ad,4.16.0,1.3.11,ctbllib-fs2-q1-findall,2397,79,2026-08-10T06:58:58.14Z
(3.A6xA5):2,129600,false,0,true,2026-08-10T06:58:19.62Z,1.12.6,1.9.0-DEV,428070c0f9ad,4.16.0,1.3.11,ctbllib-fs2-q1-findall,2397,80,2026-08-10T06:58:58.246Z
(3^(1+2)+x3^2):2S4,11664,true,0,true,2026-08-10T06:58:19.62Z,1.12.6,1.9.0-DEV,428070c0f9ad,4.16.0,1.3.11,ctbllib-fs2-q1-findall,2397,81,2026-08-10T06:58:58.253Z
(3^(1+2):2^2xG2(3)):2,917070336,false,0,true,2026-08-10T06:58:19.62Z,1.12.6,1.9.0-DEV,428070c0f9ad,4.16.0,1.3.11,ctbllib-fs2-q1-findall,2397,82,2026-08-10T06:58:58.621Z
(3^(1+2):4x2.A6).2,155520,false,0,true,2026-08-10T06:58:19.62Z,1.12.6,1.9.0-DEV,428070c0f9ad,4.16.0,1.3.11,ctbllib-fs2-q1-findall,2397,83,2026-08-10T06:58:58.818Z
(3^(1+2):4xA6).2,77760,false,0,true,2026-08-10T06:58:19.62Z,1.12.6,1.9.0-DEV,428070c0f9ad,4.16.0,1.3.11,ctbllib-fs2-q1-findall,2397,84,2026-08-10T06:58:59.07Z
(3^(1+2):4xD10).2,2160,true,0,true,2026-08-10T06:58:19.62Z,1.12.6,1.9.0-DEV,428070c0f9ad,4.16.0,1.3.11,ctbllib-fs2-q1-findall,2397,85,2026-08-10T06:58:59.439Z
(3^(1+2):8x2.A6).2,311040,false,0,true,2026-08-10T06:58:19.62Z,1.12.6,1.9.0-DEV,428070c0f9ad,4.16.0,1.3.11,ctbllib-fs2-q1-findall,2397,86,2026-08-10T06:58:59.913Z
(3^(1+2):8xA6).2,155520,false,0,true,2026-08-10T06:58:19.62Z,1.12.6,1.9.0-DEV,428070c0f9ad,4.16.0,1.3.11,ctbllib-fs2-q1-findall,2397,87,2026-08-10T06:59:00.051Z
(3^(1+2)_+:2x13:6).2,8424,true,0,true,2026-08-10T06:58:19.62Z,1.12.6,1.9.0-DEV,428070c0f9ad,4.16.0,1.3.11,ctbllib-fs2-q1-findall,2397,88,2026-08-10T06:59:00.45Z
(3^(1+2)x2).SD16,864,true,0,true,2026-08-10T06:58:19.62Z,1.12.6,1.9.0-DEV,428070c0f9ad,4.16.0,1.3.11,ctbllib-fs2-q1-findall,2397,89,2026-08-10T06:59:00.647Z
(3^(1+6).3)a.2.S4,314928,true,0,true,2026-08-10T06:58:19.62Z,1.12.6,1.9.0-DEV,428070c0f9ad,4.16.0,1.3.11,ctbllib-fs2-q1-findall,2397,90,2026-08-10T06:59:00.92Z
(3^2:2x13:6).2,2808,true,0,true,2026-08-10T06:58:19.62Z,1.12.6,1.9.0-DEV,428070c0f9ad,4.16.0,1.3.11,ctbllib-fs2-q1-findall,2397,91,2026-08-10T06:59:00.996Z
(3^2:2xG2(3)).2,152845056,false,0,true,2026-08-10T06:58:19.62Z,1.12.6,1.9.0-DEV,428070c0f9ad,4.16.0,1.3.11,ctbllib-fs2-q1-findall,2397,92,2026-08-10T06:59:01.121Z
(3^2:2xO8+(3)).S4,2139341679820800,false,0,true,2026-08-10T06:58:19.62Z,1.12.6,1.9.0-DEV,428070c0f9ad,4.16.0,1.3.11,ctbllib-fs2-q1-findall,2397,93,2026-08-10T06:59:02.587Z
(3^2:4x2.A6).2,51840,false,0,true,2026-08-10T06:58:19.62Z,1.12.6,1.9.0-DEV,428070c0f9ad,4.16.0,1.3.11,ctbllib-fs2-q1-findall,2397,94,2026-08-10T06:59:02.716Z
(3^2:4xA6).2^2,51840,false,0,true,2026-08-10T06:58:19.62Z,1.12.6,1.9.0-DEV,428070c0f9ad,4.16.0,1.3.11,ctbllib-fs2-q1-findall,2397,95,2026-08-10T06:59:02.77Z
(3^2:4xD10).2,720,true,0,true,2026-08-10T06:58:19.62Z,1.12.6,1.9.0-DEV,428070c0f9ad,4.16.0,1.3.11,ctbllib-fs2-q1-findall,2397,96,2026-08-10T06:59:03.123Z
(3^2:4xa6).2,25920,false,0,true,2026-08-10T06:58:19.62Z,1.12.6,1.9.0-DEV,428070c0f9ad,4.16.0,1.3.11,ctbllib-fs2-q1-findall,2397,97,2026-08-10T06:59:03.253Z
(3^2:8xA6).2,51840,false,0,true,2026-08-10T06:58:19.62Z,1.12.6,1.9.0-DEV,428070c0f9ad,4.16.0,1.3.11,ctbllib-fs2-q1-findall,2397,98,2026-08-10T06:59:03.308Z
(3^2:D8xD10).2,1440,true,0,true,2026-08-10T06:58:19.62Z,1.12.6,1.9.0-DEV,428070c0f9ad,4.16.0,1.3.11,ctbllib-fs2-q1-findall,2397,99,2026-08-10T06:59:03.686Z
(3^2:D8xU4(3).2^2).2,1881169920,false,0,true,2026-08-10T06:58:19.62Z,1.12.6,1.9.0-DEV,428070c0f9ad,4.16.0,1.3.11,ctbllib-fs2-q1-findall,2397,100,2026-08-10T06:59:04.716Z
(3^2x2).U4(3),58786560,false,0,true,2026-08-10T06:58:19.62Z,1.12.6,1.9.0-DEV,428070c0f9ad,4.16.0,1.3.11,ctbllib-fs2-q1-findall,2397,101,2026-08-10T06:59:05.055Z
(3^2x2).U4(3).2_3',117573120,false,0,true,2026-08-10T06:58:19.62Z,1.12.6,1.9.0-DEV,428070c0f9ad,4.16.0,1.3.11,ctbllib-fs2-q1-findall,2397,102,2026-08-10T06:59:05.229Z
(3^2x2).U4(3).D8,470292480,false,0,true,2026-08-10T06:58:19.62Z,1.12.6,1.9.0-DEV,428070c0f9ad,4.16.0,1.3.11,ctbllib-fs2-q1-findall,2397,103,2026-08-10T06:59:05.754Z
(3^2x4).U4(3),117573120,false,0,true,2026-08-10T06:58:19.62Z,1.12.6,1.9.0-DEV,428070c0f9ad,4.16.0,1.3.11,ctbllib-fs2-q1-findall,2397,104,2026-08-10T06:59:06.49Z
(3x13:6).2,468,true,0,true,2026-08-10T06:58:19.62Z,1.12.6,1.9.0-DEV,428070c0f9ad,4.16.0,1.3.11,ctbllib-fs2-q1-findall,2397,105,2026-08-10T06:59:06.596Z
(3x2.D10).2,120,true,0,true,2026-08-10T06:58:19.62Z,1.12.6,1.9.0-DEV,428070c0f9ad,4.16.0,1.3.11,ctbllib-fs2-q1-findall,2397,106,2026-08-10T06:59:07.302Z
(3x2.U4(2)):2,311040,false,0,true,2026-08-10T06:58:19.62Z,1.12.6,1.9.0-DEV,428070c0f9ad,4.16.0,1.3.11,ctbllib-fs2-q1-findall,2397,107,2026-08-10T06:59:07.375Z
(3x2S5).2,1440,false,0,true,2026-08-10T06:58:19.62Z,1.12.6,1.9.0-DEV,428070c0f9ad,4.16.0,1.3.11,ctbllib-fs2-q1-findall,2397,108,2026-08-10T06:59:07.407Z
(3x2^(1+6)_-.U4(2)).2,19906560,false,0,true,2026-08-10T06:58:19.62Z,1.12.6,1.9.0-DEV,428070c0f9ad,4.16.0,1.3.11,ctbllib-fs2-q1-findall,2397,109,2026-08-10T06:59:07.561Z
(3x2^(2+8):(A5xS3)).2,2211840,false,0,true,2026-08-10T06:58:19.62Z,1.12.6,1.9.0-DEV,428070c0f9ad,4.16.0,1.3.11,ctbllib-fs2-q1-findall,2397,110,2026-08-10T06:59:07.843Z
(3x2^(4+6):3A6).2,6635520,false,0,true,2026-08-10T06:58:19.62Z,1.12.6,1.9.0-DEV,428070c0f9ad,4.16.0,1.3.11,ctbllib-fs2-q1-findall,2397,111,2026-08-10T06:59:07.937Z
(3x3^(1+2)+:2A4).2,3888,true,0,true,2026-08-10T06:58:19.62Z,1.12.6,1.9.0-DEV,428070c0f9ad,4.16.0,1.3.11,ctbllib-fs2-q1-findall,2397,112,2026-08-10T06:59:08.247Z
(3x3^3:S3):2,972,true,0,true,2026-08-10T06:58:19.62Z,1.12.6,1.9.0-DEV,428070c0f9ad,4.16.0,1.3.11,ctbllib-fs2-q1-findall,2397,113,2026-08-10T06:59:09.761Z
(3xA6).2_1,2160,false,0,true,2026-08-10T06:58:19.62Z,1.12.6,1.9.0-DEV,428070c0f9ad,4.16.0,1.3.11,ctbllib-fs2-q1-findall,2397,114,2026-08-10T06:59:09.818Z
(3xD10).2,60,true,0,true,2026-08-10T06:58:19.62Z,1.12.6,1.9.0-DEV,428070c0f9ad,4.16.0,1.3.11,ctbllib-fs2-q1-findall,2397,115,2026-08-10T06:59:09.852Z
(3xG2(3)):2,25474176,false,0,true,2026-08-10T06:58:19.62Z,1.12.6,1.9.0-DEV,428070c0f9ad,4.16.0,1.3.11,ctbllib-fs2-q1-findall,2397,116,2026-08-10T06:59:09.938Z
(3xG2(4)).2,1509580800,false,0,true,2026-08-10T06:58:19.62Z,1.12.6,1.9.0-DEV,428070c0f9ad,4.16.0,1.3.11,ctbllib-fs2-q1-findall,2397,117,2026-08-10T06:59:10.095Z
(3xL2(16):2).2,48960,false,0,true,2026-08-10T06:58:19.62Z,1.12.6,1.9.0-DEV,428070c0f9ad,4.16.0,1.3.11,ctbllib-fs2-q1-findall,2397,118,2026-08-10T06:59:10.135Z
(3xL2(25)).2_2,46800,false,0,true,2026-08-10T06:58:19.62Z,1.12.6,1.9.0-DEV,428070c0f9ad,4.16.0,1.3.11,ctbllib-fs2-q1-findall,2397,119,2026-08-10T06:59:10.265Z
(3xL3(4).2_2).2,241920,false,0,true,2026-08-10T06:58:19.62Z,1.12.6,1.9.0-DEV,428070c0f9ad,4.16.0,1.3.11,ctbllib-fs2-q1-findall,2397,120,2026-08-10T06:59:10.315Z
(3xM10):2,4320,false,0,true,2026-08-10T06:58:19.62Z,1.12.6,1.9.0-DEV,428070c0f9ad,4.16.0,1.3.11,ctbllib-fs2-q1-findall,2397,121,2026-08-10T06:59:10.331Z
(3xMcLN2).2,768,true,0,true,2026-08-10T06:58:19.62Z,1.12.6,1.9.0-DEV,428070c0f9ad,4.16.0,1.3.11,ctbllib-fs2-q1-findall,2397,122,2026-08-10T06:59:11.145Z
(3xO8+(2)):2,1045094400,false,0,true,2026-08-10T06:58:19.62Z,1.12.6,1.9.0-DEV,428070c0f9ad,4.16.0,1.3.11,ctbllib-fs2-q1-findall,2397,123,2026-08-10T06:59:11.286Z
(3xO8+(3):3):2,89139236659200,false,0,true,2026-08-10T06:58:19.62Z,1.12.6,1.9.0-DEV,428070c0f9ad,4.16.0,1.3.11,ctbllib-fs2-q1-findall,2397,124,2026-08-10T06:59:11.609Z
(3xO8-(2)):2,1184440320,false,0,true,2026-08-10T06:58:19.62Z,1.12.6,1.9.0-DEV,428070c0f9ad,4.16.0,1.3.11,ctbllib-fs2-q1-findall,2397,125,2026-08-10T06:59:11.725Z
(3xONN2).2,3072,true,0,true,2026-08-10T06:58:19.62Z,1.12.6,1.9.0-DEV,428070c0f9ad,4.16.0,1.3.11,ctbllib-fs2-q1-findall,2397,126,2026-08-10T06:59:12.055Z
"(3xSL(2,3)):2",144,true,0,true,2026-08-10T06:58:19.62Z,1.12.6,1.9.0-DEV,428070c0f9ad,4.16.0,1.3.11,ctbllib-fs2-q1-findall,2397,127,2026-08-10T06:59:12.441Z
(3xU4(2)):2,155520,false,0,true,2026-08-10T06:58:19.62Z,1.12.6,1.9.0-DEV,428070c0f9ad,4.16.0,1.3.11,ctbllib-fs2-q1-findall,2397,128,2026-08-10T06:59:12.501Z
(3xU5(2)).2,82114560,false,0,true,2026-08-10T06:58:19.62Z,1.12.6,1.9.0-DEV,428070c0f9ad,4.16.0,1.3.11,ctbllib-fs2-q1-findall,2397,129,2026-08-10T06:59:12.644Z
(4^2x2)(2xS4),1536,true,0,true,2026-08-10T06:58:19.62Z,1.12.6,1.9.0-DEV,428070c0f9ad,4.16.0,1.3.11,ctbllib-fs2-q1-findall,2397,130,2026-08-10T06:59:12.676Z
(4^2x2).2^3.S3,1536,true,0,true,2026-08-10T06:58:19.62Z,1.12.6,1.9.0-DEV,428070c0f9ad,4.16.0,1.3.11,ctbllib-fs2-q1-findall,2397,131,2026-08-10T06:59:12.942Z
(4^2x2)S4,768,true,0,true,2026-08-10T06:58:19.62Z,1.12.6,1.9.0-DEV,428070c0f9ad,4.16.0,1.3.11,ctbllib-fs2-q1-findall,2397,132,2026-08-10T06:59:12.973Z
(4^2x3).L3(4),967680,false,0,true,2026-08-10T06:58:19.62Z,1.12.6,1.9.0-DEV,428070c0f9ad,4.16.0,1.3.11,ctbllib-fs2-q1-findall,2397,133,2026-08-10T06:59:13.256Z
(4^2x3):S3,288,true,0,true,2026-08-10T06:58:19.62Z,1.12.6,1.9.0-DEV,428070c0f9ad,4.16.0,1.3.11,ctbllib-fs2-q1-findall,2397,134,2026-08-10T06:59:13.286Z
(4x2^2).2^4.S3,1536,true,0,true,2026-08-10T06:58:19.62Z,1.12.6,1.9.0-DEV,428070c0f9ad,4.16.0,1.3.11,ctbllib-fs2-q1-findall,2397,135,2026-08-10T06:59:13.641Z
(4xA6).2^2,5760,false,0,true,2026-08-10T06:58:19.62Z,1.12.6,1.9.0-DEV,428070c0f9ad,4.16.0,1.3.11,ctbllib-fs2-q1-findall,2397,136,2026-08-10T06:59:13.701Z
(4xA6).2_3,2880,false,0,true,2026-08-10T06:58:19.62Z,1.12.6,1.9.0-DEV,428070c0f9ad,4.16.0,1.3.11,ctbllib-fs2-q1-findall,2397,137,2026-08-10T06:59:13.749Z
(4xA6):2,2880,false,0,true,2026-08-10T06:58:19.62Z,1.12.6,1.9.0-DEV,428070c0f9ad,4.16.0,1.3.11,ctbllib-fs2-q1-findall,2397,138,2026-08-10T06:59:13.815Z
(5^2:4S4x2.A5):2,576000,false,0,true,2026-08-10T06:58:19.62Z,1.12.6,1.9.0-DEV,428070c0f9ad,4.16.0,1.3.11,ctbllib-fs2-q1-findall,2397,139,2026-08-10T06:59:14.142Z
(5^2:[2^4]xU3(5)).S3,302400000,false,0,true,2026-08-10T06:58:19.62Z,1.12.6,1.9.0-DEV,428070c0f9ad,4.16.0,1.3.11,ctbllib-fs2-q1-findall,2397,140,2026-08-10T06:59:14.36Z
(7:3x2.A7):2,211680,false,0,true,2026-08-10T06:58:19.62Z,1.12.6,1.9.0-DEV,428070c0f9ad,4.16.0,1.3.11,ctbllib-fs2-q1-findall,2397,141,2026-08-10T06:59:14.718Z
(7:3x2.L3(4).2).2,3386880,false,0,true,2026-08-10T06:58:19.62Z,1.12.6,1.9.0-DEV,428070c0f9ad,4.16.0,1.3.11,ctbllib-fs2-q1-findall,2397,142,2026-08-10T06:59:15.293Z
(7:3x3):2,126,true,0,true,2026-08-10T06:58:19.62Z,1.12.6,1.9.0-DEV,428070c0f9ad,4.16.0,1.3.11,ctbllib-fs2-q1-findall,2397,143,2026-08-10T06:59:15.323Z
(7:3x3):4,252,true,0,true,2026-08-10T06:58:19.62Z,1.12.6,1.9.0-DEV,428070c0f9ad,4.16.0,1.3.11,ctbllib-fs2-q1-findall,2397,144,2026-08-10T06:59:15.588Z
(7:3xA5):2,2520,false,0,true,2026-08-10T06:58:19.62Z,1.12.6,1.9.0-DEV,428070c0f9ad,4.16.0,1.3.11,ctbllib-fs2-q1-findall,2397,145,2026-08-10T06:59:15.652Z
(7:3xA7):2,105840,false,0,true,2026-08-10T06:58:19.62Z,1.12.6,1.9.0-DEV,428070c0f9ad,4.16.0,1.3.11,ctbllib-fs2-q1-findall,2397,146,2026-08-10T06:59:16.96Z
(7:3xHe):2,169276262400,false,0,true,2026-08-10T06:58:19.62Z,1.12.6,1.9.0-DEV,428070c0f9ad,4.16.0,1.3.11,ctbllib-fs2-q1-findall,2397,147,2026-08-10T06:59:17.277Z
(7:3xL2(7)):2,7056,false,0,true,2026-08-10T06:58:19.62Z,1.12.6,1.9.0-DEV,428070c0f9ad,4.16.0,1.3.11,ctbllib-fs2-q1-findall,2397,148,2026-08-10T06:59:17.588Z
(7^2:(3x2A4)xL2(7)).2,1185408,false,0,true,2026-08-10T06:58:19.62Z,1.12.6,1.9.0-DEV,428070c0f9ad,4.16.0,1.3.11,ctbllib-fs2-q1-findall,2397,149,2026-08-10T06:59:17.944Z
(7xL2(7)):2,2352,false,0,true,2026-08-10T06:58:19.62Z,1.12.6,1.9.0-DEV,428070c0f9ad,4.16.0,1.3.11,ctbllib-fs2-q1-findall,2397,150,2026-08-10T06:59:17.981Z
(7xL2(8)).3,10584,false,0,true,2026-08-10T06:58:19.62Z,1.12.6,1.9.0-DEV,428070c0f9ad,4.16.0,1.3.11,ctbllib-fs2-q1-findall,2397,151,2026-08-10T06:59:18.136Z
(9x3).S3,162,true,0,true,2026-08-10T06:58:19.62Z,1.12.6,1.9.0-DEV,428070c0f9ad,4.16.0,1.3.11,ctbllib-fs2-q1-findall,2397,152,2026-08-10T06:59:18.167Z
(A10x3):2,10886400,false,0,true,2026-08-10T06:58:19.62Z,1.12.6,1.9.0-DEV,428070c0f9ad,4.16.0,1.3.11,ctbllib-fs2-q1-findall,2397,153,2026-08-10T06:59:18.272Z
(A4wr2^2):2,165888,true,0,true,2026-08-10T06:58:19.62Z,1.12.6,1.9.0-DEV,428070c0f9ad,4.16.0,1.3.11,ctbllib-fs2-q1-findall,2397,154,2026-08-10T06:59:18.315Z
(A4x11:5).2,1320,true,0,true,2026-08-10T06:58:19.62Z,1.12.6,1.9.0-DEV,428070c0f9ad,4.16.0,1.3.11,ctbllib-fs2-q1-findall,2397,155,2026-08-10T06:59:18.882Z
(A4x2(A4xA4).2).2,13824,true,0,true,2026-08-10T06:58:19.62Z,1.12.6,1.9.0-DEV,428070c0f9ad,4.16.0,1.3.11,ctbllib-fs2-q1-findall,2397,156,2026-08-10T06:59:19.037Z
(A4x3):2,72,true,0,true,2026-08-10T06:58:19.62Z,1.12.6,1.9.0-DEV,428070c0f9ad,4.16.0,1.3.11,ctbllib-fs2-q1-findall,2397,157,2026-08-10T06:59:19.04Z
(A4x3.L3(4)).2,1451520,false,0,true,2026-08-10T06:58:19.62Z,1.12.6,1.9.0-DEV,428070c0f9ad,4.16.0,1.3.11,ctbllib-fs2-q1-findall,2397,158,2026-08-10T06:59:19.139Z
(A4x3.L3(4).2_3).2,2903040,false,0,true,2026-08-10T06:58:19.62Z,1.12.6,1.9.0-DEV,428070c0f9ad,4.16.0,1.3.11,ctbllib-fs2-q1-findall,2397,159,2026-08-10T06:59:19.274Z
(A4x7:3):2,504,true,0,true,2026-08-10T06:58:19.62Z,1.12.6,1.9.0-DEV,428070c0f9ad,4.16.0,1.3.11,ctbllib-fs2-q1-findall,2397,160,2026-08-10T06:59:19.602Z
(A4xA5):2,1440,false,0,true,2026-08-10T06:58:19.62Z,1.12.6,1.9.0-DEV,428070c0f9ad,4.16.0,1.3.11,ctbllib-fs2-q1-findall,2397,161,2026-08-10T06:59:19.75Z
(A4xD10).2,240,true,0,true,2026-08-10T06:58:19.62Z,1.12.6,1.9.0-DEV,428070c0f9ad,4.16.0,1.3.11,ctbllib-fs2-q1-findall,2397,162,2026-08-10T06:59:19.858Z
(A4xG2(4)):2,6038323200,false,0,true,2026-08-10T06:58:19.62Z,1.12.6,1.9.0-DEV,428070c0f9ad,4.16.0,1.3.11,ctbllib-fs2-q1-findall,2397,163,2026-08-10T06:59:20.006Z
(A4xL3(4):2_3):2,967680,false,0,true,2026-08-10T06:58:19.62Z,1.12.6,1.9.0-DEV,428070c0f9ad,4.16.0,1.3.11,ctbllib-fs2-q1-findall,2397,164,2026-08-10T06:59:20.117Z
(A4xO8+(2).3).2,12541132800,false,0,true,2026-08-10T06:58:19.62Z,1.12.6,1.9.0-DEV,428070c0f9ad,4.16.0,1.3.11,ctbllib-fs2-q1-findall,2397,165,2026-08-10T06:59:20.395Z
(A4xU4(2)):2,622080,false,0,true,2026-08-10T06:58:19.62Z,1.12.6,1.9.0-DEV,428070c0f9ad,4.16.0,1.3.11,ctbllib-fs2-q1-findall,2397,166,2026-08-10T06:59:20.478Z
(A5x3):2,360,false,0,true,2026-08-10T06:58:19.62Z,1.12.6,1.9.0-DEV,428070c0f9ad,4.16.0,1.3.11,ctbllib-fs2-q1-findall,2397,167,2026-08-10T06:59:20.483Z
(A5xA12):2,28740096000,false,0,true,2026-08-10T06:58:19.62Z,1.12.6,1.9.0-DEV,428070c0f9ad,4.16.0,1.3.11,ctbllib-fs2-q1-findall,2397,168,2026-08-10T06:59:21.008Z
(A5xA5).(2x4),28800,false,0,true,2026-08-10T06:58:19.62Z,1.12.6,1.9.0-DEV,428070c0f9ad,4.16.0,1.3.11,ctbllib-fs2-q1-findall,2397,169,2026-08-10T06:59:21.049Z
(A5xA5):2,7200,false,0,true,2026-08-10T06:58:19.62Z,1.12.6,1.9.0-DEV,428070c0f9ad,4.16.0,1.3.11,ctbllib-fs2-q1-findall,2397,170,2026-08-10T06:59:21.099Z
(A5xA5):2^2,14400,false,0,true,2026-08-10T06:58:19.62Z,1.12.6,1.9.0-DEV,428070c0f9ad,4.16.0,1.3.11,ctbllib-fs2-q1-findall,2397,171,2026-08-10T06:59:21.129Z
(A5xA5):4,14400,false,0,true,2026-08-10T06:58:19.62Z,1.12.6,1.9.0-DEV,428070c0f9ad,4.16.0,1.3.11,ctbllib-fs2-q1-findall,2397,172,2026-08-10T06:59:21.139Z
(A5xA9):2,21772800,false,0,true,2026-08-10T06:58:19.62Z,1.12.6,1.9.0-DEV,428070c0f9ad,4.16.0,1.3.11,ctbllib-fs2-q1-findall,2397,173,2026-08-10T06:59:21.289Z
(A5xD10).2,1200,false,0,true,2026-08-10T06:58:19.62Z,1.12.6,1.9.0-DEV,428070c0f9ad,4.16.0,1.3.11,ctbllib-fs2-q1-findall,2397,174,2026-08-10T06:59:21.378Z
(A5xJ2):2,72576000,false,0,true,2026-08-10T06:58:19.62Z,1.12.6,1.9.0-DEV,428070c0f9ad,4.16.0,1.3.11,ctbllib-fs2-q1-findall,2397,175,2026-08-10T06:59:21.601Z
(A5xU3(8):3):2,1985679360,false,0,true,2026-08-10T06:58:19.62Z,1.12.6,1.9.0-DEV,428070c0f9ad,4.16.0,1.3.11,ctbllib-fs2-q1-findall,2397,176,2026-08-10T06:59:21.897Z
(A5xU4(2)):2,3110400,false,0,true,2026-08-10T06:58:19.62Z,1.12.6,1.9.0-DEV,428070c0f9ad,4.16.0,1.3.11,ctbllib-fs2-q1-findall,2397,177,2026-08-10T06:59:22.006Z
(A6:2_2xA5).2,86400,false,0,true,2026-08-10T06:58:19.62Z,1.12.6,1.9.0-DEV,428070c0f9ad,4.16.0,1.3.11,ctbllib-fs2-q1-findall,2397,178,2026-08-10T06:59:22.099Z
(A6x2.A5).2,86400,false,0,true,2026-08-10T06:58:19.62Z,1.12.6,1.9.0-DEV,428070c0f9ad,4.16.0,1.3.11,ctbllib-fs2-q1-findall,2397,179,2026-08-10T06:59:22.189Z
(A6xA4).2,8640,false,0,true,2026-08-10T06:58:19.62Z,1.12.6,1.9.0-DEV,428070c0f9ad,4.16.0,1.3.11,ctbllib-fs2-q1-findall,2397,180,2026-08-10T06:59:22.262Z
(A6xA5):2,43200,false,0,true,2026-08-10T06:58:19.62Z,1.12.6,1.9.0-DEV,428070c0f9ad,4.16.0,1.3.11,ctbllib-fs2-q1-findall,2397,181,2026-08-10T06:59:22.311Z
(A6xA6).D8,1036800,false,0,true,2026-08-10T06:58:19.62Z,1.12.6,1.9.0-DEV,428070c0f9ad,4.16.0,1.3.11,ctbllib-fs2-q1-findall,2397,182,2026-08-10T06:59:22.447Z
(A6xA6):2^2,518400,false,0,true,2026-08-10T06:58:19.62Z,1.12.6,1.9.0-DEV,428070c0f9ad,4.16.0,1.3.11,ctbllib-fs2-q1-findall,2397,183,2026-08-10T06:59:22.47Z
(A6xA6xA6).(2xS4),2239488000,false,0,true,2026-08-10T06:58:19.62Z,1.12.6,1.9.0-DEV,428070c0f9ad,4.16.0,1.3.11,ctbllib-fs2-q1-findall,2397,184,2026-08-10T06:59:22.637Z
(A6xU3(3)):2,4354560,false,0,true,2026-08-10T06:58:19.62Z,1.12.6,1.9.0-DEV,428070c0f9ad,4.16.0,1.3.11,ctbllib-fs2-q1-findall,2397,185,2026-08-10T06:59:22.765Z
(A7x(A5xA5):2^2):2,72576000,false,0,true,2026-08-10T06:58:19.62Z,1.12.6,1.9.0-DEV,428070c0f9ad,4.16.0,1.3.11,ctbllib-fs2-q1-findall,2397,186,2026-08-10T06:59:23.325Z
(A7x3).2,15120,false,0,true,2026-08-10T06:58:19.62Z,1.12.6,1.9.0-DEV,428070c0f9ad,4.16.0,1.3.11,ctbllib-fs2-q1-findall,2397,187,2026-08-10T06:59:23.41Z
(A7xA4):2,60480,false,0,true,2026-08-10T06:58:19.62Z,1.12.6,1.9.0-DEV,428070c0f9ad,4.16.0,1.3.11,ctbllib-fs2-q1-findall,2397,188,2026-08-10T06:59:23.487Z
(A7xA5):2,302400,false,0,true,2026-08-10T06:58:19.62Z,1.12.6,1.9.0-DEV,428070c0f9ad,4.16.0,1.3.11,ctbllib-fs2-q1-findall,2397,189,2026-08-10T06:59:23.571Z
(A7xA6):2,1814400,false,0,true,2026-08-10T06:58:19.62Z,1.12.6,1.9.0-DEV,428070c0f9ad,4.16.0,1.3.11,ctbllib-fs2-q1-findall,2397,190,2026-08-10T06:59:23.651Z
(A7xL2(7)):2,846720,false,0,true,2026-08-10T06:58:19.62Z,1.12.6,1.9.0-DEV,428070c0f9ad,4.16.0,1.3.11,ctbllib-fs2-q1-findall,2397,191,2026-08-10T06:59:23.744Z
(A8x3).2,120960,false,0,true,2026-08-10T06:58:19.62Z,1.12.6,1.9.0-DEV,428070c0f9ad,4.16.0,1.3.11,ctbllib-fs2-q1-findall,2397,192,2026-08-10T06:59:23.911Z
(A8xA4):2,483840,false,0,true,2026-08-10T06:58:19.62Z,1.12.6,1.9.0-DEV,428070c0f9ad,4.16.0,1.3.11,ctbllib-fs2-q1-findall,2397,193,2026-08-10T06:59:24.029Z
(A8xA5):2,2419200,false,0,true,2026-08-10T06:58:19.62Z,1.12.6,1.9.0-DEV,428070c0f9ad,4.16.0,1.3.11,ctbllib-fs2-q1-findall,2397,194,2026-08-10T06:59:24.114Z
(A9x3):2,1088640,false,0,true,2026-08-10T06:58:19.62Z,1.12.6,1.9.0-DEV,428070c0f9ad,4.16.0,1.3.11,ctbllib-fs2-q1-findall,2397,195,2026-08-10T06:59:24.202Z
(A9xA4):2,4354560,false,0,true,2026-08-10T06:58:19.62Z,1.12.6,1.9.0-DEV,428070c0f9ad,4.16.0,1.3.11,ctbllib-fs2-q1-findall,2397,196,2026-08-10T06:59:24.317Z
(D10x(A5xA5).2).2,144000,false,0,true,2026-08-10T06:58:19.62Z,1.12.6,1.9.0-DEV,428070c0f9ad,4.16.0,1.3.11,ctbllib-fs2-q1-findall,2397,197,2026-08-10T06:59:24.361Z
(D10x2.(A5xA5).2).2,288000,false,0,true,2026-08-10T06:58:19.62Z,1.12.6,1.9.0-DEV,428070c0f9ad,4.16.0,1.3.11,ctbllib-fs2-q1-findall,2397,198,2026-08-10T06:59:25.156Z
(D10x2^3.L3(2)).2,26880,false,0,true,2026-08-10T06:58:19.62Z,1.12.6,1.9.0-DEV,428070c0f9ad,4.16.0,1.3.11,ctbllib-fs2-q1-findall,2397,199,2026-08-10T06:59:26.583Z
(D10x3.A6).2_3,21600,false,0,true,2026-08-10T06:58:19.62Z,1.12.6,1.9.0-DEV,428070c0f9ad,4.16.0,1.3.11,ctbllib-fs2-q1-findall,2397,200,2026-08-10T06:59:26.943Z
(D10xA6).2,7200,false,0,true,2026-08-10T06:58:19.62Z,1.12.6,1.9.0-DEV,428070c0f9ad,4.16.0,1.3.11,ctbllib-fs2-q1-findall,2397,201,2026-08-10T06:59:27.294Z
(D10xA9).2,3628800,false,0,true,2026-08-10T06:58:19.62Z,1.12.6,1.9.0-DEV,428070c0f9ad,4.16.0,1.3.11,ctbllib-fs2-q1-findall,2397,202,2026-08-10T06:59:27.675Z
(D10xD10).2^2,400,true,0,true,2026-08-10T06:58:19.62Z,1.12.6,1.9.0-DEV,428070c0f9ad,4.16.0,1.3.11,ctbllib-fs2-q1-findall,2397,203,2026-08-10T06:59:27.949Z
(D10xHN).2,5460618240000000,false,0,true,2026-08-10T06:58:19.62Z,1.12.6,1.9.0-DEV,428070c0f9ad,4.16.0,1.3.11,ctbllib-fs2-q1-findall,2397,204,2026-08-10T06:59:28.576Z
(D10xJ2).2,12096000,false,0,true,2026-08-10T06:58:19.62Z,1.12.6,1.9.0-DEV,428070c0f9ad,4.16.0,1.3.11,ctbllib-fs2-q1-findall,2397,205,2026-08-10T06:59:28.917Z
(D10xU3(5)).2,2520000,false,0,true,2026-08-10T06:58:19.62Z,1.12.6,1.9.0-DEV,428070c0f9ad,4.16.0,1.3.11,ctbllib-fs2-q1-findall,2397,206,2026-08-10T06:59:29.038Z
(D10xU3(5)N2).2,320,true,0,true,2026-08-10T06:58:19.62Z,1.12.6,1.9.0-DEV,428070c0f9ad,4.16.0,1.3.11,ctbllib-fs2-q1-findall,2397,207,2026-08-10T06:59:29.75Z
(D8xA6).2^2,11520,false,0,true,2026-08-10T06:58:19.62Z,1.12.6,1.9.0-DEV,428070c0f9ad,4.16.0,1.3.11,ctbllib-fs2-q1-findall,2397,208,2026-08-10T06:59:30.017Z
"(GL(2,3)x2F4(2)').2",1725235200,false,0,true,2026-08-10T06:58:19.62Z,1.12.6,1.9.0-DEV,428070c0f9ad,4.16.0,1.3.11,ctbllib-fs2-q1-findall,2397,209,2026-08-10T06:59:30.104Z
(L2(11)x3).2,3960,false,0,true,2026-08-10T06:58:19.62Z,1.12.6,1.9.0-DEV,428070c0f9ad,4.16.0,1.3.11,ctbllib-fs2-q1-findall,2397,210,2026-08-10T06:59:30.137Z
(L2(11)xL2(11)):4,1742400,false,0,true,2026-08-10T06:58:19.62Z,1.12.6,1.9.0-DEV,428070c0f9ad,4.16.0,1.3.11,ctbllib-fs2-q1-findall,2397,211,2026-08-10T06:59:30.246Z
(L2(11)xM12):2,125452800,false,0,true,2026-08-10T06:58:19.62Z,1.12.6,1.9.0-DEV,428070c0f9ad,4.16.0,1.3.11,ctbllib-fs2-q1-findall,2397,212,2026-08-10T06:59:30.389Z
(L3(2)xL3(2)).4,112896,false,0,true,2026-08-10T06:58:19.62Z,1.12.6,1.9.0-DEV,428070c0f9ad,4.16.0,1.3.11,ctbllib-fs2-q1-findall,2397,213,2026-08-10T06:59:30.424Z
(L3(2)xL3(2)):2,56448,false,0,true,2026-08-10T06:58:19.62Z,1.12.6,1.9.0-DEV,428070c0f9ad,4.16.0,1.3.11,ctbllib-fs2-q1-findall,2397,214,2026-08-10T06:59:30.472Z
(L3(2)xL3(4)).2,6773760,false,0,true,2026-08-10T06:58:19.62Z,1.12.6,1.9.0-DEV,428070c0f9ad,4.16.0,1.3.11,ctbllib-fs2-q1-findall,2397,215,2026-08-10T06:59:30.798Z
(L3(2)xL3(4).2_2).2,13547520,false,0,true,2026-08-10T06:58:19.62Z,1.12.6,1.9.0-DEV,428070c0f9ad,4.16.0,1.3.11,ctbllib-fs2-q1-findall,2397,216,2026-08-10T06:59:31.048Z
(L3(2)xS4(4):2).2,658022400,false,0,true,2026-08-10T06:58:19.62Z,1.12.6,1.9.0-DEV,428070c0f9ad,4.16.0,1.3.11,ctbllib-fs2-q1-findall,2397,217,2026-08-10T06:59:31.302Z
(Q16xU3(3)).2,193536,false,0,true,2026-08-10T06:58:19.62Z,1.12.6,1.9.0-DEV,428070c0f9ad,4.16.0,1.3.11,ctbllib-fs2-q1-findall,2397,218,2026-08-10T06:59:31.97Z
(Q8x13:4):3,1248,true,0,true,2026-08-10T06:58:19.62Z,1.12.6,1.9.0-DEV,428070c0f9ad,4.16.0,1.3.11,ctbllib-fs2-q1-findall,2397,219,2026-08-10T06:59:32.236Z
(Q8xD14):3,336,true,0,true,2026-08-10T06:58:19.62Z,1.12.6,1.9.0-DEV,428070c0f9ad,4.16.0,1.3.11,ctbllib-fs2-q1-findall,2397,220,2026-08-10T06:59:32.24Z
(QD16x2F4(2)').2,575078400,false,0,true,2026-08-10T06:58:19.62Z,1.12.6,1.9.0-DEV,428070c0f9ad,4.16.0,1.3.11,ctbllib-fs2-q1-findall,2397,221,2026-08-10T06:59:32.832Z
(S3x2.Fi22).2,1549482039705600,false,0,true,2026-08-10T06:58:19.62Z,1.12.6,1.9.0-DEV,428070c0f9ad,4.16.0,1.3.11,ctbllib-fs2-q1-findall,2397,222,2026-08-10T06:59:34.848Z
(S3x2.U4(3).2_2).2,156764160,false,0,true,2026-08-10T06:58:19.62Z,1.12.6,1.9.0-DEV,428070c0f9ad,4.16.0,1.3.11,ctbllib-fs2-q1-findall,2397,223,2026-08-10T06:59:35.467Z
(S3xS3):2xS5,8640,false,0,true,2026-08-10T06:58:19.62Z,1.12.6,1.9.0-DEV,428070c0f9ad,4.16.0,1.3.11,ctbllib-fs2-q1-findall,2397,224,2026-08-10T06:59:35.587Z
(S3xS3xA5):2,4320,false,0,true,2026-08-10T06:58:19.62Z,1.12.6,1.9.0-DEV,428070c0f9ad,4.16.0,1.3.11,ctbllib-fs2-q1-findall,2397,225,2026-08-10T06:59:35.624Z
(S3xS3xG2(3)):2,305690112,false,0,true,2026-08-10T06:58:19.62Z,1.12.6,1.9.0-DEV,428070c0f9ad,4.16.0,1.3.11,ctbllib-fs2-q1-findall,2397,226,2026-08-10T06:59:35.882Z
(S5xS5xS5):S3,10368000,false,0,true,2026-08-10T06:58:19.62Z,1.12.6,1.9.0-DEV,428070c0f9ad,4.16.0,1.3.11,ctbllib-fs2-q1-findall,2397,227,2026-08-10T06:59:36.076Z
(S6wr2).2,2073600,false,0,true,2026-08-10T06:58:19.62Z,1.12.6,1.9.0-DEV,428070c0f9ad,4.16.0,1.3.11,ctbllib-fs2-q1-findall,2397,228,2026-08-10T06:59:36.125Z
(S6xL3(4).2).2,58060800,false,0,true,2026-08-10T06:58:19.62Z,1.12.6,1.9.0-DEV,428070c0f9ad,4.16.0,1.3.11,ctbllib-fs2-q1-findall,2397,229,2026-08-10T06:59:36.849Z
(S6xS6).2^2,2073600,false,0,true,2026-08-10T06:58:19.62Z,1.12.6,1.9.0-DEV,428070c0f9ad,4.16.0,1.3.11,ctbllib-fs2-q1-findall,2397,230,2026-08-10T06:59:36.91Z
(S6xS6).4,2073600,false,0,true,2026-08-10T06:58:19.62Z,1.12.6,1.9.0-DEV,428070c0f9ad,4.16.0,1.3.11,ctbllib-fs2-q1-findall,2397,231,2026-08-10T06:59:37.1Z
(S6xS6):2,1036800,false,0,true,2026-08-10T06:58:19.62Z,1.12.6,1.9.0-DEV,428070c0f9ad,4.16.0,1.3.11,ctbllib-fs2-q1-findall,2397,232,2026-08-10T06:59:37.207Z
"(SL(2,3)x7:3).2",1008,true,0,true,2026-08-10T06:58:19.62Z,1.12.6,1.9.0-DEV,428070c0f9ad,4.16.0,1.3.11,ctbllib-fs2-q1-findall,2397,233,2026-08-10T06:59:37.535Z
(SL2(3)x7:3).2,1008,true,0,true,2026-08-10T06:58:19.62Z,1.12.6,1.9.0-DEV,428070c0f9ad,4.16.0,1.3.11,ctbllib-fs2-q1-findall,2397,234,2026-08-10T06:59:37.857Z
"(a4xpsl(3,4)):2",483840,false,0,true,2026-08-10T06:58:19.62Z,1.12.6,1.9.0-DEV,428070c0f9ad,4.16.0,1.3.11,ctbllib-fs2-q1-findall,2397,235,2026-08-10T06:59:37.913Z
(a6xa5).2,43200,false,0,true,2026-08-10T06:58:19.62Z,1.12.6,1.9.0-DEV,428070c0f9ad,4.16.0,1.3.11,ctbllib-fs2-q1-findall,2397,236,2026-08-10T06:59:37.955Z
1/2(8xS3),24,true,0,true,2026-08-10T06:58:19.62Z,1.12.6,1.9.0-DEV,428070c0f9ad,4.16.0,1.3.11,ctbllib-fs2-q1-findall,2397,237,2026-08-10T06:59:38.014Z
109:54,5886,true,0,true,2026-08-10T06:58:19.62Z,1.12.6,1.9.0-DEV,428070c0f9ad,4.16.0,1.3.11,ctbllib-fs2-q1-findall,2397,238,2026-08-10T06:59:38.17Z
10^2:S3,600,true,0,true,2026-08-10T06:58:19.62Z,1.12.6,1.9.0-DEV,428070c0f9ad,4.16.0,1.3.11,ctbllib-fs2-q1-findall,2397,239,2026-08-10T06:59:38.206Z
11+^(1+2):(5x2S4),319440,true,0,true,2026-08-10T06:58:19.62Z,1.12.6,1.9.0-DEV,428070c0f9ad,4.16.0,1.3.11,ctbllib-fs2-q1-findall,2397,240,2026-08-10T06:59:38.253Z
113:56,6328,true,0,true,2026-08-10T06:58:19.62Z,1.12.6,1.9.0-DEV,428070c0f9ad,4.16.0,1.3.11,ctbllib-fs2-q1-findall,2397,241,2026-08-10T06:59:38.327Z
11:10,110,true,0,true,2026-08-10T06:58:19.62Z,1.12.6,1.9.0-DEV,428070c0f9ad,4.16.0,1.3.11,ctbllib-fs2-q1-findall,2397,242,2026-08-10T06:59:38.346Z
11:10xS3,660,true,0,true,2026-08-10T06:58:19.62Z,1.12.6,1.9.0-DEV,428070c0f9ad,4.16.0,1.3.11,ctbllib-fs2-q1-findall,2397,243,2026-08-10T06:59:38.632Z
11:20,220,true,0,true,2026-08-10T06:58:19.62Z,1.12.6,1.9.0-DEV,428070c0f9ad,4.16.0,1.3.11,ctbllib-fs2-q1-findall,2397,244,2026-08-10T06:59:38.898Z
11:5,55,true,0,true,2026-08-10T06:58:19.62Z,1.12.6,1.9.0-DEV,428070c0f9ad,4.16.0,1.3.11,ctbllib-fs2-q1-findall,2397,245,2026-08-10T06:59:38.939Z
11:5xS3,330,true,0,true,2026-08-10T06:58:19.62Z,1.12.6,1.9.0-DEV,428070c0f9ad,4.16.0,1.3.11,ctbllib-fs2-q1-findall,2397,246,2026-08-10T06:59:39.305Z
11^(1+2)+:40,53240,true,0,true,2026-08-10T06:58:19.62Z,1.12.6,1.9.0-DEV,428070c0f9ad,4.16.0,1.3.11,ctbllib-fs2-q1-findall,2397,247,2026-08-10T06:59:39.354Z
11^2:(5x2.A5),72600,false,0,true,2026-08-10T06:58:19.62Z,1.12.6,1.9.0-DEV,428070c0f9ad,4.16.0,1.3.11,ctbllib-fs2-q1-findall,2397,248,2026-08-10T06:59:39.401Z
11^2:(5x2L2(11).2),1597200,false,0,true,2026-08-10T06:58:19.62Z,1.12.6,1.9.0-DEV,428070c0f9ad,4.16.0,1.3.11,ctbllib-fs2-q1-findall,2397,249,2026-08-10T06:59:39.485Z
11^2:60,7260,true,0,true,2026-08-10T06:58:19.62Z,1.12.6,1.9.0-DEV,428070c0f9ad,4.16.0,1.3.11,ctbllib-fs2-q1-findall,2397,250,2026-08-10T06:59:39.526Z
12.A6.2_3,8640,false,0,true,2026-08-10T06:58:19.62Z,1.12.6,1.9.0-DEV,428070c0f9ad,4.16.0,1.3.11,ctbllib-fs2-q1-findall,2397,251,2026-08-10T06:59:39.622Z
12.M22,5322240,false,0,true,2026-08-10T06:58:19.62Z,1.12.6,1.9.0-DEV,428070c0f9ad,4.16.0,1.3.11,ctbllib-fs2-q1-findall,2397,252,2026-08-10T06:59:39.688Z
12.M22.2,10644480,false,0,true,2026-08-10T06:58:19.62Z,1.12.6,1.9.0-DEV,428070c0f9ad,4.16.0,1.3.11,ctbllib-fs2-q1-findall,2397,253,2026-08-10T06:59:39.72Z
12.M22M2,69120,false,0,true,2026-08-10T06:58:19.62Z,1.12.6,1.9.0-DEV,428070c0f9ad,4.16.0,1.3.11,ctbllib-fs2-q1-findall,2397,254,2026-08-10T06:59:39.757Z
12.M22M7,8640,false,0,true,2026-08-10T06:58:19.62Z,1.12.6,1.9.0-DEV,428070c0f9ad,4.16.0,1.3.11,ctbllib-fs2-q1-findall,2397,255,2026-08-10T06:59:39.84Z
12.M22N3,864,true,0,true,2026-08-10T06:58:19.62Z,1.12.6,1.9.0-DEV,428070c0f9ad,4.16.0,1.3.11,ctbllib-fs2-q1-findall,2397,256,2026-08-10T06:59:40.296Z
127:7,889,true,0,true,2026-08-10T06:58:19.62Z,1.12.6,1.9.0-DEV,428070c0f9ad,4.16.0,1.3.11,ctbllib-fs2-q1-findall,2397,257,2026-08-10T06:59:40.364Z
12_1.L3(4),241920,false,0,true,2026-08-10T06:58:19.62Z,1.12.6,1.9.0-DEV,428070c0f9ad,4.16.0,1.3.11,ctbllib-fs2-q1-findall,2397,258,2026-08-10T06:59:40.417Z
12_1.L3(4).2_1,483840,false,0,true,2026-08-10T06:58:19.62Z,1.12.6,1.9.0-DEV,428070c0f9ad,4.16.0,1.3.11,ctbllib-fs2-q1-findall,2397,259,2026-08-10T06:59:40.439Z
12_1.L3(4).2_2,483840,false,0,true,2026-08-10T06:58:19.62Z,1.12.6,1.9.0-DEV,428070c0f9ad,4.16.0,1.3.11,ctbllib-fs2-q1-findall,2397,260,2026-08-10T06:59:40.459Z
12_1.L3(4).2_3,483840,false,0,true,2026-08-10T06:58:19.62Z,1.12.6,1.9.0-DEV,428070c0f9ad,4.16.0,1.3.11,ctbllib-fs2-q1-findall,2397,261,2026-08-10T06:59:40.48Z
12_1.U4(3),39191040,false,0,true,2026-08-10T06:58:19.62Z,1.12.6,1.9.0-DEV,428070c0f9ad,4.16.0,1.3.11,ctbllib-fs2-q1-findall,2397,262,2026-08-10T06:59:40.657Z
12_1.U4(3).2_1,78382080,false,0,true,2026-08-10T06:58:19.62Z,1.12.6,1.9.0-DEV,428070c0f9ad,4.16.0,1.3.11,ctbllib-fs2-q1-findall,2397,263,2026-08-10T06:59:40.717Z
12_1.U4(3).2_2,78382080,false,0,true,2026-08-10T06:58:19.62Z,1.12.6,1.9.0-DEV,428070c0f9ad,4.16.0,1.3.11,ctbllib-fs2-q1-findall,2397,264,2026-08-10T06:59:40.868Z
12_1.U4(3).2_2',78382080,false,0,true,2026-08-10T06:58:19.62Z,1.12.6,1.9.0-DEV,428070c0f9ad,4.16.0,1.3.11,ctbllib-fs2-q1-findall,2397,265,2026-08-10T06:59:40.921Z
12_2.L3(4),241920,false,0,true,2026-08-10T06:58:19.62Z,1.12.6,1.9.0-DEV,428070c0f9ad,4.16.0,1.3.11,ctbllib-fs2-q1-findall,2397,266,2026-08-10T06:59:40.978Z
12_2.L3(4).2_1,483840,false,0,true,2026-08-10T06:58:19.62Z,1.12.6,1.9.0-DEV,428070c0f9ad,4.16.0,1.3.11,ctbllib-fs2-q1-findall,2397,267,2026-08-10T06:59:41.001Z
12_2.L3(4).2_2,483840,false,0,true,2026-08-10T06:58:19.62Z,1.12.6,1.9.0-DEV,428070c0f9ad,4.16.0,1.3.11,ctbllib-fs2-q1-findall,2397,268,2026-08-10T06:59:42.116Z
12_2.L3(4).2_3,483840,false,0,true,2026-08-10T06:58:19.62Z,1.12.6,1.9.0-DEV,428070c0f9ad,4.16.0,1.3.11,ctbllib-fs2-q1-findall,2397,269,2026-08-10T06:59:42.137Z
12_2.U4(3),39191040,false,0,true,2026-08-10T06:58:19.62Z,1.12.6,1.9.0-DEV,428070c0f9ad,4.16.0,1.3.11,ctbllib-fs2-q1-findall,2397,270,2026-08-10T06:59:42.295Z
12_2.U4(3).2_1,78382080,false,0,true,2026-08-10T06:58:19.62Z,1.12.6,1.9.0-DEV,428070c0f9ad,4.16.0,1.3.11,ctbllib-fs2-q1-findall,2397,271,2026-08-10T06:59:42.35Z
12_2.U4(3).2_3,78382080,false,0,true,2026-08-10T06:58:19.62Z,1.12.6,1.9.0-DEV,428070c0f9ad,4.16.0,1.3.11,ctbllib-fs2-q1-findall,2397,272,2026-08-10T06:59:42.424Z
12_2.U4(3).2_3',78382080,false,0,true,2026-08-10T06:58:19.62Z,1.12.6,1.9.0-DEV,428070c0f9ad,4.16.0,1.3.11,ctbllib-fs2-q1-findall,2397,273,2026-08-10T06:59:42.457Z
12x11:5,660,true,0,true,2026-08-10T06:58:19.62Z,1.12.6,1.9.0-DEV,428070c0f9ad,4.16.0,1.3.11,ctbllib-fs2-q1-findall,2397,274,2026-08-10T06:59:42.857Z
12x7:3,252,true,0,true,2026-08-10T06:58:19.62Z,1.12.6,1.9.0-DEV,428070c0f9ad,4.16.0,1.3.11,ctbllib-fs2-q1-findall,2397,275,2026-08-10T06:59:43.175Z
133:3,399,true,0,true,2026-08-10T06:58:19.62Z,1.12.6,1.9.0-DEV,428070c0f9ad,4.16.0,1.3.11,ctbllib-fs2-q1-findall,2397,276,2026-08-10T06:59:43.456Z
13:12,156,true,0,true,2026-08-10T06:58:19.62Z,1.12.6,1.9.0-DEV,428070c0f9ad,4.16.0,1.3.11,ctbllib-fs2-q1-findall,2397,277,2026-08-10T06:59:43.497Z
13:3,39,true,0,true,2026-08-10T06:58:19.62Z,1.12.6,1.9.0-DEV,428070c0f9ad,4.16.0,1.3.11,ctbllib-fs2-q1-findall,2397,278,2026-08-10T06:59:43.508Z
13:4,52,true,0,true,2026-08-10T06:58:19.62Z,1.12.6,1.9.0-DEV,428070c0f9ad,4.16.0,1.3.11,ctbllib-fs2-q1-findall,2397,279,2026-08-10T06:59:43.549Z
13:6,78,true,0,true,2026-08-10T06:58:19.62Z,1.12.6,1.9.0-DEV,428070c0f9ad,4.16.0,1.3.11,ctbllib-fs2-q1-findall,2397,280,2026-08-10T06:59:43.569Z
13^(1+2):(3x4S4),632736,true,0,true,2026-08-10T06:58:19.62Z,1.12.6,1.9.0-DEV,428070c0f9ad,4.16.0,1.3.11,ctbllib-fs2-q1-findall,2397,281,2026-08-10T06:59:43.624Z
13^1+2.2A4,52728,true,0,true,2026-08-10T06:58:19.62Z,1.12.6,1.9.0-DEV,428070c0f9ad,4.16.0,1.3.11,ctbllib-fs2-q1-findall,2397,282,2026-08-10T06:59:43.828Z
13^2:2.L2(13).4,1476384,false,0,true,2026-08-10T06:58:19.62Z,1.12.6,1.9.0-DEV,428070c0f9ad,4.16.0,1.3.11,ctbllib-fs2-q1-findall,2397,283,2026-08-10T06:59:44.186Z
17:16,272,true,0,true,2026-08-10T06:58:19.62Z,1.12.6,1.9.0-DEV,428070c0f9ad,4.16.0,1.3.11,ctbllib-fs2-q1-findall,2397,284,2026-08-10T06:59:44.227Z
17:8,136,true,0,true,2026-08-10T06:58:19.62Z,1.12.6,1.9.0-DEV,428070c0f9ad,4.16.0,1.3.11,ctbllib-fs2-q1-findall,2397,285,2026-08-10T06:59:44.267Z
19:18,342,true,0,true,2026-08-10T06:58:19.62Z,1.12.6,1.9.0-DEV,428070c0f9ad,4.16.0,1.3.11,ctbllib-fs2-q1-findall,2397,286,2026-08-10T06:59:44.289Z
19:3,57,true,0,true,2026-08-10T06:58:19.62Z,1.12.6,1.9.0-DEV,428070c0f9ad,4.16.0,1.3.11,ctbllib-fs2-q1-findall,2397,287,2026-08-10T06:59:44.3Z
19:6,114,true,0,true,2026-08-10T06:58:19.62Z,1.12.6,1.9.0-DEV,428070c0f9ad,4.16.0,1.3.11,ctbllib-fs2-q1-findall,2397,288,2026-08-10T06:59:44.315Z
19:9,171,true,0,true,2026-08-10T06:58:19.62Z,1.12.6,1.9.0-DEV,428070c0f9ad,4.16.0,1.3.11,ctbllib-fs2-q1-findall,2397,289,2026-08-10T06:59:44.354Z
2(A4xA4).2^2,1152,true,0,true,2026-08-10T06:58:19.62Z,1.12.6,1.9.0-DEV,428070c0f9ad,4.16.0,1.3.11,ctbllib-fs2-q1-findall,2397,290,2026-08-10T06:59:44.359Z
2(A4xA4).4.2,2304,true,0,true,2026-08-10T06:58:19.62Z,1.12.6,1.9.0-DEV,428070c0f9ad,4.16.0,1.3.11,ctbllib-fs2-q1-findall,2397,291,2026-08-10T06:59:44.389Z
2(A4xA4).4.2^2,4608,true,0,true,2026-08-10T06:58:19.62Z,1.12.6,1.9.0-DEV,428070c0f9ad,4.16.0,1.3.11,ctbllib-fs2-q1-findall,2397,292,2026-08-10T06:59:44.396Z
2(L2(11)x2).2,5280,false,0,true,2026-08-10T06:58:19.62Z,1.12.6,1.9.0-DEV,428070c0f9ad,4.16.0,1.3.11,ctbllib-fs2-q1-findall,2397,293,2026-08-10T06:59:44.403Z
2(L2(7)x4).2,2688,false,0,true,2026-08-10T06:58:19.62Z,1.12.6,1.9.0-DEV,428070c0f9ad,4.16.0,1.3.11,ctbllib-fs2-q1-findall,2397,294,2026-08-10T06:59:44.413Z
2(S4xS4),1152,true,0,true,2026-08-10T06:58:19.62Z,1.12.6,1.9.0-DEV,428070c0f9ad,4.16.0,1.3.11,ctbllib-fs2-q1-findall,2397,295,2026-08-10T06:59:44.712Z
2.(13:6xA4).2,3744,true,0,true,2026-08-10T06:58:19.62Z,1.12.6,1.9.0-DEV,428070c0f9ad,4.16.0,1.3.11,ctbllib-fs2-q1-findall,2397,296,2026-08-10T06:59:44.995Z
2.(2.(A4xA4).2),1152,true,0,true,2026-08-10T06:58:19.62Z,1.12.6,1.9.0-DEV,428070c0f9ad,4.16.0,1.3.11,ctbllib-fs2-q1-findall,2397,297,2026-08-10T06:59:45.08Z
2.(2.(A4xA4).2.2),2304,true,0,true,2026-08-10T06:58:19.62Z,1.12.6,1.9.0-DEV,428070c0f9ad,4.16.0,1.3.11,ctbllib-fs2-q1-findall,2397,298,2026-08-10T06:59:45.113Z
2.(2^2xSz(8)):3,698880,false,0,true,2026-08-10T06:58:19.62Z,1.12.6,1.9.0-DEV,428070c0f9ad,4.16.0,1.3.11,ctbllib-fs2-q1-findall,2397,299,2026-08-10T06:59:45.171Z
2.(2^2xU4(2)).2,414720,false,0,true,2026-08-10T06:58:19.62Z,1.12.6,1.9.0-DEV,428070c0f9ad,4.16.0,1.3.11,ctbllib-fs2-q1-findall,2397,300,2026-08-10T06:59:45.333Z
2.(2^4:A5),1920,false,0,true,2026-08-10T06:58:19.62Z,1.12.6,1.9.0-DEV,428070c0f9ad,4.16.0,1.3.11,ctbllib-fs2-q1-findall,2397,301,2026-08-10T06:59:45.337Z
2.(2^5:S6),46080,false,0,true,2026-08-10T06:58:19.62Z,1.12.6,1.9.0-DEV,428070c0f9ad,4.16.0,1.3.11,ctbllib-fs2-q1-findall,2397,302,2026-08-10T06:59:45.37Z
2.(2x2^(1+8)):U4(2):2,106168320,false,0,true,2026-08-10T06:58:19.62Z,1.12.6,1.9.0-DEV,428070c0f9ad,4.16.0,1.3.11,ctbllib-fs2-q1-findall,2397,303,2026-08-10T06:59:45.519Z
2.(2x3.A7),30240,false,0,true,2026-08-10T06:58:19.62Z,1.12.6,1.9.0-DEV,428070c0f9ad,4.16.0,1.3.11,ctbllib-fs2-q1-findall,2397,304,2026-08-10T06:59:45.597Z
2.(2x3^4:A6),116640,false,0,true,2026-08-10T06:58:19.62Z,1.12.6,1.9.0-DEV,428070c0f9ad,4.16.0,1.3.11,ctbllib-fs2-q1-findall,2397,305,2026-08-10T06:59:45.675Z
2.(2xA7),10080,false,0,true,2026-08-10T06:58:19.62Z,1.12.6,1.9.0-DEV,428070c0f9ad,4.16.0,1.3.11,ctbllib-fs2-q1-findall,2397,306,2026-08-10T06:59:45.722Z
2.(2xF4(2)).2,26489012826931200,false,0,true,2026-08-10T06:58:19.62Z,1.12.6,1.9.0-DEV,428070c0f9ad,4.16.0,1.3.11,ctbllib-fs2-q1-findall,2397,307,2026-08-10T06:59:46.016Z
2.(2xL2(11)),2640,false,0,true,2026-08-10T06:58:19.62Z,1.12.6,1.9.0-DEV,428070c0f9ad,4.16.0,1.3.11,ctbllib-fs2-q1-findall,2397,308,2026-08-10T06:59:46.044Z
2.(3^(1+4).[2^7.3]),186624,true,0,true,2026-08-10T06:58:19.62Z,1.12.6,1.9.0-DEV,428070c0f9ad,4.16.0,1.3.11,ctbllib-fs2-q1-findall,2397,309,2026-08-10T06:59:46.154Z
2.(3^(1+6):2^(3+4):3^2:2),10077696,true,0,true,2026-08-10T06:58:19.62Z,1.12.6,1.9.0-DEV,428070c0f9ad,4.16.0,1.3.11,ctbllib-fs2-q1-findall,2397,310,2026-08-10T06:59:46.442Z
2.(3^2:D8xU4(3).2^2).2,3762339840,false,0,true,2026-08-10T06:58:19.62Z,1.12.6,1.9.0-DEV,428070c0f9ad,4.16.0,1.3.11,ctbllib-fs2-q1-findall,2397,311,2026-08-10T06:59:47.118Z
2.(3^3:(S4x2)),2592,true,0,true,2026-08-10T06:58:19.62Z,1.12.6,1.9.0-DEV,428070c0f9ad,4.16.0,1.3.11,ctbllib-fs2-q1-findall,2397,312,2026-08-10T06:59:47.151Z
2.(A4x2(A4xA4).2).2,27648,true,0,true,2026-08-10T06:58:19.62Z,1.12.6,1.9.0-DEV,428070c0f9ad,4.16.0,1.3.11,ctbllib-fs2-q1-findall,2397,313,2026-08-10T06:59:47.252Z
2.(A4xA4),288,true,0,true,2026-08-10T06:58:19.62Z,1.12.6,1.9.0-DEV,428070c0f9ad,4.16.0,1.3.11,ctbllib-fs2-q1-findall,2397,314,2026-08-10T06:59:47.313Z
2.(A4xG2(4)).2,12076646400,false,0,true,2026-08-10T06:58:19.62Z,1.12.6,1.9.0-DEV,428070c0f9ad,4.16.0,1.3.11,ctbllib-fs2-q1-findall,2397,315,2026-08-10T06:59:48.092Z
2.(A4xL3(4)).2,967680,false,0,true,2026-08-10T06:58:19.62Z,1.12.6,1.9.0-DEV,428070c0f9ad,4.16.0,1.3.11,ctbllib-fs2-q1-findall,2397,316,2026-08-10T06:59:48.154Z
2.(A4xU4(2)),622080,false,0,true,2026-08-10T06:58:19.62Z,1.12.6,1.9.0-DEV,428070c0f9ad,4.16.0,1.3.11,ctbllib-fs2-q1-findall,2397,317,2026-08-10T06:59:48.253Z
2.(A5wr2),14400,false,0,true,2026-08-10T06:58:19.62Z,1.12.6,1.9.0-DEV,428070c0f9ad,4.16.0,1.3.11,ctbllib-fs2-q1-findall,2397,318,2026-08-10T06:59:48.522Z
2.(A5xA4).2,2880,false,0,true,2026-08-10T06:58:19.62Z,1.12.6,1.9.0-DEV,428070c0f9ad,4.16.0,1.3.11,ctbllib-fs2-q1-findall,2397,319,2026-08-10T06:59:48.534Z
2.(A5xA5).2,14400,false,0,true,2026-08-10T06:58:19.62Z,1.12.6,1.9.0-DEV,428070c0f9ad,4.16.0,1.3.11,ctbllib-fs2-q1-findall,2397,320,2026-08-10T06:59:48.542Z
2.(A5xA5).2^2,28800,false,0,true,2026-08-10T06:58:19.62Z,1.12.6,1.9.0-DEV,428070c0f9ad,4.16.0,1.3.11,ctbllib-fs2-q1-findall,2397,321,2026-08-10T06:59:48.576Z
2.(A5xA5).4,28800,false,0,true,2026-08-10T06:58:19.62Z,1.12.6,1.9.0-DEV,428070c0f9ad,4.16.0,1.3.11,ctbllib-fs2-q1-findall,2397,322,2026-08-10T06:59:48.587Z
2.(A5xJ2).2,145152000,false,0,true,2026-08-10T06:58:19.62Z,1.12.6,1.9.0-DEV,428070c0f9ad,4.16.0,1.3.11,ctbllib-fs2-q1-findall,2397,323,2026-08-10T06:59:49.353Z
2.(A6xA4).2,17280,false,0,true,2026-08-10T06:58:19.62Z,1.12.6,1.9.0-DEV,428070c0f9ad,4.16.0,1.3.11,ctbllib-fs2-q1-findall,2397,324,2026-08-10T06:59:49.431Z
2.(A6xA5).2,86400,false,0,true,2026-08-10T06:58:19.62Z,1.12.6,1.9.0-DEV,428070c0f9ad,4.16.0,1.3.11,ctbllib-fs2-q1-findall,2397,325,2026-08-10T06:59:49.484Z
2.(A6xA6).2^2,1036800,false,0,true,2026-08-10T06:58:19.62Z,1.12.6,1.9.0-DEV,428070c0f9ad,4.16.0,1.3.11,ctbllib-fs2-q1-findall,2397,326,2026-08-10T06:59:49.568Z
2.(A7xA4).2,120960,false,0,true,2026-08-10T06:58:19.62Z,1.12.6,1.9.0-DEV,428070c0f9ad,4.16.0,1.3.11,ctbllib-fs2-q1-findall,2397,327,2026-08-10T06:59:49.649Z
2.(A7xA5).2,604800,false,0,true,2026-08-10T06:58:19.62Z,1.12.6,1.9.0-DEV,428070c0f9ad,4.16.0,1.3.11,ctbllib-fs2-q1-findall,2397,328,2026-08-10T06:59:49.744Z
2.(A8xA4).2,967680,false,0,true,2026-08-10T06:58:19.62Z,1.12.6,1.9.0-DEV,428070c0f9ad,4.16.0,1.3.11,ctbllib-fs2-q1-findall,2397,329,2026-08-10T06:59:49.766Z
2.(D10xJ2).2,24192000,false,0,true,2026-08-10T06:58:19.62Z,1.12.6,1.9.0-DEV,428070c0f9ad,4.16.0,1.3.11,ctbllib-fs2-q1-findall,2397,330,2026-08-10T06:59:51.099Z
2.(D8x2^2).S3,384,true,0,true,2026-08-10T06:58:19.62Z,1.12.6,1.9.0-DEV,428070c0f9ad,4.16.0,1.3.11,ctbllib-fs2-q1-findall,2397,331,2026-08-10T06:59:51.103Z
2.(D8x3^(1+2)_+:Q8),3456,true,0,true,2026-08-10T06:58:19.62Z,1.12.6,1.9.0-DEV,428070c0f9ad,4.16.0,1.3.11,ctbllib-fs2-q1-findall,2397,332,2026-08-10T06:59:51.139Z
2.(D8x3^2:Q8),1152,true,0,true,2026-08-10T06:58:19.62Z,1.12.6,1.9.0-DEV,428070c0f9ad,4.16.0,1.3.11,ctbllib-fs2-q1-findall,2397,333,2026-08-10T06:59:51.148Z
2.(S3x5:4),240,true,0,true,2026-08-10T06:58:19.62Z,1.12.6,1.9.0-DEV,428070c0f9ad,4.16.0,1.3.11,ctbllib-fs2-q1-findall,2397,334,2026-08-10T06:59:51.151Z
2.(S3xS6),8640,false,0,true,2026-08-10T06:58:19.62Z,1.12.6,1.9.0-DEV,428070c0f9ad,4.16.0,1.3.11,ctbllib-fs2-q1-findall,2397,335,2026-08-10T06:59:51.184Z
2.(S4xS5),5760,false,0,true,2026-08-10T06:58:19.62Z,1.12.6,1.9.0-DEV,428070c0f9ad,4.16.0,1.3.11,ctbllib-fs2-q1-findall,2397,336,2026-08-10T06:59:51.448Z
2.(S6x2),2880,false,0,true,2026-08-10T06:58:19.62Z,1.12.6,1.9.0-DEV,428070c0f9ad,4.16.0,1.3.11,ctbllib-fs2-q1-findall,2397,337,2026-08-10T06:59:51.478Z
2.(S6xS4),34560,false,0,true,2026-08-10T06:58:19.62Z,1.12.6,1.9.0-DEV,428070c0f9ad,4.16.0,1.3.11,ctbllib-fs2-q1-findall,2397,338,2026-08-10T06:59:51.564Z
2..11.m23,20891566080,false,0,true,2026-08-10T06:58:19.62Z,1.12.6,1.9.0-DEV,428070c0f9ad,4.16.0,1.3.11,ctbllib-fs2-q1-findall,2397,339,2026-08-10T06:59:51.594Z
2.2.2^4+6:S5,491520,false,0,true,2026-08-10T06:58:19.62Z,1.12.6,1.9.0-DEV,428070c0f9ad,4.16.0,1.3.11,ctbllib-fs2-q1-findall,2397,340,2026-08-10T06:59:51.658Z
2.2E6(2),153064959367549707878400,false,0,true,2026-08-10T06:58:19.62Z,1.12.6,1.9.0-DEV,428070c0f9ad,4.16.0,1.3.11,ctbllib-fs2-q1-findall,2397,341,2026-08-10T06:59:51.854Z
2.2E6(2).2,306129918735099415756800,false,0,true,2026-08-10T06:58:19.62Z,1.12.6,1.9.0-DEV,428070c0f9ad,4.16.0,1.3.11,ctbllib-fs2-q1-findall,2397,342,2026-08-10T06:59:52.129Z
2.2^(1+8)_+:(S3xS3xS3),221184,true,0,true,2026-08-10T06:58:19.62Z,1.12.6,1.9.0-DEV,428070c0f9ad,4.16.0,1.3.11,ctbllib-fs2-q1-findall,2397,343,2026-08-10T06:59:52.2Z
2.2^(1+8)_+:U4(2),26542080,false,0,true,2026-08-10T06:58:19.62Z,1.12.6,1.9.0-DEV,428070c0f9ad,4.16.0,1.3.11,ctbllib-fs2-q1-findall,2397,344,2026-08-10T06:59:52.336Z
2.2^(2+12):(A8xS3),3963617280,false,0,true,2026-08-10T06:58:19.62Z,1.12.6,1.9.0-DEV,428070c0f9ad,4.16.0,1.3.11,ctbllib-fs2-q1-findall,2397,345,2026-08-10T06:59:52.843Z
2.2^(2+2).2^(1+1+2+2):S4,49152,true,0,true,2026-08-10T06:58:19.62Z,1.12.6,1.9.0-DEV,428070c0f9ad,4.16.0,1.3.11,ctbllib-fs2-q1-findall,2397,346,2026-08-10T06:59:52.903Z
2.2^(2+8).(3xA5),368640,false,0,true,2026-08-10T06:58:19.62Z,1.12.6,1.9.0-DEV,428070c0f9ad,4.16.0,1.3.11,ctbllib-fs2-q1-findall,2397,347,2026-08-10T06:59:52.981Z
2.2^(3+3):7,896,true,0,true,2026-08-10T06:58:19.62Z,1.12.6,1.9.0-DEV,428070c0f9ad,4.16.0,1.3.11,ctbllib-fs2-q1-findall,2397,348,2026-08-10T06:59:53.46Z
2.2^(4+12).(S3x3S6),1698693120,false,0,true,2026-08-10T06:58:19.62Z,1.12.6,1.9.0-DEV,428070c0f9ad,4.16.0,1.3.11,ctbllib-fs2-q1-findall,2397,349,2026-08-10T06:59:53.965Z
2.2^(4+6).(A5x3),368640,false,0,true,2026-08-10T06:58:19.62Z,1.12.6,1.9.0-DEV,428070c0f9ad,4.16.0,1.3.11,ctbllib-fs2-q1-findall,2397,350,2026-08-10T06:59:54.062Z
2.2^(4+6).2.S3,24576,true,0,true,2026-08-10T06:58:19.62Z,1.12.6,1.9.0-DEV,428070c0f9ad,4.16.0,1.3.11,ctbllib-fs2-q1-findall,2397,351,2026-08-10T06:59:54.334Z
2.2^(4+8):(S3xA5),2949120,false,0,true,2026-08-10T06:58:19.62Z,1.12.6,1.9.0-DEV,428070c0f9ad,4.16.0,1.3.11,ctbllib-fs2-q1-findall,2397,352,2026-08-10T06:59:54.464Z
2.2^11:M24,1002795171840,false,0,true,2026-08-10T06:58:19.62Z,1.12.6,1.9.0-DEV,428070c0f9ad,4.16.0,1.3.11,ctbllib-fs2-q1-findall,2397,353,2026-08-10T06:59:54.565Z
2.2^3+8:L3(2),688128,false,0,true,2026-08-10T06:58:19.62Z,1.12.6,1.9.0-DEV,428070c0f9ad,4.16.0,1.3.11,ctbllib-fs2-q1-findall,2397,354,2026-08-10T06:59:54.625Z
2.2^3.2^5.S3,3072,true,0,true,2026-08-10T06:58:19.62Z,1.12.6,1.9.0-DEV,428070c0f9ad,4.16.0,1.3.11,ctbllib-fs2-q1-findall,2397,355,2026-08-10T06:59:54.902Z
2.2^4+6:S5,245760,false,0,true,2026-08-10T06:58:19.62Z,1.12.6,1.9.0-DEV,428070c0f9ad,4.16.0,1.3.11,ctbllib-fs2-q1-findall,2397,356,2026-08-10T06:59:54.959Z
2.2^4.(S3x3^2:2),3456,true,0,true,2026-08-10T06:58:19.62Z,1.12.6,1.9.0-DEV,428070c0f9ad,4.16.0,1.3.11,ctbllib-fs2-q1-findall,2397,357,2026-08-10T06:59:55.387Z
2.2^4.2.S3,384,true,0,true,2026-08-10T06:58:19.62Z,1.12.6,1.9.0-DEV,428070c0f9ad,4.16.0,1.3.11,ctbllib-fs2-q1-findall,2397,358,2026-08-10T06:59:55.391Z
2.2^4.2^4.S3,3072,true,0,true,2026-08-10T06:58:19.62Z,1.12.6,1.9.0-DEV,428070c0f9ad,4.16.0,1.3.11,ctbllib-fs2-q1-findall,2397,359,2026-08-10T06:59:55.402Z
2.2^4.S6,23040,false,0,true,2026-08-10T06:58:19.62Z,1.12.6,1.9.0-DEV,428070c0f9ad,4.16.0,1.3.11,ctbllib-fs2-q1-findall,2397,360,2026-08-10T06:59:55.452Z
2.2^4:3,96,true,0,true,2026-08-10T06:58:19.62Z,1.12.6,1.9.0-DEV,428070c0f9ad,4.16.0,1.3.11,ctbllib-fs2-q1-findall,2397,361,2026-08-10T06:59:55.456Z
2.2^5.S6,46080,false,0,true,2026-08-10T06:58:19.62Z,1.12.6,1.9.0-DEV,428070c0f9ad,4.16.0,1.3.11,ctbllib-fs2-q1-findall,2397,362,2026-08-10T06:59:55.535Z
2.2^6.L3(2),21504,false,0,true,2026-08-10T06:58:19.62Z,1.12.6,1.9.0-DEV,428070c0f9ad,4.16.0,1.3.11,ctbllib-fs2-q1-findall,2397,363,2026-08-10T06:59:55.566Z
2.2^6:u3(3):2,1548288,false,0,true,2026-08-10T06:58:19.62Z,1.12.6,1.9.0-DEV,428070c0f9ad,4.16.0,1.3.11,ctbllib-fs2-q1-findall,2397,364,2026-08-10T06:59:55.62Z
2.2^8.f20,10240,true,0,true,2026-08-10T06:58:19.62Z,1.12.6,1.9.0-DEV,428070c0f9ad,4.16.0,1.3.11,ctbllib-fs2-q1-findall,2397,365,2026-08-10T06:59:55.631Z
2.3^4.2^3.S4,31104,true,0,true,2026-08-10T06:58:19.62Z,1.12.6,1.9.0-DEV,428070c0f9ad,4.16.0,1.3.11,ctbllib-fs2-q1-findall,2397,366,2026-08-10T06:59:55.711Z
2.4^3.L3(2),21504,false,0,true,2026-08-10T06:58:19.62Z,1.12.6,1.9.0-DEV,428070c0f9ad,4.16.0,1.3.11,ctbllib-fs2-q1-findall,2397,367,2026-08-10T06:59:55.762Z
2.A10,3628800,false,0,true,2026-08-10T06:58:19.62Z,1.12.6,1.9.0-DEV,428070c0f9ad,4.16.0,1.3.11,ctbllib-fs2-q1-findall,2397,368,2026-08-10T06:59:55.8Z
2.A10.2,7257600,false,0,true,2026-08-10T06:58:19.62Z,1.12.6,1.9.0-DEV,428070c0f9ad,4.16.0,1.3.11,ctbllib-fs2-q1-findall,2397,369,2026-08-10T06:59:55.813Z
2.A11,39916800,false,0,true,2026-08-10T06:58:19.62Z,1.12.6,1.9.0-DEV,428070c0f9ad,4.16.0,1.3.11,ctbllib-fs2-q1-findall,2397,370,2026-08-10T06:59:55.826Z
2.A11.2,79833600,false,0,true,2026-08-10T06:58:19.62Z,1.12.6,1.9.0-DEV,428070c0f9ad,4.16.0,1.3.11,ctbllib-fs2-q1-findall,2397,371,2026-08-10T06:59:55.843Z
2.A12,479001600,false,0,true,2026-08-10T06:58:19.62Z,1.12.6,1.9.0-DEV,428070c0f9ad,4.16.0,1.3.11,ctbllib-fs2-q1-findall,2397,372,2026-08-10T06:59:55.864Z
2.A12.2,958003200,false,0,true,2026-08-10T06:58:19.62Z,1.12.6,1.9.0-DEV,428070c0f9ad,4.16.0,1.3.11,ctbllib-fs2-q1-findall,2397,373,2026-08-10T06:59:55.891Z
2.A13,6227020800,false,0,true,2026-08-10T06:58:19.62Z,1.12.6,1.9.0-DEV,428070c0f9ad,4.16.0,1.3.11,ctbllib-fs2-q1-findall,2397,374,2026-08-10T06:59:55.921Z
2.A13.2,12454041600,false,0,true,2026-08-10T06:58:19.62Z,1.12.6,1.9.0-DEV,428070c0f9ad,4.16.0,1.3.11,ctbllib-fs2-q1-findall,2397,375,2026-08-10T06:59:55.969Z
2.A14.2,174356582400,false,0,true,2026-08-10T06:58:19.62Z,1.12.6,1.9.0-DEV,428070c0f9ad,4.16.0,1.3.11,ctbllib-fs2-q1-findall,2397,376,2026-08-10T06:59:56.072Z
2.A15.2,2615348736000,false,0,true,2026-08-10T06:58:19.62Z,1.12.6,1.9.0-DEV,428070c0f9ad,4.16.0,1.3.11,ctbllib-fs2-q1-findall,2397,377,2026-08-10T06:59:56.374Z
2.A16.2,41845579776000,false,0,true,2026-08-10T06:58:19.62Z,1.12.6,1.9.0-DEV,428070c0f9ad,4.16.0,1.3.11,ctbllib-fs2-q1-findall,2397,378,2026-08-10T06:59:56.645Z
2.A17.2,711374856192000,false,0,true,2026-08-10T06:58:19.62Z,1.12.6,1.9.0-DEV,428070c0f9ad,4.16.0,1.3.11,ctbllib-fs2-q1-findall,2397,379,2026-08-10T06:59:57.099Z
2.A18.2,12804747411456000,false,0,true,2026-08-10T06:58:19.62Z,1.12.6,1.9.0-DEV,428070c0f9ad,4.16.0,1.3.11,ctbllib-fs2-q1-findall,2397,380,2026-08-10T06:59:58.111Z
2.A4x3,72,true,0,true,2026-08-10T06:58:19.62Z,1.12.6,1.9.0-DEV,428070c0f9ad,4.16.0,1.3.11,ctbllib-fs2-q1-findall,2397,381,2026-08-10T06:59:58.136Z
2.A4xS3,144,true,0,true,2026-08-10T06:58:19.62Z,1.12.6,1.9.0-DEV,428070c0f9ad,4.16.0,1.3.11,ctbllib-fs2-q1-findall,2397,382,2026-08-10T06:59:58.158Z
2.A5,120,false,0,true,2026-08-10T06:58:19.62Z,1.12.6,1.9.0-DEV,428070c0f9ad,4.16.0,1.3.11,ctbllib-fs2-q1-findall,2397,383,2026-08-10T06:59:58.191Z
2.A5.2,240,false,0,true,2026-08-10T06:58:19.62Z,1.12.6,1.9.0-DEV,428070c0f9ad,4.16.0,1.3.11,ctbllib-fs2-q1-findall,2397,384,2026-08-10T06:59:58.193Z
2.A5.2xS3,1440,false,0,true,2026-08-10T06:58:19.62Z,1.12.6,1.9.0-DEV,428070c0f9ad,4.16.0,1.3.11,ctbllib-fs2-q1-findall,2397,385,2026-08-10T06:59:58.491Z
2.A5xA5,7200,false,0,true,2026-08-10T06:58:19.62Z,1.12.6,1.9.0-DEV,428070c0f9ad,4.16.0,1.3.11,ctbllib-fs2-q1-findall,2397,386,2026-08-10T06:59:58.618Z
2.A6,720,false,0,true,2026-08-10T06:58:19.62Z,1.12.6,1.9.0-DEV,428070c0f9ad,4.16.0,1.3.11,ctbllib-fs2-q1-findall,2397,387,2026-08-10T06:59:58.621Z
2.A6.2_1,1440,false,0,true,2026-08-10T06:58:19.62Z,1.12.6,1.9.0-DEV,428070c0f9ad,4.16.0,1.3.11,ctbllib-fs2-q1-findall,2397,388,2026-08-10T06:59:58.624Z
2.A6.2_2,1440,false,0,true,2026-08-10T06:58:19.62Z,1.12.6,1.9.0-DEV,428070c0f9ad,4.16.0,1.3.11,ctbllib-fs2-q1-findall,2397,389,2026-08-10T06:59:58.627Z
2.A6x3,2160,false,0,true,2026-08-10T06:58:19.62Z,1.12.6,1.9.0-DEV,428070c0f9ad,4.16.0,1.3.11,ctbllib-fs2-q1-findall,2397,390,2026-08-10T06:59:58.683Z
2.A7,5040,false,0,true,2026-08-10T06:58:19.62Z,1.12.6,1.9.0-DEV,428070c0f9ad,4.16.0,1.3.11,ctbllib-fs2-q1-findall,2397,391,2026-08-10T06:59:58.718Z
2.A7.2,10080,false,0,true,2026-08-10T06:58:19.62Z,1.12.6,1.9.0-DEV,428070c0f9ad,4.16.0,1.3.11,ctbllib-fs2-q1-findall,2397,392,2026-08-10T06:59:58.721Z
2.A7x3,15120,false,0,true,2026-08-10T06:58:19.62Z,1.12.6,1.9.0-DEV,428070c0f9ad,4.16.0,1.3.11,ctbllib-fs2-q1-findall,2397,393,2026-08-10T06:59:59.968Z
2.A8,40320,false,0,true,2026-08-10T06:58:19.62Z,1.12.6,1.9.0-DEV,428070c0f9ad,4.16.0,1.3.11,ctbllib-fs2-q1-findall,2397,394,2026-08-10T07:00:00.005Z
2.A8.2,80640,false,0,true,2026-08-10T06:58:19.62Z,1.12.6,1.9.0-DEV,428070c0f9ad,4.16.0,1.3.11,ctbllib-fs2-q1-findall,2397,395,2026-08-10T07:00:00.01Z
2.A8N3,144,true,0,true,2026-08-10T06:58:19.62Z,1.12.6,1.9.0-DEV,428070c0f9ad,4.16.0,1.3.11,ctbllib-fs2-q1-findall,2397,396,2026-08-10T07:00:00.271Z
2.A9,362880,false,0,true,2026-08-10T06:58:19.62Z,1.12.6,1.9.0-DEV,428070c0f9ad,4.16.0,1.3.11,ctbllib-fs2-q1-findall,2397,397,2026-08-10T07:00:00.308Z
2.A9.2,725760,false,0,true,2026-08-10T06:58:19.62Z,1.12.6,1.9.0-DEV,428070c0f9ad,4.16.0,1.3.11,ctbllib-fs2-q1-findall,2397,398,2026-08-10T07:00:00.315Z
2.A9x3,1088640,false,0,true,2026-08-10T06:58:19.62Z,1.12.6,1.9.0-DEV,428070c0f9ad,4.16.0,1.3.11,ctbllib-fs2-q1-findall,2397,399,2026-08-10T07:00:00.398Z
2.A9xS3,2177280,false,0,true,2026-08-10T06:58:19.62Z,1.12.6,1.9.0-DEV,428070c0f9ad,4.16.0,1.3.11,ctbllib-fs2-q1-findall,2397,400,2026-08-10T07:00:00.496Z
2.Alt(14),87178291200,false,0,true,2026-08-10T06:58:19.62Z,1.12.6,1.9.0-DEV,428070c0f9ad,4.16.0,1.3.11,ctbllib-fs2-q1-findall,2397,401,2026-08-10T07:00:00.562Z
2.Alt(15),1307674368000,false,0,true,2026-08-10T06:58:19.62Z,1.12.6,1.9.0-DEV,428070c0f9ad,4.16.0,1.3.11,ctbllib-fs2-q1-findall,2397,402,2026-08-10T07:00:00.677Z
2.Alt(16),20922789888000,false,0,true,2026-08-10T06:58:19.62Z,1.12.6,1.9.0-DEV,428070c0f9ad,4.16.0,1.3.11,ctbllib-fs2-q1-findall,2397,403,2026-08-10T07:00:00.878Z
2.Alt(17),355687428096000,false,0,true,2026-08-10T06:58:19.62Z,1.12.6,1.9.0-DEV,428070c0f9ad,4.16.0,1.3.11,ctbllib-fs2-q1-findall,2397,404,2026-08-10T07:00:01.138Z
2.Alt(18),6402373705728000,false,0,true,2026-08-10T06:58:19.62Z,1.12.6,1.9.0-DEV,428070c0f9ad,4.16.0,1.3.11,ctbllib-fs2-q1-findall,2397,405,2026-08-10T07:00:01.534Z
2.Alt(19),121645100408832000,false,0,true,2026-08-10T06:58:19.62Z,1.12.6,1.9.0-DEV,428070c0f9ad,4.16.0,1.3.11,ctbllib-fs2-q1-findall,2397,406,2026-08-10T07:00:02.52Z
2.B,8309562962452852382355161088000000,false,0,true,2026-08-10T06:58:19.62Z,1.12.6,1.9.0-DEV,428070c0f9ad,4.16.0,1.3.11,ctbllib-fs2-q1-findall,2397,407,2026-08-10T07:00:02.787Z
2.BN7,56448,true,0,true,2026-08-10T06:58:19.62Z,1.12.6,1.9.0-DEV,428070c0f9ad,4.16.0,1.3.11,ctbllib-fs2-q1-findall,2397,408,2026-08-10T07:00:03.095Z
2.Co1,8315553613086720000,false,0,true,2026-08-10T06:58:19.62Z,1.12.6,1.9.0-DEV,428070c0f9ad,4.16.0,1.3.11,ctbllib-fs2-q1-findall,2397,409,2026-08-10T07:00:03.2Z
2.D10xA5,1200,false,0,true,2026-08-10T06:58:19.62Z,1.12.6,1.9.0-DEV,428070c0f9ad,4.16.0,1.3.11,ctbllib-fs2-q1-findall,2397,410,2026-08-10T07:00:03.531Z
2.D12,24,true,0,true,2026-08-10T06:58:19.62Z,1.12.6,1.9.0-DEV,428070c0f9ad,4.16.0,1.3.11,ctbllib-fs2-q1-findall,2397,411,2026-08-10T07:00:03.538Z
2.D14,28,true,0,true,2026-08-10T06:58:19.62Z,1.12.6,1.9.0-DEV,428070c0f9ad,4.16.0,1.3.11,ctbllib-fs2-q1-findall,2397,412,2026-08-10T07:00:03.541Z
2.D16,32,true,0,true,2026-08-10T06:58:19.62Z,1.12.6,1.9.0-DEV,428070c0f9ad,4.16.0,1.3.11,ctbllib-fs2-q1-findall,2397,413,2026-08-10T07:00:03.542Z
2.D18,36,true,0,true,2026-08-10T06:58:19.62Z,1.12.6,1.9.0-DEV,428070c0f9ad,4.16.0,1.3.11,ctbllib-fs2-q1-findall,2397,414,2026-08-10T07:00:03.545Z
2.D20,40,true,0,true,2026-08-10T06:58:19.62Z,1.12.6,1.9.0-DEV,428070c0f9ad,4.16.0,1.3.11,ctbllib-fs2-q1-findall,2397,415,2026-08-10T07:00:03.548Z
2.D22,44,true,0,true,2026-08-10T06:58:19.62Z,1.12.6,1.9.0-DEV,428070c0f9ad,4.16.0,1.3.11,ctbllib-fs2-q1-findall,2397,416,2026-08-10T07:00:03.552Z
2.D24,48,true,0,true,2026-08-10T06:58:19.62Z,1.12.6,1.9.0-DEV,428070c0f9ad,4.16.0,1.3.11,ctbllib-fs2-q1-findall,2397,417,2026-08-10T07:00:03.554Z
2.D26,52,true,0,true,2026-08-10T06:58:19.62Z,1.12.6,1.9.0-DEV,428070c0f9ad,4.16.0,1.3.11,ctbllib-fs2-q1-findall,2397,418,2026-08-10T07:00:03.559Z
2.D28,56,true,0,true,2026-08-10T06:58:19.62Z,1.12.6,1.9.0-DEV,428070c0f9ad,4.16.0,1.3.11,ctbllib-fs2-q1-findall,2397,419,2026-08-10T07:00:03.562Z
2.D30,60,true,0,true,2026-08-10T06:58:19.62Z,1.12.6,1.9.0-DEV,428070c0f9ad,4.16.0,1.3.11,ctbllib-fs2-q1-findall,2397,420,2026-08-10T07:00:03.568Z
2.D32,64,true,0,true,2026-08-10T06:58:19.62Z,1.12.6,1.9.0-DEV,428070c0f9ad,4.16.0,1.3.11,ctbllib-fs2-q1-findall,2397,421,2026-08-10T07:00:03.569Z
2.D8,16,true,0,true,2026-08-10T06:58:19.62Z,1.12.6,1.9.0-DEV,428070c0f9ad,4.16.0,1.3.11,ctbllib-fs2-q1-findall,2397,422,2026-08-10T07:00:03.573Z
2.D8.S5,1920,false,0,true,2026-08-10T06:58:19.62Z,1.12.6,1.9.0-DEV,428070c0f9ad,4.16.0,1.3.11,ctbllib-fs2-q1-findall,2397,423,2026-08-10T07:00:04.067Z
2.F4(2),6622253206732800,false,0,true,2026-08-10T06:58:19.62Z,1.12.6,1.9.0-DEV,428070c0f9ad,4.16.0,1.3.11,ctbllib-fs2-q1-findall,2397,424,2026-08-10T07:00:04.158Z
2.F4(2).2,13244506413465600,false,0,true,2026-08-10T06:58:19.62Z,1.12.6,1.9.0-DEV,428070c0f9ad,4.16.0,1.3.11,ctbllib-fs2-q1-findall,2397,425,2026-08-10T07:00:04.212Z
2.F4(2)M1,95126814720,false,0,true,2026-08-10T06:58:19.62Z,1.12.6,1.9.0-DEV,428070c0f9ad,4.16.0,1.3.11,ctbllib-fs2-q1-findall,2397,426,2026-08-10T07:00:04.558Z
2.F4(2)M5,2113929216,false,0,true,2026-08-10T06:58:19.62Z,1.12.6,1.9.0-DEV,428070c0f9ad,4.16.0,1.3.11,ctbllib-fs2-q1-findall,2397,427,2026-08-10T07:00:05.994Z
2.Fi22,129123503308800,false,0,true,2026-08-10T06:58:19.62Z,1.12.6,1.9.0-DEV,428070c0f9ad,4.16.0,1.3.11,ctbllib-fs2-q1-findall,2397,428,2026-08-10T07:00:06.051Z
2.Fi22.2,258247006617600,false,0,true,2026-08-10T06:58:19.62Z,1.12.6,1.9.0-DEV,428070c0f9ad,4.16.0,1.3.11,ctbllib-fs2-q1-findall,2397,429,2026-08-10T07:00:06.114Z
2.Fi22M5,908328960,false,0,true,2026-08-10T06:58:19.62Z,1.12.6,1.9.0-DEV,428070c0f9ad,4.16.0,1.3.11,ctbllib-fs2-q1-findall,2397,430,2026-08-10T07:00:06.149Z
2.Fi22N2,262144,true,0,true,2026-08-10T06:58:19.62Z,1.12.6,1.9.0-DEV,428070c0f9ad,4.16.0,1.3.11,ctbllib-fs2-q1-findall,2397,431,2026-08-10T07:00:06.614Z
2.G2(4),503193600,false,0,true,2026-08-10T06:58:19.62Z,1.12.6,1.9.0-DEV,428070c0f9ad,4.16.0,1.3.11,ctbllib-fs2-q1-findall,2397,432,2026-08-10T07:00:06.654Z
2.G2(4).2,1006387200,false,0,true,2026-08-10T06:58:19.62Z,1.12.6,1.9.0-DEV,428070c0f9ad,4.16.0,1.3.11,ctbllib-fs2-q1-findall,2397,433,2026-08-10T07:00:06.667Z
2.G2(4)N2,73728,true,0,true,2026-08-10T06:58:19.62Z,1.12.6,1.9.0-DEV,428070c0f9ad,4.16.0,1.3.11,ctbllib-fs2-q1-findall,2397,434,2026-08-10T07:00:06.959Z
2.HS,88704000,false,0,true,2026-08-10T06:58:19.62Z,1.12.6,1.9.0-DEV,428070c0f9ad,4.16.0,1.3.11,ctbllib-fs2-q1-findall,2397,435,2026-08-10T07:00:06.984Z
2.HS.2,177408000,false,0,true,2026-08-10T06:58:19.62Z,1.12.6,1.9.0-DEV,428070c0f9ad,4.16.0,1.3.11,ctbllib-fs2-q1-findall,2397,436,2026-08-10T07:00:06.999Z
2.HS.2N2,2048,true,0,true,2026-08-10T06:58:19.62Z,1.12.6,1.9.0-DEV,428070c0f9ad,4.16.0,1.3.11,ctbllib-fs2-q1-findall,2397,437,2026-08-10T07:00:08.541Z
2.HS.2N3,1152,true,0,true,2026-08-10T06:58:19.62Z,1.12.6,1.9.0-DEV,428070c0f9ad,4.16.0,1.3.11,ctbllib-fs2-q1-findall,2397,438,2026-08-10T07:00:08.547Z
2.HS.2N5,8000,true,0,true,2026-08-10T06:58:19.62Z,1.12.6,1.9.0-DEV,428070c0f9ad,4.16.0,1.3.11,ctbllib-fs2-q1-findall,2397,439,2026-08-10T07:00:08.589Z
2.HSM10,15360,false,0,true,2026-08-10T06:58:19.62Z,1.12.6,1.9.0-DEV,428070c0f9ad,4.16.0,1.3.11,ctbllib-fs2-q1-findall,2397,440,2026-08-10T07:00:08.642Z
2.HSM11,5760,false,0,true,2026-08-10T06:58:19.62Z,1.12.6,1.9.0-DEV,428070c0f9ad,4.16.0,1.3.11,ctbllib-fs2-q1-findall,2397,441,2026-08-10T07:00:08.647Z
2.HSN2,1024,true,0,true,2026-08-10T06:58:19.62Z,1.12.6,1.9.0-DEV,428070c0f9ad,4.16.0,1.3.11,ctbllib-fs2-q1-findall,2397,442,2026-08-10T07:00:08.912Z
2.HSN3,576,true,0,true,2026-08-10T06:58:19.62Z,1.12.6,1.9.0-DEV,428070c0f9ad,4.16.0,1.3.11,ctbllib-fs2-q1-findall,2397,443,2026-08-10T07:00:08.948Z
2.HSN3A,1440,false,0,true,2026-08-10T06:58:19.62Z,1.12.6,1.9.0-DEV,428070c0f9ad,4.16.0,1.3.11,ctbllib-fs2-q1-findall,2397,444,2026-08-10T07:00:09.258Z
2.J2,1209600,false,0,true,2026-08-10T06:58:19.62Z,1.12.6,1.9.0-DEV,428070c0f9ad,4.16.0,1.3.11,ctbllib-fs2-q1-findall,2397,445,2026-08-10T07:00:09.28Z
2.J2.2,2419200,false,0,true,2026-08-10T06:58:19.62Z,1.12.6,1.9.0-DEV,428070c0f9ad,4.16.0,1.3.11,ctbllib-fs2-q1-findall,2397,446,2026-08-10T07:00:09.286Z
2.J2.2N5,1200,true,0,true,2026-08-10T06:58:19.62Z,1.12.6,1.9.0-DEV,428070c0f9ad,4.16.0,1.3.11,ctbllib-fs2-q1-findall,2397,447,2026-08-10T07:00:09.56Z
2.J2M8,600,true,0,true,2026-08-10T06:58:19.62Z,1.12.6,1.9.0-DEV,428070c0f9ad,4.16.0,1.3.11,ctbllib-fs2-q1-findall,2397,448,2026-08-10T07:00:09.587Z
2.J2N2,768,true,0,true,2026-08-10T06:58:19.62Z,1.12.6,1.9.0-DEV,428070c0f9ad,4.16.0,1.3.11,ctbllib-fs2-q1-findall,2397,449,2026-08-10T07:00:09.864Z
2.J2N3,432,true,0,true,2026-08-10T06:58:19.62Z,1.12.6,1.9.0-DEV,428070c0f9ad,4.16.0,1.3.11,ctbllib-fs2-q1-findall,2397,450,2026-08-10T07:00:09.87Z
2.L2(11),1320,false,0,true,2026-08-10T06:58:19.62Z,1.12.6,1.9.0-DEV,428070c0f9ad,4.16.0,1.3.11,ctbllib-fs2-q1-findall,2397,451,2026-08-10T07:00:09.884Z
2.L2(11).2,2640,false,0,true,2026-08-10T06:58:19.62Z,1.12.6,1.9.0-DEV,428070c0f9ad,4.16.0,1.3.11,ctbllib-fs2-q1-findall,2397,452,2026-08-10T07:00:09.888Z
2.L2(13),2184,false,0,true,2026-08-10T06:58:19.62Z,1.12.6,1.9.0-DEV,428070c0f9ad,4.16.0,1.3.11,ctbllib-fs2-q1-findall,2397,453,2026-08-10T07:00:09.893Z
2.L2(13).2,4368,false,0,true,2026-08-10T06:58:19.62Z,1.12.6,1.9.0-DEV,428070c0f9ad,4.16.0,1.3.11,ctbllib-fs2-q1-findall,2397,454,2026-08-10T07:00:09.898Z
2.L2(17),4896,false,0,true,2026-08-10T06:58:19.62Z,1.12.6,1.9.0-DEV,428070c0f9ad,4.16.0,1.3.11,ctbllib-fs2-q1-findall,2397,455,2026-08-10T07:00:09.904Z
2.L2(17).2,9792,false,0,true,2026-08-10T06:58:19.62Z,1.12.6,1.9.0-DEV,428070c0f9ad,4.16.0,1.3.11,ctbllib-fs2-q1-findall,2397,456,2026-08-10T07:00:09.91Z
2.L2(19),6840,false,0,true,2026-08-10T06:58:19.62Z,1.12.6,1.9.0-DEV,428070c0f9ad,4.16.0,1.3.11,ctbllib-fs2-q1-findall,2397,457,2026-08-10T07:00:09.918Z
2.L2(19).2,13680,false,0,true,2026-08-10T06:58:19.62Z,1.12.6,1.9.0-DEV,428070c0f9ad,4.16.0,1.3.11,ctbllib-fs2-q1-findall,2397,458,2026-08-10T07:00:09.927Z
2.L2(23),12144,false,0,true,2026-08-10T06:58:19.62Z,1.12.6,1.9.0-DEV,428070c0f9ad,4.16.0,1.3.11,ctbllib-fs2-q1-findall,2397,459,2026-08-10T07:00:09.937Z
2.L2(23).2,24288,false,0,true,2026-08-10T06:58:19.62Z,1.12.6,1.9.0-DEV,428070c0f9ad,4.16.0,1.3.11,ctbllib-fs2-q1-findall,2397,460,2026-08-10T07:00:09.948Z
2.L2(25),15600,false,0,true,2026-08-10T06:58:19.62Z,1.12.6,1.9.0-DEV,428070c0f9ad,4.16.0,1.3.11,ctbllib-fs2-q1-findall,2397,461,2026-08-10T07:00:09.957Z
2.L2(25).2_1,31200,false,0,true,2026-08-10T06:58:19.62Z,1.12.6,1.9.0-DEV,428070c0f9ad,4.16.0,1.3.11,ctbllib-fs2-q1-findall,2397,462,2026-08-10T07:00:09.972Z
2.L2(25).2_2,31200,false,0,true,2026-08-10T06:58:19.62Z,1.12.6,1.9.0-DEV,428070c0f9ad,4.16.0,1.3.11,ctbllib-fs2-q1-findall,2397,463,2026-08-10T07:00:09.978Z
2.L2(27),19656,false,0,true,2026-08-10T06:58:19.62Z,1.12.6,1.9.0-DEV,428070c0f9ad,4.16.0,1.3.11,ctbllib-fs2-q1-findall,2397,464,2026-08-10T07:00:09.99Z
2.L2(27).2,39312,false,0,true,2026-08-10T06:58:19.62Z,1.12.6,1.9.0-DEV,428070c0f9ad,4.16.0,1.3.11,ctbllib-fs2-q1-findall,2397,465,2026-08-10T07:00:10.008Z
2.L2(27).3,58968,false,0,true,2026-08-10T06:58:19.62Z,1.12.6,1.9.0-DEV,428070c0f9ad,4.16.0,1.3.11,ctbllib-fs2-q1-findall,2397,466,2026-08-10T07:00:10.016Z
2.L2(27).6,117936,false,0,true,2026-08-10T06:58:19.62Z,1.12.6,1.9.0-DEV,428070c0f9ad,4.16.0,1.3.11,ctbllib-fs2-q1-findall,2397,467,2026-08-10T07:00:10.025Z
2.L2(29),24360,false,0,true,2026-08-10T06:58:19.62Z,1.12.6,1.9.0-DEV,428070c0f9ad,4.16.0,1.3.11,ctbllib-fs2-q1-findall,2397,468,2026-08-10T07:00:10.04Z
2.L2(29).2,48720,false,0,true,2026-08-10T06:58:19.62Z,1.12.6,1.9.0-DEV,428070c0f9ad,4.16.0,1.3.11,ctbllib-fs2-q1-findall,2397,469,2026-08-10T07:00:10.058Z
2.L2(3),24,true,0,true,2026-08-10T06:58:19.62Z,1.12.6,1.9.0-DEV,428070c0f9ad,4.16.0,1.3.11,ctbllib-fs2-q1-findall,2397,470,2026-08-10T07:00:10.067Z
2.L2(31),29760,false,0,true,2026-08-10T06:58:19.62Z,1.12.6,1.9.0-DEV,428070c0f9ad,4.16.0,1.3.11,ctbllib-fs2-q1-findall,2397,471,2026-08-10T07:00:10.319Z
2.L2(31).2,59520,false,0,true,2026-08-10T06:58:19.62Z,1.12.6,1.9.0-DEV,428070c0f9ad,4.16.0,1.3.11,ctbllib-fs2-q1-findall,2397,472,2026-08-10T07:00:10.334Z
2.L2(49),117600,false,0,true,2026-08-10T06:58:19.62Z,1.12.6,1.9.0-DEV,428070c0f9ad,4.16.0,1.3.11,ctbllib-fs2-q1-findall,2397,473,2026-08-10T07:00:10.375Z
2.L2(49).2_1,235200,false,0,true,2026-08-10T06:58:19.62Z,1.12.6,1.9.0-DEV,428070c0f9ad,4.16.0,1.3.11,ctbllib-fs2-q1-findall,2397,474,2026-08-10T07:00:10.431Z
2.L2(49).2_2,235200,false,0,true,2026-08-10T06:58:19.62Z,1.12.6,1.9.0-DEV,428070c0f9ad,4.16.0,1.3.11,ctbllib-fs2-q1-findall,2397,475,2026-08-10T07:00:10.445Z
2.L2(81),531360,false,0,true,2026-08-10T06:58:19.62Z,1.12.6,1.9.0-DEV,428070c0f9ad,4.16.0,1.3.11,ctbllib-fs2-q1-findall,2397,476,2026-08-10T07:00:10.587Z
2.L2(81).2_1,1062720,false,0,true,2026-08-10T06:58:19.62Z,1.12.6,1.9.0-DEV,428070c0f9ad,4.16.0,1.3.11,ctbllib-fs2-q1-findall,2397,477,2026-08-10T07:00:10.634Z
2.L2(81).2_2,1062720,false,0,true,2026-08-10T06:58:19.62Z,1.12.6,1.9.0-DEV,428070c0f9ad,4.16.0,1.3.11,ctbllib-fs2-q1-findall,2397,478,2026-08-10T07:00:10.901Z
2.L2(81).4_1,2125440,false,0,true,2026-08-10T06:58:19.62Z,1.12.6,1.9.0-DEV,428070c0f9ad,4.16.0,1.3.11,ctbllib-fs2-q1-findall,2397,479,2026-08-10T07:00:10.924Z
2.L3(2),336,false,0,true,2026-08-10T06:58:19.62Z,1.12.6,1.9.0-DEV,428070c0f9ad,4.16.0,1.3.11,ctbllib-fs2-q1-findall,2397,480,2026-08-10T07:00:10.934Z
2.L3(2).2,672,false,0,true,2026-08-10T06:58:19.62Z,1.12.6,1.9.0-DEV,428070c0f9ad,4.16.0,1.3.11,ctbllib-fs2-q1-findall,2397,481,2026-08-10T07:00:10.936Z
2.L3(4),40320,false,0,true,2026-08-10T06:58:19.62Z,1.12.6,1.9.0-DEV,428070c0f9ad,4.16.0,1.3.11,ctbllib-fs2-q1-findall,2397,482,2026-08-10T07:00:10.956Z
2.L3(4).(2^2)_{1*2*3*},161280,false,0,true,2026-08-10T06:58:19.62Z,1.12.6,1.9.0-DEV,428070c0f9ad,4.16.0,1.3.11,ctbllib-fs2-q1-findall,2397,483,2026-08-10T07:00:10.962Z
2.L3(4).(2^2)_{1*2*3},161280,false,0,true,2026-08-10T06:58:19.62Z,1.12.6,1.9.0-DEV,428070c0f9ad,4.16.0,1.3.11,ctbllib-fs2-q1-findall,2397,484,2026-08-10T07:00:10.968Z
2.L3(4).(2^2)_{1*23*},161280,false,0,true,2026-08-10T06:58:19.62Z,1.12.6,1.9.0-DEV,428070c0f9ad,4.16.0,1.3.11,ctbllib-fs2-q1-findall,2397,485,2026-08-10T07:00:10.973Z
2.L3(4).(2^2)_{1*23},161280,false,0,true,2026-08-10T06:58:19.62Z,1.12.6,1.9.0-DEV,428070c0f9ad,4.16.0,1.3.11,ctbllib-fs2-q1-findall,2397,486,2026-08-10T07:00:10.98Z
2.L3(4).(2^2)_{12*3*},161280,false,0,true,2026-08-10T06:58:19.62Z,1.12.6,1.9.0-DEV,428070c0f9ad,4.16.0,1.3.11,ctbllib-fs2-q1-findall,2397,487,2026-08-10T07:00:10.985Z
2.L3(4).(2^2)_{12*3},161280,false,0,true,2026-08-10T06:58:19.62Z,1.12.6,1.9.0-DEV,428070c0f9ad,4.16.0,1.3.11,ctbllib-fs2-q1-findall,2397,488,2026-08-10T07:00:10.991Z
2.L3(4).(2^2)_{123*},161280,false,0,true,2026-08-10T06:58:19.62Z,1.12.6,1.9.0-DEV,428070c0f9ad,4.16.0,1.3.11,ctbllib-fs2-q1-findall,2397,489,2026-08-10T07:00:10.995Z
2.L3(4).(2^2)_{123},161280,false,0,true,2026-08-10T06:58:19.62Z,1.12.6,1.9.0-DEV,428070c0f9ad,4.16.0,1.3.11,ctbllib-fs2-q1-findall,2397,490,2026-08-10T07:00:11.0Z
2.L3(4).2_1,80640,false,0,true,2026-08-10T06:58:19.62Z,1.12.6,1.9.0-DEV,428070c0f9ad,4.16.0,1.3.11,ctbllib-fs2-q1-findall,2397,491,2026-08-10T07:00:11.003Z
2.L3(4).2_2,80640,false,0,true,2026-08-10T06:58:19.62Z,1.12.6,1.9.0-DEV,428070c0f9ad,4.16.0,1.3.11,ctbllib-fs2-q1-findall,2397,492,2026-08-10T07:00:11.01Z
2.L3(4).2_3,80640,false,0,true,2026-08-10T06:58:19.62Z,1.12.6,1.9.0-DEV,428070c0f9ad,4.16.0,1.3.11,ctbllib-fs2-q1-findall,2397,493,2026-08-10T07:00:11.015Z
2.L4(3),12130560,false,0,true,2026-08-10T06:58:19.62Z,1.12.6,1.9.0-DEV,428070c0f9ad,4.16.0,1.3.11,ctbllib-fs2-q1-findall,2397,494,2026-08-10T07:00:11.04Z
2.L4(3).2_1,24261120,false,0,true,2026-08-10T06:58:19.62Z,1.12.6,1.9.0-DEV,428070c0f9ad,4.16.0,1.3.11,ctbllib-fs2-q1-findall,2397,495,2026-08-10T07:00:11.068Z
2.L4(3).2_2,24261120,false,0,true,2026-08-10T06:58:19.62Z,1.12.6,1.9.0-DEV,428070c0f9ad,4.16.0,1.3.11,ctbllib-fs2-q1-findall,2397,496,2026-08-10T07:00:11.085Z
2.L4(3).2_3,24261120,false,0,true,2026-08-10T06:58:19.62Z,1.12.6,1.9.0-DEV,428070c0f9ad,4.16.0,1.3.11,ctbllib-fs2-q1-findall,2397,497,2026-08-10T07:00:11.096Z
2.L4(5),14508000000,false,0,true,2026-08-10T06:58:19.62Z,1.12.6,1.9.0-DEV,428070c0f9ad,4.16.0,1.3.11,ctbllib-fs2-q1-findall,2397,498,2026-08-10T07:00:11.214Z
2.M12,190080,false,0,true,2026-08-10T06:58:19.62Z,1.12.6,1.9.0-DEV,428070c0f9ad,4.16.0,1.3.11,ctbllib-fs2-q1-findall,2397,499,2026-08-10T07:00:11.224Z
2.M12.2,380160,false,0,true,2026-08-10T06:58:19.62Z,1.12.6,1.9.0-DEV,428070c0f9ad,4.16.0,1.3.11,ctbllib-fs2-q1-findall,2397,500,2026-08-10T07:00:11.335Z
2.M12M10,384,true,0,true,2026-08-10T06:58:19.62Z,1.12.6,1.9.0-DEV,428070c0f9ad,4.16.0,1.3.11,ctbllib-fs2-q1-findall,2397,501,2026-08-10T07:00:11.343Z
2.M12M8,480,false,0,true,2026-08-10T06:58:19.62Z,1.12.6,1.9.0-DEV,428070c0f9ad,4.16.0,1.3.11,ctbllib-fs2-q1-findall,2397,502,2026-08-10T07:00:11.399Z
2.M12M9,384,true,0,true,2026-08-10T06:58:19.62Z,1.12.6,1.9.0-DEV,428070c0f9ad,4.16.0,1.3.11,ctbllib-fs2-q1-findall,2397,503,2026-08-10T07:00:11.407Z
2.M12N2,128,true,0,true,2026-08-10T06:58:19.62Z,1.12.6,1.9.0-DEV,428070c0f9ad,4.16.0,1.3.11,ctbllib-fs2-q1-findall,2397,504,2026-08-10T07:00:11.669Z
2.M12N5,80,true,0,true,2026-08-10T06:58:19.62Z,1.12.6,1.9.0-DEV,428070c0f9ad,4.16.0,1.3.11,ctbllib-fs2-q1-findall,2397,505,2026-08-10T07:00:11.671Z
2.M22,887040,false,0,true,2026-08-10T06:58:19.62Z,1.12.6,1.9.0-DEV,428070c0f9ad,4.16.0,1.3.11,ctbllib-fs2-q1-findall,2397,506,2026-08-10T07:00:11.682Z
2.M22.2,1774080,false,0,true,2026-08-10T06:58:19.62Z,1.12.6,1.9.0-DEV,428070c0f9ad,4.16.0,1.3.11,ctbllib-fs2-q1-findall,2397,507,2026-08-10T07:00:11.691Z
2.M22M5,3840,false,0,true,2026-08-10T06:58:19.62Z,1.12.6,1.9.0-DEV,428070c0f9ad,4.16.0,1.3.11,ctbllib-fs2-q1-findall,2397,508,2026-08-10T07:00:11.699Z
2.M22N2,256,true,0,true,2026-08-10T06:58:19.62Z,1.12.6,1.9.0-DEV,428070c0f9ad,4.16.0,1.3.11,ctbllib-fs2-q1-findall,2397,509,2026-08-10T07:00:11.961Z
2.O10-(3),1300169930519332454400,false,0,true,2026-08-10T06:58:19.62Z,1.12.6,1.9.0-DEV,428070c0f9ad,4.16.0,1.3.11,ctbllib-fs2-q1-findall,2397,510,2026-08-10T07:00:13.187Z
2.O7(3),9170703360,false,0,true,2026-08-10T06:58:19.62Z,1.12.6,1.9.0-DEV,428070c0f9ad,4.16.0,1.3.11,ctbllib-fs2-q1-findall,2397,511,2026-08-10T07:00:13.218Z
2.O7(3).2,18341406720,false,0,true,2026-08-10T06:58:19.62Z,1.12.6,1.9.0-DEV,428070c0f9ad,4.16.0,1.3.11,ctbllib-fs2-q1-findall,2397,512,2026-08-10T07:00:13.266Z
2.O7(3)M9,2519424,true,0,true,2026-08-10T06:58:19.62Z,1.12.6,1.9.0-DEV,428070c0f9ad,4.16.0,1.3.11,ctbllib-fs2-q1-findall,2397,513,2026-08-10T07:00:13.385Z
2.O8+(2),348364800,false,0,true,2026-08-10T06:58:19.62Z,1.12.6,1.9.0-DEV,428070c0f9ad,4.16.0,1.3.11,ctbllib-fs2-q1-findall,2397,514,2026-08-10T07:00:13.442Z
2.O8+(2).2,696729600,false,0,true,2026-08-10T06:58:19.62Z,1.12.6,1.9.0-DEV,428070c0f9ad,4.16.0,1.3.11,ctbllib-fs2-q1-findall,2397,515,2026-08-10T07:00:13.475Z
2.O8+(3),9904359628800,false,0,true,2026-08-10T06:58:19.62Z,1.12.6,1.9.0-DEV,428070c0f9ad,4.16.0,1.3.11,ctbllib-fs2-q1-findall,2397,516,2026-08-10T07:00:13.572Z
2.O8+(7),225109982355597803520000,false,0,true,2026-08-10T06:58:19.62Z,1.12.6,1.9.0-DEV,428070c0f9ad,4.16.0,1.3.11,ctbllib-fs2-q1-findall,2397,517,2026-08-10T07:00:40.196Z
2.O8-(3),20303937239040,false,0,true,2026-08-10T06:58:19.62Z,1.12.6,1.9.0-DEV,428070c0f9ad,4.16.0,1.3.11,ctbllib-fs2-q1-findall,2397,518,2026-08-10T07:00:40.419Z
2.O9(3),131569513308979200,false,0,true,2026-08-10T06:58:19.62Z,1.12.6,1.9.0-DEV,428070c0f9ad,4.16.0,1.3.11,ctbllib-fs2-q1-findall,2397,519,2026-08-10T07:00:40.793Z
2.Ru,291852288000,false,0,true,2026-08-10T06:58:19.62Z,1.12.6,1.9.0-DEV,428070c0f9ad,4.16.0,1.3.11,ctbllib-fs2-q1-findall,2397,520,2026-08-10T07:00:40.828Z
2.RuM1,71884800,false,0,true,2026-08-10T06:58:19.62Z,1.12.6,1.9.0-DEV,428070c0f9ad,4.16.0,1.3.11,ctbllib-fs2-q1-findall,2397,521,2026-08-10T07:00:41.199Z
2.RuN2,32768,true,0,true,2026-08-10T06:58:19.62Z,1.12.6,1.9.0-DEV,428070c0f9ad,4.16.0,1.3.11,ctbllib-fs2-q1-findall,2397,522,2026-08-10T07:00:41.488Z
2.S3,12,true,0,true,2026-08-10T06:58:19.62Z,1.12.6,1.9.0-DEV,428070c0f9ad,4.16.0,1.3.11,ctbllib-fs2-q1-findall,2397,523,2026-08-10T07:00:41.493Z
2.S4,48,true,0,true,2026-08-10T06:58:19.62Z,1.12.6,1.9.0-DEV,428070c0f9ad,4.16.0,1.3.11,ctbllib-fs2-q1-findall,2397,524,2026-08-10T07:00:41.5Z
2.S4(5),9360000,false,0,true,2026-08-10T06:58:19.62Z,1.12.6,1.9.0-DEV,428070c0f9ad,4.16.0,1.3.11,ctbllib-fs2-q1-findall,2397,525,2026-08-10T07:00:41.547Z
2.S4(5).2,18720000,false,0,true,2026-08-10T06:58:19.62Z,1.12.6,1.9.0-DEV,428070c0f9ad,4.16.0,1.3.11,ctbllib-fs2-q1-findall,2397,526,2026-08-10T07:00:41.573Z
2.S4x2.S4,2304,true,0,true,2026-08-10T06:58:19.62Z,1.12.6,1.9.0-DEV,428070c0f9ad,4.16.0,1.3.11,ctbllib-fs2-q1-findall,2397,527,2026-08-10T07:00:41.85Z
2.S6(2),2903040,false,0,true,2026-08-10T06:58:19.62Z,1.12.6,1.9.0-DEV,428070c0f9ad,4.16.0,1.3.11,ctbllib-fs2-q1-findall,2397,528,2026-08-10T07:00:41.877Z
2.S6(3),9170703360,false,0,true,2026-08-10T06:58:19.62Z,1.12.6,1.9.0-DEV,428070c0f9ad,4.16.0,1.3.11,ctbllib-fs2-q1-findall,2397,529,2026-08-10T07:00:41.96Z
2.S6(3).2,18341406720,false,0,true,2026-08-10T06:58:19.62Z,1.12.6,1.9.0-DEV,428070c0f9ad,4.16.0,1.3.11,ctbllib-fs2-q1-findall,2397,530,2026-08-10T07:00:42.013Z
2.Suz,896690995200,false,0,true,2026-08-10T06:58:19.62Z,1.12.6,1.9.0-DEV,428070c0f9ad,4.16.0,1.3.11,ctbllib-fs2-q1-findall,2397,531,2026-08-10T07:00:42.057Z
2.Suz.2,1793381990400,false,0,true,2026-08-10T06:58:19.62Z,1.12.6,1.9.0-DEV,428070c0f9ad,4.16.0,1.3.11,ctbllib-fs2-q1-findall,2397,532,2026-08-10T07:00:42.085Z
2.SuzM11,279936,true,0,true,2026-08-10T06:58:19.62Z,1.12.6,1.9.0-DEV,428070c0f9ad,4.16.0,1.3.11,ctbllib-fs2-q1-findall,2397,533,2026-08-10T07:00:43.361Z
2.SuzM4,6635520,false,0,true,2026-08-10T06:58:19.62Z,1.12.6,1.9.0-DEV,428070c0f9ad,4.16.0,1.3.11,ctbllib-fs2-q1-findall,2397,534,2026-08-10T07:00:43.398Z
2.SuzM7,2211840,false,0,true,2026-08-10T06:58:19.62Z,1.12.6,1.9.0-DEV,428070c0f9ad,4.16.0,1.3.11,ctbllib-fs2-q1-findall,2397,535,2026-08-10T07:00:43.43Z
2.SuzM9,737280,false,0,true,2026-08-10T06:58:19.62Z,1.12.6,1.9.0-DEV,428070c0f9ad,4.16.0,1.3.11,ctbllib-fs2-q1-findall,2397,536,2026-08-10T07:00:43.459Z
2.SuzN2,49152,true,0,true,2026-08-10T06:58:19.62Z,1.12.6,1.9.0-DEV,428070c0f9ad,4.16.0,1.3.11,ctbllib-fs2-q1-findall,2397,537,2026-08-10T07:00:43.774Z
2.Sym(15),2615348736000,false,0,true,2026-08-10T06:58:19.62Z,1.12.6,1.9.0-DEV,428070c0f9ad,4.16.0,1.3.11,ctbllib-fs2-q1-findall,2397,538,2026-08-10T07:00:43.919Z
2.Sym(16),41845579776000,false,0,true,2026-08-10T06:58:19.62Z,1.12.6,1.9.0-DEV,428070c0f9ad,4.16.0,1.3.11,ctbllib-fs2-q1-findall,2397,539,2026-08-10T07:00:44.157Z
2.Sym(17),711374856192000,false,0,true,2026-08-10T06:58:19.62Z,1.12.6,1.9.0-DEV,428070c0f9ad,4.16.0,1.3.11,ctbllib-fs2-q1-findall,2397,540,2026-08-10T07:00:44.555Z
2.Sym(18),12804747411456000,false,0,true,2026-08-10T06:58:19.62Z,1.12.6,1.9.0-DEV,428070c0f9ad,4.16.0,1.3.11,ctbllib-fs2-q1-findall,2397,541,2026-08-10T07:00:45.213Z
2.Sym(19),243290200817664000,false,0,true,2026-08-10T06:58:19.62Z,1.12.6,1.9.0-DEV,428070c0f9ad,4.16.0,1.3.11,ctbllib-fs2-q1-findall,2397,542,2026-08-10T07:00:46.749Z
2.Symm(4),48,true,0,true,2026-08-10T06:58:19.62Z,1.12.6,1.9.0-DEV,428070c0f9ad,4.16.0,1.3.11,ctbllib-fs2-q1-findall,2397,543,2026-08-10T07:00:46.772Z
2.Sz(8),58240,false,0,true,2026-08-10T06:58:19.62Z,1.12.6,1.9.0-DEV,428070c0f9ad,4.16.0,1.3.11,ctbllib-fs2-q1-findall,2397,544,2026-08-10T07:00:46.791Z
2.U4(2),51840,false,0,true,2026-08-10T06:58:19.62Z,1.12.6,1.9.0-DEV,428070c0f9ad,4.16.0,1.3.11,ctbllib-fs2-q1-findall,2397,545,2026-08-10T07:00:46.808Z
2.U4(2).2,103680,false,0,true,2026-08-10T06:58:19.62Z,1.12.6,1.9.0-DEV,428070c0f9ad,4.16.0,1.3.11,ctbllib-fs2-q1-findall,2397,546,2026-08-10T07:00:46.813Z
2.U4(2)N2,384,true,0,true,2026-08-10T06:58:19.62Z,1.12.6,1.9.0-DEV,428070c0f9ad,4.16.0,1.3.11,ctbllib-fs2-q1-findall,2397,547,2026-08-10T07:00:47.084Z
2.U4(3),6531840,false,0,true,2026-08-10T06:58:19.62Z,1.12.6,1.9.0-DEV,428070c0f9ad,4.16.0,1.3.11,ctbllib-fs2-q1-findall,2397,548,2026-08-10T07:00:47.179Z
2.U4(3).(2^2)_{1*2*2*},26127360,false,0,true,2026-08-10T06:58:19.62Z,1.12.6,1.9.0-DEV,428070c0f9ad,4.16.0,1.3.11,ctbllib-fs2-q1-findall,2397,549,2026-08-10T07:00:47.207Z
2.U4(3).(2^2)_{1*2*2},26127360,false,0,true,2026-08-10T06:58:19.62Z,1.12.6,1.9.0-DEV,428070c0f9ad,4.16.0,1.3.11,ctbllib-fs2-q1-findall,2397,550,2026-08-10T07:00:47.232Z
2.U4(3).(2^2)_{1*22},26127360,false,0,true,2026-08-10T06:58:19.62Z,1.12.6,1.9.0-DEV,428070c0f9ad,4.16.0,1.3.11,ctbllib-fs2-q1-findall,2397,551,2026-08-10T07:00:47.258Z
2.U4(3).(2^2)_{1*3*3*},26127360,false,0,true,2026-08-10T06:58:19.62Z,1.12.6,1.9.0-DEV,428070c0f9ad,4.16.0,1.3.11,ctbllib-fs2-q1-findall,2397,552,2026-08-10T07:00:47.275Z
2.U4(3).(2^2)_{1*3*3},26127360,false,0,true,2026-08-10T06:58:19.62Z,1.12.6,1.9.0-DEV,428070c0f9ad,4.16.0,1.3.11,ctbllib-fs2-q1-findall,2397,553,2026-08-10T07:00:47.291Z
2.U4(3).(2^2)_{1*33},26127360,false,0,true,2026-08-10T06:58:19.62Z,1.12.6,1.9.0-DEV,428070c0f9ad,4.16.0,1.3.11,ctbllib-fs2-q1-findall,2397,554,2026-08-10T07:00:47.305Z
2.U4(3).(2^2)_{12*2*},26127360,false,0,true,2026-08-10T06:58:19.62Z,1.12.6,1.9.0-DEV,428070c0f9ad,4.16.0,1.3.11,ctbllib-fs2-q1-findall,2397,555,2026-08-10T07:00:47.326Z
2.U4(3).(2^2)_{12*2},26127360,false,0,true,2026-08-10T06:58:19.62Z,1.12.6,1.9.0-DEV,428070c0f9ad,4.16.0,1.3.11,ctbllib-fs2-q1-findall,2397,556,2026-08-10T07:00:47.357Z
2.U4(3).(2^2)_{122},26127360,false,0,true,2026-08-10T06:58:19.62Z,1.12.6,1.9.0-DEV,428070c0f9ad,4.16.0,1.3.11,ctbllib-fs2-q1-findall,2397,557,2026-08-10T07:00:47.379Z
2.U4(3).(2^2)_{13*3*},26127360,false,0,true,2026-08-10T06:58:19.62Z,1.12.6,1.9.0-DEV,428070c0f9ad,4.16.0,1.3.11,ctbllib-fs2-q1-findall,2397,558,2026-08-10T07:00:47.393Z
2.U4(3).(2^2)_{13*3},26127360,false,0,true,2026-08-10T06:58:19.62Z,1.12.6,1.9.0-DEV,428070c0f9ad,4.16.0,1.3.11,ctbllib-fs2-q1-findall,2397,559,2026-08-10T07:00:47.41Z
2.U4(3).(2^2)_{133},26127360,false,0,true,2026-08-10T06:58:19.62Z,1.12.6,1.9.0-DEV,428070c0f9ad,4.16.0,1.3.11,ctbllib-fs2-q1-findall,2397,560,2026-08-10T07:00:47.424Z
2.U4(3).2_1,13063680,false,0,true,2026-08-10T06:58:19.62Z,1.12.6,1.9.0-DEV,428070c0f9ad,4.16.0,1.3.11,ctbllib-fs2-q1-findall,2397,561,2026-08-10T07:00:47.439Z
2.U4(3).2_2,13063680,false,0,true,2026-08-10T06:58:19.62Z,1.12.6,1.9.0-DEV,428070c0f9ad,4.16.0,1.3.11,ctbllib-fs2-q1-findall,2397,562,2026-08-10T07:00:47.454Z
2.U4(3).2_3,13063680,false,0,true,2026-08-10T06:58:19.62Z,1.12.6,1.9.0-DEV,428070c0f9ad,4.16.0,1.3.11,ctbllib-fs2-q1-findall,2397,563,2026-08-10T07:00:47.832Z
2.U4(3).4,26127360,false,0,true,2026-08-10T06:58:19.62Z,1.12.6,1.9.0-DEV,428070c0f9ad,4.16.0,1.3.11,ctbllib-fs2-q1-findall,2397,564,2026-08-10T07:00:47.858Z
2.U4(3).D8,52254720,false,0,true,2026-08-10T06:58:19.62Z,1.12.6,1.9.0-DEV,428070c0f9ad,4.16.0,1.3.11,ctbllib-fs2-q1-findall,2397,565,2026-08-10T07:00:47.882Z
2.U6(2),18393661440,false,0,true,2026-08-10T06:58:19.62Z,1.12.6,1.9.0-DEV,428070c0f9ad,4.16.0,1.3.11,ctbllib-fs2-q1-findall,2397,566,2026-08-10T07:00:47.929Z
2.U6(2).2,36787322880,false,0,true,2026-08-10T06:58:19.62Z,1.12.6,1.9.0-DEV,428070c0f9ad,4.16.0,1.3.11,ctbllib-fs2-q1-findall,2397,567,2026-08-10T07:00:47.962Z
2.U6(2)M3,20643840,false,0,true,2026-08-10T06:58:19.62Z,1.12.6,1.9.0-DEV,428070c0f9ad,4.16.0,1.3.11,ctbllib-fs2-q1-findall,2397,568,2026-08-10T07:00:48.03Z
2.[2^6].(2xS3),1536,true,0,true,2026-08-10T06:58:19.62Z,1.12.6,1.9.0-DEV,428070c0f9ad,4.16.0,1.3.11,ctbllib-fs2-q1-findall,2397,569,2026-08-10T07:00:48.299Z
2.[2^6]:(S3xS3),4608,true,0,true,2026-08-10T06:58:19.62Z,1.12.6,1.9.0-DEV,428070c0f9ad,4.16.0,1.3.11,ctbllib-fs2-q1-findall,2397,570,2026-08-10T07:00:48.326Z
2.[2^9]:5:4,20480,true,0,true,2026-08-10T06:58:19.62Z,1.12.6,1.9.0-DEV,428070c0f9ad,4.16.0,1.3.11,ctbllib-fs2-q1-findall,2397,571,2026-08-10T07:00:48.34Z
23:11,253,true,0,true,2026-08-10T06:58:19.62Z,1.12.6,1.9.0-DEV,428070c0f9ad,4.16.0,1.3.11,ctbllib-fs2-q1-findall,2397,572,2026-08-10T07:00:48.354Z
23:22,506,true,0,true,2026-08-10T06:58:19.62Z,1.12.6,1.9.0-DEV,428070c0f9ad,4.16.0,1.3.11,ctbllib-fs2-q1-findall,2397,573,2026-08-10T07:00:48.626Z
25:4,100,true,0,true,2026-08-10T06:58:19.62Z,1.12.6,1.9.0-DEV,428070c0f9ad,4.16.0,1.3.11,ctbllib-fs2-q1-findall,2397,574,2026-08-10T07:00:48.632Z
29:14,406,true,0,true,2026-08-10T06:58:19.62Z,1.12.6,1.9.0-DEV,428070c0f9ad,4.16.0,1.3.11,ctbllib-fs2-q1-findall,2397,575,2026-08-10T07:00:48.708Z
2A4xA5,1440,false,0,true,2026-08-10T06:58:19.62Z,1.12.6,1.9.0-DEV,428070c0f9ad,4.16.0,1.3.11,ctbllib-fs2-q1-findall,2397,576,2026-08-10T07:00:48.774Z
2A5xD10,1200,false,0,true,2026-08-10T06:58:19.62Z,1.12.6,1.9.0-DEV,428070c0f9ad,4.16.0,1.3.11,ctbllib-fs2-q1-findall,2397,577,2026-08-10T07:00:48.836Z
2E6(2),76532479683774853939200,false,0,true,2026-08-10T06:58:19.62Z,1.12.6,1.9.0-DEV,428070c0f9ad,4.16.0,1.3.11,ctbllib-fs2-q1-findall,2397,578,2026-08-10T07:00:48.937Z
2E6(2).2,153064959367549707878400,false,0,true,2026-08-10T06:58:19.62Z,1.12.6,1.9.0-DEV,428070c0f9ad,4.16.0,1.3.11,ctbllib-fs2-q1-findall,2397,579,2026-08-10T07:00:49.034Z
2E6(2).2N3C,40310784,true,0,true,2026-08-10T06:58:19.62Z,1.12.6,1.9.0-DEV,428070c0f9ad,4.16.0,1.3.11,ctbllib-fs2-q1-findall,2397,580,2026-08-10T07:00:49.508Z
2E6(2).3,229597439051324561817600,false,0,true,2026-08-10T06:58:19.62Z,1.12.6,1.9.0-DEV,428070c0f9ad,4.16.0,1.3.11,ctbllib-fs2-q1-findall,2397,581,2026-08-10T07:00:49.922Z
2E6(2).3.2,459194878102649123635200,false,0,true,2026-08-10T06:58:19.62Z,1.12.6,1.9.0-DEV,428070c0f9ad,4.16.0,1.3.11,ctbllib-fs2-q1-findall,2397,582,2026-08-10T07:00:50.15Z
2E6(2)N3C,20155392,true,0,true,2026-08-10T06:58:19.62Z,1.12.6,1.9.0-DEV,428070c0f9ad,4.16.0,1.3.11,ctbllib-fs2-q1-findall,2397,583,2026-08-10T07:00:50.364Z
2F4(2)',17971200,false,0,true,2026-08-10T06:58:19.62Z,1.12.6,1.9.0-DEV,428070c0f9ad,4.16.0,1.3.11,ctbllib-fs2-q1-findall,2397,584,2026-08-10T07:00:50.388Z
2F4(2)'.2,35942400,false,0,true,2026-08-10T06:58:19.62Z,1.12.6,1.9.0-DEV,428070c0f9ad,4.16.0,1.3.11,ctbllib-fs2-q1-findall,2397,585,2026-08-10T07:00:50.392Z
2F4(2)'.2N2,4096,true,0,true,2026-08-10T06:58:19.62Z,1.12.6,1.9.0-DEV,428070c0f9ad,4.16.0,1.3.11,ctbllib-fs2-q1-findall,2397,586,2026-08-10T07:00:50.67Z
2F4(2)'N2,2048,true,0,true,2026-08-10T06:58:19.62Z,1.12.6,1.9.0-DEV,428070c0f9ad,4.16.0,1.3.11,ctbllib-fs2-q1-findall,2397,587,2026-08-10T07:00:50.675Z
2F4(2)x2,71884800,false,0,true,2026-08-10T06:58:19.62Z,1.12.6,1.9.0-DEV,428070c0f9ad,4.16.0,1.3.11,ctbllib-fs2-q1-findall,2397,588,2026-08-10T07:00:50.744Z
2F4(8),264905352699586176614400,false,0,true,2026-08-10T06:58:19.62Z,1.12.6,1.9.0-DEV,428070c0f9ad,4.16.0,1.3.11,ctbllib-fs2-q1-findall,2397,589,2026-08-10T07:00:52.268Z
2S5.2,480,false,0,true,2026-08-10T06:58:19.62Z,1.12.6,1.9.0-DEV,428070c0f9ad,4.16.0,1.3.11,ctbllib-fs2-q1-findall,2397,590,2026-08-10T07:00:52.298Z
2^(1+1+2+2):S3,384,true,0,true,2026-08-10T06:58:19.62Z,1.12.6,1.9.0-DEV,428070c0f9ad,4.16.0,1.3.11,ctbllib-fs2-q1-findall,2397,591,2026-08-10T07:00:52.346Z
2^(1+1+2+4).(2x2^(2+4).S3^2),1179648,true,0,true,2026-08-10T06:58:19.62Z,1.12.6,1.9.0-DEV,428070c0f9ad,4.16.0,1.3.11,ctbllib-fs2-q1-findall,2397,592,2026-08-10T07:00:52.763Z
2^(1+1+3+3).(2x2^(3+3).L3(2)),5505024,false,0,true,2026-08-10T06:58:19.62Z,1.12.6,1.9.0-DEV,428070c0f9ad,4.16.0,1.3.11,ctbllib-fs2-q1-findall,2397,593,2026-08-10T07:00:52.823Z
2^(1+12).3_1.U4(3).2_2',160526499840,false,0,true,2026-08-10T06:58:19.62Z,1.12.6,1.9.0-DEV,428070c0f9ad,4.16.0,1.3.11,ctbllib-fs2-q1-findall,2397,594,2026-08-10T07:00:52.971Z
2^(1+12)_+.3_1.U4(3).2^2_{122},321052999680,false,0,true,2026-08-10T06:58:19.62Z,1.12.6,1.9.0-DEV,428070c0f9ad,4.16.0,1.3.11,ctbllib-fs2-q1-findall,2397,595,2026-08-10T07:00:53.248Z
2^(1+22).Co2,354883595661213696000,false,0,true,2026-08-10T06:58:19.62Z,1.12.6,1.9.0-DEV,428070c0f9ad,4.16.0,1.3.11,ctbllib-fs2-q1-findall,2397,596,2026-08-10T07:00:54.91Z
2^(1+3):L3(2),2688,false,0,true,2026-08-10T06:58:19.62Z,1.12.6,1.9.0-DEV,428070c0f9ad,4.16.0,1.3.11,ctbllib-fs2-q1-findall,2397,597,2026-08-10T07:00:54.96Z
2^(1+4)+.(S3xS3),1152,true,0,true,2026-08-10T06:58:19.62Z,1.12.6,1.9.0-DEV,428070c0f9ad,4.16.0,1.3.11,ctbllib-fs2-q1-findall,2397,598,2026-08-10T07:00:54.99Z
2^(1+4)+:3^2.2,576,true,0,true,2026-08-10T06:58:19.62Z,1.12.6,1.9.0-DEV,428070c0f9ad,4.16.0,1.3.11,ctbllib-fs2-q1-findall,2397,599,2026-08-10T07:00:54.995Z
2^(1+4).S3,192,true,0,true,2026-08-10T06:58:19.62Z,1.12.6,1.9.0-DEV,428070c0f9ad,4.16.0,1.3.11,ctbllib-fs2-q1-findall,2397,600,2026-08-10T07:00:55.051Z
2^(1+4).S3^2,1152,true,0,true,2026-08-10T06:58:19.62Z,1.12.6,1.9.0-DEV,428070c0f9ad,4.16.0,1.3.11,ctbllib-fs2-q1-findall,2397,601,2026-08-10T07:00:55.323Z
2^(1+4).S5,3840,false,0,true,2026-08-10T06:58:19.62Z,1.12.6,1.9.0-DEV,428070c0f9ad,4.16.0,1.3.11,ctbllib-fs2-q1-findall,2397,602,2026-08-10T07:00:55.339Z
2^(1+4)_+.(S3x3^2:2),3456,true,0,true,2026-08-10T06:58:19.62Z,1.12.6,1.9.0-DEV,428070c0f9ad,4.16.0,1.3.11,ctbllib-fs2-q1-findall,2397,603,2026-08-10T07:00:55.619Z
2^(1+5+8).(S3xA6),35389440,false,0,true,2026-08-10T06:58:19.62Z,1.12.6,1.9.0-DEV,428070c0f9ad,4.16.0,1.3.11,ctbllib-fs2-q1-findall,2397,604,2026-08-10T07:00:55.777Z
2^(1+6).3^(1+2).2S4,165888,true,0,true,2026-08-10T06:58:19.62Z,1.12.6,1.9.0-DEV,428070c0f9ad,4.16.0,1.3.11,ctbllib-fs2-q1-findall,2397,605,2026-08-10T07:00:56.143Z
2^(1+6)_+.A8,2580480,false,0,true,2026-08-10T06:58:19.62Z,1.12.6,1.9.0-DEV,428070c0f9ad,4.16.0,1.3.11,ctbllib-fs2-q1-findall,2397,606,2026-08-10T07:00:56.17Z
2^(1+6)_+.L3(2).2,43008,false,0,true,2026-08-10T06:58:19.62Z,1.12.6,1.9.0-DEV,428070c0f9ad,4.16.0,1.3.11,ctbllib-fs2-q1-findall,2397,607,2026-08-10T07:00:56.223Z
2^(1+6)_+:3A7,967680,false,0,true,2026-08-10T06:58:19.62Z,1.12.6,1.9.0-DEV,428070c0f9ad,4.16.0,1.3.11,ctbllib-fs2-q1-findall,2397,608,2026-08-10T07:00:56.581Z
2^(1+6)_+:A7,322560,false,0,true,2026-08-10T06:58:19.62Z,1.12.6,1.9.0-DEV,428070c0f9ad,4.16.0,1.3.11,ctbllib-fs2-q1-findall,2397,609,2026-08-10T07:00:56.589Z
2^(1+6)_+:S5,15360,false,0,true,2026-08-10T06:58:19.62Z,1.12.6,1.9.0-DEV,428070c0f9ad,4.16.0,1.3.11,ctbllib-fs2-q1-findall,2397,610,2026-08-10T07:00:56.643Z
2^(1+6)_-.2^4.A5,122880,false,0,true,2026-08-10T06:58:19.62Z,1.12.6,1.9.0-DEV,428070c0f9ad,4.16.0,1.3.11,ctbllib-fs2-q1-findall,2397,611,2026-08-10T07:00:56.918Z
2^(1+6)_-.3^3.S4,82944,true,0,true,2026-08-10T06:58:19.62Z,1.12.6,1.9.0-DEV,428070c0f9ad,4.16.0,1.3.11,ctbllib-fs2-q1-findall,2397,612,2026-08-10T07:00:57.002Z
2^(1+6)_-.U4(2).2,6635520,false,0,true,2026-08-10T06:58:19.62Z,1.12.6,1.9.0-DEV,428070c0f9ad,4.16.0,1.3.11,ctbllib-fs2-q1-findall,2397,613,2026-08-10T07:00:57.064Z
2^(1+6)_-3.3.3^2:2,20736,true,0,true,2026-08-10T06:58:19.62Z,1.12.6,1.9.0-DEV,428070c0f9ad,4.16.0,1.3.11,ctbllib-fs2-q1-findall,2397,614,2026-08-10T07:00:57.125Z
2^(1+8)+.O8+(2),89181388800,false,0,true,2026-08-10T06:58:19.62Z,1.12.6,1.9.0-DEV,428070c0f9ad,4.16.0,1.3.11,ctbllib-fs2-q1-findall,2397,615,2026-08-10T07:00:57.215Z
2^(1+8)+:L2(8),258048,false,0,true,2026-08-10T06:58:19.62Z,1.12.6,1.9.0-DEV,428070c0f9ad,4.16.0,1.3.11,ctbllib-fs2-q1-findall,2397,616,2026-08-10T07:00:57.254Z
2^(1+8).(A5xA5).2,3686400,false,0,true,2026-08-10T06:58:19.62Z,1.12.6,1.9.0-DEV,428070c0f9ad,4.16.0,1.3.11,ctbllib-fs2-q1-findall,2397,617,2026-08-10T07:00:57.321Z
2^(1+8).2^(1+4).S3,98304,true,0,true,2026-08-10T06:58:19.62Z,1.12.6,1.9.0-DEV,428070c0f9ad,4.16.0,1.3.11,ctbllib-fs2-q1-findall,2397,618,2026-08-10T07:00:57.61Z
2^(1+8).2^2.(3xA5).2,737280,false,0,true,2026-08-10T06:58:19.62Z,1.12.6,1.9.0-DEV,428070c0f9ad,4.16.0,1.3.11,ctbllib-fs2-q1-findall,2397,619,2026-08-10T07:00:57.622Z
2^(1+8).2^2.S3^2,73728,true,0,true,2026-08-10T06:58:19.62Z,1.12.6,1.9.0-DEV,428070c0f9ad,4.16.0,1.3.11,ctbllib-fs2-q1-findall,2397,620,2026-08-10T07:00:57.634Z
2^(1+8).2^3.2^2.S3,98304,true,0,true,2026-08-10T06:58:19.62Z,1.12.6,1.9.0-DEV,428070c0f9ad,4.16.0,1.3.11,ctbllib-fs2-q1-findall,2397,621,2026-08-10T07:00:57.652Z
2^(1+8).2^4.2.S3,98304,true,0,true,2026-08-10T06:58:19.62Z,1.12.6,1.9.0-DEV,428070c0f9ad,4.16.0,1.3.11,ctbllib-fs2-q1-findall,2397,622,2026-08-10T07:00:57.672Z
2^(1+8).2^4.S3^2,294912,true,0,true,2026-08-10T06:58:19.62Z,1.12.6,1.9.0-DEV,428070c0f9ad,4.16.0,1.3.11,ctbllib-fs2-q1-findall,2397,623,2026-08-10T07:00:57.687Z
2^(1+8).D8.S3,24576,true,0,true,2026-08-10T06:58:19.62Z,1.12.6,1.9.0-DEV,428070c0f9ad,4.16.0,1.3.11,ctbllib-fs2-q1-findall,2397,624,2026-08-10T07:00:57.7Z
2^(1+8):S8,20643840,false,0,true,2026-08-10T06:58:19.62Z,1.12.6,1.9.0-DEV,428070c0f9ad,4.16.0,1.3.11,ctbllib-fs2-q1-findall,2397,625,2026-08-10T07:00:58.012Z
2^(1+8)_+.(2xA5),61440,false,0,true,2026-08-10T06:58:19.62Z,1.12.6,1.9.0-DEV,428070c0f9ad,4.16.0,1.3.11,ctbllib-fs2-q1-findall,2397,626,2026-08-10T07:00:58.286Z
2^(1+8)_+.(A4xA4).2,147456,true,0,true,2026-08-10T06:58:19.62Z,1.12.6,1.9.0-DEV,428070c0f9ad,4.16.0,1.3.11,ctbllib-fs2-q1-findall,2397,627,2026-08-10T07:00:58.301Z
2^(1+8)_+.(A4xA5),368640,false,0,true,2026-08-10T06:58:19.62Z,1.12.6,1.9.0-DEV,428070c0f9ad,4.16.0,1.3.11,ctbllib-fs2-q1-findall,2397,628,2026-08-10T07:00:58.321Z
2^(1+8)_+.(A5xA5).2^2,7372800,false,0,true,2026-08-10T06:58:19.62Z,1.12.6,1.9.0-DEV,428070c0f9ad,4.16.0,1.3.11,ctbllib-fs2-q1-findall,2397,629,2026-08-10T07:00:58.385Z
2^(1+8)_+.2^2.2^2.2^4.S3,786432,true,0,true,2026-08-10T06:58:19.62Z,1.12.6,1.9.0-DEV,428070c0f9ad,4.16.0,1.3.11,ctbllib-fs2-q1-findall,2397,630,2026-08-10T07:00:58.807Z
2^(1+8)_+.2^3.2^2.2^3.S3,786432,true,0,true,2026-08-10T06:58:19.62Z,1.12.6,1.9.0-DEV,428070c0f9ad,4.16.0,1.3.11,ctbllib-fs2-q1-findall,2397,631,2026-08-10T07:00:58.982Z
2^(1+8)_+.2^3.2^5.S3,786432,true,0,true,2026-08-10T06:58:19.62Z,1.12.6,1.9.0-DEV,428070c0f9ad,4.16.0,1.3.11,ctbllib-fs2-q1-findall,2397,632,2026-08-10T07:00:59.144Z
2^(1+8)_+.2^5.S4(2),11796480,false,0,true,2026-08-10T06:58:19.62Z,1.12.6,1.9.0-DEV,428070c0f9ad,4.16.0,1.3.11,ctbllib-fs2-q1-findall,2397,633,2026-08-10T07:00:59.2Z
2^(1+8)_+:(S3xS3xS3),110592,true,0,true,2026-08-10T06:58:19.62Z,1.12.6,1.9.0-DEV,428070c0f9ad,4.16.0,1.3.11,ctbllib-fs2-q1-findall,2397,634,2026-08-10T07:01:00.535Z
2^(1+8)_+:L2(8):3,774144,false,0,true,2026-08-10T06:58:19.62Z,1.12.6,1.9.0-DEV,428070c0f9ad,4.16.0,1.3.11,ctbllib-fs2-q1-findall,2397,635,2026-08-10T07:01:00.553Z
2^(1+8)_+:U4(2),13271040,false,0,true,2026-08-10T06:58:19.62Z,1.12.6,1.9.0-DEV,428070c0f9ad,4.16.0,1.3.11,ctbllib-fs2-q1-findall,2397,636,2026-08-10T07:01:00.657Z
2^(10+16).O10+(2),1577011055923770163200,false,0,true,2026-08-10T06:58:19.62Z,1.12.6,1.9.0-DEV,428070c0f9ad,4.16.0,1.3.11,ctbllib-fs2-q1-findall,2397,637,2026-08-10T07:01:01.642Z
2^(2+1+2).2^(1+1+2).2^2.S4,49152,true,0,true,2026-08-10T06:58:19.62Z,1.12.6,1.9.0-DEV,428070c0f9ad,4.16.0,1.3.11,ctbllib-fs2-q1-findall,2397,638,2026-08-10T07:01:01.701Z
2^(2+1+2+4+2).(3xS4),147456,true,0,true,2026-08-10T06:58:19.62Z,1.12.6,1.9.0-DEV,428070c0f9ad,4.16.0,1.3.11,ctbllib-fs2-q1-findall,2397,639,2026-08-10T07:01:01.988Z
2^(2+10+20).(M22.2xS3),22858846741463040,false,0,true,2026-08-10T06:58:19.62Z,1.12.6,1.9.0-DEV,428070c0f9ad,4.16.0,1.3.11,ctbllib-fs2-q1-findall,2397,640,2026-08-10T07:01:06.898Z
2^(2+11+22).(M24xS3),50472333605150392320,false,0,true,2026-08-10T06:58:19.62Z,1.12.6,1.9.0-DEV,428070c0f9ad,4.16.0,1.3.11,ctbllib-fs2-q1-findall,2397,641,2026-08-10T07:01:10.091Z
2^(2+12):(A8xS3),1981808640,false,0,true,2026-08-10T06:58:19.62Z,1.12.6,1.9.0-DEV,428070c0f9ad,4.16.0,1.3.11,ctbllib-fs2-q1-findall,2397,642,2026-08-10T07:01:10.225Z
2^(2+2+4).(S3xS3),9216,true,0,true,2026-08-10T06:58:19.62Z,1.12.6,1.9.0-DEV,428070c0f9ad,4.16.0,1.3.11,ctbllib-fs2-q1-findall,2397,643,2026-08-10T07:01:10.497Z
2^(2+4).(S3x2),768,true,0,true,2026-08-10T06:58:19.62Z,1.12.6,1.9.0-DEV,428070c0f9ad,4.16.0,1.3.11,ctbllib-fs2-q1-findall,2397,644,2026-08-10T07:01:10.548Z
2^(2+4):(3x3):2,1152,true,0,true,2026-08-10T06:58:19.62Z,1.12.6,1.9.0-DEV,428070c0f9ad,4.16.0,1.3.11,ctbllib-fs2-q1-findall,2397,645,2026-08-10T07:01:10.55Z
2^(2+4):(3xD10),1920,true,0,true,2026-08-10T06:58:19.62Z,1.12.6,1.9.0-DEV,428070c0f9ad,4.16.0,1.3.11,ctbllib-fs2-q1-findall,2397,646,2026-08-10T07:01:10.583Z
2^(2+4):(S3xS3),2304,true,0,true,2026-08-10T06:58:19.62Z,1.12.6,1.9.0-DEV,428070c0f9ad,4.16.0,1.3.11,ctbllib-fs2-q1-findall,2397,647,2026-08-10T07:01:10.599Z
2^(2+4):15,960,true,0,true,2026-08-10T06:58:19.62Z,1.12.6,1.9.0-DEV,428070c0f9ad,4.16.0,1.3.11,ctbllib-fs2-q1-findall,2397,648,2026-08-10T07:01:10.632Z
2^(2+6):3^3:S3,41472,true,0,true,2026-08-10T06:58:19.62Z,1.12.6,1.9.0-DEV,428070c0f9ad,4.16.0,1.3.11,ctbllib-fs2-q1-findall,2397,649,2026-08-10T07:01:10.679Z
2^(2+8).2^2.(3xS3),73728,true,0,true,2026-08-10T06:58:19.62Z,1.12.6,1.9.0-DEV,428070c0f9ad,4.16.0,1.3.11,ctbllib-fs2-q1-findall,2397,650,2026-08-10T07:01:10.966Z
2^(2+8):(3xA5),184320,false,0,true,2026-08-10T06:58:19.62Z,1.12.6,1.9.0-DEV,428070c0f9ad,4.16.0,1.3.11,ctbllib-fs2-q1-findall,2397,651,2026-08-10T07:01:11.032Z
2^(2+8):(3xA5):2,368640,false,0,true,2026-08-10T06:58:19.62Z,1.12.6,1.9.0-DEV,428070c0f9ad,4.16.0,1.3.11,ctbllib-fs2-q1-findall,2397,652,2026-08-10T07:01:11.312Z
2^(2+8):(S5xS3),737280,false,0,true,2026-08-10T06:58:19.62Z,1.12.6,1.9.0-DEV,428070c0f9ad,4.16.0,1.3.11,ctbllib-fs2-q1-findall,2397,653,2026-08-10T07:01:11.377Z
2^(3+1+3).L3(2),21504,false,0,true,2026-08-10T06:58:19.62Z,1.12.6,1.9.0-DEV,428070c0f9ad,4.16.0,1.3.11,ctbllib-fs2-q1-findall,2397,654,2026-08-10T07:01:11.654Z
2^(3+12).(L3(2)xA6),1981808640,false,0,true,2026-08-10T06:58:19.62Z,1.12.6,1.9.0-DEV,428070c0f9ad,4.16.0,1.3.11,ctbllib-fs2-q1-findall,2397,655,2026-08-10T07:01:12.32Z
2^(3+12).(L3(2)xS6),3963617280,false,0,true,2026-08-10T06:58:19.62Z,1.12.6,1.9.0-DEV,428070c0f9ad,4.16.0,1.3.11,ctbllib-fs2-q1-findall,2397,656,2026-08-10T07:01:12.459Z
2^(3+3):7,448,true,0,true,2026-08-10T06:58:19.62Z,1.12.6,1.9.0-DEV,428070c0f9ad,4.16.0,1.3.11,ctbllib-fs2-q1-findall,2397,657,2026-08-10T07:01:12.494Z
2^(3+3):7:3,1344,true,0,true,2026-08-10T06:58:19.62Z,1.12.6,1.9.0-DEV,428070c0f9ad,4.16.0,1.3.11,ctbllib-fs2-q1-findall,2397,658,2026-08-10T07:01:12.497Z
2^(3+3+3).L3(2),86016,false,0,true,2026-08-10T06:58:19.62Z,1.12.6,1.9.0-DEV,428070c0f9ad,4.16.0,1.3.11,ctbllib-fs2-q1-findall,2397,659,2026-08-10T07:01:12.764Z
2^(3+6):21,10752,true,0,true,2026-08-10T06:58:19.62Z,1.12.6,1.9.0-DEV,428070c0f9ad,4.16.0,1.3.11,ctbllib-fs2-q1-findall,2397,660,2026-08-10T07:01:12.8Z
2^(3+8):(S3xS6),8847360,false,0,true,2026-08-10T06:58:19.62Z,1.12.6,1.9.0-DEV,428070c0f9ad,4.16.0,1.3.11,ctbllib-fs2-q1-findall,2397,661,2026-08-10T07:01:12.933Z
2^(4+10)(S5xS3),11796480,false,0,true,2026-08-10T06:58:19.62Z,1.12.6,1.9.0-DEV,428070c0f9ad,4.16.0,1.3.11,ctbllib-fs2-q1-findall,2397,662,2026-08-10T07:01:13.025Z
2^(4+10).(S4xS3),2359296,true,0,true,2026-08-10T06:58:19.62Z,1.12.6,1.9.0-DEV,428070c0f9ad,4.16.0,1.3.11,ctbllib-fs2-q1-findall,2397,663,2026-08-10T07:01:13.178Z
2^(4+12).(S3x3S6),849346560,false,0,true,2026-08-10T06:58:19.62Z,1.12.6,1.9.0-DEV,428070c0f9ad,4.16.0,1.3.11,ctbllib-fs2-q1-findall,2397,664,2026-08-10T07:01:13.341Z
2^(4+12).(S3x3^(1+2)_+:D8),84934656,true,0,true,2026-08-10T06:58:19.62Z,1.12.6,1.9.0-DEV,428070c0f9ad,4.16.0,1.3.11,ctbllib-fs2-q1-findall,2397,665,2026-08-10T07:01:13.519Z
2^(4+4).(S3xS3).2,18432,true,0,true,2026-08-10T06:58:19.62Z,1.12.6,1.9.0-DEV,428070c0f9ad,4.16.0,1.3.11,ctbllib-fs2-q1-findall,2397,666,2026-08-10T07:01:13.525Z
2^(4+4):(3xA5),46080,false,0,true,2026-08-10T06:58:19.62Z,1.12.6,1.9.0-DEV,428070c0f9ad,4.16.0,1.3.11,ctbllib-fs2-q1-findall,2397,667,2026-08-10T07:01:13.546Z
2^(4+6).2^2.(3xS3),73728,true,0,true,2026-08-10T06:58:19.62Z,1.12.6,1.9.0-DEV,428070c0f9ad,4.16.0,1.3.11,ctbllib-fs2-q1-findall,2397,668,2026-08-10T07:01:13.841Z
2^(4+6):(A5x3),184320,false,0,true,2026-08-10T06:58:19.62Z,1.12.6,1.9.0-DEV,428070c0f9ad,4.16.0,1.3.11,ctbllib-fs2-q1-findall,2397,669,2026-08-10T07:01:14.232Z
2^(4+6):(A5x3):2,368640,false,0,true,2026-08-10T06:58:19.62Z,1.12.6,1.9.0-DEV,428070c0f9ad,4.16.0,1.3.11,ctbllib-fs2-q1-findall,2397,670,2026-08-10T07:01:14.499Z
2^(4+6):3S6,2211840,false,0,true,2026-08-10T06:58:19.62Z,1.12.6,1.9.0-DEV,428070c0f9ad,4.16.0,1.3.11,ctbllib-fs2-q1-findall,2397,671,2026-08-10T07:01:14.557Z
2^(4+8).(2xA4),98304,true,0,true,2026-08-10T06:58:19.62Z,1.12.6,1.9.0-DEV,428070c0f9ad,4.16.0,1.3.11,ctbllib-fs2-q1-findall,2397,672,2026-08-10T07:01:14.836Z
2^(4+8):(A4xS3),294912,true,0,true,2026-08-10T06:58:19.62Z,1.12.6,1.9.0-DEV,428070c0f9ad,4.16.0,1.3.11,ctbllib-fs2-q1-findall,2397,673,2026-08-10T07:01:14.867Z
2^(4+8):(S3xA5),1474560,false,0,true,2026-08-10T06:58:19.62Z,1.12.6,1.9.0-DEV,428070c0f9ad,4.16.0,1.3.11,ctbllib-fs2-q1-findall,2397,674,2026-08-10T07:01:14.939Z
2^(5+10+20).(S3xL5(2)),2061452360684666880,false,0,true,2026-08-10T06:58:19.62Z,1.12.6,1.9.0-DEV,428070c0f9ad,4.16.0,1.3.11,ctbllib-fs2-q1-findall,2397,675,2026-08-10T07:01:18.059Z
2^(5+5):31,31744,true,0,true,2026-08-10T06:58:19.62Z,1.12.6,1.9.0-DEV,428070c0f9ad,4.16.0,1.3.11,ctbllib-fs2-q1-findall,2397,676,2026-08-10T07:01:18.089Z
2^(5+8):(2x3.A6),17694720,false,0,true,2026-08-10T06:58:19.62Z,1.12.6,1.9.0-DEV,428070c0f9ad,4.16.0,1.3.11,ctbllib-fs2-q1-findall,2397,677,2026-08-10T07:01:18.597Z
2^(5+8):(2xA6),5898240,false,0,true,2026-08-10T06:58:19.62Z,1.12.6,1.9.0-DEV,428070c0f9ad,4.16.0,1.3.11,ctbllib-fs2-q1-findall,2397,678,2026-08-10T07:01:18.623Z
2^(5+8):(2xS4),393216,true,0,true,2026-08-10T06:58:19.62Z,1.12.6,1.9.0-DEV,428070c0f9ad,4.16.0,1.3.11,ctbllib-fs2-q1-findall,2397,679,2026-08-10T07:01:18.681Z
2^(5+8):(S3x3.A6),53084160,false,0,true,2026-08-10T06:58:19.62Z,1.12.6,1.9.0-DEV,428070c0f9ad,4.16.0,1.3.11,ctbllib-fs2-q1-findall,2397,680,2026-08-10T07:01:19.022Z
2^(5+8):(S3xA6),17694720,false,0,true,2026-08-10T06:58:19.62Z,1.12.6,1.9.0-DEV,428070c0f9ad,4.16.0,1.3.11,ctbllib-fs2-q1-findall,2397,681,2026-08-10T07:01:19.127Z
2^(5+8):(S3xD8),393216,true,0,true,2026-08-10T06:58:19.62Z,1.12.6,1.9.0-DEV,428070c0f9ad,4.16.0,1.3.11,ctbllib-fs2-q1-findall,2397,682,2026-08-10T07:01:20.057Z
2^(5+8):(S3xS4),1179648,true,0,true,2026-08-10T06:58:19.62Z,1.12.6,1.9.0-DEV,428070c0f9ad,4.16.0,1.3.11,ctbllib-fs2-q1-findall,2397,683,2026-08-10T07:01:20.104Z
2^(5+8):(S3xS6),35389440,false,0,true,2026-08-10T06:58:19.62Z,1.12.6,1.9.0-DEV,428070c0f9ad,4.16.0,1.3.11,ctbllib-fs2-q1-findall,2397,684,2026-08-10T07:01:20.251Z
2^(6+6):(S3xL3(2)),4128768,false,0,true,2026-08-10T06:58:19.62Z,1.12.6,1.9.0-DEV,428070c0f9ad,4.16.0,1.3.11,ctbllib-fs2-q1-findall,2397,685,2026-08-10T07:01:20.357Z
2^(6+8).(S3xA8),1981808640,false,0,true,2026-08-10T06:58:19.62Z,1.12.6,1.9.0-DEV,428070c0f9ad,4.16.0,1.3.11,ctbllib-fs2-q1-findall,2397,686,2026-08-10T07:01:20.525Z
2^(6+8):(A7xS3),247726080,false,0,true,2026-08-10T06:58:19.62Z,1.12.6,1.9.0-DEV,428070c0f9ad,4.16.0,1.3.11,ctbllib-fs2-q1-findall,2397,687,2026-08-10T07:01:20.645Z
2^(7+8).(S3xA8),3963617280,false,0,true,2026-08-10T06:58:19.62Z,1.12.6,1.9.0-DEV,428070c0f9ad,4.16.0,1.3.11,ctbllib-fs2-q1-findall,2397,688,2026-08-10T07:01:21.004Z
2^(9+16).S8(2),1589728887019929600,false,0,true,2026-08-10T06:58:19.62Z,1.12.6,1.9.0-DEV,428070c0f9ad,4.16.0,1.3.11,ctbllib-fs2-q1-findall,2397,689,2026-08-10T07:01:22.814Z
2^1+24.2.Co1,279023678252672656343040000,false,0,true,2026-08-10T06:58:19.62Z,1.12.6,1.9.0-DEV,428070c0f9ad,4.16.0,1.3.11,ctbllib-fs2-q1-findall,2397,690,2026-08-10T07:01:24.45Z
2^1+24.Co1,139511839126336328171520000,false,0,true,2026-08-10T06:58:19.62Z,1.12.6,1.9.0-DEV,428070c0f9ad,4.16.0,1.3.11,ctbllib-fs2-q1-findall,2397,691,2026-08-10T07:01:26.417Z
2^1+4+6.a8,41287680,false,0,true,2026-08-10T06:58:19.62Z,1.12.6,1.9.0-DEV,428070c0f9ad,4.16.0,1.3.11,ctbllib-fs2-q1-findall,2397,692,2026-08-10T07:01:26.488Z
2^1+4b:a5,1920,false,0,true,2026-08-10T06:58:19.62Z,1.12.6,1.9.0-DEV,428070c0f9ad,4.16.0,1.3.11,ctbllib-fs2-q1-findall,2397,693,2026-08-10T07:01:26.504Z
"2^1+6.psl(3,2)",21504,false,0,true,2026-08-10T06:58:19.62Z,1.12.6,1.9.0-DEV,428070c0f9ad,4.16.0,1.3.11,ctbllib-fs2-q1-findall,2397,694,2026-08-10T07:01:26.555Z
2^1+6.u4q2,3317760,false,0,true,2026-08-10T06:58:19.62Z,1.12.6,1.9.0-DEV,428070c0f9ad,4.16.0,1.3.11,ctbllib-fs2-q1-findall,2397,695,2026-08-10T07:01:26.568Z
2^1+8.2.A9,185794560,false,0,true,2026-08-10T06:58:19.62Z,1.12.6,1.9.0-DEV,428070c0f9ad,4.16.0,1.3.11,ctbllib-fs2-q1-findall,2397,696,2026-08-10T07:01:26.606Z
2^1+8.a9,92897280,false,0,true,2026-08-10T06:58:19.62Z,1.12.6,1.9.0-DEV,428070c0f9ad,4.16.0,1.3.11,ctbllib-fs2-q1-findall,2397,697,2026-08-10T07:01:26.618Z
2^1+8:s6f2,743178240,false,0,true,2026-08-10T06:58:19.62Z,1.12.6,1.9.0-DEV,428070c0f9ad,4.16.0,1.3.11,ctbllib-fs2-q1-findall,2397,698,2026-08-10T07:01:26.675Z
2^10.2^2.2^2.S4,393216,true,0,true,2026-08-10T06:58:19.62Z,1.12.6,1.9.0-DEV,428070c0f9ad,4.16.0,1.3.11,ctbllib-fs2-q1-findall,2397,699,2026-08-10T07:01:26.988Z
2^10.2^3.2^3.S3,393216,true,0,true,2026-08-10T06:58:19.62Z,1.12.6,1.9.0-DEV,428070c0f9ad,4.16.0,1.3.11,ctbllib-fs2-q1-findall,2397,700,2026-08-10T07:01:27.295Z
2^10.2^3.L3(2),1376256,false,0,true,2026-08-10T06:58:19.62Z,1.12.6,1.9.0-DEV,428070c0f9ad,4.16.0,1.3.11,ctbllib-fs2-q1-findall,2397,701,2026-08-10T07:01:27.328Z
2^10.2^3.S4,196608,true,0,true,2026-08-10T06:58:19.62Z,1.12.6,1.9.0-DEV,428070c0f9ad,4.16.0,1.3.11,ctbllib-fs2-q1-findall,2397,702,2026-08-10T07:01:27.43Z
2^10.2^4.S5,1966080,false,0,true,2026-08-10T06:58:19.62Z,1.12.6,1.9.0-DEV,428070c0f9ad,4.16.0,1.3.11,ctbllib-fs2-q1-findall,2397,703,2026-08-10T07:01:27.457Z
2^10.A8,20643840,false,0,true,2026-08-10T06:58:19.62Z,1.12.6,1.9.0-DEV,428070c0f9ad,4.16.0,1.3.11,ctbllib-fs2-q1-findall,2397,704,2026-08-10T07:01:27.537Z
2^10:(2^5:s5),3932160,false,0,true,2026-08-10T06:58:19.62Z,1.12.6,1.9.0-DEV,428070c0f9ad,4.16.0,1.3.11,ctbllib-fs2-q1-findall,2397,705,2026-08-10T07:01:27.63Z
2^10:(L5(2)xS3),61436067840,false,0,true,2026-08-10T06:58:19.62Z,1.12.6,1.9.0-DEV,428070c0f9ad,4.16.0,1.3.11,ctbllib-fs2-q1-findall,2397,706,2026-08-10T07:01:27.819Z
2^10:L5(2),10239344640,false,0,true,2026-08-10T06:58:19.62Z,1.12.6,1.9.0-DEV,428070c0f9ad,4.16.0,1.3.11,ctbllib-fs2-q1-findall,2397,707,2026-08-10T07:01:27.87Z
2^10:M22',454164480,false,0,true,2026-08-10T06:58:19.62Z,1.12.6,1.9.0-DEV,428070c0f9ad,4.16.0,1.3.11,ctbllib-fs2-q1-findall,2397,708,2026-08-10T07:01:27.884Z
2^10:m22,454164480,false,0,true,2026-08-10T06:58:19.62Z,1.12.6,1.9.0-DEV,428070c0f9ad,4.16.0,1.3.11,ctbllib-fs2-q1-findall,2397,709,2026-08-10T07:01:27.906Z
2^10:m22:2,908328960,false,0,true,2026-08-10T06:58:19.62Z,1.12.6,1.9.0-DEV,428070c0f9ad,4.16.0,1.3.11,ctbllib-fs2-q1-findall,2397,710,2026-08-10T07:01:27.96Z
2^11.2^6.3^(1+2).D8,28311552,true,0,true,2026-08-10T06:58:19.62Z,1.12.6,1.9.0-DEV,428070c0f9ad,4.16.0,1.3.11,ctbllib-fs2-q1-findall,2397,711,2026-08-10T07:01:28.102Z
2^11:M24,501397585920,false,0,true,2026-08-10T06:58:19.62Z,1.12.6,1.9.0-DEV,428070c0f9ad,4.16.0,1.3.11,ctbllib-fs2-q1-findall,2397,712,2026-08-10T07:01:28.166Z
2^12.(2^2xD8),131072,true,0,true,2026-08-10T06:58:19.62Z,1.12.6,1.9.0-DEV,428070c0f9ad,4.16.0,1.3.11,ctbllib-fs2-q1-findall,2397,713,2026-08-10T07:01:29.707Z
2^12.(S3x3S6),53084160,false,0,true,2026-08-10T06:58:19.62Z,1.12.6,1.9.0-DEV,428070c0f9ad,4.16.0,1.3.11,ctbllib-fs2-q1-findall,2397,714,2026-08-10T07:01:29.82Z
2^12.3^2.U4(3).2_2',240789749760,false,0,true,2026-08-10T06:58:19.62Z,1.12.6,1.9.0-DEV,428070c0f9ad,4.16.0,1.3.11,ctbllib-fs2-q1-findall,2397,715,2026-08-10T07:01:30.257Z
2^12.3_1.U4(3).2_2',80263249920,false,0,true,2026-08-10T06:58:19.62Z,1.12.6,1.9.0-DEV,428070c0f9ad,4.16.0,1.3.11,ctbllib-fs2-q1-findall,2397,716,2026-08-10T07:01:30.301Z
2^12.M24,1002795171840,false,0,true,2026-08-10T06:58:19.62Z,1.12.6,1.9.0-DEV,428070c0f9ad,4.16.0,1.3.11,ctbllib-fs2-q1-findall,2397,717,2026-08-10T07:01:30.372Z
2^12:(L4(2)xL3(2)),13872660480,false,0,true,2026-08-10T06:58:19.62Z,1.12.6,1.9.0-DEV,428070c0f9ad,4.16.0,1.3.11,ctbllib-fs2-q1-findall,2397,718,2026-08-10T07:01:30.561Z
2^12:J2,2477260800,false,0,true,2026-08-10T06:58:19.62Z,1.12.6,1.9.0-DEV,428070c0f9ad,4.16.0,1.3.11,ctbllib-fs2-q1-findall,2397,719,2026-08-10T07:01:30.58Z
2^12:Sz(8),119275520,false,0,true,2026-08-10T06:58:19.62Z,1.12.6,1.9.0-DEV,428070c0f9ad,4.16.0,1.3.11,ctbllib-fs2-q1-findall,2397,720,2026-08-10T07:01:30.588Z
2^2+4.3xs3,1152,true,0,true,2026-08-10T06:58:19.62Z,1.12.6,1.9.0-DEV,428070c0f9ad,4.16.0,1.3.11,ctbllib-fs2-q1-findall,2397,721,2026-08-10T07:01:30.604Z
2^2+8(a5xs3),368640,false,0,true,2026-08-10T06:58:19.62Z,1.12.6,1.9.0-DEV,428070c0f9ad,4.16.0,1.3.11,ctbllib-fs2-q1-findall,2397,722,2026-08-10T07:01:30.663Z
2^2.(2^(1+8)_+:(S3xS3xS3)),442368,true,0,true,2026-08-10T06:58:19.62Z,1.12.6,1.9.0-DEV,428070c0f9ad,4.16.0,1.3.11,ctbllib-fs2-q1-findall,2397,723,2026-08-10T07:01:30.773Z
2^2.(3^2:2A4),864,true,0,true,2026-08-10T06:58:19.62Z,1.12.6,1.9.0-DEV,428070c0f9ad,4.16.0,1.3.11,ctbllib-fs2-q1-findall,2397,724,2026-08-10T07:01:30.777Z
2^2.(3^2:Q8),288,true,0,true,2026-08-10T06:58:19.62Z,1.12.6,1.9.0-DEV,428070c0f9ad,4.16.0,1.3.11,ctbllib-fs2-q1-findall,2397,725,2026-08-10T07:01:30.781Z
2^2.(3^2:Q8.2),576,true,0,true,2026-08-10T06:58:19.62Z,1.12.6,1.9.0-DEV,428070c0f9ad,4.16.0,1.3.11,ctbllib-fs2-q1-findall,2397,726,2026-08-10T07:01:30.784Z
2^2.(U3(3).2xS4),1161216,false,0,true,2026-08-10T06:58:19.62Z,1.12.6,1.9.0-DEV,428070c0f9ad,4.16.0,1.3.11,ctbllib-fs2-q1-findall,2397,727,2026-08-10T07:01:31.009Z
2^2.2E6(2),306129918735099415756800,false,0,true,2026-08-10T06:58:19.62Z,1.12.6,1.9.0-DEV,428070c0f9ad,4.16.0,1.3.11,ctbllib-fs2-q1-findall,2397,728,2026-08-10T07:01:32.008Z
2^2.2E6(2).2,612259837470198831513600,false,0,true,2026-08-10T06:58:19.62Z,1.12.6,1.9.0-DEV,428070c0f9ad,4.16.0,1.3.11,ctbllib-fs2-q1-findall,2397,729,2026-08-10T07:01:32.44Z
2^2.2E6(2).3,918389756205298247270400,false,0,true,2026-08-10T06:58:19.62Z,1.12.6,1.9.0-DEV,428070c0f9ad,4.16.0,1.3.11,ctbllib-fs2-q1-findall,2397,730,2026-08-10T07:01:33.022Z
2^2.2E6(2).3.2,1836779512410596494540800,false,0,true,2026-08-10T06:58:19.62Z,1.12.6,1.9.0-DEV,428070c0f9ad,4.16.0,1.3.11,ctbllib-fs2-q1-findall,2397,731,2026-08-10T07:01:33.526Z
2^2.2^(1+8)_+:U4(2),53084160,false,0,true,2026-08-10T06:58:19.62Z,1.12.6,1.9.0-DEV,428070c0f9ad,4.16.0,1.3.11,ctbllib-fs2-q1-findall,2397,732,2026-08-10T07:01:33.745Z
2^2.2^(3+3):7,1792,true,0,true,2026-08-10T06:58:19.62Z,1.12.6,1.9.0-DEV,428070c0f9ad,4.16.0,1.3.11,ctbllib-fs2-q1-findall,2397,733,2026-08-10T07:01:33.828Z
2^2.2^(4+8):(S3xA5),5898240,false,0,true,2026-08-10T06:58:19.62Z,1.12.6,1.9.0-DEV,428070c0f9ad,4.16.0,1.3.11,ctbllib-fs2-q1-findall,2397,734,2026-08-10T07:01:35.605Z
2^2.2^8:s3,6144,true,0,true,2026-08-10T06:58:19.62Z,1.12.6,1.9.0-DEV,428070c0f9ad,4.16.0,1.3.11,ctbllib-fs2-q1-findall,2397,735,2026-08-10T07:01:35.617Z
2^2.Fi22.2,516494013235200,false,0,true,2026-08-10T06:58:19.62Z,1.12.6,1.9.0-DEV,428070c0f9ad,4.16.0,1.3.11,ctbllib-fs2-q1-findall,2397,736,2026-08-10T07:01:36.195Z
2^2.L3(4),80640,false,0,true,2026-08-10T06:58:19.62Z,1.12.6,1.9.0-DEV,428070c0f9ad,4.16.0,1.3.11,ctbllib-fs2-q1-findall,2397,737,2026-08-10T07:01:36.222Z
2^2.L3(4).2^2,322560,false,0,true,2026-08-10T06:58:19.62Z,1.12.6,1.9.0-DEV,428070c0f9ad,4.16.0,1.3.11,ctbllib-fs2-q1-findall,2397,738,2026-08-10T07:01:36.231Z
2^2.L3(4).2_1,161280,false,0,true,2026-08-10T06:58:19.62Z,1.12.6,1.9.0-DEV,428070c0f9ad,4.16.0,1.3.11,ctbllib-fs2-q1-findall,2397,739,2026-08-10T07:01:36.236Z
2^2.L3(4).2_2,161280,false,0,true,2026-08-10T06:58:19.62Z,1.12.6,1.9.0-DEV,428070c0f9ad,4.16.0,1.3.11,ctbllib-fs2-q1-findall,2397,740,2026-08-10T07:01:36.245Z
2^2.L3(4).2_3,161280,false,0,true,2026-08-10T06:58:19.62Z,1.12.6,1.9.0-DEV,428070c0f9ad,4.16.0,1.3.11,ctbllib-fs2-q1-findall,2397,741,2026-08-10T07:01:36.254Z
2^2.L3(4).3,241920,false,0,true,2026-08-10T06:58:19.62Z,1.12.6,1.9.0-DEV,428070c0f9ad,4.16.0,1.3.11,ctbllib-fs2-q1-findall,2397,742,2026-08-10T07:01:36.265Z
2^2.L3(4).3.2_2,483840,false,0,true,2026-08-10T06:58:19.62Z,1.12.6,1.9.0-DEV,428070c0f9ad,4.16.0,1.3.11,ctbllib-fs2-q1-findall,2397,743,2026-08-10T07:01:36.273Z
2^2.L3(4).3.2_3,483840,false,0,true,2026-08-10T06:58:19.62Z,1.12.6,1.9.0-DEV,428070c0f9ad,4.16.0,1.3.11,ctbllib-fs2-q1-findall,2397,744,2026-08-10T07:01:36.282Z
2^2.L3(4).6,483840,false,0,true,2026-08-10T06:58:19.62Z,1.12.6,1.9.0-DEV,428070c0f9ad,4.16.0,1.3.11,ctbllib-fs2-q1-findall,2397,745,2026-08-10T07:01:36.289Z
2^2.L3(4).D12,967680,false,0,true,2026-08-10T06:58:19.62Z,1.12.6,1.9.0-DEV,428070c0f9ad,4.16.0,1.3.11,ctbllib-fs2-q1-findall,2397,746,2026-08-10T07:01:36.296Z
2^2.O8+(2),696729600,false,0,true,2026-08-10T06:58:19.62Z,1.12.6,1.9.0-DEV,428070c0f9ad,4.16.0,1.3.11,ctbllib-fs2-q1-findall,2397,747,2026-08-10T07:01:36.39Z
2^2.O8+(2).2,1393459200,false,0,true,2026-08-10T06:58:19.62Z,1.12.6,1.9.0-DEV,428070c0f9ad,4.16.0,1.3.11,ctbllib-fs2-q1-findall,2397,748,2026-08-10T07:01:36.446Z
2^2.O8+(2).3,2090188800,false,0,true,2026-08-10T06:58:19.62Z,1.12.6,1.9.0-DEV,428070c0f9ad,4.16.0,1.3.11,ctbllib-fs2-q1-findall,2397,749,2026-08-10T07:01:36.474Z
2^2.O8+(2).3.2,4180377600,false,0,true,2026-08-10T06:58:19.62Z,1.12.6,1.9.0-DEV,428070c0f9ad,4.16.0,1.3.11,ctbllib-fs2-q1-findall,2397,750,2026-08-10T07:01:36.511Z
2^2.O8+(3),19808719257600,false,0,true,2026-08-10T06:58:19.62Z,1.12.6,1.9.0-DEV,428070c0f9ad,4.16.0,1.3.11,ctbllib-fs2-q1-findall,2397,751,2026-08-10T07:01:36.829Z
2^2.O8+(3).3,59426157772800,false,0,true,2026-08-10T06:58:19.62Z,1.12.6,1.9.0-DEV,428070c0f9ad,4.16.0,1.3.11,ctbllib-fs2-q1-findall,2397,752,2026-08-10T07:01:36.939Z
2^2.S6,2880,false,0,true,2026-08-10T06:58:19.62Z,1.12.6,1.9.0-DEV,428070c0f9ad,4.16.0,1.3.11,ctbllib-fs2-q1-findall,2397,753,2026-08-10T07:01:36.972Z
2^2.Sz(8),116480,false,0,true,2026-08-10T06:58:19.62Z,1.12.6,1.9.0-DEV,428070c0f9ad,4.16.0,1.3.11,ctbllib-fs2-q1-findall,2397,754,2026-08-10T07:01:37.002Z
2^2.Sz(8).3,349440,false,0,true,2026-08-10T06:58:19.62Z,1.12.6,1.9.0-DEV,428070c0f9ad,4.16.0,1.3.11,ctbllib-fs2-q1-findall,2397,755,2026-08-10T07:01:37.008Z
2^2.U4(3).(2^2)_{122},52254720,false,0,true,2026-08-10T06:58:19.62Z,1.12.6,1.9.0-DEV,428070c0f9ad,4.16.0,1.3.11,ctbllib-fs2-q1-findall,2397,756,2026-08-10T07:01:37.386Z
2^2.U6(2),36787322880,false,0,true,2026-08-10T06:58:19.62Z,1.12.6,1.9.0-DEV,428070c0f9ad,4.16.0,1.3.11,ctbllib-fs2-q1-findall,2397,757,2026-08-10T07:01:38.017Z
2^2.U6(2).2,73574645760,false,0,true,2026-08-10T06:58:19.62Z,1.12.6,1.9.0-DEV,428070c0f9ad,4.16.0,1.3.11,ctbllib-fs2-q1-findall,2397,758,2026-08-10T07:01:38.075Z
2^2.U6(2).3,110361968640,false,0,true,2026-08-10T06:58:19.62Z,1.12.6,1.9.0-DEV,428070c0f9ad,4.16.0,1.3.11,ctbllib-fs2-q1-findall,2397,759,2026-08-10T07:01:38.163Z
2^2.U6(2).3.2,220723937280,false,0,true,2026-08-10T06:58:19.62Z,1.12.6,1.9.0-DEV,428070c0f9ad,4.16.0,1.3.11,ctbllib-fs2-q1-findall,2397,760,2026-08-10T07:01:38.222Z
2^2.U6(2):S3x2,441447874560,false,0,true,2026-08-10T06:58:19.62Z,1.12.6,1.9.0-DEV,428070c0f9ad,4.16.0,1.3.11,ctbllib-fs2-q1-findall,2397,761,2026-08-10T07:01:38.566Z
2^2.U6(2)M3,41287680,false,0,true,2026-08-10T06:58:19.62Z,1.12.6,1.9.0-DEV,428070c0f9ad,4.16.0,1.3.11,ctbllib-fs2-q1-findall,2397,762,2026-08-10T07:01:38.656Z
2^2.[2^6].(S3xS3),9216,true,0,true,2026-08-10T06:58:19.62Z,1.12.6,1.9.0-DEV,428070c0f9ad,4.16.0,1.3.11,ctbllib-fs2-q1-findall,2397,763,2026-08-10T07:01:38.692Z
2^2.[2^7*3^2].S3,27648,true,0,true,2026-08-10T06:58:19.62Z,1.12.6,1.9.0-DEV,428070c0f9ad,4.16.0,1.3.11,ctbllib-fs2-q1-findall,2397,764,2026-08-10T07:01:38.73Z
2^2.[2^9]:(7:3xS3),258048,true,0,true,2026-08-10T06:58:19.62Z,1.12.6,1.9.0-DEV,428070c0f9ad,4.16.0,1.3.11,ctbllib-fs2-q1-findall,2397,765,2026-08-10T07:01:38.753Z
2^2.[2^9]:(7xS3),86016,true,0,true,2026-08-10T06:58:19.62Z,1.12.6,1.9.0-DEV,428070c0f9ad,4.16.0,1.3.11,ctbllib-fs2-q1-findall,2397,766,2026-08-10T07:01:38.763Z
2^2.[2^9]:S3,12288,true,0,true,2026-08-10T06:58:19.62Z,1.12.6,1.9.0-DEV,428070c0f9ad,4.16.0,1.3.11,ctbllib-fs2-q1-findall,2397,767,2026-08-10T07:01:38.777Z
2^24.Co1,69755919563168164085760000,false,0,true,2026-08-10T06:58:19.62Z,1.12.6,1.9.0-DEV,428070c0f9ad,4.16.0,1.3.11,ctbllib-fs2-q1-findall,2397,768,2026-08-10T07:01:39.232Z
2^2:S4,96,true,0,true,2026-08-10T06:58:19.62Z,1.12.6,1.9.0-DEV,428070c0f9ad,4.16.0,1.3.11,ctbllib-fs2-q1-findall,2397,769,2026-08-10T07:01:39.236Z
2^2x11:5,220,true,0,true,2026-08-10T06:58:19.62Z,1.12.6,1.9.0-DEV,428070c0f9ad,4.16.0,1.3.11,ctbllib-fs2-q1-findall,2397,770,2026-08-10T07:01:39.571Z
2^2x13:4,208,true,0,true,2026-08-10T06:58:19.62Z,1.12.6,1.9.0-DEV,428070c0f9ad,4.16.0,1.3.11,ctbllib-fs2-q1-findall,2397,771,2026-08-10T07:01:39.701Z
2^2x3^2.2.S4,1728,true,0,true,2026-08-10T06:58:19.62Z,1.12.6,1.9.0-DEV,428070c0f9ad,4.16.0,1.3.11,ctbllib-fs2-q1-findall,2397,772,2026-08-10T07:01:40.353Z
2^2x3xS3xU4(2),1866240,false,0,true,2026-08-10T06:58:19.62Z,1.12.6,1.9.0-DEV,428070c0f9ad,4.16.0,1.3.11,ctbllib-fs2-q1-findall,2397,773,2026-08-10T07:01:43.845Z
2^2x3xS6(2),17418240,false,0,true,2026-08-10T06:58:19.62Z,1.12.6,1.9.0-DEV,428070c0f9ad,4.16.0,1.3.11,ctbllib-fs2-q1-findall,2397,774,2026-08-10T07:01:44.378Z
2^2x3xU5(2),164229120,false,0,true,2026-08-10T06:58:19.62Z,1.12.6,1.9.0-DEV,428070c0f9ad,4.16.0,1.3.11,ctbllib-fs2-q1-findall,2397,775,2026-08-10T07:01:45.822Z
2^2xA6,1440,false,0,true,2026-08-10T06:58:19.62Z,1.12.6,1.9.0-DEV,428070c0f9ad,4.16.0,1.3.11,ctbllib-fs2-q1-findall,2397,776,2026-08-10T07:01:45.883Z
2^2xD14,56,true,0,true,2026-08-10T06:58:19.62Z,1.12.6,1.9.0-DEV,428070c0f9ad,4.16.0,1.3.11,ctbllib-fs2-q1-findall,2397,777,2026-08-10T07:01:45.979Z
2^2xF4(2),13244506413465600,false,0,true,2026-08-10T06:58:19.62Z,1.12.6,1.9.0-DEV,428070c0f9ad,4.16.0,1.3.11,ctbllib-fs2-q1-findall,2397,778,2026-08-10T07:01:47.385Z
2^2xL2(7),672,false,0,true,2026-08-10T06:58:19.62Z,1.12.6,1.9.0-DEV,428070c0f9ad,4.16.0,1.3.11,ctbllib-fs2-q1-findall,2397,779,2026-08-10T07:01:47.42Z
2^2xS3xU4(2),622080,false,0,true,2026-08-10T06:58:19.62Z,1.12.6,1.9.0-DEV,428070c0f9ad,4.16.0,1.3.11,ctbllib-fs2-q1-findall,2397,780,2026-08-10T07:01:47.709Z
2^2xS6(2),5806080,false,0,true,2026-08-10T06:58:19.62Z,1.12.6,1.9.0-DEV,428070c0f9ad,4.16.0,1.3.11,ctbllib-fs2-q1-findall,2397,781,2026-08-10T07:01:47.86Z
2^2xU5(2),54743040,false,0,true,2026-08-10T06:58:19.62Z,1.12.6,1.9.0-DEV,428070c0f9ad,4.16.0,1.3.11,ctbllib-fs2-q1-findall,2397,782,2026-08-10T07:01:48.114Z
2^3,8,true,0,true,2026-08-10T06:58:19.62Z,1.12.6,1.9.0-DEV,428070c0f9ad,4.16.0,1.3.11,ctbllib-fs2-q1-findall,2397,783,2026-08-10T07:01:48.118Z
2^3+8:L3(2),344064,false,0,true,2026-08-10T06:58:19.62Z,1.12.6,1.9.0-DEV,428070c0f9ad,4.16.0,1.3.11,ctbllib-fs2-q1-findall,2397,784,2026-08-10T07:01:48.17Z
2^3.(2x2^(1+3+3+3).L3(2)),2752512,false,0,true,2026-08-10T06:58:19.62Z,1.12.6,1.9.0-DEV,428070c0f9ad,4.16.0,1.3.11,ctbllib-fs2-q1-findall,2397,785,2026-08-10T07:01:48.528Z
2^3.(2x2^3.L3(2)),21504,false,0,true,2026-08-10T06:58:19.62Z,1.12.6,1.9.0-DEV,428070c0f9ad,4.16.0,1.3.11,ctbllib-fs2-q1-findall,2397,786,2026-08-10T07:01:48.534Z
2^3.(S4x2),384,true,0,true,2026-08-10T06:58:19.62Z,1.12.6,1.9.0-DEV,428070c0f9ad,4.16.0,1.3.11,ctbllib-fs2-q1-findall,2397,787,2026-08-10T07:01:48.55Z
2^3.2^2.2^6.(3xL3(2)),1032192,false,0,true,2026-08-10T06:58:19.62Z,1.12.6,1.9.0-DEV,428070c0f9ad,4.16.0,1.3.11,ctbllib-fs2-q1-findall,2397,788,2026-08-10T07:01:48.614Z
2^3.2^2.2^6.(S3xL3(2)),2064384,false,0,true,2026-08-10T06:58:19.62Z,1.12.6,1.9.0-DEV,428070c0f9ad,4.16.0,1.3.11,ctbllib-fs2-q1-findall,2397,789,2026-08-10T07:01:48.631Z
2^3.7.3,168,true,0,true,2026-08-10T06:58:19.62Z,1.12.6,1.9.0-DEV,428070c0f9ad,4.16.0,1.3.11,ctbllib-fs2-q1-findall,2397,790,2026-08-10T07:01:48.667Z
2^3.D8,64,true,0,true,2026-08-10T06:58:19.62Z,1.12.6,1.9.0-DEV,428070c0f9ad,4.16.0,1.3.11,ctbllib-fs2-q1-findall,2397,791,2026-08-10T07:01:48.671Z
2^3.L3(2),1344,false,0,true,2026-08-10T06:58:19.62Z,1.12.6,1.9.0-DEV,428070c0f9ad,4.16.0,1.3.11,ctbllib-fs2-q1-findall,2397,792,2026-08-10T07:01:48.779Z
2^3.L3(2):2,2688,false,0,true,2026-08-10T06:58:19.62Z,1.12.6,1.9.0-DEV,428070c0f9ad,4.16.0,1.3.11,ctbllib-fs2-q1-findall,2397,793,2026-08-10T07:01:48.811Z
2^3.S4v1,192,true,0,true,2026-08-10T06:58:19.62Z,1.12.6,1.9.0-DEV,428070c0f9ad,4.16.0,1.3.11,ctbllib-fs2-q1-findall,2397,794,2026-08-10T07:01:48.816Z
2^3.S4v2,192,true,0,true,2026-08-10T06:58:19.62Z,1.12.6,1.9.0-DEV,428070c0f9ad,4.16.0,1.3.11,ctbllib-fs2-q1-findall,2397,795,2026-08-10T07:01:48.817Z
2^3:7,56,true,0,true,2026-08-10T06:58:19.62Z,1.12.6,1.9.0-DEV,428070c0f9ad,4.16.0,1.3.11,ctbllib-fs2-q1-findall,2397,796,2026-08-10T07:01:48.819Z
2^3:L3(2)xS3,8064,false,0,true,2026-08-10T06:58:19.62Z,1.12.6,1.9.0-DEV,428070c0f9ad,4.16.0,1.3.11,ctbllib-fs2-q1-findall,2397,797,2026-08-10T07:01:48.84Z
"2^3:sl(3,2)",1344,false,0,true,2026-08-10T06:58:19.62Z,1.12.6,1.9.0-DEV,428070c0f9ad,4.16.0,1.3.11,ctbllib-fs2-q1-findall,2397,798,2026-08-10T07:01:48.848Z
2^4+6:3a6,1105920,false,0,true,2026-08-10T06:58:19.62Z,1.12.6,1.9.0-DEV,428070c0f9ad,4.16.0,1.3.11,ctbllib-fs2-q1-findall,2397,799,2026-08-10T07:01:48.909Z
2^4.(S4x2),768,true,0,true,2026-08-10T06:58:19.62Z,1.12.6,1.9.0-DEV,428070c0f9ad,4.16.0,1.3.11,ctbllib-fs2-q1-findall,2397,800,2026-08-10T07:01:48.913Z
2^4.a8,322560,false,0,true,2026-08-10T06:58:19.62Z,1.12.6,1.9.0-DEV,428070c0f9ad,4.16.0,1.3.11,ctbllib-fs2-q1-findall,2397,801,2026-08-10T07:01:48.95Z
2^4.s6,11520,false,0,true,2026-08-10T06:58:19.62Z,1.12.6,1.9.0-DEV,428070c0f9ad,4.16.0,1.3.11,ctbllib-fs2-q1-findall,2397,802,2026-08-10T07:01:49.002Z
2^4:(3x3):2,288,true,0,true,2026-08-10T06:58:19.62Z,1.12.6,1.9.0-DEV,428070c0f9ad,4.16.0,1.3.11,ctbllib-fs2-q1-findall,2397,803,2026-08-10T07:01:49.006Z
2^4:(3xA5).2,5760,false,0,true,2026-08-10T06:58:19.62Z,1.12.6,1.9.0-DEV,428070c0f9ad,4.16.0,1.3.11,ctbllib-fs2-q1-findall,2397,804,2026-08-10T07:01:49.015Z
2^4:(S3xS3),576,true,0,true,2026-08-10T06:58:19.62Z,1.12.6,1.9.0-DEV,428070c0f9ad,4.16.0,1.3.11,ctbllib-fs2-q1-findall,2397,805,2026-08-10T07:01:49.029Z
2^4:3.S6,34560,false,0,true,2026-08-10T06:58:19.62Z,1.12.6,1.9.0-DEV,428070c0f9ad,4.16.0,1.3.11,ctbllib-fs2-q1-findall,2397,806,2026-08-10T07:01:49.04Z
2^4:3^2:4,576,true,0,true,2026-08-10T06:58:19.62Z,1.12.6,1.9.0-DEV,428070c0f9ad,4.16.0,1.3.11,ctbllib-fs2-q1-findall,2397,807,2026-08-10T07:01:49.092Z
2^4:A4,192,true,0,true,2026-08-10T06:58:19.62Z,1.12.6,1.9.0-DEV,428070c0f9ad,4.16.0,1.3.11,ctbllib-fs2-q1-findall,2397,808,2026-08-10T07:01:49.714Z
2^4:A4b,192,true,0,true,2026-08-10T06:58:19.62Z,1.12.6,1.9.0-DEV,428070c0f9ad,4.16.0,1.3.11,ctbllib-fs2-q1-findall,2397,809,2026-08-10T07:01:49.716Z
2^4:A5,960,false,0,true,2026-08-10T06:58:19.62Z,1.12.6,1.9.0-DEV,428070c0f9ad,4.16.0,1.3.11,ctbllib-fs2-q1-findall,2397,810,2026-08-10T07:01:49.72Z
2^4:D8,128,true,0,true,2026-08-10T06:58:19.62Z,1.12.6,1.9.0-DEV,428070c0f9ad,4.16.0,1.3.11,ctbllib-fs2-q1-findall,2397,811,2026-08-10T07:01:49.754Z
2^4:a6,5760,false,0,true,2026-08-10T06:58:19.62Z,1.12.6,1.9.0-DEV,428070c0f9ad,4.16.0,1.3.11,ctbllib-fs2-q1-findall,2397,812,2026-08-10T07:01:49.762Z
2^4:a7,40320,false,0,true,2026-08-10T06:58:19.62Z,1.12.6,1.9.0-DEV,428070c0f9ad,4.16.0,1.3.11,ctbllib-fs2-q1-findall,2397,813,2026-08-10T07:01:49.764Z
2^4:a8,322560,false,0,true,2026-08-10T06:58:19.62Z,1.12.6,1.9.0-DEV,428070c0f9ad,4.16.0,1.3.11,ctbllib-fs2-q1-findall,2397,814,2026-08-10T07:01:49.769Z
2^4:s5,1920,false,0,true,2026-08-10T06:58:19.62Z,1.12.6,1.9.0-DEV,428070c0f9ad,4.16.0,1.3.11,ctbllib-fs2-q1-findall,2397,815,2026-08-10T07:01:49.771Z
2^5.2^4.L4(2),10321920,false,0,true,2026-08-10T06:58:19.62Z,1.12.6,1.9.0-DEV,428070c0f9ad,4.16.0,1.3.11,ctbllib-fs2-q1-findall,2397,816,2026-08-10T07:01:50.044Z
2^5.2^6.(2xL3(2)),688128,false,0,true,2026-08-10T06:58:19.62Z,1.12.6,1.9.0-DEV,428070c0f9ad,4.16.0,1.3.11,ctbllib-fs2-q1-findall,2397,817,2026-08-10T07:01:50.059Z
2^5.2^6.D8.S3,98304,true,0,true,2026-08-10T06:58:19.62Z,1.12.6,1.9.0-DEV,428070c0f9ad,4.16.0,1.3.11,ctbllib-fs2-q1-findall,2397,818,2026-08-10T07:01:50.077Z
2^5.S6,23040,false,0,true,2026-08-10T06:58:19.62Z,1.12.6,1.9.0-DEV,428070c0f9ad,4.16.0,1.3.11,ctbllib-fs2-q1-findall,2397,819,2026-08-10T07:01:50.129Z
"2^5.psl(5,2)",319979520,false,0,true,2026-08-10T06:58:19.62Z,1.12.6,1.9.0-DEV,428070c0f9ad,4.16.0,1.3.11,ctbllib-fs2-q1-findall,2397,820,2026-08-10T07:01:50.147Z
2^5:A6,11520,false,0,true,2026-08-10T06:58:19.62Z,1.12.6,1.9.0-DEV,428070c0f9ad,4.16.0,1.3.11,ctbllib-fs2-q1-findall,2397,821,2026-08-10T07:01:50.414Z
2^5:L5(2),319979520,false,0,true,2026-08-10T06:58:19.62Z,1.12.6,1.9.0-DEV,428070c0f9ad,4.16.0,1.3.11,ctbllib-fs2-q1-findall,2397,822,2026-08-10T07:01:50.493Z
2^5:S6,23040,false,0,true,2026-08-10T06:58:19.62Z,1.12.6,1.9.0-DEV,428070c0f9ad,4.16.0,1.3.11,ctbllib-fs2-q1-findall,2397,823,2026-08-10T07:01:50.52Z
2^6.2^5.S6,1474560,false,0,true,2026-08-10T06:58:19.62Z,1.12.6,1.9.0-DEV,428070c0f9ad,4.16.0,1.3.11,ctbllib-fs2-q1-findall,2397,824,2026-08-10T07:01:50.837Z
2^6.U4(2),1658880,false,0,true,2026-08-10T06:58:19.62Z,1.12.6,1.9.0-DEV,428070c0f9ad,4.16.0,1.3.11,ctbllib-fs2-q1-findall,2397,825,2026-08-10T07:01:52.15Z
2^6.U4(2).2,3317760,false,0,true,2026-08-10T06:58:19.62Z,1.12.6,1.9.0-DEV,428070c0f9ad,4.16.0,1.3.11,ctbllib-fs2-q1-findall,2397,826,2026-08-10T07:01:52.163Z
2^6:(3xA5),11520,false,0,true,2026-08-10T06:58:19.62Z,1.12.6,1.9.0-DEV,428070c0f9ad,4.16.0,1.3.11,ctbllib-fs2-q1-findall,2397,827,2026-08-10T07:01:52.196Z
2^6:(3xA5):2,23040,false,0,true,2026-08-10T06:58:19.62Z,1.12.6,1.9.0-DEV,428070c0f9ad,4.16.0,1.3.11,ctbllib-fs2-q1-findall,2397,828,2026-08-10T07:01:52.2Z
2^6:(7xL2(8)),225792,false,0,true,2026-08-10T06:58:19.62Z,1.12.6,1.9.0-DEV,428070c0f9ad,4.16.0,1.3.11,ctbllib-fs2-q1-findall,2397,829,2026-08-10T07:01:52.269Z
"2^6:(psl(3,2)xs3)",64512,false,0,true,2026-08-10T06:58:19.62Z,1.12.6,1.9.0-DEV,428070c0f9ad,4.16.0,1.3.11,ctbllib-fs2-q1-findall,2397,830,2026-08-10T07:01:52.28Z
2^6:3.s6,138240,false,0,true,2026-08-10T06:58:19.62Z,1.12.6,1.9.0-DEV,428070c0f9ad,4.16.0,1.3.11,ctbllib-fs2-q1-findall,2397,831,2026-08-10T07:01:52.285Z
2^6:3A7,483840,false,0,true,2026-08-10T06:58:19.62Z,1.12.6,1.9.0-DEV,428070c0f9ad,4.16.0,1.3.11,ctbllib-fs2-q1-findall,2397,832,2026-08-10T07:01:52.391Z
2^6:3^(1+2).D8,13824,true,0,true,2026-08-10T06:58:19.62Z,1.12.6,1.9.0-DEV,428070c0f9ad,4.16.0,1.3.11,ctbllib-fs2-q1-findall,2397,833,2026-08-10T07:01:52.444Z
2^6:3^3:S4,41472,true,0,true,2026-08-10T06:58:19.62Z,1.12.6,1.9.0-DEV,428070c0f9ad,4.16.0,1.3.11,ctbllib-fs2-q1-findall,2397,834,2026-08-10T07:01:52.478Z
2^6:A8,1290240,false,0,true,2026-08-10T06:58:19.62Z,1.12.6,1.9.0-DEV,428070c0f9ad,4.16.0,1.3.11,ctbllib-fs2-q1-findall,2397,835,2026-08-10T07:01:52.497Z
2^6:L6(2),1290157424640,false,0,true,2026-08-10T06:58:19.62Z,1.12.6,1.9.0-DEV,428070c0f9ad,4.16.0,1.3.11,ctbllib-fs2-q1-findall,2397,836,2026-08-10T07:01:52.625Z
2^6:S4a,1536,true,0,true,2026-08-10T06:58:19.62Z,1.12.6,1.9.0-DEV,428070c0f9ad,4.16.0,1.3.11,ctbllib-fs2-q1-findall,2397,837,2026-08-10T07:01:52.89Z
2^6:S4b,1536,true,0,true,2026-08-10T06:58:19.62Z,1.12.6,1.9.0-DEV,428070c0f9ad,4.16.0,1.3.11,ctbllib-fs2-q1-findall,2397,838,2026-08-10T07:01:52.896Z
2^6:S5,7680,false,0,true,2026-08-10T06:58:19.62Z,1.12.6,1.9.0-DEV,428070c0f9ad,4.16.0,1.3.11,ctbllib-fs2-q1-findall,2397,839,2026-08-10T07:01:52.956Z
2^6:S6,46080,false,0,true,2026-08-10T06:58:19.62Z,1.12.6,1.9.0-DEV,428070c0f9ad,4.16.0,1.3.11,ctbllib-fs2-q1-findall,2397,840,2026-08-10T07:01:52.986Z
2^6:S7,322560,false,0,true,2026-08-10T06:58:19.62Z,1.12.6,1.9.0-DEV,428070c0f9ad,4.16.0,1.3.11,ctbllib-fs2-q1-findall,2397,841,2026-08-10T07:01:53.265Z
2^6:S8,2580480,false,0,true,2026-08-10T06:58:19.62Z,1.12.6,1.9.0-DEV,428070c0f9ad,4.16.0,1.3.11,ctbllib-fs2-q1-findall,2397,842,2026-08-10T07:01:53.333Z
2^6:U4(2).2,3317760,false,0,true,2026-08-10T06:58:19.62Z,1.12.6,1.9.0-DEV,428070c0f9ad,4.16.0,1.3.11,ctbllib-fs2-q1-findall,2397,843,2026-08-10T07:01:53.395Z
2^6:s6f2,92897280,false,0,true,2026-08-10T06:58:19.62Z,1.12.6,1.9.0-DEV,428070c0f9ad,4.16.0,1.3.11,ctbllib-fs2-q1-findall,2397,844,2026-08-10T07:01:53.42Z
2^6:u3(3),387072,false,0,true,2026-08-10T06:58:19.62Z,1.12.6,1.9.0-DEV,428070c0f9ad,4.16.0,1.3.11,ctbllib-fs2-q1-findall,2397,845,2026-08-10T07:01:53.433Z
2^6:u3(3):2,774144,false,0,true,2026-08-10T06:58:19.62Z,1.12.6,1.9.0-DEV,428070c0f9ad,4.16.0,1.3.11,ctbllib-fs2-q1-findall,2397,846,2026-08-10T07:01:53.485Z
2^7:S6(2),185794560,false,0,true,2026-08-10T06:58:19.62Z,1.12.6,1.9.0-DEV,428070c0f9ad,4.16.0,1.3.11,ctbllib-fs2-q1-findall,2397,847,2026-08-10T07:01:53.643Z
2^8.A9,46448640,false,0,true,2026-08-10T06:58:19.62Z,1.12.6,1.9.0-DEV,428070c0f9ad,4.16.0,1.3.11,ctbllib-fs2-q1-findall,2397,848,2026-08-10T07:01:53.688Z
2^8:O8+(2),44590694400,false,0,true,2026-08-10T06:58:19.62Z,1.12.6,1.9.0-DEV,428070c0f9ad,4.16.0,1.3.11,ctbllib-fs2-q1-findall,2397,849,2026-08-10T07:01:53.871Z
2^8:O8+(2):2,89181388800,false,0,true,2026-08-10T06:58:19.62Z,1.12.6,1.9.0-DEV,428070c0f9ad,4.16.0,1.3.11,ctbllib-fs2-q1-findall,2397,850,2026-08-10T07:01:54.04Z
2^8:O8-(2),50536120320,false,0,true,2026-08-10T06:58:19.62Z,1.12.6,1.9.0-DEV,428070c0f9ad,4.16.0,1.3.11,ctbllib-fs2-q1-findall,2397,851,2026-08-10T07:01:54.148Z
2^8:O8-(2):2,101072240640,false,0,true,2026-08-10T06:58:19.62Z,1.12.6,1.9.0-DEV,428070c0f9ad,4.16.0,1.3.11,ctbllib-fs2-q1-findall,2397,852,2026-08-10T07:01:54.697Z
2^8:S6(2),371589120,false,0,true,2026-08-10T06:58:19.62Z,1.12.6,1.9.0-DEV,428070c0f9ad,4.16.0,1.3.11,ctbllib-fs2-q1-findall,2397,853,2026-08-10T07:01:54.766Z
2^8:S8,10321920,false,0,true,2026-08-10T06:58:19.62Z,1.12.6,1.9.0-DEV,428070c0f9ad,4.16.0,1.3.11,ctbllib-fs2-q1-findall,2397,854,2026-08-10T07:01:54.778Z
2^8:S8(2),12128668876800,false,0,true,2026-08-10T06:58:19.62Z,1.12.6,1.9.0-DEV,428070c0f9ad,4.16.0,1.3.11,ctbllib-fs2-q1-findall,2397,855,2026-08-10T07:01:55.046Z
2^9.2^4.A5a,491520,false,0,true,2026-08-10T06:58:19.62Z,1.12.6,1.9.0-DEV,428070c0f9ad,4.16.0,1.3.11,ctbllib-fs2-q1-findall,2397,856,2026-08-10T07:01:55.317Z
2^9.2^4.A5b,491520,false,0,true,2026-08-10T06:58:19.62Z,1.12.6,1.9.0-DEV,428070c0f9ad,4.16.0,1.3.11,ctbllib-fs2-q1-findall,2397,857,2026-08-10T07:01:55.33Z
2^9.L3(4),10321920,false,0,true,2026-08-10T06:58:19.62Z,1.12.6,1.9.0-DEV,428070c0f9ad,4.16.0,1.3.11,ctbllib-fs2-q1-findall,2397,858,2026-08-10T07:01:55.39Z
2^[39].(L3(2)x3.S6),199495389743677440,false,0,true,2026-08-10T06:58:19.62Z,1.12.6,1.9.0-DEV,428070c0f9ad,4.16.0,1.3.11,ctbllib-fs2-q1-findall,2397,859,2026-08-10T07:02:01.731Z
2^{1+4}_-:2A5,3840,false,0,true,2026-08-10T06:58:19.62Z,1.12.6,1.9.0-DEV,428070c0f9ad,4.16.0,1.3.11,ctbllib-fs2-q1-findall,2397,860,2026-08-10T07:02:01.751Z
2^{1+6}:3^{1+2}:2A4,82944,true,0,true,2026-08-10T06:58:19.62Z,1.12.6,1.9.0-DEV,428070c0f9ad,4.16.0,1.3.11,ctbllib-fs2-q1-findall,2397,861,2026-08-10T07:02:01.778Z
2^{1+8}_+:(S3xA5),184320,false,0,true,2026-08-10T06:58:19.62Z,1.12.6,1.9.0-DEV,428070c0f9ad,4.16.0,1.3.11,ctbllib-fs2-q1-findall,2397,862,2026-08-10T07:02:01.82Z
2^{3+4}:(3xS3),2304,true,0,true,2026-08-10T06:58:19.62Z,1.12.6,1.9.0-DEV,428070c0f9ad,4.16.0,1.3.11,ctbllib-fs2-q1-findall,2397,863,2026-08-10T07:02:01.84Z
2^{3+6}:(L3(2)x3),258048,false,0,true,2026-08-10T06:58:19.62Z,1.12.6,1.9.0-DEV,428070c0f9ad,4.16.0,1.3.11,ctbllib-fs2-q1-findall,2397,864,2026-08-10T07:02:01.88Z
2_1.O12+(3),13525689401217540476505921945600,false,0,true,2026-08-10T06:58:19.62Z,1.12.6,1.9.0-DEV,428070c0f9ad,4.16.0,1.3.11,ctbllib-fs2-q1-findall,2397,865,2026-08-10T07:02:23.145Z
2x(3.A7),15120,false,0,true,2026-08-10T06:58:19.62Z,1.12.6,1.9.0-DEV,428070c0f9ad,4.16.0,1.3.11,ctbllib-fs2-q1-findall,2397,866,2026-08-10T07:02:23.205Z
2x(3^(1+6).3)a.2.S4,629856,true,0,true,2026-08-10T06:58:19.62Z,1.12.6,1.9.0-DEV,428070c0f9ad,4.16.0,1.3.11,ctbllib-fs2-q1-findall,2397,867,2026-08-10T07:02:23.534Z
2x(3^2.QD16),288,true,0,true,2026-08-10T06:58:19.62Z,1.12.6,1.9.0-DEV,428070c0f9ad,4.16.0,1.3.11,ctbllib-fs2-q1-findall,2397,868,2026-08-10T07:02:23.571Z
2x(3x2.U4(2)):2,622080,false,0,true,2026-08-10T06:58:19.62Z,1.12.6,1.9.0-DEV,428070c0f9ad,4.16.0,1.3.11,ctbllib-fs2-q1-findall,2397,869,2026-08-10T07:02:23.72Z
2x(3xU4(2)):2,311040,false,0,true,2026-08-10T06:58:19.62Z,1.12.6,1.9.0-DEV,428070c0f9ad,4.16.0,1.3.11,ctbllib-fs2-q1-findall,2397,870,2026-08-10T07:02:23.831Z
2x(7:3xL2(7)):2,14112,false,0,true,2026-08-10T06:58:19.62Z,1.12.6,1.9.0-DEV,428070c0f9ad,4.16.0,1.3.11,ctbllib-fs2-q1-findall,2397,871,2026-08-10T07:02:24.163Z
2x(A4x3):2,144,true,0,true,2026-08-10T06:58:19.62Z,1.12.6,1.9.0-DEV,428070c0f9ad,4.16.0,1.3.11,ctbllib-fs2-q1-findall,2397,872,2026-08-10T07:02:24.179Z
2x11:10,220,true,0,true,2026-08-10T06:58:19.62Z,1.12.6,1.9.0-DEV,428070c0f9ad,4.16.0,1.3.11,ctbllib-fs2-q1-findall,2397,873,2026-08-10T07:02:25.187Z
2x11:5,110,true,0,true,2026-08-10T06:58:19.62Z,1.12.6,1.9.0-DEV,428070c0f9ad,4.16.0,1.3.11,ctbllib-fs2-q1-findall,2397,874,2026-08-10T07:02:25.229Z
2x13:4,104,true,0,true,2026-08-10T06:58:19.62Z,1.12.6,1.9.0-DEV,428070c0f9ad,4.16.0,1.3.11,ctbllib-fs2-q1-findall,2397,875,2026-08-10T07:02:25.347Z
2x13:6,156,true,0,true,2026-08-10T06:58:19.62Z,1.12.6,1.9.0-DEV,428070c0f9ad,4.16.0,1.3.11,ctbllib-fs2-q1-findall,2397,876,2026-08-10T07:02:25.628Z
2x19:9,342,true,0,true,2026-08-10T06:58:19.62Z,1.12.6,1.9.0-DEV,428070c0f9ad,4.16.0,1.3.11,ctbllib-fs2-q1-findall,2397,877,2026-08-10T07:02:25.682Z
2x2.(3^3:(S4x2)),5184,true,0,true,2026-08-10T06:58:19.62Z,1.12.6,1.9.0-DEV,428070c0f9ad,4.16.0,1.3.11,ctbllib-fs2-q1-findall,2397,878,2026-08-10T07:02:25.99Z
2x2.A4xS3,288,true,0,true,2026-08-10T06:58:19.62Z,1.12.6,1.9.0-DEV,428070c0f9ad,4.16.0,1.3.11,ctbllib-fs2-q1-findall,2397,879,2026-08-10T07:02:26.291Z
2x2.A9,725760,false,0,true,2026-08-10T06:58:19.62Z,1.12.6,1.9.0-DEV,428070c0f9ad,4.16.0,1.3.11,ctbllib-fs2-q1-findall,2397,880,2026-08-10T07:02:26.373Z
2x2.F4(2),13244506413465600,false,0,true,2026-08-10T06:58:19.62Z,1.12.6,1.9.0-DEV,428070c0f9ad,4.16.0,1.3.11,ctbllib-fs2-q1-findall,2397,881,2026-08-10T07:02:26.884Z
2x2.Fi22,258247006617600,false,0,true,2026-08-10T06:58:19.62Z,1.12.6,1.9.0-DEV,428070c0f9ad,4.16.0,1.3.11,ctbllib-fs2-q1-findall,2397,882,2026-08-10T07:02:27.561Z
2x2.M12,380160,false,0,true,2026-08-10T06:58:19.62Z,1.12.6,1.9.0-DEV,428070c0f9ad,4.16.0,1.3.11,ctbllib-fs2-q1-findall,2397,883,2026-08-10T07:02:27.851Z
2x2.M22,1774080,false,0,true,2026-08-10T06:58:19.62Z,1.12.6,1.9.0-DEV,428070c0f9ad,4.16.0,1.3.11,ctbllib-fs2-q1-findall,2397,884,2026-08-10T07:02:27.962Z
2x2.S6(2),5806080,false,0,true,2026-08-10T06:58:19.62Z,1.12.6,1.9.0-DEV,428070c0f9ad,4.16.0,1.3.11,ctbllib-fs2-q1-findall,2397,885,2026-08-10T07:02:28.032Z
2x2.U4(2).2,207360,false,0,true,2026-08-10T06:58:19.62Z,1.12.6,1.9.0-DEV,428070c0f9ad,4.16.0,1.3.11,ctbllib-fs2-q1-findall,2397,886,2026-08-10T07:02:28.323Z
2x2.U4(3).2_2,26127360,false,0,true,2026-08-10T06:58:19.62Z,1.12.6,1.9.0-DEV,428070c0f9ad,4.16.0,1.3.11,ctbllib-fs2-q1-findall,2397,887,2026-08-10T07:02:28.528Z
2x23:11,506,true,0,true,2026-08-10T06:58:19.62Z,1.12.6,1.9.0-DEV,428070c0f9ad,4.16.0,1.3.11,ctbllib-fs2-q1-findall,2397,888,2026-08-10T07:02:28.56Z
2x2F4(2)',35942400,false,0,true,2026-08-10T06:58:19.62Z,1.12.6,1.9.0-DEV,428070c0f9ad,4.16.0,1.3.11,ctbllib-fs2-q1-findall,2397,889,2026-08-10T07:02:28.661Z
2x2^3:L3(2),2688,false,0,true,2026-08-10T06:58:19.62Z,1.12.6,1.9.0-DEV,428070c0f9ad,4.16.0,1.3.11,ctbllib-fs2-q1-findall,2397,890,2026-08-10T07:02:30.009Z
2x2^3:L3(2)x2,5376,false,0,true,2026-08-10T06:58:19.62Z,1.12.6,1.9.0-DEV,428070c0f9ad,4.16.0,1.3.11,ctbllib-fs2-q1-findall,2397,891,2026-08-10T07:02:30.041Z
2x3.(3^(3+3):L3(3)),24564384,false,0,true,2026-08-10T06:58:19.62Z,1.12.6,1.9.0-DEV,428070c0f9ad,4.16.0,1.3.11,ctbllib-fs2-q1-findall,2397,892,2026-08-10T07:02:30.292Z
2x3.(A4x3):2,432,true,0,true,2026-08-10T06:58:19.62Z,1.12.6,1.9.0-DEV,428070c0f9ad,4.16.0,1.3.11,ctbllib-fs2-q1-findall,2397,893,2026-08-10T07:02:30.572Z
2x3.3^5:(3^2:SD16),209952,true,0,true,2026-08-10T06:58:19.62Z,1.12.6,1.9.0-DEV,428070c0f9ad,4.16.0,1.3.11,ctbllib-fs2-q1-findall,2397,894,2026-08-10T07:02:31.029Z
2x3.A6,2160,false,0,true,2026-08-10T06:58:19.62Z,1.12.6,1.9.0-DEV,428070c0f9ad,4.16.0,1.3.11,ctbllib-fs2-q1-findall,2397,895,2026-08-10T07:02:31.134Z
2x3.Fi22,387370509926400,false,0,true,2026-08-10T06:58:19.62Z,1.12.6,1.9.0-DEV,428070c0f9ad,4.16.0,1.3.11,ctbllib-fs2-q1-findall,2397,896,2026-08-10T07:02:31.701Z
2x3.Fi22N3,472392,true,0,true,2026-08-10T06:58:19.62Z,1.12.6,1.9.0-DEV,428070c0f9ad,4.16.0,1.3.11,ctbllib-fs2-q1-findall,2397,897,2026-08-10T07:02:32.154Z
2x3.G2(3),25474176,false,0,true,2026-08-10T06:58:19.62Z,1.12.6,1.9.0-DEV,428070c0f9ad,4.16.0,1.3.11,ctbllib-fs2-q1-findall,2397,898,2026-08-10T07:02:32.747Z
2x3.M22,2661120,false,0,true,2026-08-10T06:58:19.62Z,1.12.6,1.9.0-DEV,428070c0f9ad,4.16.0,1.3.11,ctbllib-fs2-q1-findall,2397,899,2026-08-10T07:02:32.882Z
2x3.O7(3),27512110080,false,0,true,2026-08-10T06:58:19.62Z,1.12.6,1.9.0-DEV,428070c0f9ad,4.16.0,1.3.11,ctbllib-fs2-q1-findall,2397,900,2026-08-10T07:02:33.196Z
2x3.S6,4320,false,0,true,2026-08-10T06:58:19.62Z,1.12.6,1.9.0-DEV,428070c0f9ad,4.16.0,1.3.11,ctbllib-fs2-q1-findall,2397,901,2026-08-10T07:02:33.499Z
2x31:15,930,true,0,true,2026-08-10T06:58:19.62Z,1.12.6,1.9.0-DEV,428070c0f9ad,4.16.0,1.3.11,ctbllib-fs2-q1-findall,2397,902,2026-08-10T07:02:33.574Z
2x3^(1+2)+:2A4,1296,true,0,true,2026-08-10T06:58:19.62Z,1.12.6,1.9.0-DEV,428070c0f9ad,4.16.0,1.3.11,ctbllib-fs2-q1-findall,2397,903,2026-08-10T07:02:33.67Z
2x3^(1+2)_+:2S4,2592,true,0,true,2026-08-10T06:58:19.62Z,1.12.6,1.9.0-DEV,428070c0f9ad,4.16.0,1.3.11,ctbllib-fs2-q1-findall,2397,904,2026-08-10T07:02:33.735Z
2x3^(1+4).2U4(2).2,50388480,false,0,true,2026-08-10T06:58:19.62Z,1.12.6,1.9.0-DEV,428070c0f9ad,4.16.0,1.3.11,ctbllib-fs2-q1-findall,2397,905,2026-08-10T07:02:34.148Z
2x3^(3+3):L3(3),8188128,false,0,true,2026-08-10T06:58:19.62Z,1.12.6,1.9.0-DEV,428070c0f9ad,4.16.0,1.3.11,ctbllib-fs2-q1-findall,2397,906,2026-08-10T07:02:34.339Z
2x3^2.2.S4,864,true,0,true,2026-08-10T06:58:19.62Z,1.12.6,1.9.0-DEV,428070c0f9ad,4.16.0,1.3.11,ctbllib-fs2-q1-findall,2397,907,2026-08-10T07:02:34.359Z
2x3^2:2A4,432,true,0,true,2026-08-10T06:58:19.62Z,1.12.6,1.9.0-DEV,428070c0f9ad,4.16.0,1.3.11,ctbllib-fs2-q1-findall,2397,908,2026-08-10T07:02:34.375Z
2x3^3:(S3x2),648,true,0,true,2026-08-10T06:58:19.62Z,1.12.6,1.9.0-DEV,428070c0f9ad,4.16.0,1.3.11,ctbllib-fs2-q1-findall,2397,909,2026-08-10T07:02:34.831Z
2x3^3:13,702,true,0,true,2026-08-10T06:58:19.62Z,1.12.6,1.9.0-DEV,428070c0f9ad,4.16.0,1.3.11,ctbllib-fs2-q1-findall,2397,910,2026-08-10T07:02:34.858Z
2x3^3:S3,324,true,0,true,2026-08-10T06:58:19.62Z,1.12.6,1.9.0-DEV,428070c0f9ad,4.16.0,1.3.11,ctbllib-fs2-q1-findall,2397,911,2026-08-10T07:02:35.133Z
2x3^4:(2xA6),116640,false,0,true,2026-08-10T06:58:19.62Z,1.12.6,1.9.0-DEV,428070c0f9ad,4.16.0,1.3.11,ctbllib-fs2-q1-findall,2397,912,2026-08-10T07:02:35.186Z
2x3^4:A6,58320,false,0,true,2026-08-10T06:58:19.62Z,1.12.6,1.9.0-DEV,428070c0f9ad,4.16.0,1.3.11,ctbllib-fs2-q1-findall,2397,913,2026-08-10T07:02:35.308Z
2x3^5.3^(1+2).2.S4,629856,true,0,true,2026-08-10T06:58:19.62Z,1.12.6,1.9.0-DEV,428070c0f9ad,4.16.0,1.3.11,ctbllib-fs2-q1-findall,2397,914,2026-08-10T07:02:35.642Z
2x3^5.3^3.(2xS4),629856,true,0,true,2026-08-10T06:58:19.62Z,1.12.6,1.9.0-DEV,428070c0f9ad,4.16.0,1.3.11,ctbllib-fs2-q1-findall,2397,915,2026-08-10T07:02:36.113Z
2x3^5:(3^2:SD16),69984,true,0,true,2026-08-10T06:58:19.62Z,1.12.6,1.9.0-DEV,428070c0f9ad,4.16.0,1.3.11,ctbllib-fs2-q1-findall,2397,916,2026-08-10T07:02:36.435Z
2x3^5:M11,3849120,false,0,true,2026-08-10T06:58:19.62Z,1.12.6,1.9.0-DEV,428070c0f9ad,4.16.0,1.3.11,ctbllib-fs2-q1-findall,2397,917,2026-08-10T07:02:36.548Z
2x3^5:U4(2):2,25194240,false,0,true,2026-08-10T06:58:19.62Z,1.12.6,1.9.0-DEV,428070c0f9ad,4.16.0,1.3.11,ctbllib-fs2-q1-findall,2397,918,2026-08-10T07:02:36.948Z
2x3^6.M11,11547360,false,0,true,2026-08-10T06:58:19.62Z,1.12.6,1.9.0-DEV,428070c0f9ad,4.16.0,1.3.11,ctbllib-fs2-q1-findall,2397,919,2026-08-10T07:02:37.157Z
2x3^6:2.M12,277136640,false,0,true,2026-08-10T06:58:19.62Z,1.12.6,1.9.0-DEV,428070c0f9ad,4.16.0,1.3.11,ctbllib-fs2-q1-findall,2397,920,2026-08-10T07:02:37.243Z
2x3_1.U4(3).2_2,39191040,false,0,true,2026-08-10T06:58:19.62Z,1.12.6,1.9.0-DEV,428070c0f9ad,4.16.0,1.3.11,ctbllib-fs2-q1-findall,2397,921,2026-08-10T07:02:37.588Z
2x47:23,2162,true,0,true,2026-08-10T06:58:19.62Z,1.12.6,1.9.0-DEV,428070c0f9ad,4.16.0,1.3.11,ctbllib-fs2-q1-findall,2397,922,2026-08-10T07:02:37.873Z
2x5:4,40,true,0,true,2026-08-10T06:58:19.62Z,1.12.6,1.9.0-DEV,428070c0f9ad,4.16.0,1.3.11,ctbllib-fs2-q1-findall,2397,923,2026-08-10T07:02:37.949Z
2x5^(1+2):GL2(5),120000,false,0,true,2026-08-10T06:58:19.62Z,1.12.6,1.9.0-DEV,428070c0f9ad,4.16.0,1.3.11,ctbllib-fs2-q1-findall,2397,924,2026-08-10T07:02:38.259Z
2x5^2:2A5,6000,false,0,true,2026-08-10T06:58:19.62Z,1.12.6,1.9.0-DEV,428070c0f9ad,4.16.0,1.3.11,ctbllib-fs2-q1-findall,2397,925,2026-08-10T07:02:38.302Z
2x5^2:4S5,24000,false,0,true,2026-08-10T06:58:19.62Z,1.12.6,1.9.0-DEV,428070c0f9ad,4.16.0,1.3.11,ctbllib-fs2-q1-findall,2397,926,2026-08-10T07:02:38.363Z
2x6.Fi22,774741019852800,false,0,true,2026-08-10T06:58:19.62Z,1.12.6,1.9.0-DEV,428070c0f9ad,4.16.0,1.3.11,ctbllib-fs2-q1-findall,2397,927,2026-08-10T07:02:41.512Z
2x6.M22,5322240,false,0,true,2026-08-10T06:58:19.62Z,1.12.6,1.9.0-DEV,428070c0f9ad,4.16.0,1.3.11,ctbllib-fs2-q1-findall,2397,928,2026-08-10T07:02:41.73Z
2x6_1.U4(3).2_2,78382080,false,0,true,2026-08-10T06:58:19.62Z,1.12.6,1.9.0-DEV,428070c0f9ad,4.16.0,1.3.11,ctbllib-fs2-q1-findall,2397,929,2026-08-10T07:02:42.296Z
2x6x11:5,660,true,0,true,2026-08-10T06:58:19.62Z,1.12.6,1.9.0-DEV,428070c0f9ad,4.16.0,1.3.11,ctbllib-fs2-q1-findall,2397,930,2026-08-10T07:02:42.672Z
2x7:3,42,true,0,true,2026-08-10T06:58:19.62Z,1.12.6,1.9.0-DEV,428070c0f9ad,4.16.0,1.3.11,ctbllib-fs2-q1-findall,2397,931,2026-08-10T07:02:42.682Z
2x7:6,84,true,0,true,2026-08-10T06:58:19.62Z,1.12.6,1.9.0-DEV,428070c0f9ad,4.16.0,1.3.11,ctbllib-fs2-q1-findall,2397,932,2026-08-10T07:02:42.975Z
2x7^2:(3x2A4),7056,true,0,true,2026-08-10T06:58:19.62Z,1.12.6,1.9.0-DEV,428070c0f9ad,4.16.0,1.3.11,ctbllib-fs2-q1-findall,2397,933,2026-08-10T07:02:43.303Z
2xA5,120,false,0,true,2026-08-10T06:58:19.62Z,1.12.6,1.9.0-DEV,428070c0f9ad,4.16.0,1.3.11,ctbllib-fs2-q1-findall,2397,934,2026-08-10T07:02:43.356Z
2xA6,720,false,0,true,2026-08-10T06:58:19.62Z,1.12.6,1.9.0-DEV,428070c0f9ad,4.16.0,1.3.11,ctbllib-fs2-q1-findall,2397,935,2026-08-10T07:02:43.398Z
2xA7,5040,false,0,true,2026-08-10T06:58:19.62Z,1.12.6,1.9.0-DEV,428070c0f9ad,4.16.0,1.3.11,ctbllib-fs2-q1-findall,2397,936,2026-08-10T07:02:43.444Z
2xA8,40320,false,0,true,2026-08-10T06:58:19.62Z,1.12.6,1.9.0-DEV,428070c0f9ad,4.16.0,1.3.11,ctbllib-fs2-q1-findall,2397,937,2026-08-10T07:02:43.537Z
2xA9,362880,false,0,true,2026-08-10T06:58:19.62Z,1.12.6,1.9.0-DEV,428070c0f9ad,4.16.0,1.3.11,ctbllib-fs2-q1-findall,2397,938,2026-08-10T07:02:43.61Z
2xBN5,500000,true,0,true,2026-08-10T06:58:19.62Z,1.12.6,1.9.0-DEV,428070c0f9ad,4.16.0,1.3.11,ctbllib-fs2-q1-findall,2397,939,2026-08-10T07:02:43.961Z
2xCo1N3,314928,true,0,true,2026-08-10T06:58:19.62Z,1.12.6,1.9.0-DEV,428070c0f9ad,4.16.0,1.3.11,ctbllib-fs2-q1-findall,2397,940,2026-08-10T07:02:44.91Z
2xCo1N5,20000,true,0,true,2026-08-10T06:58:19.62Z,1.12.6,1.9.0-DEV,428070c0f9ad,4.16.0,1.3.11,ctbllib-fs2-q1-findall,2397,941,2026-08-10T07:02:45.226Z
2xCo2,84610842624000,false,0,true,2026-08-10T06:58:19.62Z,1.12.6,1.9.0-DEV,428070c0f9ad,4.16.0,1.3.11,ctbllib-fs2-q1-findall,2397,942,2026-08-10T07:02:45.331Z
2xCo3,991533312000,false,0,true,2026-08-10T06:58:19.62Z,1.12.6,1.9.0-DEV,428070c0f9ad,4.16.0,1.3.11,ctbllib-fs2-q1-findall,2397,943,2026-08-10T07:02:45.409Z
2xF4(2),6622253206732800,false,0,true,2026-08-10T06:58:19.62Z,1.12.6,1.9.0-DEV,428070c0f9ad,4.16.0,1.3.11,ctbllib-fs2-q1-findall,2397,944,2026-08-10T07:02:45.704Z
2xF4(2).2,13244506413465600,false,0,true,2026-08-10T06:58:19.62Z,1.12.6,1.9.0-DEV,428070c0f9ad,4.16.0,1.3.11,ctbllib-fs2-q1-findall,2397,945,2026-08-10T07:02:45.989Z
2xFi22,129123503308800,false,0,true,2026-08-10T06:58:19.62Z,1.12.6,1.9.0-DEV,428070c0f9ad,4.16.0,1.3.11,ctbllib-fs2-q1-findall,2397,946,2026-08-10T07:02:46.251Z
2xFi22.2,258247006617600,false,0,true,2026-08-10T06:58:19.62Z,1.12.6,1.9.0-DEV,428070c0f9ad,4.16.0,1.3.11,ctbllib-fs2-q1-findall,2397,947,2026-08-10T07:02:46.577Z
2xFi22N3,157464,true,0,true,2026-08-10T06:58:19.62Z,1.12.6,1.9.0-DEV,428070c0f9ad,4.16.0,1.3.11,ctbllib-fs2-q1-findall,2397,948,2026-08-10T07:02:47.229Z
2xFi22N5,4800,true,0,true,2026-08-10T06:58:19.62Z,1.12.6,1.9.0-DEV,428070c0f9ad,4.16.0,1.3.11,ctbllib-fs2-q1-findall,2397,949,2026-08-10T07:02:47.532Z
2xFi23,8178940946586009600,false,0,true,2026-08-10T06:58:19.62Z,1.12.6,1.9.0-DEV,428070c0f9ad,4.16.0,1.3.11,ctbllib-fs2-q1-findall,2397,950,2026-08-10T07:02:47.869Z
2xG2(3),8491392,false,0,true,2026-08-10T06:58:19.62Z,1.12.6,1.9.0-DEV,428070c0f9ad,4.16.0,1.3.11,ctbllib-fs2-q1-findall,2397,951,2026-08-10T07:02:47.975Z
2xL2(11),1320,false,0,true,2026-08-10T06:58:19.62Z,1.12.6,1.9.0-DEV,428070c0f9ad,4.16.0,1.3.11,ctbllib-fs2-q1-findall,2397,952,2026-08-10T07:02:48.0Z
2xL2(11).2,2640,false,0,true,2026-08-10T06:58:19.62Z,1.12.6,1.9.0-DEV,428070c0f9ad,4.16.0,1.3.11,ctbllib-fs2-q1-findall,2397,953,2026-08-10T07:02:48.026Z
2xL3(2),336,false,0,true,2026-08-10T06:58:19.62Z,1.12.6,1.9.0-DEV,428070c0f9ad,4.16.0,1.3.11,ctbllib-fs2-q1-findall,2397,954,2026-08-10T07:02:48.042Z
2xM11,15840,false,0,true,2026-08-10T06:58:19.62Z,1.12.6,1.9.0-DEV,428070c0f9ad,4.16.0,1.3.11,ctbllib-fs2-q1-findall,2397,955,2026-08-10T07:02:48.06Z
2xM12N3,216,true,0,true,2026-08-10T06:58:19.62Z,1.12.6,1.9.0-DEV,428070c0f9ad,4.16.0,1.3.11,ctbllib-fs2-q1-findall,2397,956,2026-08-10T07:02:48.595Z
2xM22,887040,false,0,true,2026-08-10T06:58:19.62Z,1.12.6,1.9.0-DEV,428070c0f9ad,4.16.0,1.3.11,ctbllib-fs2-q1-findall,2397,957,2026-08-10T07:02:48.697Z
2xO7(3),9170703360,false,0,true,2026-08-10T06:58:19.62Z,1.12.6,1.9.0-DEV,428070c0f9ad,4.16.0,1.3.11,ctbllib-fs2-q1-findall,2397,958,2026-08-10T07:02:48.811Z
2xS3x2.S4,576,true,0,true,2026-08-10T06:58:19.62Z,1.12.6,1.9.0-DEV,428070c0f9ad,4.16.0,1.3.11,ctbllib-fs2-q1-findall,2397,959,2026-08-10T07:02:49.09Z
2xS3x2.U4(3).2_2,156764160,false,0,true,2026-08-10T06:58:19.62Z,1.12.6,1.9.0-DEV,428070c0f9ad,4.16.0,1.3.11,ctbllib-fs2-q1-findall,2397,960,2026-08-10T07:02:49.692Z
2xS3x7:6,504,true,0,true,2026-08-10T06:58:19.62Z,1.12.6,1.9.0-DEV,428070c0f9ad,4.16.0,1.3.11,ctbllib-fs2-q1-findall,2397,961,2026-08-10T07:02:51.419Z
2xS3xS6(2),17418240,false,0,true,2026-08-10T06:58:19.62Z,1.12.6,1.9.0-DEV,428070c0f9ad,4.16.0,1.3.11,ctbllib-fs2-q1-findall,2397,962,2026-08-10T07:02:51.579Z
2xS3xU4(2),311040,false,0,true,2026-08-10T06:58:19.62Z,1.12.6,1.9.0-DEV,428070c0f9ad,4.16.0,1.3.11,ctbllib-fs2-q1-findall,2397,963,2026-08-10T07:02:51.738Z
2xS3xU4(3).(2^2)_{122},156764160,false,0,true,2026-08-10T06:58:19.62Z,1.12.6,1.9.0-DEV,428070c0f9ad,4.16.0,1.3.11,ctbllib-fs2-q1-findall,2397,964,2026-08-10T07:02:52.258Z
2xS3xU4(3).2_2,78382080,false,0,true,2026-08-10T06:58:19.62Z,1.12.6,1.9.0-DEV,428070c0f9ad,4.16.0,1.3.11,ctbllib-fs2-q1-findall,2397,965,2026-08-10T07:02:52.605Z
2xS5,240,false,0,true,2026-08-10T06:58:19.62Z,1.12.6,1.9.0-DEV,428070c0f9ad,4.16.0,1.3.11,ctbllib-fs2-q1-findall,2397,966,2026-08-10T07:02:52.65Z
2xS6(2),2903040,false,0,true,2026-08-10T06:58:19.62Z,1.12.6,1.9.0-DEV,428070c0f9ad,4.16.0,1.3.11,ctbllib-fs2-q1-findall,2397,967,2026-08-10T07:02:52.743Z
2xSymm(4),48,true,0,true,2026-08-10T06:58:19.62Z,1.12.6,1.9.0-DEV,428070c0f9ad,4.16.0,1.3.11,ctbllib-fs2-q1-findall,2397,968,2026-08-10T07:02:52.748Z
2xTh,181491887775744000,false,0,true,2026-08-10T06:58:19.62Z,1.12.6,1.9.0-DEV,428070c0f9ad,4.16.0,1.3.11,ctbllib-fs2-q1-findall,2397,969,2026-08-10T07:02:53.005Z
2xU3(3),12096,false,0,true,2026-08-10T06:58:19.62Z,1.12.6,1.9.0-DEV,428070c0f9ad,4.16.0,1.3.11,ctbllib-fs2-q1-findall,2397,970,2026-08-10T07:02:53.043Z
2xU3(3).2,24192,false,0,true,2026-08-10T06:58:19.62Z,1.12.6,1.9.0-DEV,428070c0f9ad,4.16.0,1.3.11,ctbllib-fs2-q1-findall,2397,971,2026-08-10T07:02:53.088Z
2xU3(5).2,504000,false,0,true,2026-08-10T06:58:19.62Z,1.12.6,1.9.0-DEV,428070c0f9ad,4.16.0,1.3.11,ctbllib-fs2-q1-findall,2397,972,2026-08-10T07:02:53.16Z
2xU4(3).(2^2)_{122},26127360,false,0,true,2026-08-10T06:58:19.62Z,1.12.6,1.9.0-DEV,428070c0f9ad,4.16.0,1.3.11,ctbllib-fs2-q1-findall,2397,973,2026-08-10T07:02:53.8Z
2xU4(3).2_2,13063680,false,0,true,2026-08-10T06:58:19.62Z,1.12.6,1.9.0-DEV,428070c0f9ad,4.16.0,1.3.11,ctbllib-fs2-q1-findall,2397,974,2026-08-10T07:02:53.905Z
2xU5(2),27371520,false,0,true,2026-08-10T06:58:19.62Z,1.12.6,1.9.0-DEV,428070c0f9ad,4.16.0,1.3.11,ctbllib-fs2-q1-findall,2397,975,2026-08-10T07:02:54.006Z
2xU5(2).2,54743040,false,0,true,2026-08-10T06:58:19.62Z,1.12.6,1.9.0-DEV,428070c0f9ad,4.16.0,1.3.11,ctbllib-fs2-q1-findall,2397,976,2026-08-10T07:02:54.088Z
2xU6(2).3.2,110361968640,false,0,true,2026-08-10T06:58:19.62Z,1.12.6,1.9.0-DEV,428070c0f9ad,4.16.0,1.3.11,ctbllib-fs2-q1-findall,2397,977,2026-08-10T07:02:54.251Z
2xa6.2^2,2880,false,0,true,2026-08-10T06:58:19.62Z,1.12.6,1.9.0-DEV,428070c0f9ad,4.16.0,1.3.11,ctbllib-fs2-q1-findall,2397,978,2026-08-10T07:02:54.301Z
2xm12,190080,false,0,true,2026-08-10T06:58:19.62Z,1.12.6,1.9.0-DEV,428070c0f9ad,4.16.0,1.3.11,ctbllib-fs2-q1-findall,2397,979,2026-08-10T07:02:54.354Z
3.(2x2^(1+8)):(U4(2):2x2),318504960,false,0,true,2026-08-10T06:58:19.62Z,1.12.6,1.9.0-DEV,428070c0f9ad,4.16.0,1.3.11,ctbllib-fs2-q1-findall,2397,980,2026-08-10T07:02:54.666Z
3.(3^(1+2)+x3^2):2S4,34992,true,0,true,2026-08-10T06:58:19.62Z,1.12.6,1.9.0-DEV,428070c0f9ad,4.16.0,1.3.11,ctbllib-fs2-q1-findall,2397,981,2026-08-10T07:02:54.752Z
3.(3^(1+4).[2^7.3]),279936,true,0,true,2026-08-10T06:58:19.62Z,1.12.6,1.9.0-DEV,428070c0f9ad,4.16.0,1.3.11,ctbllib-fs2-q1-findall,2397,982,2026-08-10T07:02:54.917Z
3.(3^(3+3):L3(3)),12282192,false,0,true,2026-08-10T06:58:19.62Z,1.12.6,1.9.0-DEV,428070c0f9ad,4.16.0,1.3.11,ctbllib-fs2-q1-findall,2397,983,2026-08-10T07:02:55.025Z
3.(3xM10):2,12960,false,0,true,2026-08-10T06:58:19.62Z,1.12.6,1.9.0-DEV,428070c0f9ad,4.16.0,1.3.11,ctbllib-fs2-q1-findall,2397,984,2026-08-10T07:02:55.389Z
3.(A4x2(A4xA4).2).2,41472,true,0,true,2026-08-10T06:58:19.62Z,1.12.6,1.9.0-DEV,428070c0f9ad,4.16.0,1.3.11,ctbllib-fs2-q1-findall,2397,985,2026-08-10T07:02:55.803Z
3.(A4x3):2,216,true,0,true,2026-08-10T06:58:19.62Z,1.12.6,1.9.0-DEV,428070c0f9ad,4.16.0,1.3.11,ctbllib-fs2-q1-findall,2397,986,2026-08-10T07:02:55.814Z
3.2E6(2),229597439051324561817600,false,0,true,2026-08-10T06:58:19.62Z,1.12.6,1.9.0-DEV,428070c0f9ad,4.16.0,1.3.11,ctbllib-fs2-q1-findall,2397,987,2026-08-10T07:02:56.421Z
3.2E6(2).2,459194878102649123635200,false,0,true,2026-08-10T06:58:19.62Z,1.12.6,1.9.0-DEV,428070c0f9ad,4.16.0,1.3.11,ctbllib-fs2-q1-findall,2397,988,2026-08-10T07:02:56.721Z
3.2^(1+12).3U4(3).2,481579499520,false,0,true,2026-08-10T06:58:19.62Z,1.12.6,1.9.0-DEV,428070c0f9ad,4.16.0,1.3.11,ctbllib-fs2-q1-findall,2397,989,2026-08-10T07:02:57.459Z
3.2^(1+4)+:3^2.2,1728,true,0,true,2026-08-10T06:58:19.62Z,1.12.6,1.9.0-DEV,428070c0f9ad,4.16.0,1.3.11,ctbllib-fs2-q1-findall,2397,990,2026-08-10T07:02:57.546Z
3.2^(2+4):(3x3):2,3456,true,0,true,2026-08-10T06:58:19.62Z,1.12.6,1.9.0-DEV,428070c0f9ad,4.16.0,1.3.11,ctbllib-fs2-q1-findall,2397,991,2026-08-10T07:02:57.604Z
3.2^(2+4):(S3xS3),6912,true,0,true,2026-08-10T06:58:19.62Z,1.12.6,1.9.0-DEV,428070c0f9ad,4.16.0,1.3.11,ctbllib-fs2-q1-findall,2397,992,2026-08-10T07:02:57.678Z
3.2^4:a7,120960,false,0,true,2026-08-10T06:58:19.62Z,1.12.6,1.9.0-DEV,428070c0f9ad,4.16.0,1.3.11,ctbllib-fs2-q1-findall,2397,993,2026-08-10T07:02:57.7Z
3.3^(1+4):2S5,174960,false,0,true,2026-08-10T06:58:19.62Z,1.12.6,1.9.0-DEV,428070c0f9ad,4.16.0,1.3.11,ctbllib-fs2-q1-findall,2397,994,2026-08-10T07:02:58.109Z
3.3^(1+4):4S5,349920,false,0,true,2026-08-10T06:58:19.62Z,1.12.6,1.9.0-DEV,428070c0f9ad,4.16.0,1.3.11,ctbllib-fs2-q1-findall,2397,995,2026-08-10T07:02:58.12Z
3.3^(1+6):2^(3+4):3^2:2,15116544,true,0,true,2026-08-10T06:58:19.62Z,1.12.6,1.9.0-DEV,428070c0f9ad,4.16.0,1.3.11,ctbllib-fs2-q1-findall,2397,996,2026-08-10T07:02:58.462Z
3.3^(2+4):2(A4x2^2).2,419904,true,0,true,2026-08-10T06:58:19.62Z,1.12.6,1.9.0-DEV,428070c0f9ad,4.16.0,1.3.11,ctbllib-fs2-q1-findall,2397,997,2026-08-10T07:02:58.582Z
3.3^(2+4):2(S4xD8),839808,true,0,true,2026-08-10T06:58:19.62Z,1.12.6,1.9.0-DEV,428070c0f9ad,4.16.0,1.3.11,ctbllib-fs2-q1-findall,2397,998,2026-08-10T07:02:58.615Z
3.3^4.3^2.Q8,17496,true,0,true,2026-08-10T06:58:19.62Z,1.12.6,1.9.0-DEV,428070c0f9ad,4.16.0,1.3.11,ctbllib-fs2-q1-findall,2397,999,2026-08-10T07:02:58.626Z
3.3^5.U4(2),18895680,false,0,true,2026-08-10T06:58:19.62Z,1.12.6,1.9.0-DEV,428070c0f9ad,4.16.0,1.3.11,ctbllib-fs2-q1-findall,2397,1000,2026-08-10T07:02:58.837Z
3.3^5:(3^2:SD16),104976,true,0,true,2026-08-10T06:58:19.62Z,1.12.6,1.9.0-DEV,428070c0f9ad,4.16.0,1.3.11,ctbllib-fs2-q1-findall,2397,1001,2026-08-10T07:02:59.153Z
3.3^5:U4(2):2,37791360,false,0,true,2026-08-10T06:58:19.62Z,1.12.6,1.9.0-DEV,428070c0f9ad,4.16.0,1.3.11,ctbllib-fs2-q1-findall,2397,1002,2026-08-10T07:02:59.295Z
3.A6,1080,false,0,true,2026-08-10T06:58:19.62Z,1.12.6,1.9.0-DEV,428070c0f9ad,4.16.0,1.3.11,ctbllib-fs2-q1-findall,2397,1003,2026-08-10T07:02:59.332Z
3.A6.(2x4),8640,false,0,true,2026-08-10T06:58:19.62Z,1.12.6,1.9.0-DEV,428070c0f9ad,4.16.0,1.3.11,ctbllib-fs2-q1-findall,2397,1004,2026-08-10T07:02:59.424Z
3.A6.2^2,4320,false,0,true,2026-08-10T06:58:19.62Z,1.12.6,1.9.0-DEV,428070c0f9ad,4.16.0,1.3.11,ctbllib-fs2-q1-findall,2397,1005,2026-08-10T07:02:59.458Z
3.A6.2_1,2160,false,0,true,2026-08-10T06:58:19.62Z,1.12.6,1.9.0-DEV,428070c0f9ad,4.16.0,1.3.11,ctbllib-fs2-q1-findall,2397,1006,2026-08-10T07:02:59.462Z
3.A6.2_2,2160,false,0,true,2026-08-10T06:58:19.62Z,1.12.6,1.9.0-DEV,428070c0f9ad,4.16.0,1.3.11,ctbllib-fs2-q1-findall,2397,1007,2026-08-10T07:02:59.466Z
3.A6.2_3,2160,false,0,true,2026-08-10T06:58:19.62Z,1.12.6,1.9.0-DEV,428070c0f9ad,4.16.0,1.3.11,ctbllib-fs2-q1-findall,2397,1008,2026-08-10T07:02:59.47Z
3.A7,7560,false,0,true,2026-08-10T06:58:19.62Z,1.12.6,1.9.0-DEV,428070c0f9ad,4.16.0,1.3.11,ctbllib-fs2-q1-findall,2397,1009,2026-08-10T07:02:59.476Z
3.A7.2,15120,false,0,true,2026-08-10T06:58:19.62Z,1.12.6,1.9.0-DEV,428070c0f9ad,4.16.0,1.3.11,ctbllib-fs2-q1-findall,2397,1010,2026-08-10T07:02:59.48Z
3.F3+,3765617127571985163878400,false,0,true,2026-08-10T06:58:19.62Z,1.12.6,1.9.0-DEV,428070c0f9ad,4.16.0,1.3.11,ctbllib-fs2-q1-findall,2397,1011,2026-08-10T07:03:00.105Z
3.F3+.2,7531234255143970327756800,false,0,true,2026-08-10T06:58:19.62Z,1.12.6,1.9.0-DEV,428070c0f9ad,4.16.0,1.3.11,ctbllib-fs2-q1-findall,2397,1012,2026-08-10T07:03:00.34Z
3.F3+.2N5,172800,true,0,true,2026-08-10T06:58:19.62Z,1.12.6,1.9.0-DEV,428070c0f9ad,4.16.0,1.3.11,ctbllib-fs2-q1-findall,2397,1013,2026-08-10T07:03:01.0Z
3.F3+.2N7,74088,true,0,true,2026-08-10T06:58:19.62Z,1.12.6,1.9.0-DEV,428070c0f9ad,4.16.0,1.3.11,ctbllib-fs2-q1-findall,2397,1014,2026-08-10T07:03:02.88Z
3.F3+N5,86400,true,0,true,2026-08-10T06:58:19.62Z,1.12.6,1.9.0-DEV,428070c0f9ad,4.16.0,1.3.11,ctbllib-fs2-q1-findall,2397,1015,2026-08-10T07:03:03.197Z
3.Fi22,193685254963200,false,0,true,2026-08-10T06:58:19.62Z,1.12.6,1.9.0-DEV,428070c0f9ad,4.16.0,1.3.11,ctbllib-fs2-q1-findall,2397,1016,2026-08-10T07:03:03.333Z
3.Fi22.2,387370509926400,false,0,true,2026-08-10T06:58:19.62Z,1.12.6,1.9.0-DEV,428070c0f9ad,4.16.0,1.3.11,ctbllib-fs2-q1-findall,2397,1017,2026-08-10T07:03:03.412Z
3.Fi22M5,1362493440,false,0,true,2026-08-10T06:58:19.62Z,1.12.6,1.9.0-DEV,428070c0f9ad,4.16.0,1.3.11,ctbllib-fs2-q1-findall,2397,1018,2026-08-10T07:03:03.502Z
3.Fi22N3,236196,true,0,true,2026-08-10T06:58:19.62Z,1.12.6,1.9.0-DEV,428070c0f9ad,4.16.0,1.3.11,ctbllib-fs2-q1-findall,2397,1019,2026-08-10T07:03:03.803Z
3.G2(3),12737088,false,0,true,2026-08-10T06:58:19.62Z,1.12.6,1.9.0-DEV,428070c0f9ad,4.16.0,1.3.11,ctbllib-fs2-q1-findall,2397,1020,2026-08-10T07:03:03.831Z
3.G2(3).2,25474176,false,0,true,2026-08-10T06:58:19.62Z,1.12.6,1.9.0-DEV,428070c0f9ad,4.16.0,1.3.11,ctbllib-fs2-q1-findall,2397,1021,2026-08-10T07:03:03.841Z
3.J3,150698880,false,0,true,2026-08-10T06:58:19.62Z,1.12.6,1.9.0-DEV,428070c0f9ad,4.16.0,1.3.11,ctbllib-fs2-q1-findall,2397,1022,2026-08-10T07:03:03.889Z
3.J3.2,301397760,false,0,true,2026-08-10T06:58:19.62Z,1.12.6,1.9.0-DEV,428070c0f9ad,4.16.0,1.3.11,ctbllib-fs2-q1-findall,2397,1023,2026-08-10T07:03:03.911Z
3.L3(4),60480,false,0,true,2026-08-10T06:58:19.62Z,1.12.6,1.9.0-DEV,428070c0f9ad,4.16.0,1.3.11,ctbllib-fs2-q1-findall,2397,1024,2026-08-10T07:03:03.937Z
3.L3(4).2^2,241920,false,0,true,2026-08-10T06:58:19.62Z,1.12.6,1.9.0-DEV,428070c0f9ad,4.16.0,1.3.11,ctbllib-fs2-q1-findall,2397,1025,2026-08-10T07:03:03.944Z
3.L3(4).2_1,120960,false,0,true,2026-08-10T06:58:19.62Z,1.12.6,1.9.0-DEV,428070c0f9ad,4.16.0,1.3.11,ctbllib-fs2-q1-findall,2397,1026,2026-08-10T07:03:03.952Z
3.L3(4).2_2,120960,false,0,true,2026-08-10T06:58:19.62Z,1.12.6,1.9.0-DEV,428070c0f9ad,4.16.0,1.3.11,ctbllib-fs2-q1-findall,2397,1027,2026-08-10T07:03:03.957Z
3.L3(4).2_3,120960,false,0,true,2026-08-10T06:58:19.62Z,1.12.6,1.9.0-DEV,428070c0f9ad,4.16.0,1.3.11,ctbllib-fs2-q1-findall,2397,1028,2026-08-10T07:03:03.963Z
3.L3(4).3,181440,false,0,true,2026-08-10T06:58:19.62Z,1.12.6,1.9.0-DEV,428070c0f9ad,4.16.0,1.3.11,ctbllib-fs2-q1-findall,2397,1029,2026-08-10T07:03:04.016Z
3.L3(4).3.2_2,362880,false,0,true,2026-08-10T06:58:19.62Z,1.12.6,1.9.0-DEV,428070c0f9ad,4.16.0,1.3.11,ctbllib-fs2-q1-findall,2397,1030,2026-08-10T07:03:04.035Z
3.L3(4).3.2_3,362880,false,0,true,2026-08-10T06:58:19.62Z,1.12.6,1.9.0-DEV,428070c0f9ad,4.16.0,1.3.11,ctbllib-fs2-q1-findall,2397,1031,2026-08-10T07:03:04.054Z
3.L3(4).6,362880,false,0,true,2026-08-10T06:58:19.62Z,1.12.6,1.9.0-DEV,428070c0f9ad,4.16.0,1.3.11,ctbllib-fs2-q1-findall,2397,1032,2026-08-10T07:03:04.086Z
3.L3(7),5630688,false,0,true,2026-08-10T06:58:19.62Z,1.12.6,1.9.0-DEV,428070c0f9ad,4.16.0,1.3.11,ctbllib-fs2-q1-findall,2397,1033,2026-08-10T07:03:04.137Z
3.L3(7).2,11261376,false,0,true,2026-08-10T06:58:19.62Z,1.12.6,1.9.0-DEV,428070c0f9ad,4.16.0,1.3.11,ctbllib-fs2-q1-findall,2397,1034,2026-08-10T07:03:04.155Z
3.L3(7).3,16892064,false,0,true,2026-08-10T06:58:19.62Z,1.12.6,1.9.0-DEV,428070c0f9ad,4.16.0,1.3.11,ctbllib-fs2-q1-findall,2397,1035,2026-08-10T07:03:04.851Z
3.L3(7).S3,33784128,false,0,true,2026-08-10T06:58:19.62Z,1.12.6,1.9.0-DEV,428070c0f9ad,4.16.0,1.3.11,ctbllib-fs2-q1-findall,2397,1036,2026-08-10T07:03:05.028Z
3.M22,1330560,false,0,true,2026-08-10T06:58:19.62Z,1.12.6,1.9.0-DEV,428070c0f9ad,4.16.0,1.3.11,ctbllib-fs2-q1-findall,2397,1037,2026-08-10T07:03:05.047Z
3.M22.2,2661120,false,0,true,2026-08-10T06:58:19.62Z,1.12.6,1.9.0-DEV,428070c0f9ad,4.16.0,1.3.11,ctbllib-fs2-q1-findall,2397,1038,2026-08-10T07:03:05.056Z
3.M22M2,17280,false,0,true,2026-08-10T06:58:19.62Z,1.12.6,1.9.0-DEV,428070c0f9ad,4.16.0,1.3.11,ctbllib-fs2-q1-findall,2397,1039,2026-08-10T07:03:05.071Z
3.McL,2694384000,false,0,true,2026-08-10T06:58:19.62Z,1.12.6,1.9.0-DEV,428070c0f9ad,4.16.0,1.3.11,ctbllib-fs2-q1-findall,2397,1040,2026-08-10T07:03:05.561Z
3.McL.2,5388768000,false,0,true,2026-08-10T06:58:19.62Z,1.12.6,1.9.0-DEV,428070c0f9ad,4.16.0,1.3.11,ctbllib-fs2-q1-findall,2397,1041,2026-08-10T07:03:05.579Z
3.McL.2N3,34992,true,0,true,2026-08-10T06:58:19.62Z,1.12.6,1.9.0-DEV,428070c0f9ad,4.16.0,1.3.11,ctbllib-fs2-q1-findall,2397,1042,2026-08-10T07:03:05.895Z
3.McL.2N5,18000,true,0,true,2026-08-10T06:58:19.62Z,1.12.6,1.9.0-DEV,428070c0f9ad,4.16.0,1.3.11,ctbllib-fs2-q1-findall,2397,1043,2026-08-10T07:03:06.281Z
3.O7(3),13756055040,false,0,true,2026-08-10T06:58:19.62Z,1.12.6,1.9.0-DEV,428070c0f9ad,4.16.0,1.3.11,ctbllib-fs2-q1-findall,2397,1044,2026-08-10T07:03:06.353Z
3.O7(3).2,27512110080,false,0,true,2026-08-10T06:58:19.62Z,1.12.6,1.9.0-DEV,428070c0f9ad,4.16.0,1.3.11,ctbllib-fs2-q1-findall,2397,1045,2026-08-10T07:03:06.406Z
3.O7(3)M9,3779136,true,0,true,2026-08-10T06:58:19.62Z,1.12.6,1.9.0-DEV,428070c0f9ad,4.16.0,1.3.11,ctbllib-fs2-q1-findall,2397,1046,2026-08-10T07:03:06.545Z
3.ON,1382446517760,false,0,true,2026-08-10T06:58:19.62Z,1.12.6,1.9.0-DEV,428070c0f9ad,4.16.0,1.3.11,ctbllib-fs2-q1-findall,2397,1047,2026-08-10T07:03:06.612Z
3.ON.2,2764893035520,false,0,true,2026-08-10T06:58:19.62Z,1.12.6,1.9.0-DEV,428070c0f9ad,4.16.0,1.3.11,ctbllib-fs2-q1-findall,2397,1048,2026-08-10T07:03:06.645Z
3.ON.2M4,155520,false,0,true,2026-08-10T06:58:19.62Z,1.12.6,1.9.0-DEV,428070c0f9ad,4.16.0,1.3.11,ctbllib-fs2-q1-findall,2397,1049,2026-08-10T07:03:07.054Z
3.ON.2N3,155520,true,0,true,2026-08-10T06:58:19.62Z,1.12.6,1.9.0-DEV,428070c0f9ad,4.16.0,1.3.11,ctbllib-fs2-q1-findall,2397,1050,2026-08-10T07:03:07.427Z
3.ON.2N7,49392,true,0,true,2026-08-10T06:58:19.62Z,1.12.6,1.9.0-DEV,428070c0f9ad,4.16.0,1.3.11,ctbllib-fs2-q1-findall,2397,1051,2026-08-10T07:03:08.197Z
3.ONM5,77760,false,0,true,2026-08-10T06:58:19.62Z,1.12.6,1.9.0-DEV,428070c0f9ad,4.16.0,1.3.11,ctbllib-fs2-q1-findall,2397,1052,2026-08-10T07:03:08.331Z
3.ONM6,77760,true,0,true,2026-08-10T06:58:19.62Z,1.12.6,1.9.0-DEV,428070c0f9ad,4.16.0,1.3.11,ctbllib-fs2-q1-findall,2397,1053,2026-08-10T07:03:08.4Z
3.Suz,1345036492800,false,0,true,2026-08-10T06:58:19.62Z,1.12.6,1.9.0-DEV,428070c0f9ad,4.16.0,1.3.11,ctbllib-fs2-q1-findall,2397,1054,2026-08-10T07:03:08.487Z
3.Suz.2,2690072985600,false,0,true,2026-08-10T06:58:19.62Z,1.12.6,1.9.0-DEV,428070c0f9ad,4.16.0,1.3.11,ctbllib-fs2-q1-findall,2397,1055,2026-08-10T07:03:08.522Z
3.U3(11),212747040,false,0,true,2026-08-10T06:58:19.62Z,1.12.6,1.9.0-DEV,428070c0f9ad,4.16.0,1.3.11,ctbllib-fs2-q1-findall,2397,1056,2026-08-10T07:03:08.821Z
3.U3(11).2,425494080,false,0,true,2026-08-10T06:58:19.62Z,1.12.6,1.9.0-DEV,428070c0f9ad,4.16.0,1.3.11,ctbllib-fs2-q1-findall,2397,1057,2026-08-10T07:03:08.917Z
3.U3(11).3,638241120,false,0,true,2026-08-10T06:58:19.62Z,1.12.6,1.9.0-DEV,428070c0f9ad,4.16.0,1.3.11,ctbllib-fs2-q1-findall,2397,1058,2026-08-10T07:03:16.018Z
3.U3(11).S3,1276482240,false,0,true,2026-08-10T06:58:19.62Z,1.12.6,1.9.0-DEV,428070c0f9ad,4.16.0,1.3.11,ctbllib-fs2-q1-findall,2397,1059,2026-08-10T07:03:17.472Z
3.U3(5),378000,false,0,true,2026-08-10T06:58:19.62Z,1.12.6,1.9.0-DEV,428070c0f9ad,4.16.0,1.3.11,ctbllib-fs2-q1-findall,2397,1060,2026-08-10T07:03:17.498Z
3.U3(5).2,756000,false,0,true,2026-08-10T06:58:19.62Z,1.12.6,1.9.0-DEV,428070c0f9ad,4.16.0,1.3.11,ctbllib-fs2-q1-findall,2397,1061,2026-08-10T07:03:17.504Z
3.U3(5).3,1134000,false,0,true,2026-08-10T06:58:19.62Z,1.12.6,1.9.0-DEV,428070c0f9ad,4.16.0,1.3.11,ctbllib-fs2-q1-findall,2397,1062,2026-08-10T07:03:17.575Z
3.U3(5).S3,2268000,false,0,true,2026-08-10T06:58:19.62Z,1.12.6,1.9.0-DEV,428070c0f9ad,4.16.0,1.3.11,ctbllib-fs2-q1-findall,2397,1063,2026-08-10T07:03:17.596Z
3.U3(8),16547328,false,0,true,2026-08-10T06:58:19.62Z,1.12.6,1.9.0-DEV,428070c0f9ad,4.16.0,1.3.11,ctbllib-fs2-q1-findall,2397,1064,2026-08-10T07:03:17.804Z
3.U3(8).2,33094656,false,0,true,2026-08-10T06:58:19.62Z,1.12.6,1.9.0-DEV,428070c0f9ad,4.16.0,1.3.11,ctbllib-fs2-q1-findall,2397,1065,2026-08-10T07:03:17.855Z
3.U3(8).3_1,49641984,false,0,true,2026-08-10T06:58:19.62Z,1.12.6,1.9.0-DEV,428070c0f9ad,4.16.0,1.3.11,ctbllib-fs2-q1-findall,2397,1066,2026-08-10T07:03:17.896Z
3.U3(8).3_2,49641984,false,0,true,2026-08-10T06:58:19.62Z,1.12.6,1.9.0-DEV,428070c0f9ad,4.16.0,1.3.11,ctbllib-fs2-q1-findall,2397,1067,2026-08-10T07:03:20.611Z
3.U3(8).6,99283968,false,0,true,2026-08-10T06:58:19.62Z,1.12.6,1.9.0-DEV,428070c0f9ad,4.16.0,1.3.11,ctbllib-fs2-q1-findall,2397,1068,2026-08-10T07:03:20.633Z
3.U3(8).S3,99283968,false,0,true,2026-08-10T06:58:19.62Z,1.12.6,1.9.0-DEV,428070c0f9ad,4.16.0,1.3.11,ctbllib-fs2-q1-findall,2397,1069,2026-08-10T07:03:21.298Z
3.U6(2),27590492160,false,0,true,2026-08-10T06:58:19.62Z,1.12.6,1.9.0-DEV,428070c0f9ad,4.16.0,1.3.11,ctbllib-fs2-q1-findall,2397,1070,2026-08-10T07:03:21.397Z
3.U6(2).2,55180984320,false,0,true,2026-08-10T06:58:19.62Z,1.12.6,1.9.0-DEV,428070c0f9ad,4.16.0,1.3.11,ctbllib-fs2-q1-findall,2397,1071,2026-08-10T07:03:21.432Z
3.U6(2).3,82771476480,false,0,true,2026-08-10T06:58:19.62Z,1.12.6,1.9.0-DEV,428070c0f9ad,4.16.0,1.3.11,ctbllib-fs2-q1-findall,2397,1072,2026-08-10T07:03:21.935Z
3.U6(2).3.2,165542952960,false,0,true,2026-08-10T06:58:19.62Z,1.12.6,1.9.0-DEV,428070c0f9ad,4.16.0,1.3.11,ctbllib-fs2-q1-findall,2397,1073,2026-08-10T07:03:22.076Z
3.U6(2)M3,30965760,false,0,true,2026-08-10T06:58:19.62Z,1.12.6,1.9.0-DEV,428070c0f9ad,4.16.0,1.3.11,ctbllib-fs2-q1-findall,2397,1074,2026-08-10T07:03:22.399Z
3.s7x2,30240,false,0,true,2026-08-10T06:58:19.62Z,1.12.6,1.9.0-DEV,428070c0f9ad,4.16.0,1.3.11,ctbllib-fs2-q1-findall,2397,1075,2026-08-10T07:03:22.454Z
31:10,310,true,0,true,2026-08-10T06:58:19.62Z,1.12.6,1.9.0-DEV,428070c0f9ad,4.16.0,1.3.11,ctbllib-fs2-q1-findall,2397,1076,2026-08-10T07:03:22.723Z
31:15,465,true,0,true,2026-08-10T06:58:19.62Z,1.12.6,1.9.0-DEV,428070c0f9ad,4.16.0,1.3.11,ctbllib-fs2-q1-findall,2397,1077,2026-08-10T07:03:22.78Z
31:3,93,true,0,true,2026-08-10T06:58:19.62Z,1.12.6,1.9.0-DEV,428070c0f9ad,4.16.0,1.3.11,ctbllib-fs2-q1-findall,2397,1078,2026-08-10T07:03:22.795Z
31:30,930,true,0,true,2026-08-10T06:58:19.62Z,1.12.6,1.9.0-DEV,428070c0f9ad,4.16.0,1.3.11,ctbllib-fs2-q1-findall,2397,1079,2026-08-10T07:03:22.857Z
31:5,155,true,0,true,2026-08-10T06:58:19.62Z,1.12.6,1.9.0-DEV,428070c0f9ad,4.16.0,1.3.11,ctbllib-fs2-q1-findall,2397,1080,2026-08-10T07:03:22.874Z
31:6,186,true,0,true,2026-08-10T06:58:19.62Z,1.12.6,1.9.0-DEV,428070c0f9ad,4.16.0,1.3.11,ctbllib-fs2-q1-findall,2397,1081,2026-08-10T07:03:23.148Z
37:12,444,true,0,true,2026-08-10T06:58:19.62Z,1.12.6,1.9.0-DEV,428070c0f9ad,4.16.0,1.3.11,ctbllib-fs2-q1-findall,2397,1082,2026-08-10T07:03:23.167Z
37:18,666,true,0,true,2026-08-10T06:58:19.62Z,1.12.6,1.9.0-DEV,428070c0f9ad,4.16.0,1.3.11,ctbllib-fs2-q1-findall,2397,1083,2026-08-10T07:03:23.227Z
37:3,111,true,0,true,2026-08-10T06:58:19.62Z,1.12.6,1.9.0-DEV,428070c0f9ad,4.16.0,1.3.11,ctbllib-fs2-q1-findall,2397,1084,2026-08-10T07:03:23.245Z
3D4(2),211341312,false,0,true,2026-08-10T06:58:19.62Z,1.12.6,1.9.0-DEV,428070c0f9ad,4.16.0,1.3.11,ctbllib-fs2-q1-findall,2397,1085,2026-08-10T07:03:23.278Z
3D4(2).3,634023936,false,0,true,2026-08-10T06:58:19.62Z,1.12.6,1.9.0-DEV,428070c0f9ad,4.16.0,1.3.11,ctbllib-fs2-q1-findall,2397,1086,2026-08-10T07:03:23.492Z
3D4(3),20560831566912,false,0,true,2026-08-10T06:58:19.62Z,1.12.6,1.9.0-DEV,428070c0f9ad,4.16.0,1.3.11,ctbllib-fs2-q1-findall,2397,1087,2026-08-10T07:03:23.694Z
3D4(4),67802350642790400,false,0,true,2026-08-10T06:58:19.62Z,1.12.6,1.9.0-DEV,428070c0f9ad,4.16.0,1.3.11,ctbllib-fs2-q1-findall,2397,1088,2026-08-10T07:03:32.71Z
3^(1+10):(2xU5(2):2),9697565306880,false,0,true,2026-08-10T06:58:19.62Z,1.12.6,1.9.0-DEV,428070c0f9ad,4.16.0,1.3.11,ctbllib-fs2-q1-findall,2397,1089,2026-08-10T07:03:33.138Z
3^(1+10):U5(2):2,4848782653440,false,0,true,2026-08-10T06:58:19.62Z,1.12.6,1.9.0-DEV,428070c0f9ad,4.16.0,1.3.11,ctbllib-fs2-q1-findall,2397,1090,2026-08-10T07:03:33.377Z
3^(1+10)_+:(2x2^(1+6)_-:3^(1+2)_+:2S4),58773123072,true,0,true,2026-08-10T06:58:19.62Z,1.12.6,1.9.0-DEV,428070c0f9ad,4.16.0,1.3.11,ctbllib-fs2-q1-findall,2397,1091,2026-08-10T07:03:33.952Z
3^(1+10)_+:2^(1+6)_-:3^(1+2)_+:2S4,29386561536,true,0,true,2026-08-10T06:58:19.62Z,1.12.6,1.9.0-DEV,428070c0f9ad,4.16.0,1.3.11,ctbllib-fs2-q1-findall,2397,1092,2026-08-10T07:03:34.423Z
3^(1+12).(2xU5(2).2),87278087761920,false,0,true,2026-08-10T06:58:19.62Z,1.12.6,1.9.0-DEV,428070c0f9ad,4.16.0,1.3.11,ctbllib-fs2-q1-findall,2397,1093,2026-08-10T07:03:35.067Z
3^(1+12).2.Suz.2,2859230155080499200,false,0,true,2026-08-10T06:58:19.62Z,1.12.6,1.9.0-DEV,428070c0f9ad,4.16.0,1.3.11,ctbllib-fs2-q1-findall,2397,1094,2026-08-10T07:03:35.344Z
3^(1+12):6.Suz.2,8577690465241497600,false,0,true,2026-08-10T06:58:19.62Z,1.12.6,1.9.0-DEV,428070c0f9ad,4.16.0,1.3.11,ctbllib-fs2-q1-findall,2397,1095,2026-08-10T07:03:36.392Z
3^(1+2)+.2S4,1296,true,0,true,2026-08-10T06:58:19.62Z,1.12.6,1.9.0-DEV,428070c0f9ad,4.16.0,1.3.11,ctbllib-fs2-q1-findall,2397,1096,2026-08-10T07:03:36.423Z
3^(1+2)+:2A4,648,true,0,true,2026-08-10T06:58:19.62Z,1.12.6,1.9.0-DEV,428070c0f9ad,4.16.0,1.3.11,ctbllib-fs2-q1-findall,2397,1097,2026-08-10T07:03:36.432Z
3^(1+2)+:2S4,1296,true,0,true,2026-08-10T06:58:19.62Z,1.12.6,1.9.0-DEV,428070c0f9ad,4.16.0,1.3.11,ctbllib-fs2-q1-findall,2397,1098,2026-08-10T07:03:36.461Z
3^(1+2):4,108,true,0,true,2026-08-10T06:58:19.62Z,1.12.6,1.9.0-DEV,428070c0f9ad,4.16.0,1.3.11,ctbllib-fs2-q1-findall,2397,1099,2026-08-10T07:03:36.466Z
3^(1+2):8,216,true,0,true,2026-08-10T06:58:19.62Z,1.12.6,1.9.0-DEV,428070c0f9ad,4.16.0,1.3.11,ctbllib-fs2-q1-findall,2397,1100,2026-08-10T07:03:36.501Z
3^(1+2):8:4,864,true,0,true,2026-08-10T06:58:19.62Z,1.12.6,1.9.0-DEV,428070c0f9ad,4.16.0,1.3.11,ctbllib-fs2-q1-findall,2397,1101,2026-08-10T07:03:36.764Z
3^(1+2):D8,216,true,0,true,2026-08-10T06:58:19.62Z,1.12.6,1.9.0-DEV,428070c0f9ad,4.16.0,1.3.11,ctbllib-fs2-q1-findall,2397,1102,2026-08-10T07:03:36.799Z
3^(1+2):SD16,432,true,0,true,2026-08-10T06:58:19.62Z,1.12.6,1.9.0-DEV,428070c0f9ad,4.16.0,1.3.11,ctbllib-fs2-q1-findall,2397,1103,2026-08-10T07:03:36.801Z
3^(1+2)_+,27,true,0,true,2026-08-10T06:58:19.62Z,1.12.6,1.9.0-DEV,428070c0f9ad,4.16.0,1.3.11,ctbllib-fs2-q1-findall,2397,1104,2026-08-10T07:03:36.806Z
3^(1+2)_+.(2S4x3),3888,true,0,true,2026-08-10T06:58:19.62Z,1.12.6,1.9.0-DEV,428070c0f9ad,4.16.0,1.3.11,ctbllib-fs2-q1-findall,2397,1105,2026-08-10T07:03:36.819Z
3^(1+2)_+:2,54,true,0,true,2026-08-10T06:58:19.62Z,1.12.6,1.9.0-DEV,428070c0f9ad,4.16.0,1.3.11,ctbllib-fs2-q1-findall,2397,1106,2026-08-10T07:03:36.823Z
3^(1+2)_+:Q8,216,true,0,true,2026-08-10T06:58:19.62Z,1.12.6,1.9.0-DEV,428070c0f9ad,4.16.0,1.3.11,ctbllib-fs2-q1-findall,2397,1107,2026-08-10T07:03:36.861Z
3^(1+4)+.2^(1+4)-.S3,46656,true,0,true,2026-08-10T06:58:19.62Z,1.12.6,1.9.0-DEV,428070c0f9ad,4.16.0,1.3.11,ctbllib-fs2-q1-findall,2397,1108,2026-08-10T07:03:36.896Z
3^(1+4)+.4S4,23328,true,0,true,2026-08-10T06:58:19.62Z,1.12.6,1.9.0-DEV,428070c0f9ad,4.16.0,1.3.11,ctbllib-fs2-q1-findall,2397,1109,2026-08-10T07:03:36.901Z
3^(1+4).2U4(2),12597120,false,0,true,2026-08-10T06:58:19.62Z,1.12.6,1.9.0-DEV,428070c0f9ad,4.16.0,1.3.11,ctbllib-fs2-q1-findall,2397,1110,2026-08-10T07:03:37.028Z
3^(1+4).2U4(2).2,25194240,false,0,true,2026-08-10T06:58:19.62Z,1.12.6,1.9.0-DEV,428070c0f9ad,4.16.0,1.3.11,ctbllib-fs2-q1-findall,2397,1111,2026-08-10T07:03:37.051Z
3^(1+4).2^(1+1+2+2).S3,93312,true,0,true,2026-08-10T06:58:19.62Z,1.12.6,1.9.0-DEV,428070c0f9ad,4.16.0,1.3.11,ctbllib-fs2-q1-findall,2397,1112,2026-08-10T07:03:37.151Z
3^(1+4):2S5,58320,false,0,true,2026-08-10T06:58:19.62Z,1.12.6,1.9.0-DEV,428070c0f9ad,4.16.0,1.3.11,ctbllib-fs2-q1-findall,2397,1113,2026-08-10T07:03:37.205Z
3^(1+4):4A5,58320,false,0,true,2026-08-10T06:58:19.62Z,1.12.6,1.9.0-DEV,428070c0f9ad,4.16.0,1.3.11,ctbllib-fs2-q1-findall,2397,1114,2026-08-10T07:03:37.212Z
3^(1+4):4S4,23328,true,0,true,2026-08-10T06:58:19.62Z,1.12.6,1.9.0-DEV,428070c0f9ad,4.16.0,1.3.11,ctbllib-fs2-q1-findall,2397,1115,2026-08-10T07:03:37.266Z
3^(1+4):4S5,116640,false,0,true,2026-08-10T06:58:19.62Z,1.12.6,1.9.0-DEV,428070c0f9ad,4.16.0,1.3.11,ctbllib-fs2-q1-findall,2397,1116,2026-08-10T07:03:37.32Z
3^(1+4)_+.2S4,11664,true,0,true,2026-08-10T06:58:19.62Z,1.12.6,1.9.0-DEV,428070c0f9ad,4.16.0,1.3.11,ctbllib-fs2-q1-findall,2397,1117,2026-08-10T07:03:37.326Z
3^(1+4)_+:(S3xQD16),23328,true,0,true,2026-08-10T06:58:19.62Z,1.12.6,1.9.0-DEV,428070c0f9ad,4.16.0,1.3.11,ctbllib-fs2-q1-findall,2397,1118,2026-08-10T07:03:37.553Z
3^(1+6):2^(3+4):3^2:2,5038848,true,0,true,2026-08-10T06:58:19.62Z,1.12.6,1.9.0-DEV,428070c0f9ad,4.16.0,1.3.11,ctbllib-fs2-q1-findall,2397,1119,2026-08-10T07:03:37.619Z
3^(1+6)_+:2^(3+4):(S3xS3),10077696,true,0,true,2026-08-10T06:58:19.62Z,1.12.6,1.9.0-DEV,428070c0f9ad,4.16.0,1.3.11,ctbllib-fs2-q1-findall,2397,1120,2026-08-10T07:03:37.655Z
3^(1+8).2^(1+6).3^(1+2).2S4,3265173504,true,0,true,2026-08-10T06:58:19.62Z,1.12.6,1.9.0-DEV,428070c0f9ad,4.16.0,1.3.11,ctbllib-fs2-q1-findall,2397,1121,2026-08-10T07:03:37.788Z
3^(1+8).2^(1+6).U4(2).2,130606940160,false,0,true,2026-08-10T06:58:19.62Z,1.12.6,1.9.0-DEV,428070c0f9ad,4.16.0,1.3.11,ctbllib-fs2-q1-findall,2397,1122,2026-08-10T07:03:38.065Z
3^(2+4):2(S4xD8),279936,true,0,true,2026-08-10T06:58:19.62Z,1.12.6,1.9.0-DEV,428070c0f9ad,4.16.0,1.3.11,ctbllib-fs2-q1-findall,2397,1123,2026-08-10T07:03:38.124Z
3^(2+4):2A5.D8,699840,false,0,true,2026-08-10T06:58:19.62Z,1.12.6,1.9.0-DEV,428070c0f9ad,4.16.0,1.3.11,ctbllib-fs2-q1-findall,2397,1124,2026-08-10T07:03:38.132Z
3^(2+4):80,58320,true,0,true,2026-08-10T06:58:19.62Z,1.12.6,1.9.0-DEV,428070c0f9ad,4.16.0,1.3.11,ctbllib-fs2-q1-findall,2397,1125,2026-08-10T07:03:38.295Z
3^(2+5+10).(M11x2S4),49093924366080,false,0,true,2026-08-10T06:58:19.62Z,1.12.6,1.9.0-DEV,428070c0f9ad,4.16.0,1.3.11,ctbllib-fs2-q1-findall,2397,1126,2026-08-10T07:03:39.103Z
3^(3+2+6+6):(L3(3)xSD16),11604018486528,false,0,true,2026-08-10T06:58:19.62Z,1.12.6,1.9.0-DEV,428070c0f9ad,4.16.0,1.3.11,ctbllib-fs2-q1-findall,2397,1127,2026-08-10T07:03:39.445Z
3^(3+3):L3(3),4094064,false,0,true,2026-08-10T06:58:19.62Z,1.12.6,1.9.0-DEV,428070c0f9ad,4.16.0,1.3.11,ctbllib-fs2-q1-findall,2397,1128,2026-08-10T07:03:39.528Z
3^(3+4):(2.S4)^2,5038848,true,0,true,2026-08-10T06:58:19.62Z,1.12.6,1.9.0-DEV,428070c0f9ad,4.16.0,1.3.11,ctbllib-fs2-q1-findall,2397,1129,2026-08-10T07:03:39.871Z
3^(3+4):2(S4xA4),1259712,true,0,true,2026-08-10T06:58:19.62Z,1.12.6,1.9.0-DEV,428070c0f9ad,4.16.0,1.3.11,ctbllib-fs2-q1-findall,2397,1130,2026-08-10T07:03:39.962Z
3^(3+4):2(S4xS4),2519424,true,0,true,2026-08-10T06:58:19.62Z,1.12.6,1.9.0-DEV,428070c0f9ad,4.16.0,1.3.11,ctbllib-fs2-q1-findall,2397,1131,2026-08-10T07:03:40.02Z
3^(3+6):(L3(3)x2),221079456,false,0,true,2026-08-10T06:58:19.62Z,1.12.6,1.9.0-DEV,428070c0f9ad,4.16.0,1.3.11,ctbllib-fs2-q1-findall,2397,1132,2026-08-10T07:03:40.355Z
3^(3+6):(L3(3)xD8),884317824,false,0,true,2026-08-10T06:58:19.62Z,1.12.6,1.9.0-DEV,428070c0f9ad,4.16.0,1.3.11,ctbllib-fs2-q1-findall,2397,1133,2026-08-10T07:03:42.13Z
3^(3+6):26,511758,true,0,true,2026-08-10T06:58:19.62Z,1.12.6,1.9.0-DEV,428070c0f9ad,4.16.0,1.3.11,ctbllib-fs2-q1-findall,2397,1134,2026-08-10T07:03:42.149Z
3^1+4:2^1+4.s5,933120,false,0,true,2026-08-10T06:58:19.62Z,1.12.6,1.9.0-DEV,428070c0f9ad,4.16.0,1.3.11,ctbllib-fs2-q1-findall,2397,1135,2026-08-10T07:03:42.189Z
3^1+4:4s6,699840,false,0,true,2026-08-10T06:58:19.62Z,1.12.6,1.9.0-DEV,428070c0f9ad,4.16.0,1.3.11,ctbllib-fs2-q1-findall,2397,1136,2026-08-10T07:03:42.198Z
3^12.6.Suz.2,2859230155080499200,false,0,true,2026-08-10T06:58:19.62Z,1.12.6,1.9.0-DEV,428070c0f9ad,4.16.0,1.3.11,ctbllib-fs2-q1-findall,2397,1137,2026-08-10T07:03:42.674Z
3^2,9,true,0,true,2026-08-10T06:58:19.62Z,1.12.6,1.9.0-DEV,428070c0f9ad,4.16.0,1.3.11,ctbllib-fs2-q1-findall,2397,1138,2026-08-10T07:03:42.679Z
3^2+4:2(2^2xa4)2,139968,true,0,true,2026-08-10T06:58:19.62Z,1.12.6,1.9.0-DEV,428070c0f9ad,4.16.0,1.3.11,ctbllib-fs2-q1-findall,2397,1139,2026-08-10T07:03:42.735Z
3^2.(3^(1+4)_+.2S4),104976,true,0,true,2026-08-10T06:58:19.62Z,1.12.6,1.9.0-DEV,428070c0f9ad,4.16.0,1.3.11,ctbllib-fs2-q1-findall,2397,1140,2026-08-10T07:03:42.873Z
3^2.(3^4:A6),262440,false,0,true,2026-08-10T06:58:19.62Z,1.12.6,1.9.0-DEV,428070c0f9ad,4.16.0,1.3.11,ctbllib-fs2-q1-findall,2397,1141,2026-08-10T07:03:42.937Z
3^2.(3x3^(1+2)+):2^2,2916,true,0,true,2026-08-10T06:58:19.62Z,1.12.6,1.9.0-DEV,428070c0f9ad,4.16.0,1.3.11,ctbllib-fs2-q1-findall,2397,1142,2026-08-10T07:03:43.208Z
3^2.(3x3^(1+2)+):D8,5832,true,0,true,2026-08-10T06:58:19.62Z,1.12.6,1.9.0-DEV,428070c0f9ad,4.16.0,1.3.11,ctbllib-fs2-q1-findall,2397,1143,2026-08-10T07:03:43.243Z
3^2.2.S4,432,true,0,true,2026-08-10T06:58:19.62Z,1.12.6,1.9.0-DEV,428070c0f9ad,4.16.0,1.3.11,ctbllib-fs2-q1-findall,2397,1144,2026-08-10T07:03:43.251Z
3^2.3^(1+2):8,1944,true,0,true,2026-08-10T06:58:19.62Z,1.12.6,1.9.0-DEV,428070c0f9ad,4.16.0,1.3.11,ctbllib-fs2-q1-findall,2397,1145,2026-08-10T07:03:43.288Z
3^2.3^(1+2):8.2,3888,true,0,true,2026-08-10T06:58:19.62Z,1.12.6,1.9.0-DEV,428070c0f9ad,4.16.0,1.3.11,ctbllib-fs2-q1-findall,2397,1146,2026-08-10T07:03:43.306Z
3^2.3^3.3^6.(S4x2S4),204073344,true,0,true,2026-08-10T06:58:19.62Z,1.12.6,1.9.0-DEV,428070c0f9ad,4.16.0,1.3.11,ctbllib-fs2-q1-findall,2397,1147,2026-08-10T07:03:43.595Z
3^2.3^4.3^8.(A5x2A4).2,13774950720,false,0,true,2026-08-10T06:58:19.62Z,1.12.6,1.9.0-DEV,428070c0f9ad,4.16.0,1.3.11,ctbllib-fs2-q1-findall,2397,1148,2026-08-10T07:03:43.875Z
3^2.3^4.3^8.(S5x2S4),27549901440,false,0,true,2026-08-10T06:58:19.62Z,1.12.6,1.9.0-DEV,428070c0f9ad,4.16.0,1.3.11,ctbllib-fs2-q1-findall,2397,1149,2026-08-10T07:03:44.305Z
3^2.U4(3),29393280,false,0,true,2026-08-10T06:58:19.62Z,1.12.6,1.9.0-DEV,428070c0f9ad,4.16.0,1.3.11,ctbllib-fs2-q1-findall,2397,1150,2026-08-10T07:03:44.496Z
3^2.U4(3).(2^2)_{133},117573120,false,0,true,2026-08-10T06:58:19.62Z,1.12.6,1.9.0-DEV,428070c0f9ad,4.16.0,1.3.11,ctbllib-fs2-q1-findall,2397,1151,2026-08-10T07:03:44.537Z
3^2.U4(3).2_3',58786560,false,0,true,2026-08-10T06:58:19.62Z,1.12.6,1.9.0-DEV,428070c0f9ad,4.16.0,1.3.11,ctbllib-fs2-q1-findall,2397,1152,2026-08-10T07:03:44.59Z
3^2.U4(3).D8,235146240,false,0,true,2026-08-10T06:58:19.62Z,1.12.6,1.9.0-DEV,428070c0f9ad,4.16.0,1.3.11,ctbllib-fs2-q1-findall,2397,1153,2026-08-10T07:03:44.623Z
3^2:2,18,true,0,true,2026-08-10T06:58:19.62Z,1.12.6,1.9.0-DEV,428070c0f9ad,4.16.0,1.3.11,ctbllib-fs2-q1-findall,2397,1154,2026-08-10T07:03:44.627Z
3^2:2A4,216,true,0,true,2026-08-10T06:58:19.62Z,1.12.6,1.9.0-DEV,428070c0f9ad,4.16.0,1.3.11,ctbllib-fs2-q1-findall,2397,1155,2026-08-10T07:03:45.268Z
3^2:2A4x3,648,true,0,true,2026-08-10T06:58:19.62Z,1.12.6,1.9.0-DEV,428070c0f9ad,4.16.0,1.3.11,ctbllib-fs2-q1-findall,2397,1156,2026-08-10T07:03:45.292Z
3^2:4,36,true,0,true,2026-08-10T06:58:19.62Z,1.12.6,1.9.0-DEV,428070c0f9ad,4.16.0,1.3.11,ctbllib-fs2-q1-findall,2397,1157,2026-08-10T07:03:45.296Z
3^2:8,72,true,0,true,2026-08-10T06:58:19.62Z,1.12.6,1.9.0-DEV,428070c0f9ad,4.16.0,1.3.11,ctbllib-fs2-q1-findall,2397,1158,2026-08-10T07:03:45.305Z
3^2:Q8,72,true,0,true,2026-08-10T06:58:19.62Z,1.12.6,1.9.0-DEV,428070c0f9ad,4.16.0,1.3.11,ctbllib-fs2-q1-findall,2397,1159,2026-08-10T07:03:45.339Z
3^2:Q8.2,144,true,0,true,2026-08-10T06:58:19.62Z,1.12.6,1.9.0-DEV,428070c0f9ad,4.16.0,1.3.11,ctbllib-fs2-q1-findall,2397,1160,2026-08-10T07:03:45.34Z
3^3.(3x3^(1+2)+):2^2,8748,true,0,true,2026-08-10T06:58:19.62Z,1.12.6,1.9.0-DEV,428070c0f9ad,4.16.0,1.3.11,ctbllib-fs2-q1-findall,2397,1161,2026-08-10T07:03:45.608Z
3^3.3^(1+2):8,5832,true,0,true,2026-08-10T06:58:19.62Z,1.12.6,1.9.0-DEV,428070c0f9ad,4.16.0,1.3.11,ctbllib-fs2-q1-findall,2397,1162,2026-08-10T07:03:45.621Z
3^3.3^(1+2):8.2,11664,true,0,true,2026-08-10T06:58:19.62Z,1.12.6,1.9.0-DEV,428070c0f9ad,4.16.0,1.3.11,ctbllib-fs2-q1-findall,2397,1163,2026-08-10T07:03:45.628Z
3^3.S4,648,true,0,true,2026-08-10T06:58:19.62Z,1.12.6,1.9.0-DEV,428070c0f9ad,4.16.0,1.3.11,ctbllib-fs2-q1-findall,2397,1164,2026-08-10T07:03:45.684Z
3^3.[3^10].(L3(3)x2^2),35814871872,false,0,true,2026-08-10T06:58:19.62Z,1.12.6,1.9.0-DEV,428070c0f9ad,4.16.0,1.3.11,ctbllib-fs2-q1-findall,2397,1165,2026-08-10T07:03:46.252Z
3^3.[3^10].GL3(3),17907435936,false,0,true,2026-08-10T06:58:19.62Z,1.12.6,1.9.0-DEV,428070c0f9ad,4.16.0,1.3.11,ctbllib-fs2-q1-findall,2397,1166,2026-08-10T07:03:46.504Z
3^3:(S3x2),324,true,0,true,2026-08-10T06:58:19.62Z,1.12.6,1.9.0-DEV,428070c0f9ad,4.16.0,1.3.11,ctbllib-fs2-q1-findall,2397,1167,2026-08-10T07:03:46.776Z
3^3:13,351,true,0,true,2026-08-10T06:58:19.62Z,1.12.6,1.9.0-DEV,428070c0f9ad,4.16.0,1.3.11,ctbllib-fs2-q1-findall,2397,1168,2026-08-10T07:03:46.786Z
3^3:A4,324,true,0,true,2026-08-10T06:58:19.62Z,1.12.6,1.9.0-DEV,428070c0f9ad,4.16.0,1.3.11,ctbllib-fs2-q1-findall,2397,1169,2026-08-10T07:03:46.846Z
3^3:L3(3),151632,false,0,true,2026-08-10T06:58:19.62Z,1.12.6,1.9.0-DEV,428070c0f9ad,4.16.0,1.3.11,ctbllib-fs2-q1-findall,2397,1170,2026-08-10T07:03:46.879Z
3^3:S3,162,true,0,true,2026-08-10T06:58:19.62Z,1.12.6,1.9.0-DEV,428070c0f9ad,4.16.0,1.3.11,ctbllib-fs2-q1-findall,2397,1171,2026-08-10T07:03:47.156Z
3^3:S4`,648,true,0,true,2026-08-10T06:58:19.62Z,1.12.6,1.9.0-DEV,428070c0f9ad,4.16.0,1.3.11,ctbllib-fs2-q1-findall,2397,1172,2026-08-10T07:03:47.188Z
"3^4.(3xSL(2,3)).2",11664,true,0,true,2026-08-10T06:58:19.62Z,1.12.6,1.9.0-DEV,428070c0f9ad,4.16.0,1.3.11,ctbllib-fs2-q1-findall,2397,1173,2026-08-10T07:03:47.722Z
3^4.2U4(2),4199040,false,0,true,2026-08-10T06:58:19.62Z,1.12.6,1.9.0-DEV,428070c0f9ad,4.16.0,1.3.11,ctbllib-fs2-q1-findall,2397,1174,2026-08-10T07:03:47.793Z
3^4.2U4(2).2,8398080,false,0,true,2026-08-10T06:58:19.62Z,1.12.6,1.9.0-DEV,428070c0f9ad,4.16.0,1.3.11,ctbllib-fs2-q1-findall,2397,1175,2026-08-10T07:03:47.802Z
3^4.3^2.Q8,5832,true,0,true,2026-08-10T06:58:19.62Z,1.12.6,1.9.0-DEV,428070c0f9ad,4.16.0,1.3.11,ctbllib-fs2-q1-findall,2397,1176,2026-08-10T07:03:47.852Z
3^4.3^2:4,2916,true,0,true,2026-08-10T06:58:19.62Z,1.12.6,1.9.0-DEV,428070c0f9ad,4.16.0,1.3.11,ctbllib-fs2-q1-findall,2397,1177,2026-08-10T07:03:48.117Z
3^4.A6.D8,233280,false,0,true,2026-08-10T06:58:19.62Z,1.12.6,1.9.0-DEV,428070c0f9ad,4.16.0,1.3.11,ctbllib-fs2-q1-findall,2397,1178,2026-08-10T07:03:48.123Z
3^4:(2xA5),9720,false,0,true,2026-08-10T06:58:19.62Z,1.12.6,1.9.0-DEV,428070c0f9ad,4.16.0,1.3.11,ctbllib-fs2-q1-findall,2397,1179,2026-08-10T07:03:48.181Z
3^4:(2xA6),58320,false,0,true,2026-08-10T06:58:19.62Z,1.12.6,1.9.0-DEV,428070c0f9ad,4.16.0,1.3.11,ctbllib-fs2-q1-findall,2397,1180,2026-08-10T07:03:48.214Z
3^4:(M10x2),116640,false,0,true,2026-08-10T06:58:19.62Z,1.12.6,1.9.0-DEV,428070c0f9ad,4.16.0,1.3.11,ctbllib-fs2-q1-findall,2397,1181,2026-08-10T07:03:48.264Z
3^4:2(A4xA4).2,46656,true,0,true,2026-08-10T06:58:19.62Z,1.12.6,1.9.0-DEV,428070c0f9ad,4.16.0,1.3.11,ctbllib-fs2-q1-findall,2397,1182,2026-08-10T07:03:48.296Z
3^4:2(A4xA4).4,93312,true,0,true,2026-08-10T06:58:19.62Z,1.12.6,1.9.0-DEV,428070c0f9ad,4.16.0,1.3.11,ctbllib-fs2-q1-findall,2397,1183,2026-08-10T07:03:48.346Z
3^4:2(S4xS4).2,186624,true,0,true,2026-08-10T06:58:19.62Z,1.12.6,1.9.0-DEV,428070c0f9ad,4.16.0,1.3.11,ctbllib-fs2-q1-findall,2397,1184,2026-08-10T07:03:48.354Z
3^4:2.A6,58320,false,0,true,2026-08-10T06:58:19.62Z,1.12.6,1.9.0-DEV,428070c0f9ad,4.16.0,1.3.11,ctbllib-fs2-q1-findall,2397,1185,2026-08-10T07:03:48.415Z
3^4:2^(1+4).(5:4),51840,true,0,true,2026-08-10T06:58:19.62Z,1.12.6,1.9.0-DEV,428070c0f9ad,4.16.0,1.3.11,ctbllib-fs2-q1-findall,2397,1186,2026-08-10T07:03:48.451Z
3^4:2^(1+4)D10,25920,true,0,true,2026-08-10T06:58:19.62Z,1.12.6,1.9.0-DEV,428070c0f9ad,4.16.0,1.3.11,ctbllib-fs2-q1-findall,2397,1187,2026-08-10T07:03:48.455Z
3^4:2^3.S4,15552,true,0,true,2026-08-10T06:58:19.62Z,1.12.6,1.9.0-DEV,428070c0f9ad,4.16.0,1.3.11,ctbllib-fs2-q1-findall,2397,1188,2026-08-10T07:03:48.487Z
3^4:2^3.S4(a),15552,true,0,true,2026-08-10T06:58:19.62Z,1.12.6,1.9.0-DEV,428070c0f9ad,4.16.0,1.3.11,ctbllib-fs2-q1-findall,2397,1189,2026-08-10T07:03:48.492Z
3^4:3^2:D8,5832,true,0,true,2026-08-10T06:58:19.62Z,1.12.6,1.9.0-DEV,428070c0f9ad,4.16.0,1.3.11,ctbllib-fs2-q1-findall,2397,1190,2026-08-10T07:03:48.766Z
3^4:40,3240,true,0,true,2026-08-10T06:58:19.62Z,1.12.6,1.9.0-DEV,428070c0f9ad,4.16.0,1.3.11,ctbllib-fs2-q1-findall,2397,1191,2026-08-10T07:03:48.791Z
3^4:A6,29160,false,0,true,2026-08-10T06:58:19.62Z,1.12.6,1.9.0-DEV,428070c0f9ad,4.16.0,1.3.11,ctbllib-fs2-q1-findall,2397,1192,2026-08-10T07:03:48.852Z
3^4:GL2(9),466560,false,0,true,2026-08-10T06:58:19.62Z,1.12.6,1.9.0-DEV,428070c0f9ad,4.16.0,1.3.11,ctbllib-fs2-q1-findall,2397,1193,2026-08-10T07:03:48.9Z
3^4:S5,9720,false,0,true,2026-08-10T06:58:19.62Z,1.12.6,1.9.0-DEV,428070c0f9ad,4.16.0,1.3.11,ctbllib-fs2-q1-findall,2397,1194,2026-08-10T07:03:48.917Z
3^4:S6,58320,false,0,true,2026-08-10T06:58:19.62Z,1.12.6,1.9.0-DEV,428070c0f9ad,4.16.0,1.3.11,ctbllib-fs2-q1-findall,2397,1195,2026-08-10T07:03:49.409Z
3^4:m10,58320,false,0,true,2026-08-10T06:58:19.62Z,1.12.6,1.9.0-DEV,428070c0f9ad,4.16.0,1.3.11,ctbllib-fs2-q1-findall,2397,1196,2026-08-10T07:03:49.458Z
3^5.3^(1+2).2.S4,314928,true,0,true,2026-08-10T06:58:19.62Z,1.12.6,1.9.0-DEV,428070c0f9ad,4.16.0,1.3.11,ctbllib-fs2-q1-findall,2397,1197,2026-08-10T07:03:49.735Z
3^5.3^3.(2xS4),314928,true,0,true,2026-08-10T06:58:19.62Z,1.12.6,1.9.0-DEV,428070c0f9ad,4.16.0,1.3.11,ctbllib-fs2-q1-findall,2397,1198,2026-08-10T07:03:49.761Z
3^5.U4(2),6298560,false,0,true,2026-08-10T06:58:19.62Z,1.12.6,1.9.0-DEV,428070c0f9ad,4.16.0,1.3.11,ctbllib-fs2-q1-findall,2397,1199,2026-08-10T07:03:49.951Z
3^5:(2xU4(2).2),25194240,false,0,true,2026-08-10T06:58:19.62Z,1.12.6,1.9.0-DEV,428070c0f9ad,4.16.0,1.3.11,ctbllib-fs2-q1-findall,2397,1200,2026-08-10T07:03:50.049Z
3^5:(2xm11),3849120,false,0,true,2026-08-10T06:58:19.62Z,1.12.6,1.9.0-DEV,428070c0f9ad,4.16.0,1.3.11,ctbllib-fs2-q1-findall,2397,1201,2026-08-10T07:03:50.087Z
3^5:(3^2:SD16),34992,true,0,true,2026-08-10T06:58:19.62Z,1.12.6,1.9.0-DEV,428070c0f9ad,4.16.0,1.3.11,ctbllib-fs2-q1-findall,2397,1202,2026-08-10T07:03:50.128Z
3^5:(M10x2),349920,false,0,true,2026-08-10T06:58:19.62Z,1.12.6,1.9.0-DEV,428070c0f9ad,4.16.0,1.3.11,ctbllib-fs2-q1-findall,2397,1203,2026-08-10T07:03:50.186Z
3^5:(M11x2),3849120,false,0,true,2026-08-10T06:58:19.62Z,1.12.6,1.9.0-DEV,428070c0f9ad,4.16.0,1.3.11,ctbllib-fs2-q1-findall,2397,1204,2026-08-10T07:03:50.193Z
3^5:2S6,349920,false,0,true,2026-08-10T06:58:19.62Z,1.12.6,1.9.0-DEV,428070c0f9ad,4.16.0,1.3.11,ctbllib-fs2-q1-findall,2397,1205,2026-08-10T07:03:50.205Z
3^5:M10,174960,false,0,true,2026-08-10T06:58:19.62Z,1.12.6,1.9.0-DEV,428070c0f9ad,4.16.0,1.3.11,ctbllib-fs2-q1-findall,2397,1206,2026-08-10T07:03:50.211Z
3^5:M11,1924560,false,0,true,2026-08-10T06:58:19.62Z,1.12.6,1.9.0-DEV,428070c0f9ad,4.16.0,1.3.11,ctbllib-fs2-q1-findall,2397,1207,2026-08-10T07:03:50.216Z
3^5:U4(2),6298560,false,0,true,2026-08-10T06:58:19.62Z,1.12.6,1.9.0-DEV,428070c0f9ad,4.16.0,1.3.11,ctbllib-fs2-q1-findall,2397,1208,2026-08-10T07:03:50.35Z
3^5:U4(2):2,12597120,false,0,true,2026-08-10T06:58:19.62Z,1.12.6,1.9.0-DEV,428070c0f9ad,4.16.0,1.3.11,ctbllib-fs2-q1-findall,2397,1209,2026-08-10T07:03:50.445Z
3^6.L4(3).D8,35372712960,false,0,true,2026-08-10T06:58:19.62Z,1.12.6,1.9.0-DEV,428070c0f9ad,4.16.0,1.3.11,ctbllib-fs2-q1-findall,2397,1210,2026-08-10T07:03:52.148Z
3^6.M11,5773680,false,0,true,2026-08-10T06:58:19.62Z,1.12.6,1.9.0-DEV,428070c0f9ad,4.16.0,1.3.11,ctbllib-fs2-q1-findall,2397,1211,2026-08-10T07:03:52.226Z
3^6:(L4(3)x2),8843178240,false,0,true,2026-08-10T06:58:19.62Z,1.12.6,1.9.0-DEV,428070c0f9ad,4.16.0,1.3.11,ctbllib-fs2-q1-findall,2397,1212,2026-08-10T07:03:52.359Z
3^6:(M11x2),11547360,false,0,true,2026-08-10T06:58:19.62Z,1.12.6,1.9.0-DEV,428070c0f9ad,4.16.0,1.3.11,ctbllib-fs2-q1-findall,2397,1213,2026-08-10T07:03:52.423Z
3^6:2M12,138568320,false,0,true,2026-08-10T06:58:19.62Z,1.12.6,1.9.0-DEV,428070c0f9ad,4.16.0,1.3.11,ctbllib-fs2-q1-findall,2397,1214,2026-08-10T07:03:52.467Z
3^6:2U4(3).2_1,9523422720,false,0,true,2026-08-10T06:58:19.62Z,1.12.6,1.9.0-DEV,428070c0f9ad,4.16.0,1.3.11,ctbllib-fs2-q1-findall,2397,1215,2026-08-10T07:03:52.594Z
3^6:L3(3),4094064,false,0,true,2026-08-10T06:58:19.62Z,1.12.6,1.9.0-DEV,428070c0f9ad,4.16.0,1.3.11,ctbllib-fs2-q1-findall,2397,1216,2026-08-10T07:03:52.635Z
3^6:L4(3),4421589120,false,0,true,2026-08-10T06:58:19.62Z,1.12.6,1.9.0-DEV,428070c0f9ad,4.16.0,1.3.11,ctbllib-fs2-q1-findall,2397,1217,2026-08-10T07:03:52.725Z
3^6:L4(3):2_2,8843178240,false,0,true,2026-08-10T06:58:19.62Z,1.12.6,1.9.0-DEV,428070c0f9ad,4.16.0,1.3.11,ctbllib-fs2-q1-findall,2397,1218,2026-08-10T07:03:53.052Z
3^7.O7(3),10028164124160,false,0,true,2026-08-10T06:58:19.62Z,1.12.6,1.9.0-DEV,428070c0f9ad,4.16.0,1.3.11,ctbllib-fs2-q1-findall,2397,1219,2026-08-10T07:03:53.214Z
3^7.O7(3):2,20056328248320,false,0,true,2026-08-10T06:58:19.62Z,1.12.6,1.9.0-DEV,428070c0f9ad,4.16.0,1.3.11,ctbllib-fs2-q1-findall,2397,1220,2026-08-10T07:03:53.523Z
3^7:O7(3),10028164124160,false,0,true,2026-08-10T06:58:19.62Z,1.12.6,1.9.0-DEV,428070c0f9ad,4.16.0,1.3.11,ctbllib-fs2-q1-findall,2397,1221,2026-08-10T07:03:53.973Z
3^8.O8-(3).2_3,133214132225341440,false,0,true,2026-08-10T06:58:19.62Z,1.12.6,1.9.0-DEV,428070c0f9ad,4.16.0,1.3.11,ctbllib-fs2-q1-findall,2397,1222,2026-08-10T07:03:54.305Z
3_1.U4(3),9797760,false,0,true,2026-08-10T06:58:19.62Z,1.12.6,1.9.0-DEV,428070c0f9ad,4.16.0,1.3.11,ctbllib-fs2-q1-findall,2397,1223,2026-08-10T07:03:54.411Z
3_1.U4(3).(2^2)_{122},39191040,false,0,true,2026-08-10T06:58:19.62Z,1.12.6,1.9.0-DEV,428070c0f9ad,4.16.0,1.3.11,ctbllib-fs2-q1-findall,2397,1224,2026-08-10T07:03:54.438Z
3_1.U4(3).2_1,19595520,false,0,true,2026-08-10T06:58:19.62Z,1.12.6,1.9.0-DEV,428070c0f9ad,4.16.0,1.3.11,ctbllib-fs2-q1-findall,2397,1225,2026-08-10T07:03:54.451Z
3_1.U4(3).2_2,19595520,false,0,true,2026-08-10T06:58:19.62Z,1.12.6,1.9.0-DEV,428070c0f9ad,4.16.0,1.3.11,ctbllib-fs2-q1-findall,2397,1226,2026-08-10T07:03:54.487Z
3_1.U4(3).2_2',19595520,false,0,true,2026-08-10T06:58:19.62Z,1.12.6,1.9.0-DEV,428070c0f9ad,4.16.0,1.3.11,ctbllib-fs2-q1-findall,2397,1227,2026-08-10T07:03:54.501Z
3_2.U4(3),9797760,false,0,true,2026-08-10T06:58:19.62Z,1.12.6,1.9.0-DEV,428070c0f9ad,4.16.0,1.3.11,ctbllib-fs2-q1-findall,2397,1228,2026-08-10T07:03:54.516Z
3_2.U4(3).(2^2)_{133},39191040,false,0,true,2026-08-10T06:58:19.62Z,1.12.6,1.9.0-DEV,428070c0f9ad,4.16.0,1.3.11,ctbllib-fs2-q1-findall,2397,1229,2026-08-10T07:03:54.532Z
3_2.U4(3).2_1,19595520,false,0,true,2026-08-10T06:58:19.62Z,1.12.6,1.9.0-DEV,428070c0f9ad,4.16.0,1.3.11,ctbllib-fs2-q1-findall,2397,1230,2026-08-10T07:03:54.544Z
3_2.U4(3).2_3,19595520,false,0,true,2026-08-10T06:58:19.62Z,1.12.6,1.9.0-DEV,428070c0f9ad,4.16.0,1.3.11,ctbllib-fs2-q1-findall,2397,1231,2026-08-10T07:03:55.129Z
3_2.U4(3).2_3',19595520,false,0,true,2026-08-10T06:58:19.62Z,1.12.6,1.9.0-DEV,428070c0f9ad,4.16.0,1.3.11,ctbllib-fs2-q1-findall,2397,1232,2026-08-10T07:03:55.138Z
3x(2.A5xD10).2,7200,false,0,true,2026-08-10T06:58:19.62Z,1.12.6,1.9.0-DEV,428070c0f9ad,4.16.0,1.3.11,ctbllib-fs2-q1-findall,2397,1233,2026-08-10T07:03:55.529Z
3x(2^2xU4(2)):2,622080,false,0,true,2026-08-10T06:58:19.62Z,1.12.6,1.9.0-DEV,428070c0f9ad,4.16.0,1.3.11,ctbllib-fs2-q1-findall,2397,1234,2026-08-10T07:03:55.885Z
3x(2x13).6,468,true,0,true,2026-08-10T06:58:19.62Z,1.12.6,1.9.0-DEV,428070c0f9ad,4.16.0,1.3.11,ctbllib-fs2-q1-findall,2397,1235,2026-08-10T07:03:56.187Z
3x(2x2^(1+8)):U4(2):2,159252480,false,0,true,2026-08-10T06:58:19.62Z,1.12.6,1.9.0-DEV,428070c0f9ad,4.16.0,1.3.11,ctbllib-fs2-q1-findall,2397,1236,2026-08-10T07:03:56.66Z
3x(2x2^(1+8)_+).2.2^4.(S3xS3),3538944,true,0,true,2026-08-10T06:58:19.62Z,1.12.6,1.9.0-DEV,428070c0f9ad,4.16.0,1.3.11,ctbllib-fs2-q1-findall,2397,1237,2026-08-10T07:03:57.97Z
3x(2xL3(3)).2,67392,false,0,true,2026-08-10T06:58:19.62Z,1.12.6,1.9.0-DEV,428070c0f9ad,4.16.0,1.3.11,ctbllib-fs2-q1-findall,2397,1238,2026-08-10T07:03:58.131Z
3x(3xA6):2_2,6480,false,0,true,2026-08-10T06:58:19.62Z,1.12.6,1.9.0-DEV,428070c0f9ad,4.16.0,1.3.11,ctbllib-fs2-q1-findall,2397,1239,2026-08-10T07:03:58.472Z
3x(4^2x2).2^3.S3,4608,true,0,true,2026-08-10T06:58:19.62Z,1.12.6,1.9.0-DEV,428070c0f9ad,4.16.0,1.3.11,ctbllib-fs2-q1-findall,2397,1240,2026-08-10T07:03:59.036Z
3x(4x2^2).2^4.S3,4608,true,0,true,2026-08-10T06:58:19.62Z,1.12.6,1.9.0-DEV,428070c0f9ad,4.16.0,1.3.11,ctbllib-fs2-q1-findall,2397,1241,2026-08-10T07:03:59.331Z
3x(A4x11:5).2,3960,true,0,true,2026-08-10T06:58:19.62Z,1.12.6,1.9.0-DEV,428070c0f9ad,4.16.0,1.3.11,ctbllib-fs2-q1-findall,2397,1242,2026-08-10T07:03:59.705Z
3x(A4x7:3):2,1512,true,0,true,2026-08-10T06:58:19.62Z,1.12.6,1.9.0-DEV,428070c0f9ad,4.16.0,1.3.11,ctbllib-fs2-q1-findall,2397,1243,2026-08-10T07:04:00.041Z
3x(A5xD10).2,3600,false,0,true,2026-08-10T06:58:19.62Z,1.12.6,1.9.0-DEV,428070c0f9ad,4.16.0,1.3.11,ctbllib-fs2-q1-findall,2397,1244,2026-08-10T07:04:00.41Z
3x(D10xA9).2,10886400,false,0,true,2026-08-10T06:58:19.62Z,1.12.6,1.9.0-DEV,428070c0f9ad,4.16.0,1.3.11,ctbllib-fs2-q1-findall,2397,1245,2026-08-10T07:04:01.17Z
"3x(SL(2,3)x7:3).2",3024,true,0,true,2026-08-10T06:58:19.62Z,1.12.6,1.9.0-DEV,428070c0f9ad,4.16.0,1.3.11,ctbllib-fs2-q1-findall,2397,1246,2026-08-10T07:04:01.534Z
3x11:10,330,true,0,true,2026-08-10T06:58:19.62Z,1.12.6,1.9.0-DEV,428070c0f9ad,4.16.0,1.3.11,ctbllib-fs2-q1-findall,2397,1247,2026-08-10T07:04:01.823Z
3x11:20,660,true,0,true,2026-08-10T06:58:19.62Z,1.12.6,1.9.0-DEV,428070c0f9ad,4.16.0,1.3.11,ctbllib-fs2-q1-findall,2397,1248,2026-08-10T07:04:02.137Z
3x11:5,165,true,0,true,2026-08-10T06:58:19.62Z,1.12.6,1.9.0-DEV,428070c0f9ad,4.16.0,1.3.11,ctbllib-fs2-q1-findall,2397,1249,2026-08-10T07:04:03.862Z
3x13:6,234,true,0,true,2026-08-10T06:58:19.62Z,1.12.6,1.9.0-DEV,428070c0f9ad,4.16.0,1.3.11,ctbllib-fs2-q1-findall,2397,1250,2026-08-10T07:04:04.147Z
3x17:16,816,true,0,true,2026-08-10T06:58:19.62Z,1.12.6,1.9.0-DEV,428070c0f9ad,4.16.0,1.3.11,ctbllib-fs2-q1-findall,2397,1251,2026-08-10T07:04:04.474Z
3x17:8,408,true,0,true,2026-08-10T06:58:19.62Z,1.12.6,1.9.0-DEV,428070c0f9ad,4.16.0,1.3.11,ctbllib-fs2-q1-findall,2397,1252,2026-08-10T07:04:04.797Z
3x19:3,171,true,0,true,2026-08-10T06:58:19.62Z,1.12.6,1.9.0-DEV,428070c0f9ad,4.16.0,1.3.11,ctbllib-fs2-q1-findall,2397,1253,2026-08-10T07:04:04.907Z
3x19:6,342,true,0,true,2026-08-10T06:58:19.62Z,1.12.6,1.9.0-DEV,428070c0f9ad,4.16.0,1.3.11,ctbllib-fs2-q1-findall,2397,1254,2026-08-10T07:04:05.209Z
3x19:9,513,true,0,true,2026-08-10T06:58:19.62Z,1.12.6,1.9.0-DEV,428070c0f9ad,4.16.0,1.3.11,ctbllib-fs2-q1-findall,2397,1255,2026-08-10T07:04:05.541Z
3x2(A4xA4).2^2,3456,true,0,true,2026-08-10T06:58:19.62Z,1.12.6,1.9.0-DEV,428070c0f9ad,4.16.0,1.3.11,ctbllib-fs2-q1-findall,2397,1256,2026-08-10T07:04:05.576Z
3x2.(2^2xU4(2)).2,1244160,false,0,true,2026-08-10T06:58:19.62Z,1.12.6,1.9.0-DEV,428070c0f9ad,4.16.0,1.3.11,ctbllib-fs2-q1-findall,2397,1257,2026-08-10T07:04:05.957Z
3x2.(2xL2(11)),7920,false,0,true,2026-08-10T06:58:19.62Z,1.12.6,1.9.0-DEV,428070c0f9ad,4.16.0,1.3.11,ctbllib-fs2-q1-findall,2397,1258,2026-08-10T07:04:06.033Z
3x2.(S6xS4),103680,false,0,true,2026-08-10T06:58:19.62Z,1.12.6,1.9.0-DEV,428070c0f9ad,4.16.0,1.3.11,ctbllib-fs2-q1-findall,2397,1259,2026-08-10T07:04:06.769Z
3x2.2^(1+8)_+:U4(2),79626240,false,0,true,2026-08-10T06:58:19.62Z,1.12.6,1.9.0-DEV,428070c0f9ad,4.16.0,1.3.11,ctbllib-fs2-q1-findall,2397,1260,2026-08-10T07:04:07.354Z
3x2.2^(4+8):(S3xA5),8847360,false,0,true,2026-08-10T06:58:19.62Z,1.12.6,1.9.0-DEV,428070c0f9ad,4.16.0,1.3.11,ctbllib-fs2-q1-findall,2397,1261,2026-08-10T07:04:07.892Z
3x2.A5,360,false,0,true,2026-08-10T06:58:19.62Z,1.12.6,1.9.0-DEV,428070c0f9ad,4.16.0,1.3.11,ctbllib-fs2-q1-findall,2397,1262,2026-08-10T07:04:07.945Z
3x2.A8,120960,false,0,true,2026-08-10T06:58:19.62Z,1.12.6,1.9.0-DEV,428070c0f9ad,4.16.0,1.3.11,ctbllib-fs2-q1-findall,2397,1263,2026-08-10T07:04:08.067Z
3x2.D10,60,true,0,true,2026-08-10T06:58:19.62Z,1.12.6,1.9.0-DEV,428070c0f9ad,4.16.0,1.3.11,ctbllib-fs2-q1-findall,2397,1264,2026-08-10T07:04:08.358Z
3x2.F4(2),19866759620198400,false,0,true,2026-08-10T06:58:19.62Z,1.12.6,1.9.0-DEV,428070c0f9ad,4.16.0,1.3.11,ctbllib-fs2-q1-findall,2397,1265,2026-08-10T07:04:09.74Z
3x2.Fi22.2,774741019852800,false,0,true,2026-08-10T06:58:19.62Z,1.12.6,1.9.0-DEV,428070c0f9ad,4.16.0,1.3.11,ctbllib-fs2-q1-findall,2397,1266,2026-08-10T07:04:10.619Z
3x2.Fi22N2,786432,true,0,true,2026-08-10T06:58:19.62Z,1.12.6,1.9.0-DEV,428070c0f9ad,4.16.0,1.3.11,ctbllib-fs2-q1-findall,2397,1267,2026-08-10T07:04:14.894Z
3x2.G2(4),1509580800,false,0,true,2026-08-10T06:58:19.62Z,1.12.6,1.9.0-DEV,428070c0f9ad,4.16.0,1.3.11,ctbllib-fs2-q1-findall,2397,1268,2026-08-10T07:04:15.182Z
3x2.J2.2,7257600,false,0,true,2026-08-10T06:58:19.62Z,1.12.6,1.9.0-DEV,428070c0f9ad,4.16.0,1.3.11,ctbllib-fs2-q1-findall,2397,1269,2026-08-10T07:04:15.298Z
3x2.J2.2N5,3600,true,0,true,2026-08-10T06:58:19.62Z,1.12.6,1.9.0-DEV,428070c0f9ad,4.16.0,1.3.11,ctbllib-fs2-q1-findall,2397,1270,2026-08-10T07:04:15.611Z
3x2.L2(25),46800,false,0,true,2026-08-10T06:58:19.62Z,1.12.6,1.9.0-DEV,428070c0f9ad,4.16.0,1.3.11,ctbllib-fs2-q1-findall,2397,1271,2026-08-10T07:04:15.762Z
3x2.L3(2),1008,false,0,true,2026-08-10T06:58:19.62Z,1.12.6,1.9.0-DEV,428070c0f9ad,4.16.0,1.3.11,ctbllib-fs2-q1-findall,2397,1272,2026-08-10T07:04:15.793Z
3x2.L4(3).2_2,72783360,false,0,true,2026-08-10T06:58:19.62Z,1.12.6,1.9.0-DEV,428070c0f9ad,4.16.0,1.3.11,ctbllib-fs2-q1-findall,2397,1273,2026-08-10T07:04:16.056Z
3x2.M22M5,11520,false,0,true,2026-08-10T06:58:19.62Z,1.12.6,1.9.0-DEV,428070c0f9ad,4.16.0,1.3.11,ctbllib-fs2-q1-findall,2397,1274,2026-08-10T07:04:16.089Z
3x2.M22N2,768,true,0,true,2026-08-10T06:58:19.62Z,1.12.6,1.9.0-DEV,428070c0f9ad,4.16.0,1.3.11,ctbllib-fs2-q1-findall,2397,1275,2026-08-10T07:04:18.095Z
3x2.S6(2),8709120,false,0,true,2026-08-10T06:58:19.62Z,1.12.6,1.9.0-DEV,428070c0f9ad,4.16.0,1.3.11,ctbllib-fs2-q1-findall,2397,1276,2026-08-10T07:04:18.254Z
3x2.SuzM4,19906560,false,0,true,2026-08-10T06:58:19.62Z,1.12.6,1.9.0-DEV,428070c0f9ad,4.16.0,1.3.11,ctbllib-fs2-q1-findall,2397,1277,2026-08-10T07:04:18.703Z
3x2.SuzM7,6635520,false,0,true,2026-08-10T06:58:19.62Z,1.12.6,1.9.0-DEV,428070c0f9ad,4.16.0,1.3.11,ctbllib-fs2-q1-findall,2397,1278,2026-08-10T07:04:19.026Z
3x2.SuzM9,2211840,false,0,true,2026-08-10T06:58:19.62Z,1.12.6,1.9.0-DEV,428070c0f9ad,4.16.0,1.3.11,ctbllib-fs2-q1-findall,2397,1279,2026-08-10T07:04:19.385Z
3x2.SuzN2,147456,true,0,true,2026-08-10T06:58:19.62Z,1.12.6,1.9.0-DEV,428070c0f9ad,4.16.0,1.3.11,ctbllib-fs2-q1-findall,2397,1280,2026-08-10T07:04:20.198Z
3x2.Symm(4),144,true,0,true,2026-08-10T06:58:19.62Z,1.12.6,1.9.0-DEV,428070c0f9ad,4.16.0,1.3.11,ctbllib-fs2-q1-findall,2397,1281,2026-08-10T07:04:20.236Z
3x2.U4(3).(2^2)_{122},78382080,false,0,true,2026-08-10T06:58:19.62Z,1.12.6,1.9.0-DEV,428070c0f9ad,4.16.0,1.3.11,ctbllib-fs2-q1-findall,2397,1282,2026-08-10T07:04:20.638Z
3x23:11,759,true,0,true,2026-08-10T06:58:19.62Z,1.12.6,1.9.0-DEV,428070c0f9ad,4.16.0,1.3.11,ctbllib-fs2-q1-findall,2397,1283,2026-08-10T07:04:21.603Z
3x29:14,1218,true,0,true,2026-08-10T06:58:19.62Z,1.12.6,1.9.0-DEV,428070c0f9ad,4.16.0,1.3.11,ctbllib-fs2-q1-findall,2397,1284,2026-08-10T07:04:21.964Z
3x2F4(2)',53913600,false,0,true,2026-08-10T06:58:19.62Z,1.12.6,1.9.0-DEV,428070c0f9ad,4.16.0,1.3.11,ctbllib-fs2-q1-findall,2397,1285,2026-08-10T07:04:22.075Z
3x2S5,720,false,0,true,2026-08-10T06:58:19.62Z,1.12.6,1.9.0-DEV,428070c0f9ad,4.16.0,1.3.11,ctbllib-fs2-q1-findall,2397,1286,2026-08-10T07:04:22.123Z
3x2^(1+4)_-:A5,5760,false,0,true,2026-08-10T06:58:19.62Z,1.12.6,1.9.0-DEV,428070c0f9ad,4.16.0,1.3.11,ctbllib-fs2-q1-findall,2397,1287,2026-08-10T07:04:22.425Z
3x2^(1+6)_-.2^4.A5,368640,false,0,true,2026-08-10T06:58:19.62Z,1.12.6,1.9.0-DEV,428070c0f9ad,4.16.0,1.3.11,ctbllib-fs2-q1-findall,2397,1288,2026-08-10T07:04:22.857Z
3x2^(1+6)_-.U4(2),9953280,false,0,true,2026-08-10T06:58:19.62Z,1.12.6,1.9.0-DEV,428070c0f9ad,4.16.0,1.3.11,ctbllib-fs2-q1-findall,2397,1289,2026-08-10T07:04:23.078Z
3x2^(1+8)_+:U4(2),39813120,false,0,true,2026-08-10T06:58:19.62Z,1.12.6,1.9.0-DEV,428070c0f9ad,4.16.0,1.3.11,ctbllib-fs2-q1-findall,2397,1290,2026-08-10T07:04:23.437Z
3x2^(2+4):(3xS3),3456,true,0,true,2026-08-10T06:58:19.62Z,1.12.6,1.9.0-DEV,428070c0f9ad,4.16.0,1.3.11,ctbllib-fs2-q1-findall,2397,1291,2026-08-10T07:04:23.746Z
3x2^(2+8).2^2.(3xS3),221184,true,0,true,2026-08-10T06:58:19.62Z,1.12.6,1.9.0-DEV,428070c0f9ad,4.16.0,1.3.11,ctbllib-fs2-q1-findall,2397,1292,2026-08-10T07:04:24.383Z
3x2^(2+8):(A5xS3),1105920,false,0,true,2026-08-10T06:58:19.62Z,1.12.6,1.9.0-DEV,428070c0f9ad,4.16.0,1.3.11,ctbllib-fs2-q1-findall,2397,1293,2026-08-10T07:04:24.591Z
3x2^(4+6).2^2.(3xS3),221184,true,0,true,2026-08-10T06:58:19.62Z,1.12.6,1.9.0-DEV,428070c0f9ad,4.16.0,1.3.11,ctbllib-fs2-q1-findall,2397,1294,2026-08-10T07:04:25.054Z
3x2^(4+6).3A6,3317760,false,0,true,2026-08-10T06:58:19.62Z,1.12.6,1.9.0-DEV,428070c0f9ad,4.16.0,1.3.11,ctbllib-fs2-q1-findall,2397,1295,2026-08-10T07:04:25.255Z
3x2^(4+8):(S3xA5),4423680,false,0,true,2026-08-10T06:58:19.62Z,1.12.6,1.9.0-DEV,428070c0f9ad,4.16.0,1.3.11,ctbllib-fs2-q1-findall,2397,1296,2026-08-10T07:04:25.577Z
3x2^(5+8):(2xS4),1179648,true,0,true,2026-08-10T06:58:19.62Z,1.12.6,1.9.0-DEV,428070c0f9ad,4.16.0,1.3.11,ctbllib-fs2-q1-findall,2397,1297,2026-08-10T07:04:26.845Z
3x2^(5+8):(S3xD8),1179648,true,0,true,2026-08-10T06:58:19.62Z,1.12.6,1.9.0-DEV,428070c0f9ad,4.16.0,1.3.11,ctbllib-fs2-q1-findall,2397,1298,2026-08-10T07:04:28.207Z
3x2^(5+8):(S3xS4),3538944,true,0,true,2026-08-10T06:58:19.62Z,1.12.6,1.9.0-DEV,428070c0f9ad,4.16.0,1.3.11,ctbllib-fs2-q1-findall,2397,1299,2026-08-10T07:04:30.839Z
3x2^10.2^2.2^2.S4,1179648,true,0,true,2026-08-10T06:58:19.62Z,1.12.6,1.9.0-DEV,428070c0f9ad,4.16.0,1.3.11,ctbllib-fs2-q1-findall,2397,1300,2026-08-10T07:04:31.753Z
3x2^10.2^3.L3(2),4128768,false,0,true,2026-08-10T06:58:19.62Z,1.12.6,1.9.0-DEV,428070c0f9ad,4.16.0,1.3.11,ctbllib-fs2-q1-findall,2397,1301,2026-08-10T07:04:32.398Z
3x2^10.2^3.S4,589824,true,0,true,2026-08-10T06:58:19.62Z,1.12.6,1.9.0-DEV,428070c0f9ad,4.16.0,1.3.11,ctbllib-fs2-q1-findall,2397,1302,2026-08-10T07:04:34.689Z
3x2^10.2^4.S5,5898240,false,0,true,2026-08-10T06:58:19.62Z,1.12.6,1.9.0-DEV,428070c0f9ad,4.16.0,1.3.11,ctbllib-fs2-q1-findall,2397,1303,2026-08-10T07:04:35.235Z
3x2^2.2^(1+8)_+:U4(2),159252480,false,0,true,2026-08-10T06:58:19.62Z,1.12.6,1.9.0-DEV,428070c0f9ad,4.16.0,1.3.11,ctbllib-fs2-q1-findall,2397,1304,2026-08-10T07:04:36.683Z
3x2^2.2^(4+8):(S3xA5),17694720,false,0,true,2026-08-10T06:58:19.62Z,1.12.6,1.9.0-DEV,428070c0f9ad,4.16.0,1.3.11,ctbllib-fs2-q1-findall,2397,1305,2026-08-10T07:04:38.895Z
3x2^3.L3(2),4032,false,0,true,2026-08-10T06:58:19.62Z,1.12.6,1.9.0-DEV,428070c0f9ad,4.16.0,1.3.11,ctbllib-fs2-q1-findall,2397,1306,2026-08-10T07:04:39.088Z
3x2^3.S4v1,576,true,0,true,2026-08-10T06:58:19.62Z,1.12.6,1.9.0-DEV,428070c0f9ad,4.16.0,1.3.11,ctbllib-fs2-q1-findall,2397,1307,2026-08-10T07:04:39.37Z
3x2^3:L3(2),4032,false,0,true,2026-08-10T06:58:19.62Z,1.12.6,1.9.0-DEV,428070c0f9ad,4.16.0,1.3.11,ctbllib-fs2-q1-findall,2397,1308,2026-08-10T07:04:39.393Z
3x2^4:(3xA5),8640,false,0,true,2026-08-10T06:58:19.62Z,1.12.6,1.9.0-DEV,428070c0f9ad,4.16.0,1.3.11,ctbllib-fs2-q1-findall,2397,1309,2026-08-10T07:04:39.452Z
3x2^4:A5,2880,false,0,true,2026-08-10T06:58:19.62Z,1.12.6,1.9.0-DEV,428070c0f9ad,4.16.0,1.3.11,ctbllib-fs2-q1-findall,2397,1310,2026-08-10T07:04:39.47Z
3x2^4:s5,5760,false,0,true,2026-08-10T06:58:19.62Z,1.12.6,1.9.0-DEV,428070c0f9ad,4.16.0,1.3.11,ctbllib-fs2-q1-findall,2397,1311,2026-08-10T07:04:39.491Z
3x2^5.A5,5760,false,0,true,2026-08-10T06:58:19.62Z,1.12.6,1.9.0-DEV,428070c0f9ad,4.16.0,1.3.11,ctbllib-fs2-q1-findall,2397,1312,2026-08-10T07:04:39.627Z
3x2^6.2^5.S6,4423680,false,0,true,2026-08-10T06:58:19.62Z,1.12.6,1.9.0-DEV,428070c0f9ad,4.16.0,1.3.11,ctbllib-fs2-q1-findall,2397,1313,2026-08-10T07:04:40.49Z
3x2^6:S6(2),278691840,false,0,true,2026-08-10T06:58:19.62Z,1.12.6,1.9.0-DEV,428070c0f9ad,4.16.0,1.3.11,ctbllib-fs2-q1-findall,2397,1314,2026-08-10T07:04:42.908Z
3x31:15,1395,true,0,true,2026-08-10T06:58:19.62Z,1.12.6,1.9.0-DEV,428070c0f9ad,4.16.0,1.3.11,ctbllib-fs2-q1-findall,2397,1315,2026-08-10T07:04:43.261Z
3x4.M22M5,23040,false,0,true,2026-08-10T06:58:19.62Z,1.12.6,1.9.0-DEV,428070c0f9ad,4.16.0,1.3.11,ctbllib-fs2-q1-findall,2397,1316,2026-08-10T07:04:43.303Z
3x4.M22M6,16128,false,0,true,2026-08-10T06:58:19.62Z,1.12.6,1.9.0-DEV,428070c0f9ad,4.16.0,1.3.11,ctbllib-fs2-q1-findall,2397,1317,2026-08-10T07:04:43.362Z
3x4.M22N2,1536,true,0,true,2026-08-10T06:58:19.62Z,1.12.6,1.9.0-DEV,428070c0f9ad,4.16.0,1.3.11,ctbllib-fs2-q1-findall,2397,1318,2026-08-10T07:04:43.676Z
3x4^2:D12,576,true,0,true,2026-08-10T06:58:19.62Z,1.12.6,1.9.0-DEV,428070c0f9ad,4.16.0,1.3.11,ctbllib-fs2-q1-findall,2397,1319,2026-08-10T07:04:43.97Z
3x4^3.L3(2),32256,false,0,true,2026-08-10T06:58:19.62Z,1.12.6,1.9.0-DEV,428070c0f9ad,4.16.0,1.3.11,ctbllib-fs2-q1-findall,2397,1320,2026-08-10T07:04:44.044Z
3x4_1.2^4:A5,11520,false,0,true,2026-08-10T06:58:19.62Z,1.12.6,1.9.0-DEV,428070c0f9ad,4.16.0,1.3.11,ctbllib-fs2-q1-findall,2397,1321,2026-08-10T07:04:44.081Z
3x4_2.2^4:A5,11520,false,0,true,2026-08-10T06:58:19.62Z,1.12.6,1.9.0-DEV,428070c0f9ad,4.16.0,1.3.11,ctbllib-fs2-q1-findall,2397,1322,2026-08-10T07:04:44.117Z
3x5:4xS5,7200,false,0,true,2026-08-10T06:58:19.62Z,1.12.6,1.9.0-DEV,428070c0f9ad,4.16.0,1.3.11,ctbllib-fs2-q1-findall,2397,1323,2026-08-10T07:04:44.532Z
3x5:8,120,true,0,true,2026-08-10T06:58:19.62Z,1.12.6,1.9.0-DEV,428070c0f9ad,4.16.0,1.3.11,ctbllib-fs2-q1-findall,2397,1324,2026-08-10T07:04:44.824Z
3x5^(1+2):3:8,9000,true,0,true,2026-08-10T06:58:19.62Z,1.12.6,1.9.0-DEV,428070c0f9ad,4.16.0,1.3.11,ctbllib-fs2-q1-findall,2397,1325,2026-08-10T07:04:44.939Z
3x5^(1+2)_+:8,3000,true,0,true,2026-08-10T06:58:19.62Z,1.12.6,1.9.0-DEV,428070c0f9ad,4.16.0,1.3.11,ctbllib-fs2-q1-findall,2397,1326,2026-08-10T07:04:45.064Z
3x5^2:(4xS3),1800,true,0,true,2026-08-10T06:58:19.62Z,1.12.6,1.9.0-DEV,428070c0f9ad,4.16.0,1.3.11,ctbllib-fs2-q1-findall,2397,1327,2026-08-10T07:04:45.907Z
3x7:6,126,true,0,true,2026-08-10T06:58:19.62Z,1.12.6,1.9.0-DEV,428070c0f9ad,4.16.0,1.3.11,ctbllib-fs2-q1-findall,2397,1328,2026-08-10T07:04:46.19Z
3x7^(1+2):(D8x3),24696,true,0,true,2026-08-10T06:58:19.62Z,1.12.6,1.9.0-DEV,428070c0f9ad,4.16.0,1.3.11,ctbllib-fs2-q1-findall,2397,1329,2026-08-10T07:04:46.516Z
3x7^2:2.L2(7).2,98784,false,0,true,2026-08-10T06:58:19.62Z,1.12.6,1.9.0-DEV,428070c0f9ad,4.16.0,1.3.11,ctbllib-fs2-q1-findall,2397,1330,2026-08-10T07:04:46.667Z
3xA10.2,10886400,false,0,true,2026-08-10T06:58:19.62Z,1.12.6,1.9.0-DEV,428070c0f9ad,4.16.0,1.3.11,ctbllib-fs2-q1-findall,2397,1331,2026-08-10T07:04:46.83Z
3xA5,180,false,0,true,2026-08-10T06:58:19.62Z,1.12.6,1.9.0-DEV,428070c0f9ad,4.16.0,1.3.11,ctbllib-fs2-q1-findall,2397,1332,2026-08-10T07:04:46.879Z
3xA5.2,360,false,0,true,2026-08-10T06:58:19.62Z,1.12.6,1.9.0-DEV,428070c0f9ad,4.16.0,1.3.11,ctbllib-fs2-q1-findall,2397,1333,2026-08-10T07:04:46.927Z
3xD10,30,true,0,true,2026-08-10T06:58:19.62Z,1.12.6,1.9.0-DEV,428070c0f9ad,4.16.0,1.3.11,ctbllib-fs2-q1-findall,2397,1334,2026-08-10T07:04:47.208Z
3xD6xD10,180,true,0,true,2026-08-10T06:58:19.62Z,1.12.6,1.9.0-DEV,428070c0f9ad,4.16.0,1.3.11,ctbllib-fs2-q1-findall,2397,1335,2026-08-10T07:04:47.519Z
3xD8,24,true,0,true,2026-08-10T06:58:19.62Z,1.12.6,1.9.0-DEV,428070c0f9ad,4.16.0,1.3.11,ctbllib-fs2-q1-findall,2397,1336,2026-08-10T07:04:47.536Z
3xF3+N7,37044,true,0,true,2026-08-10T06:58:19.62Z,1.12.6,1.9.0-DEV,428070c0f9ad,4.16.0,1.3.11,ctbllib-fs2-q1-findall,2397,1337,2026-08-10T07:04:48.032Z
3xF4(2),9933379810099200,false,0,true,2026-08-10T06:58:19.62Z,1.12.6,1.9.0-DEV,428070c0f9ad,4.16.0,1.3.11,ctbllib-fs2-q1-findall,2397,1338,2026-08-10T07:04:48.432Z
3xFi22N2,393216,true,0,true,2026-08-10T06:58:19.62Z,1.12.6,1.9.0-DEV,428070c0f9ad,4.16.0,1.3.11,ctbllib-fs2-q1-findall,2397,1339,2026-08-10T07:04:50.559Z
3xFi22N5,7200,true,0,true,2026-08-10T06:58:19.62Z,1.12.6,1.9.0-DEV,428070c0f9ad,4.16.0,1.3.11,ctbllib-fs2-q1-findall,2397,1340,2026-08-10T07:04:50.873Z
3xFi23,12268411419879014400,false,0,true,2026-08-10T06:58:19.62Z,1.12.6,1.9.0-DEV,428070c0f9ad,4.16.0,1.3.11,ctbllib-fs2-q1-findall,2397,1341,2026-08-10T07:04:51.367Z
3xG2(4),754790400,false,0,true,2026-08-10T06:58:19.62Z,1.12.6,1.9.0-DEV,428070c0f9ad,4.16.0,1.3.11,ctbllib-fs2-q1-findall,2397,1342,2026-08-10T07:04:51.512Z
3xIsoclinic(2.A5.2),720,false,0,true,2026-08-10T06:58:19.62Z,1.12.6,1.9.0-DEV,428070c0f9ad,4.16.0,1.3.11,ctbllib-fs2-q1-findall,2397,1343,2026-08-10T07:04:51.564Z
3xIsoclinic(2.A9.2),2177280,false,0,true,2026-08-10T06:58:19.62Z,1.12.6,1.9.0-DEV,428070c0f9ad,4.16.0,1.3.11,ctbllib-fs2-q1-findall,2397,1344,2026-08-10T07:04:51.739Z
3xIsoclinic(2.M12.2),1140480,false,0,true,2026-08-10T06:58:19.62Z,1.12.6,1.9.0-DEV,428070c0f9ad,4.16.0,1.3.11,ctbllib-fs2-q1-findall,2397,1345,2026-08-10T07:04:51.839Z
3xIsoclinic(2x5:8),240,true,0,true,2026-08-10T06:58:19.62Z,1.12.6,1.9.0-DEV,428070c0f9ad,4.16.0,1.3.11,ctbllib-fs2-q1-findall,2397,1346,2026-08-10T07:04:52.821Z
3xJ1,526680,false,0,true,2026-08-10T06:58:19.62Z,1.12.6,1.9.0-DEV,428070c0f9ad,4.16.0,1.3.11,ctbllib-fs2-q1-findall,2397,1347,2026-08-10T07:04:52.868Z
3xJ2.2,3628800,false,0,true,2026-08-10T06:58:19.62Z,1.12.6,1.9.0-DEV,428070c0f9ad,4.16.0,1.3.11,ctbllib-fs2-q1-findall,2397,1348,2026-08-10T07:04:52.956Z
3xJ3N2,1152,true,0,true,2026-08-10T06:58:19.62Z,1.12.6,1.9.0-DEV,428070c0f9ad,4.16.0,1.3.11,ctbllib-fs2-q1-findall,2397,1349,2026-08-10T07:04:53.273Z
3xL2(11),1980,false,0,true,2026-08-10T06:58:19.62Z,1.12.6,1.9.0-DEV,428070c0f9ad,4.16.0,1.3.11,ctbllib-fs2-q1-findall,2397,1350,2026-08-10T07:04:53.303Z
3xL2(13),3276,false,0,true,2026-08-10T06:58:19.62Z,1.12.6,1.9.0-DEV,428070c0f9ad,4.16.0,1.3.11,ctbllib-fs2-q1-findall,2397,1351,2026-08-10T07:04:53.403Z
3xL2(16).2,24480,false,0,true,2026-08-10T06:58:19.62Z,1.12.6,1.9.0-DEV,428070c0f9ad,4.16.0,1.3.11,ctbllib-fs2-q1-findall,2397,1352,2026-08-10T07:04:53.461Z
3xL2(17),7344,false,0,true,2026-08-10T06:58:19.62Z,1.12.6,1.9.0-DEV,428070c0f9ad,4.16.0,1.3.11,ctbllib-fs2-q1-findall,2397,1353,2026-08-10T07:04:53.502Z
3xL2(19),10260,false,0,true,2026-08-10T06:58:19.62Z,1.12.6,1.9.0-DEV,428070c0f9ad,4.16.0,1.3.11,ctbllib-fs2-q1-findall,2397,1354,2026-08-10T07:04:53.548Z
3xL2(25),23400,false,0,true,2026-08-10T06:58:19.62Z,1.12.6,1.9.0-DEV,428070c0f9ad,4.16.0,1.3.11,ctbllib-fs2-q1-findall,2397,1355,2026-08-10T07:04:53.639Z
3xL2(31),44640,false,0,true,2026-08-10T06:58:19.62Z,1.12.6,1.9.0-DEV,428070c0f9ad,4.16.0,1.3.11,ctbllib-fs2-q1-findall,2397,1356,2026-08-10T07:04:53.69Z
3xL2(8),1512,false,0,true,2026-08-10T06:58:19.62Z,1.12.6,1.9.0-DEV,428070c0f9ad,4.16.0,1.3.11,ctbllib-fs2-q1-findall,2397,1357,2026-08-10T07:04:55.346Z
3xL2(8).3,4536,false,0,true,2026-08-10T06:58:19.62Z,1.12.6,1.9.0-DEV,428070c0f9ad,4.16.0,1.3.11,ctbllib-fs2-q1-findall,2397,1358,2026-08-10T07:04:55.442Z
3xL3(2),504,false,0,true,2026-08-10T06:58:19.62Z,1.12.6,1.9.0-DEV,428070c0f9ad,4.16.0,1.3.11,ctbllib-fs2-q1-findall,2397,1359,2026-08-10T07:04:55.466Z
3xL3(2).2,1008,false,0,true,2026-08-10T06:58:19.62Z,1.12.6,1.9.0-DEV,428070c0f9ad,4.16.0,1.3.11,ctbllib-fs2-q1-findall,2397,1360,2026-08-10T07:04:55.557Z
3xL3(3).2,33696,false,0,true,2026-08-10T06:58:19.62Z,1.12.6,1.9.0-DEV,428070c0f9ad,4.16.0,1.3.11,ctbllib-fs2-q1-findall,2397,1361,2026-08-10T07:04:55.631Z
3xL3(4).2_2,120960,false,0,true,2026-08-10T06:58:19.62Z,1.12.6,1.9.0-DEV,428070c0f9ad,4.16.0,1.3.11,ctbllib-fs2-q1-findall,2397,1362,2026-08-10T07:04:55.714Z
3xL3(7).2,11261376,false,0,true,2026-08-10T06:58:19.62Z,1.12.6,1.9.0-DEV,428070c0f9ad,4.16.0,1.3.11,ctbllib-fs2-q1-findall,2397,1363,2026-08-10T07:04:55.765Z
3xL4(3).2_2,36391680,false,0,true,2026-08-10T06:58:19.62Z,1.12.6,1.9.0-DEV,428070c0f9ad,4.16.0,1.3.11,ctbllib-fs2-q1-findall,2397,1364,2026-08-10T07:04:55.95Z
3xM11,23760,false,0,true,2026-08-10T06:58:19.62Z,1.12.6,1.9.0-DEV,428070c0f9ad,4.16.0,1.3.11,ctbllib-fs2-q1-findall,2397,1365,2026-08-10T07:04:56.015Z
3xM12,285120,false,0,true,2026-08-10T06:58:19.62Z,1.12.6,1.9.0-DEV,428070c0f9ad,4.16.0,1.3.11,ctbllib-fs2-q1-findall,2397,1366,2026-08-10T07:04:56.103Z
3xM12.2,570240,false,0,true,2026-08-10T06:58:19.62Z,1.12.6,1.9.0-DEV,428070c0f9ad,4.16.0,1.3.11,ctbllib-fs2-q1-findall,2397,1367,2026-08-10T07:04:56.179Z
3xM12N2,192,true,0,true,2026-08-10T06:58:19.62Z,1.12.6,1.9.0-DEV,428070c0f9ad,4.16.0,1.3.11,ctbllib-fs2-q1-findall,2397,1368,2026-08-10T07:04:56.496Z
3xM22C2A,1152,true,0,true,2026-08-10T06:58:19.62Z,1.12.6,1.9.0-DEV,428070c0f9ad,4.16.0,1.3.11,ctbllib-fs2-q1-findall,2397,1369,2026-08-10T07:04:56.529Z
3xMcLN2,384,true,0,true,2026-08-10T06:58:19.62Z,1.12.6,1.9.0-DEV,428070c0f9ad,4.16.0,1.3.11,ctbllib-fs2-q1-findall,2397,1370,2026-08-10T07:04:56.858Z
"3xNRS(M22,[2^6])",1152,true,0,true,2026-08-10T06:58:19.62Z,1.12.6,1.9.0-DEV,428070c0f9ad,4.16.0,1.3.11,ctbllib-fs2-q1-findall,2397,1371,2026-08-10T07:04:57.421Z
3xO8+(2),522547200,false,0,true,2026-08-10T06:58:19.62Z,1.12.6,1.9.0-DEV,428070c0f9ad,4.16.0,1.3.11,ctbllib-fs2-q1-findall,2397,1372,2026-08-10T07:04:57.568Z
3xO8+(2):S3,3135283200,false,0,true,2026-08-10T06:58:19.62Z,1.12.6,1.9.0-DEV,428070c0f9ad,4.16.0,1.3.11,ctbllib-fs2-q1-findall,2397,1373,2026-08-10T07:04:57.832Z
3xONN2,1536,true,0,true,2026-08-10T06:58:19.62Z,1.12.6,1.9.0-DEV,428070c0f9ad,4.16.0,1.3.11,ctbllib-fs2-q1-findall,2397,1374,2026-08-10T07:04:58.677Z
3xS3x7:6,756,true,0,true,2026-08-10T06:58:19.62Z,1.12.6,1.9.0-DEV,428070c0f9ad,4.16.0,1.3.11,ctbllib-fs2-q1-findall,2397,1375,2026-08-10T07:04:58.998Z
3xS3xU4(2),466560,false,0,true,2026-08-10T06:58:19.62Z,1.12.6,1.9.0-DEV,428070c0f9ad,4.16.0,1.3.11,ctbllib-fs2-q1-findall,2397,1376,2026-08-10T07:04:59.236Z
3xS6(2),4354560,false,0,true,2026-08-10T06:58:19.62Z,1.12.6,1.9.0-DEV,428070c0f9ad,4.16.0,1.3.11,ctbllib-fs2-q1-findall,2397,1377,2026-08-10T07:04:59.381Z
3xS6xS4,51840,false,0,true,2026-08-10T06:58:19.62Z,1.12.6,1.9.0-DEV,428070c0f9ad,4.16.0,1.3.11,ctbllib-fs2-q1-findall,2397,1378,2026-08-10T07:04:59.623Z
3xS9,1088640,false,0,true,2026-08-10T06:58:19.62Z,1.12.6,1.9.0-DEV,428070c0f9ad,4.16.0,1.3.11,ctbllib-fs2-q1-findall,2397,1379,2026-08-10T07:04:59.773Z
3xSuzN2,73728,true,0,true,2026-08-10T06:58:19.62Z,1.12.6,1.9.0-DEV,428070c0f9ad,4.16.0,1.3.11,ctbllib-fs2-q1-findall,2397,1380,2026-08-10T07:05:00.303Z
3xSymm(4),72,true,0,true,2026-08-10T06:58:19.62Z,1.12.6,1.9.0-DEV,428070c0f9ad,4.16.0,1.3.11,ctbllib-fs2-q1-findall,2397,1381,2026-08-10T07:05:00.34Z
3xU3(3).2,36288,false,0,true,2026-08-10T06:58:19.62Z,1.12.6,1.9.0-DEV,428070c0f9ad,4.16.0,1.3.11,ctbllib-fs2-q1-findall,2397,1382,2026-08-10T07:05:00.45Z
3xU4(2),77760,false,0,true,2026-08-10T06:58:19.62Z,1.12.6,1.9.0-DEV,428070c0f9ad,4.16.0,1.3.11,ctbllib-fs2-q1-findall,2397,1383,2026-08-10T07:05:00.49Z
3xU5(2),41057280,false,0,true,2026-08-10T06:58:19.62Z,1.12.6,1.9.0-DEV,428070c0f9ad,4.16.0,1.3.11,ctbllib-fs2-q1-findall,2397,1384,2026-08-10T07:05:00.9Z
4(A4xA4).4,2304,true,0,true,2026-08-10T06:58:19.62Z,1.12.6,1.9.0-DEV,428070c0f9ad,4.16.0,1.3.11,ctbllib-fs2-q1-findall,2397,1385,2026-08-10T07:05:00.933Z
4.2^2,16,true,0,true,2026-08-10T06:58:19.62Z,1.12.6,1.9.0-DEV,428070c0f9ad,4.16.0,1.3.11,ctbllib-fs2-q1-findall,2397,1386,2026-08-10T07:05:00.989Z
4.2^4,64,true,0,true,2026-08-10T06:58:19.62Z,1.12.6,1.9.0-DEV,428070c0f9ad,4.16.0,1.3.11,ctbllib-fs2-q1-findall,2397,1387,2026-08-10T07:05:01.038Z
4.2^4.S5,7680,false,0,true,2026-08-10T06:58:19.62Z,1.12.6,1.9.0-DEV,428070c0f9ad,4.16.0,1.3.11,ctbllib-fs2-q1-findall,2397,1388,2026-08-10T07:05:01.042Z
4.2^4:(2xS3),768,true,0,true,2026-08-10T06:58:19.62Z,1.12.6,1.9.0-DEV,428070c0f9ad,4.16.0,1.3.11,ctbllib-fs2-q1-findall,2397,1389,2026-08-10T07:05:01.046Z
4.2^4:S4,1536,true,0,true,2026-08-10T06:58:19.62Z,1.12.6,1.9.0-DEV,428070c0f9ad,4.16.0,1.3.11,ctbllib-fs2-q1-findall,2397,1390,2026-08-10T07:05:01.049Z
4.3^(1+4)_+.2S4,46656,true,0,true,2026-08-10T06:58:19.62Z,1.12.6,1.9.0-DEV,428070c0f9ad,4.16.0,1.3.11,ctbllib-fs2-q1-findall,2397,1391,2026-08-10T07:05:01.123Z
4.A6.2_3,2880,false,0,true,2026-08-10T06:58:19.62Z,1.12.6,1.9.0-DEV,428070c0f9ad,4.16.0,1.3.11,ctbllib-fs2-q1-findall,2397,1392,2026-08-10T07:05:01.2Z
4.HS.2,354816000,false,0,true,2026-08-10T06:58:19.62Z,1.12.6,1.9.0-DEV,428070c0f9ad,4.16.0,1.3.11,ctbllib-fs2-q1-findall,2397,1393,2026-08-10T07:05:01.278Z
4.L2(25).2_3,62400,false,0,true,2026-08-10T06:58:19.62Z,1.12.6,1.9.0-DEV,428070c0f9ad,4.16.0,1.3.11,ctbllib-fs2-q1-findall,2397,1394,2026-08-10T07:05:01.327Z
4.L2(49).2_3,470400,false,0,true,2026-08-10T06:58:19.62Z,1.12.6,1.9.0-DEV,428070c0f9ad,4.16.0,1.3.11,ctbllib-fs2-q1-findall,2397,1395,2026-08-10T07:05:01.485Z
4.L2(81).2_3,2125440,false,0,true,2026-08-10T06:58:19.62Z,1.12.6,1.9.0-DEV,428070c0f9ad,4.16.0,1.3.11,ctbllib-fs2-q1-findall,2397,1396,2026-08-10T07:05:02.259Z
4.L2(81).4_2,4250880,false,0,true,2026-08-10T06:58:19.62Z,1.12.6,1.9.0-DEV,428070c0f9ad,4.16.0,1.3.11,ctbllib-fs2-q1-findall,2397,1397,2026-08-10T07:05:02.305Z
4.L4(5),29016000000,false,0,true,2026-08-10T06:58:19.62Z,1.12.6,1.9.0-DEV,428070c0f9ad,4.16.0,1.3.11,ctbllib-fs2-q1-findall,2397,1398,2026-08-10T07:05:02.656Z
4.M22,1774080,false,0,true,2026-08-10T06:58:19.62Z,1.12.6,1.9.0-DEV,428070c0f9ad,4.16.0,1.3.11,ctbllib-fs2-q1-findall,2397,1399,2026-08-10T07:05:02.67Z
4.M22.2,3548160,false,0,true,2026-08-10T06:58:19.62Z,1.12.6,1.9.0-DEV,428070c0f9ad,4.16.0,1.3.11,ctbllib-fs2-q1-findall,2397,1400,2026-08-10T07:05:02.683Z
4.M22M2,23040,false,0,true,2026-08-10T06:58:19.62Z,1.12.6,1.9.0-DEV,428070c0f9ad,4.16.0,1.3.11,ctbllib-fs2-q1-findall,2397,1401,2026-08-10T07:05:02.694Z
4.M22M5,7680,false,0,true,2026-08-10T06:58:19.62Z,1.12.6,1.9.0-DEV,428070c0f9ad,4.16.0,1.3.11,ctbllib-fs2-q1-findall,2397,1402,2026-08-10T07:05:02.698Z
4.M22M6,5376,false,0,true,2026-08-10T06:58:19.62Z,1.12.6,1.9.0-DEV,428070c0f9ad,4.16.0,1.3.11,ctbllib-fs2-q1-findall,2397,1403,2026-08-10T07:05:02.708Z
4.M22N2,512,true,0,true,2026-08-10T06:58:19.62Z,1.12.6,1.9.0-DEV,428070c0f9ad,4.16.0,1.3.11,ctbllib-fs2-q1-findall,2397,1404,2026-08-10T07:05:02.974Z
4.U4(3),13063680,false,0,true,2026-08-10T06:58:19.62Z,1.12.6,1.9.0-DEV,428070c0f9ad,4.16.0,1.3.11,ctbllib-fs2-q1-findall,2397,1405,2026-08-10T07:05:03.074Z
4.U4(3).2_1,26127360,false,0,true,2026-08-10T06:58:19.62Z,1.12.6,1.9.0-DEV,428070c0f9ad,4.16.0,1.3.11,ctbllib-fs2-q1-findall,2397,1406,2026-08-10T07:05:03.104Z
4.U4(3).2_2,26127360,false,0,true,2026-08-10T06:58:19.62Z,1.12.6,1.9.0-DEV,428070c0f9ad,4.16.0,1.3.11,ctbllib-fs2-q1-findall,2397,1407,2026-08-10T07:05:03.126Z
4.U4(3).2_3,26127360,false,0,true,2026-08-10T06:58:19.62Z,1.12.6,1.9.0-DEV,428070c0f9ad,4.16.0,1.3.11,ctbllib-fs2-q1-findall,2397,1408,2026-08-10T07:05:03.14Z
4.U4(3).4,52254720,false,0,true,2026-08-10T06:58:19.62Z,1.12.6,1.9.0-DEV,428070c0f9ad,4.16.0,1.3.11,ctbllib-fs2-q1-findall,2397,1409,2026-08-10T07:05:03.202Z
4.s4,96,true,0,true,2026-08-10T06:58:19.62Z,1.12.6,1.9.0-DEV,428070c0f9ad,4.16.0,1.3.11,ctbllib-fs2-q1-findall,2397,1410,2026-08-10T07:05:03.213Z
41:4,164,true,0,true,2026-08-10T06:58:19.62Z,1.12.6,1.9.0-DEV,428070c0f9ad,4.16.0,1.3.11,ctbllib-fs2-q1-findall,2397,1411,2026-08-10T07:05:03.229Z
41:40,1640,true,0,true,2026-08-10T06:58:19.62Z,1.12.6,1.9.0-DEV,428070c0f9ad,4.16.0,1.3.11,ctbllib-fs2-q1-findall,2397,1412,2026-08-10T07:05:03.433Z
43:14,602,true,0,true,2026-08-10T06:58:19.62Z,1.12.6,1.9.0-DEV,428070c0f9ad,4.16.0,1.3.11,ctbllib-fs2-q1-findall,2397,1413,2026-08-10T07:05:03.452Z
43:3,129,true,0,true,2026-08-10T06:58:19.62Z,1.12.6,1.9.0-DEV,428070c0f9ad,4.16.0,1.3.11,ctbllib-fs2-q1-findall,2397,1414,2026-08-10T07:05:03.475Z
47:23,1081,true,0,true,2026-08-10T06:58:19.62Z,1.12.6,1.9.0-DEV,428070c0f9ad,4.16.0,1.3.11,ctbllib-fs2-q1-findall,2397,1415,2026-08-10T07:05:03.541Z
4^2.L3(4),322560,false,0,true,2026-08-10T06:58:19.62Z,1.12.6,1.9.0-DEV,428070c0f9ad,4.16.0,1.3.11,ctbllib-fs2-q1-findall,2397,1416,2026-08-10T07:05:03.591Z
4^2:3,48,true,0,true,2026-08-10T06:58:19.62Z,1.12.6,1.9.0-DEV,428070c0f9ad,4.16.0,1.3.11,ctbllib-fs2-q1-findall,2397,1417,2026-08-10T07:05:03.595Z
4^2:D12,192,true,0,true,2026-08-10T06:58:19.62Z,1.12.6,1.9.0-DEV,428070c0f9ad,4.16.0,1.3.11,ctbllib-fs2-q1-findall,2397,1418,2026-08-10T07:05:03.603Z
4^2:D12.2,384,true,0,true,2026-08-10T06:58:19.62Z,1.12.6,1.9.0-DEV,428070c0f9ad,4.16.0,1.3.11,ctbllib-fs2-q1-findall,2397,1419,2026-08-10T07:05:03.606Z
4^2:s3,96,true,0,true,2026-08-10T06:58:19.62Z,1.12.6,1.9.0-DEV,428070c0f9ad,4.16.0,1.3.11,ctbllib-fs2-q1-findall,2397,1420,2026-08-10T07:05:03.615Z
4^3.(L3(2)x2),21504,false,0,true,2026-08-10T06:58:19.62Z,1.12.6,1.9.0-DEV,428070c0f9ad,4.16.0,1.3.11,ctbllib-fs2-q1-findall,2397,1421,2026-08-10T07:05:03.665Z
4^3.D8,512,true,0,true,2026-08-10T06:58:19.62Z,1.12.6,1.9.0-DEV,428070c0f9ad,4.16.0,1.3.11,ctbllib-fs2-q1-findall,2397,1422,2026-08-10T07:05:03.701Z
4^3.L3(2),10752,false,0,true,2026-08-10T06:58:19.62Z,1.12.6,1.9.0-DEV,428070c0f9ad,4.16.0,1.3.11,ctbllib-fs2-q1-findall,2397,1423,2026-08-10T07:05:03.886Z
4^3:(L3(2)x2),21504,false,0,true,2026-08-10T06:58:19.62Z,1.12.6,1.9.0-DEV,428070c0f9ad,4.16.0,1.3.11,ctbllib-fs2-q1-findall,2397,1424,2026-08-10T07:05:03.892Z
4^3:S4,1536,true,0,true,2026-08-10T06:58:19.62Z,1.12.6,1.9.0-DEV,428070c0f9ad,4.16.0,1.3.11,ctbllib-fs2-q1-findall,2397,1425,2026-08-10T07:05:03.896Z
"4^3:psl(3,2)",10752,false,0,true,2026-08-10T06:58:19.62Z,1.12.6,1.9.0-DEV,428070c0f9ad,4.16.0,1.3.11,ctbllib-fs2-q1-findall,2397,1426,2026-08-10T07:05:03.899Z
4_1.2^4:A5,3840,false,0,true,2026-08-10T06:58:19.62Z,1.12.6,1.9.0-DEV,428070c0f9ad,4.16.0,1.3.11,ctbllib-fs2-q1-findall,2397,1427,2026-08-10T07:05:03.904Z
4_1.L3(4),80640,false,0,true,2026-08-10T06:58:19.62Z,1.12.6,1.9.0-DEV,428070c0f9ad,4.16.0,1.3.11,ctbllib-fs2-q1-findall,2397,1428,2026-08-10T07:05:03.927Z
4_1.L3(4).(2^2)_{1*2*3*},322560,false,0,true,2026-08-10T06:58:19.62Z,1.12.6,1.9.0-DEV,428070c0f9ad,4.16.0,1.3.11,ctbllib-fs2-q1-findall,2397,1429,2026-08-10T07:05:03.942Z
4_1.L3(4).(2^2)_{1*2*3},322560,false,0,true,2026-08-10T06:58:19.62Z,1.12.6,1.9.0-DEV,428070c0f9ad,4.16.0,1.3.11,ctbllib-fs2-q1-findall,2397,1430,2026-08-10T07:05:03.949Z
4_1.L3(4).(2^2)_{1*23*},322560,false,0,true,2026-08-10T06:58:19.62Z,1.12.6,1.9.0-DEV,428070c0f9ad,4.16.0,1.3.11,ctbllib-fs2-q1-findall,2397,1431,2026-08-10T07:05:03.955Z
4_1.L3(4).(2^2)_{1*23},322560,false,0,true,2026-08-10T06:58:19.62Z,1.12.6,1.9.0-DEV,428070c0f9ad,4.16.0,1.3.11,ctbllib-fs2-q1-findall,2397,1432,2026-08-10T07:05:03.962Z
4_1.L3(4).(2^2)_{12*3*},322560,false,0,true,2026-08-10T06:58:19.62Z,1.12.6,1.9.0-DEV,428070c0f9ad,4.16.0,1.3.11,ctbllib-fs2-q1-findall,2397,1433,2026-08-10T07:05:03.968Z
4_1.L3(4).(2^2)_{12*3},322560,false,0,true,2026-08-10T06:58:19.62Z,1.12.6,1.9.0-DEV,428070c0f9ad,4.16.0,1.3.11,ctbllib-fs2-q1-findall,2397,1434,2026-08-10T07:05:03.974Z
4_1.L3(4).(2^2)_{123*},322560,false,0,true,2026-08-10T06:58:19.62Z,1.12.6,1.9.0-DEV,428070c0f9ad,4.16.0,1.3.11,ctbllib-fs2-q1-findall,2397,1435,2026-08-10T07:05:03.98Z
4_1.L3(4).(2^2)_{123},322560,false,0,true,2026-08-10T06:58:19.62Z,1.12.6,1.9.0-DEV,428070c0f9ad,4.16.0,1.3.11,ctbllib-fs2-q1-findall,2397,1436,2026-08-10T07:05:03.987Z
4_1.L3(4).2_1,161280,false,0,true,2026-08-10T06:58:19.62Z,1.12.6,1.9.0-DEV,428070c0f9ad,4.16.0,1.3.11,ctbllib-fs2-q1-findall,2397,1437,2026-08-10T07:05:03.991Z
4_1.L3(4).2_2,161280,false,0,true,2026-08-10T06:58:19.62Z,1.12.6,1.9.0-DEV,428070c0f9ad,4.16.0,1.3.11,ctbllib-fs2-q1-findall,2397,1438,2026-08-10T07:05:03.999Z
4_1.L3(4).2_3,161280,false,0,true,2026-08-10T06:58:19.62Z,1.12.6,1.9.0-DEV,428070c0f9ad,4.16.0,1.3.11,ctbllib-fs2-q1-findall,2397,1439,2026-08-10T07:05:04.006Z
4_1.L3(4).2_3*,161280,false,0,true,2026-08-10T06:58:19.62Z,1.12.6,1.9.0-DEV,428070c0f9ad,4.16.0,1.3.11,ctbllib-fs2-q1-findall,2397,1440,2026-08-10T07:05:04.011Z
4_2.2^4:A5,3840,false,0,true,2026-08-10T06:58:19.62Z,1.12.6,1.9.0-DEV,428070c0f9ad,4.16.0,1.3.11,ctbllib-fs2-q1-findall,2397,1441,2026-08-10T07:05:04.017Z
4_2.L3(4),80640,false,0,true,2026-08-10T06:58:19.62Z,1.12.6,1.9.0-DEV,428070c0f9ad,4.16.0,1.3.11,ctbllib-fs2-q1-findall,2397,1442,2026-08-10T07:05:04.04Z
4_2.L3(4).(2^2)_{1*2*3*},322560,false,0,true,2026-08-10T06:58:19.62Z,1.12.6,1.9.0-DEV,428070c0f9ad,4.16.0,1.3.11,ctbllib-fs2-q1-findall,2397,1443,2026-08-10T07:05:04.061Z
4_2.L3(4).(2^2)_{1*2*3},322560,false,0,true,2026-08-10T06:58:19.62Z,1.12.6,1.9.0-DEV,428070c0f9ad,4.16.0,1.3.11,ctbllib-fs2-q1-findall,2397,1444,2026-08-10T07:05:04.067Z
4_2.L3(4).(2^2)_{1*23*},322560,false,0,true,2026-08-10T06:58:19.62Z,1.12.6,1.9.0-DEV,428070c0f9ad,4.16.0,1.3.11,ctbllib-fs2-q1-findall,2397,1445,2026-08-10T07:05:04.075Z
4_2.L3(4).(2^2)_{1*23},322560,false,0,true,2026-08-10T06:58:19.62Z,1.12.6,1.9.0-DEV,428070c0f9ad,4.16.0,1.3.11,ctbllib-fs2-q1-findall,2397,1446,2026-08-10T07:05:04.082Z
4_2.L3(4).(2^2)_{12*3*},322560,false,0,true,2026-08-10T06:58:19.62Z,1.12.6,1.9.0-DEV,428070c0f9ad,4.16.0,1.3.11,ctbllib-fs2-q1-findall,2397,1447,2026-08-10T07:05:04.089Z
4_2.L3(4).(2^2)_{12*3},322560,false,0,true,2026-08-10T06:58:19.62Z,1.12.6,1.9.0-DEV,428070c0f9ad,4.16.0,1.3.11,ctbllib-fs2-q1-findall,2397,1448,2026-08-10T07:05:04.096Z
4_2.L3(4).(2^2)_{123*},322560,false,0,true,2026-08-10T06:58:19.62Z,1.12.6,1.9.0-DEV,428070c0f9ad,4.16.0,1.3.11,ctbllib-fs2-q1-findall,2397,1449,2026-08-10T07:05:04.102Z
4_2.L3(4).(2^2)_{123},322560,false,0,true,2026-08-10T06:58:19.62Z,1.12.6,1.9.0-DEV,428070c0f9ad,4.16.0,1.3.11,ctbllib-fs2-q1-findall,2397,1450,2026-08-10T07:05:04.11Z
4_2.L3(4).2_1,161280,false,0,true,2026-08-10T06:58:19.62Z,1.12.6,1.9.0-DEV,428070c0f9ad,4.16.0,1.3.11,ctbllib-fs2-q1-findall,2397,1451,2026-08-10T07:05:04.114Z
4_2.L3(4).2_2,161280,false,0,true,2026-08-10T06:58:19.62Z,1.12.6,1.9.0-DEV,428070c0f9ad,4.16.0,1.3.11,ctbllib-fs2-q1-findall,2397,1452,2026-08-10T07:05:04.123Z
4_2.L3(4).2_2*,161280,false,0,true,2026-08-10T06:58:19.62Z,1.12.6,1.9.0-DEV,428070c0f9ad,4.16.0,1.3.11,ctbllib-fs2-q1-findall,2397,1453,2026-08-10T07:05:04.129Z
4_2.L3(4).2_3,161280,false,0,true,2026-08-10T06:58:19.62Z,1.12.6,1.9.0-DEV,428070c0f9ad,4.16.0,1.3.11,ctbllib-fs2-q1-findall,2397,1454,2026-08-10T07:05:04.138Z
4x11:5,220,true,0,true,2026-08-10T06:58:19.62Z,1.12.6,1.9.0-DEV,428070c0f9ad,4.16.0,1.3.11,ctbllib-fs2-q1-findall,2397,1455,2026-08-10T07:05:04.45Z
4x7:3,84,true,0,true,2026-08-10T06:58:19.62Z,1.12.6,1.9.0-DEV,428070c0f9ad,4.16.0,1.3.11,ctbllib-fs2-q1-findall,2397,1456,2026-08-10T07:05:04.827Z
59:29,1711,true,0,true,2026-08-10T06:58:19.62Z,1.12.6,1.9.0-DEV,428070c0f9ad,4.16.0,1.3.11,ctbllib-fs2-q1-findall,2397,1457,2026-08-10T07:05:05.038Z
5:4,20,true,0,true,2026-08-10T06:58:19.62Z,1.12.6,1.9.0-DEV,428070c0f9ad,4.16.0,1.3.11,ctbllib-fs2-q1-findall,2397,1458,2026-08-10T07:05:05.076Z
5:4x2.A5,2400,false,0,true,2026-08-10T06:58:19.62Z,1.12.6,1.9.0-DEV,428070c0f9ad,4.16.0,1.3.11,ctbllib-fs2-q1-findall,2397,1459,2026-08-10T07:05:05.173Z
5:4x2^2,80,true,0,true,2026-08-10T06:58:19.62Z,1.12.6,1.9.0-DEV,428070c0f9ad,4.16.0,1.3.11,ctbllib-fs2-q1-findall,2397,1460,2026-08-10T07:05:05.245Z
5:4x3,60,true,0,true,2026-08-10T06:58:19.62Z,1.12.6,1.9.0-DEV,428070c0f9ad,4.16.0,1.3.11,ctbllib-fs2-q1-findall,2397,1461,2026-08-10T07:05:05.288Z
5:4xA4,240,true,0,true,2026-08-10T06:58:19.62Z,1.12.6,1.9.0-DEV,428070c0f9ad,4.16.0,1.3.11,ctbllib-fs2-q1-findall,2397,1462,2026-08-10T07:05:05.344Z
5:4xHS.2,1774080000,false,0,true,2026-08-10T06:58:19.62Z,1.12.6,1.9.0-DEV,428070c0f9ad,4.16.0,1.3.11,ctbllib-fs2-q1-findall,2397,1463,2026-08-10T07:05:05.727Z
5:4xS4,480,true,0,true,2026-08-10T06:58:19.62Z,1.12.6,1.9.0-DEV,428070c0f9ad,4.16.0,1.3.11,ctbllib-fs2-q1-findall,2397,1464,2026-08-10T07:05:06.048Z
5:4xS5,2400,false,0,true,2026-08-10T06:58:19.62Z,1.12.6,1.9.0-DEV,428070c0f9ad,4.16.0,1.3.11,ctbllib-fs2-q1-findall,2397,1465,2026-08-10T07:05:06.136Z
5:4xS5x2,4800,false,0,true,2026-08-10T06:58:19.62Z,1.12.6,1.9.0-DEV,428070c0f9ad,4.16.0,1.3.11,ctbllib-fs2-q1-findall,2397,1466,2026-08-10T07:05:06.5Z
5:4xS6,14400,false,0,true,2026-08-10T06:58:19.62Z,1.12.6,1.9.0-DEV,428070c0f9ad,4.16.0,1.3.11,ctbllib-fs2-q1-findall,2397,1467,2026-08-10T07:05:06.935Z
5:4xS7,100800,false,0,true,2026-08-10T06:58:19.62Z,1.12.6,1.9.0-DEV,428070c0f9ad,4.16.0,1.3.11,ctbllib-fs2-q1-findall,2397,1468,2026-08-10T07:05:07.28Z
5:4xU3(5).2N2,640,true,0,true,2026-08-10T06:58:19.62Z,1.12.6,1.9.0-DEV,428070c0f9ad,4.16.0,1.3.11,ctbllib-fs2-q1-findall,2397,1469,2026-08-10T07:05:07.6Z
5:4xU3(5):2,5040000,false,0,true,2026-08-10T06:58:19.62Z,1.12.6,1.9.0-DEV,428070c0f9ad,4.16.0,1.3.11,ctbllib-fs2-q1-findall,2397,1470,2026-08-10T07:05:07.784Z
5:4xa5,1200,false,0,true,2026-08-10T06:58:19.62Z,1.12.6,1.9.0-DEV,428070c0f9ad,4.16.0,1.3.11,ctbllib-fs2-q1-findall,2397,1471,2026-08-10T07:05:07.837Z
5:8,40,true,0,true,2026-08-10T06:58:19.62Z,1.12.6,1.9.0-DEV,428070c0f9ad,4.16.0,1.3.11,ctbllib-fs2-q1-findall,2397,1472,2026-08-10T07:05:08.102Z
5^(1+2)+:24,3000,true,0,true,2026-08-10T06:58:19.62Z,1.12.6,1.9.0-DEV,428070c0f9ad,4.16.0,1.3.11,ctbllib-fs2-q1-findall,2397,1473,2026-08-10T07:05:08.138Z
5^(1+2)+:4A5,30000,false,0,true,2026-08-10T06:58:19.62Z,1.12.6,1.9.0-DEV,428070c0f9ad,4.16.0,1.3.11,ctbllib-fs2-q1-findall,2397,1474,2026-08-10T07:05:08.152Z
5^(1+2)+:8,1000,true,0,true,2026-08-10T06:58:19.62Z,1.12.6,1.9.0-DEV,428070c0f9ad,4.16.0,1.3.11,ctbllib-fs2-q1-findall,2397,1475,2026-08-10T07:05:08.155Z
5^(1+2):(24:2),6000,true,0,true,2026-08-10T06:58:19.62Z,1.12.6,1.9.0-DEV,428070c0f9ad,4.16.0,1.3.11,ctbllib-fs2-q1-findall,2397,1476,2026-08-10T07:05:08.191Z
5^(1+2):(4x4):4,8000,true,0,true,2026-08-10T06:58:19.62Z,1.12.6,1.9.0-DEV,428070c0f9ad,4.16.0,1.3.11,ctbllib-fs2-q1-findall,2397,1477,2026-08-10T07:05:08.468Z
5^(1+2):(8.2),2000,true,0,true,2026-08-10T06:58:19.62Z,1.12.6,1.9.0-DEV,428070c0f9ad,4.16.0,1.3.11,ctbllib-fs2-q1-findall,2397,1478,2026-08-10T07:05:08.504Z
5^(1+2):3:8,3000,true,0,true,2026-08-10T06:58:19.62Z,1.12.6,1.9.0-DEV,428070c0f9ad,4.16.0,1.3.11,ctbllib-fs2-q1-findall,2397,1479,2026-08-10T07:05:08.509Z
5^(1+2):4S4,12000,true,0,true,2026-08-10T06:58:19.62Z,1.12.6,1.9.0-DEV,428070c0f9ad,4.16.0,1.3.11,ctbllib-fs2-q1-findall,2397,1480,2026-08-10T07:05:08.514Z
5^(1+2):8:4,4000,true,0,true,2026-08-10T06:58:19.62Z,1.12.6,1.9.0-DEV,428070c0f9ad,4.16.0,1.3.11,ctbllib-fs2-q1-findall,2397,1481,2026-08-10T07:05:08.851Z
5^(1+2):GL2(5),60000,false,0,true,2026-08-10T06:58:19.62Z,1.12.6,1.9.0-DEV,428070c0f9ad,4.16.0,1.3.11,ctbllib-fs2-q1-findall,2397,1482,2026-08-10T07:05:08.887Z
5^(1+4).2^(1+4).A5.4,24000000,false,0,true,2026-08-10T06:58:19.62Z,1.12.6,1.9.0-DEV,428070c0f9ad,4.16.0,1.3.11,ctbllib-fs2-q1-findall,2397,1483,2026-08-10T07:05:09.085Z
5^(1+4):2^(1+4).5.4,2000000,true,0,true,2026-08-10T06:58:19.62Z,1.12.6,1.9.0-DEV,428070c0f9ad,4.16.0,1.3.11,ctbllib-fs2-q1-findall,2397,1484,2026-08-10T07:05:09.146Z
5^(1+4):4.3^2:D8,900000,true,0,true,2026-08-10T06:58:19.62Z,1.12.6,1.9.0-DEV,428070c0f9ad,4.16.0,1.3.11,ctbllib-fs2-q1-findall,2397,1485,2026-08-10T07:05:09.202Z
5^(1+4):4S6,9000000,false,0,true,2026-08-10T06:58:19.62Z,1.12.6,1.9.0-DEV,428070c0f9ad,4.16.0,1.3.11,ctbllib-fs2-q1-findall,2397,1486,2026-08-10T07:05:09.257Z
"5^(1+4):GL(2,5)",1500000,false,0,true,2026-08-10T06:58:19.62Z,1.12.6,1.9.0-DEV,428070c0f9ad,4.16.0,1.3.11,ctbllib-fs2-q1-findall,2397,1487,2026-08-10T07:05:09.319Z
5^(1+4)_+:(4Y2^(1+4)_-.5.4),4000000,true,0,true,2026-08-10T06:58:19.62Z,1.12.6,1.9.0-DEV,428070c0f9ad,4.16.0,1.3.11,ctbllib-fs2-q1-findall,2397,1488,2026-08-10T07:05:09.38Z
5^(1+6):2.J2.4,378000000000,false,0,true,2026-08-10T06:58:19.62Z,1.12.6,1.9.0-DEV,428070c0f9ad,4.16.0,1.3.11,ctbllib-fs2-q1-findall,2397,1489,2026-08-10T07:05:09.521Z
5^(2+2+4):(S3xGL2(5)),1125000000,false,0,true,2026-08-10T06:58:19.62Z,1.12.6,1.9.0-DEV,428070c0f9ad,4.16.0,1.3.11,ctbllib-fs2-q1-findall,2397,1490,2026-08-10T07:05:09.644Z
5^(3+3).(2xL3(5)),11625000000,false,0,true,2026-08-10T06:58:19.62Z,1.12.6,1.9.0-DEV,428070c0f9ad,4.16.0,1.3.11,ctbllib-fs2-q1-findall,2397,1491,2026-08-10T07:05:09.726Z
5^1+2.2A4,3000,true,0,true,2026-08-10T06:58:19.62Z,1.12.6,1.9.0-DEV,428070c0f9ad,4.16.0,1.3.11,ctbllib-fs2-q1-findall,2397,1492,2026-08-10T07:05:09.792Z
5^1+2:(2^5),4000,true,0,true,2026-08-10T06:58:19.62Z,1.12.6,1.9.0-DEV,428070c0f9ad,4.16.0,1.3.11,ctbllib-fs2-q1-findall,2397,1493,2026-08-10T07:05:09.829Z
5^2.5.5^2.4A5,750000,false,0,true,2026-08-10T06:58:19.62Z,1.12.6,1.9.0-DEV,428070c0f9ad,4.16.0,1.3.11,ctbllib-fs2-q1-findall,2397,1494,2026-08-10T07:05:09.904Z
5^2.5.5^2.4S5,1500000,false,0,true,2026-08-10T06:58:19.62Z,1.12.6,1.9.0-DEV,428070c0f9ad,4.16.0,1.3.11,ctbllib-fs2-q1-findall,2397,1495,2026-08-10T07:05:09.912Z
5^2:(4xS3),600,true,0,true,2026-08-10T06:58:19.62Z,1.12.6,1.9.0-DEV,428070c0f9ad,4.16.0,1.3.11,ctbllib-fs2-q1-findall,2397,1496,2026-08-10T07:05:09.948Z
5^2:12,300,true,0,true,2026-08-10T06:58:19.62Z,1.12.6,1.9.0-DEV,428070c0f9ad,4.16.0,1.3.11,ctbllib-fs2-q1-findall,2397,1497,2026-08-10T07:05:09.956Z
5^2:2A5,3000,false,0,true,2026-08-10T06:58:19.62Z,1.12.6,1.9.0-DEV,428070c0f9ad,4.16.0,1.3.11,ctbllib-fs2-q1-findall,2397,1498,2026-08-10T07:05:09.99Z
5^2:4A4,1200,true,0,true,2026-08-10T06:58:19.62Z,1.12.6,1.9.0-DEV,428070c0f9ad,4.16.0,1.3.11,ctbllib-fs2-q1-findall,2397,1499,2026-08-10T07:05:10.026Z
5^2:4S4xS5,288000,false,0,true,2026-08-10T06:58:19.62Z,1.12.6,1.9.0-DEV,428070c0f9ad,4.16.0,1.3.11,ctbllib-fs2-q1-findall,2397,1500,2026-08-10T07:05:10.309Z
5^2:4s5,12000,false,0,true,2026-08-10T06:58:19.62Z,1.12.6,1.9.0-DEV,428070c0f9ad,4.16.0,1.3.11,ctbllib-fs2-q1-findall,2397,1501,2026-08-10T07:05:10.359Z
5^2:D12,300,true,0,true,2026-08-10T06:58:19.62Z,1.12.6,1.9.0-DEV,428070c0f9ad,4.16.0,1.3.11,ctbllib-fs2-q1-findall,2397,1502,2026-08-10T07:05:10.376Z
5^2:S3,150,true,0,true,2026-08-10T06:58:19.62Z,1.12.6,1.9.0-DEV,428070c0f9ad,4.16.0,1.3.11,ctbllib-fs2-q1-findall,2397,1503,2026-08-10T07:05:10.407Z
"5^3.psl(3,5)",46500000,false,0,true,2026-08-10T06:58:19.62Z,1.12.6,1.9.0-DEV,428070c0f9ad,4.16.0,1.3.11,ctbllib-fs2-q1-findall,2397,1504,2026-08-10T07:05:10.47Z
5^3:(2xA5).2,30000,false,0,true,2026-08-10T06:58:19.62Z,1.12.6,1.9.0-DEV,428070c0f9ad,4.16.0,1.3.11,ctbllib-fs2-q1-findall,2397,1505,2026-08-10T07:05:10.731Z
5^3:(4x(2xA5).2),120000,false,0,true,2026-08-10T06:58:19.62Z,1.12.6,1.9.0-DEV,428070c0f9ad,4.16.0,1.3.11,ctbllib-fs2-q1-findall,2397,1506,2026-08-10T07:05:11.012Z
5^3:(4xS5),60000,false,0,true,2026-08-10T06:58:19.62Z,1.12.6,1.9.0-DEV,428070c0f9ad,4.16.0,1.3.11,ctbllib-fs2-q1-findall,2397,1507,2026-08-10T07:05:11.05Z
5^3:62,7750,true,0,true,2026-08-10T06:58:19.62Z,1.12.6,1.9.0-DEV,428070c0f9ad,4.16.0,1.3.11,ctbllib-fs2-q1-findall,2397,1508,2026-08-10T07:05:11.171Z
5^4:(3x2.L2(25)).2,58500000,false,0,true,2026-08-10T06:58:19.62Z,1.12.6,1.9.0-DEV,428070c0f9ad,4.16.0,1.3.11,ctbllib-fs2-q1-findall,2397,1509,2026-08-10T07:05:11.304Z
5xA5,300,false,0,true,2026-08-10T06:58:19.62Z,1.12.6,1.9.0-DEV,428070c0f9ad,4.16.0,1.3.11,ctbllib-fs2-q1-findall,2397,1510,2026-08-10T07:05:11.35Z
5xIsoclinic(2.A6.2_2),7200,false,0,true,2026-08-10T06:58:19.62Z,1.12.6,1.9.0-DEV,428070c0f9ad,4.16.0,1.3.11,ctbllib-fs2-q1-findall,2397,1511,2026-08-10T07:05:11.459Z
6.(3^(1+4).[2^7.3]),559872,true,0,true,2026-08-10T06:58:19.62Z,1.12.6,1.9.0-DEV,428070c0f9ad,4.16.0,1.3.11,ctbllib-fs2-q1-findall,2397,1512,2026-08-10T07:05:11.728Z
6.(3^5:U4(2):2),75582720,false,0,true,2026-08-10T06:58:19.62Z,1.12.6,1.9.0-DEV,428070c0f9ad,4.16.0,1.3.11,ctbllib-fs2-q1-findall,2397,1513,2026-08-10T07:05:13.634Z
6.(A4x2(A4xA4).2).2,82944,true,0,true,2026-08-10T06:58:19.62Z,1.12.6,1.9.0-DEV,428070c0f9ad,4.16.0,1.3.11,ctbllib-fs2-q1-findall,2397,1514,2026-08-10T07:05:13.751Z
6.(A4x3).2,432,true,0,true,2026-08-10T06:58:19.62Z,1.12.6,1.9.0-DEV,428070c0f9ad,4.16.0,1.3.11,ctbllib-fs2-q1-findall,2397,1515,2026-08-10T07:05:13.762Z
6.2E6(2),459194878102649123635200,false,0,true,2026-08-10T06:58:19.62Z,1.12.6,1.9.0-DEV,428070c0f9ad,4.16.0,1.3.11,ctbllib-fs2-q1-findall,2397,1516,2026-08-10T07:05:15.264Z
6.2E6(2).2,918389756205298247270400,false,0,true,2026-08-10T06:58:19.62Z,1.12.6,1.9.0-DEV,428070c0f9ad,4.16.0,1.3.11,ctbllib-fs2-q1-findall,2397,1517,2026-08-10T07:05:16.119Z
6.A6,2160,false,0,true,2026-08-10T06:58:19.62Z,1.12.6,1.9.0-DEV,428070c0f9ad,4.16.0,1.3.11,ctbllib-fs2-q1-findall,2397,1518,2026-08-10T07:05:16.161Z
6.A6.2_1,4320,false,0,true,2026-08-10T06:58:19.62Z,1.12.6,1.9.0-DEV,428070c0f9ad,4.16.0,1.3.11,ctbllib-fs2-q1-findall,2397,1519,2026-08-10T07:05:16.167Z
6.A6.2_2,4320,false,0,true,2026-08-10T06:58:19.62Z,1.12.6,1.9.0-DEV,428070c0f9ad,4.16.0,1.3.11,ctbllib-fs2-q1-findall,2397,1520,2026-08-10T07:05:16.174Z
6.A6M3,216,true,0,true,2026-08-10T06:58:19.62Z,1.12.6,1.9.0-DEV,428070c0f9ad,4.16.0,1.3.11,ctbllib-fs2-q1-findall,2397,1521,2026-08-10T07:05:16.187Z
6.A6N2,48,true,0,true,2026-08-10T06:58:19.62Z,1.12.6,1.9.0-DEV,428070c0f9ad,4.16.0,1.3.11,ctbllib-fs2-q1-findall,2397,1522,2026-08-10T07:05:16.46Z
6.A7,15120,false,0,true,2026-08-10T06:58:19.62Z,1.12.6,1.9.0-DEV,428070c0f9ad,4.16.0,1.3.11,ctbllib-fs2-q1-findall,2397,1523,2026-08-10T07:05:16.508Z
6.A7.2,30240,false,0,true,2026-08-10T06:58:19.62Z,1.12.6,1.9.0-DEV,428070c0f9ad,4.16.0,1.3.11,ctbllib-fs2-q1-findall,2397,1524,2026-08-10T07:05:16.518Z
6.Fi22,387370509926400,false,0,true,2026-08-10T06:58:19.62Z,1.12.6,1.9.0-DEV,428070c0f9ad,4.16.0,1.3.11,ctbllib-fs2-q1-findall,2397,1525,2026-08-10T07:05:16.918Z
6.Fi22.2,774741019852800,false,0,true,2026-08-10T06:58:19.62Z,1.12.6,1.9.0-DEV,428070c0f9ad,4.16.0,1.3.11,ctbllib-fs2-q1-findall,2397,1526,2026-08-10T07:05:17.117Z
6.Fi22M5,2724986880,false,0,true,2026-08-10T06:58:19.62Z,1.12.6,1.9.0-DEV,428070c0f9ad,4.16.0,1.3.11,ctbllib-fs2-q1-findall,2397,1527,2026-08-10T07:05:17.325Z
6.L3(4),120960,false,0,true,2026-08-10T06:58:19.62Z,1.12.6,1.9.0-DEV,428070c0f9ad,4.16.0,1.3.11,ctbllib-fs2-q1-findall,2397,1528,2026-08-10T07:05:17.365Z
6.L3(4).(2^2)_{1*2*3*},483840,false,0,true,2026-08-10T06:58:19.62Z,1.12.6,1.9.0-DEV,428070c0f9ad,4.16.0,1.3.11,ctbllib-fs2-q1-findall,2397,1529,2026-08-10T07:05:17.381Z
6.L3(4).(2^2)_{1*2*3},483840,false,0,true,2026-08-10T06:58:19.62Z,1.12.6,1.9.0-DEV,428070c0f9ad,4.16.0,1.3.11,ctbllib-fs2-q1-findall,2397,1530,2026-08-10T07:05:17.392Z
6.L3(4).(2^2)_{1*23*},483840,false,0,true,2026-08-10T06:58:19.62Z,1.12.6,1.9.0-DEV,428070c0f9ad,4.16.0,1.3.11,ctbllib-fs2-q1-findall,2397,1531,2026-08-10T07:05:18.352Z
6.L3(4).(2^2)_{1*23},483840,false,0,true,2026-08-10T06:58:19.62Z,1.12.6,1.9.0-DEV,428070c0f9ad,4.16.0,1.3.11,ctbllib-fs2-q1-findall,2397,1532,2026-08-10T07:05:18.371Z
6.L3(4).(2^2)_{12*3*},483840,false,0,true,2026-08-10T06:58:19.62Z,1.12.6,1.9.0-DEV,428070c0f9ad,4.16.0,1.3.11,ctbllib-fs2-q1-findall,2397,1533,2026-08-10T07:05:18.383Z
6.L3(4).(2^2)_{12*3},483840,false,0,true,2026-08-10T06:58:19.62Z,1.12.6,1.9.0-DEV,428070c0f9ad,4.16.0,1.3.11,ctbllib-fs2-q1-findall,2397,1534,2026-08-10T07:05:18.395Z
6.L3(4).(2^2)_{123*},483840,false,0,true,2026-08-10T06:58:19.62Z,1.12.6,1.9.0-DEV,428070c0f9ad,4.16.0,1.3.11,ctbllib-fs2-q1-findall,2397,1535,2026-08-10T07:05:18.405Z
6.L3(4).(2^2)_{123},483840,false,0,true,2026-08-10T06:58:19.62Z,1.12.6,1.9.0-DEV,428070c0f9ad,4.16.0,1.3.11,ctbllib-fs2-q1-findall,2397,1536,2026-08-10T07:05:18.416Z
6.L3(4).2_1,241920,false,0,true,2026-08-10T06:58:19.62Z,1.12.6,1.9.0-DEV,428070c0f9ad,4.16.0,1.3.11,ctbllib-fs2-q1-findall,2397,1537,2026-08-10T07:05:18.431Z
6.L3(4).2_2,241920,false,0,true,2026-08-10T06:58:19.62Z,1.12.6,1.9.0-DEV,428070c0f9ad,4.16.0,1.3.11,ctbllib-fs2-q1-findall,2397,1538,2026-08-10T07:05:18.446Z
6.L3(4).2_3,241920,false,0,true,2026-08-10T06:58:19.62Z,1.12.6,1.9.0-DEV,428070c0f9ad,4.16.0,1.3.11,ctbllib-fs2-q1-findall,2397,1539,2026-08-10T07:05:18.462Z
6.M22,2661120,false,0,true,2026-08-10T06:58:19.62Z,1.12.6,1.9.0-DEV,428070c0f9ad,4.16.0,1.3.11,ctbllib-fs2-q1-findall,2397,1540,2026-08-10T07:05:18.504Z
6.M22.2,5322240,false,0,true,2026-08-10T06:58:19.62Z,1.12.6,1.9.0-DEV,428070c0f9ad,4.16.0,1.3.11,ctbllib-fs2-q1-findall,2397,1541,2026-08-10T07:05:18.528Z
6.M22M2,34560,false,0,true,2026-08-10T06:58:19.62Z,1.12.6,1.9.0-DEV,428070c0f9ad,4.16.0,1.3.11,ctbllib-fs2-q1-findall,2397,1542,2026-08-10T07:05:18.558Z
6.O7(3),27512110080,false,0,true,2026-08-10T06:58:19.62Z,1.12.6,1.9.0-DEV,428070c0f9ad,4.16.0,1.3.11,ctbllib-fs2-q1-findall,2397,1543,2026-08-10T07:05:18.695Z
6.O7(3).2,55024220160,false,0,true,2026-08-10T06:58:19.62Z,1.12.6,1.9.0-DEV,428070c0f9ad,4.16.0,1.3.11,ctbllib-fs2-q1-findall,2397,1544,2026-08-10T07:05:18.788Z
6.O7(3)M9,7558272,true,0,true,2026-08-10T06:58:19.62Z,1.12.6,1.9.0-DEV,428070c0f9ad,4.16.0,1.3.11,ctbllib-fs2-q1-findall,2397,1545,2026-08-10T07:05:18.995Z
6.Suz,2690072985600,false,0,true,2026-08-10T06:58:19.62Z,1.12.6,1.9.0-DEV,428070c0f9ad,4.16.0,1.3.11,ctbllib-fs2-q1-findall,2397,1546,2026-08-10T07:05:19.238Z
6.Suz.2,5380145971200,false,0,true,2026-08-10T06:58:19.62Z,1.12.6,1.9.0-DEV,428070c0f9ad,4.16.0,1.3.11,ctbllib-fs2-q1-findall,2397,1547,2026-08-10T07:05:19.326Z
6.SuzM11,839808,true,0,true,2026-08-10T06:58:19.62Z,1.12.6,1.9.0-DEV,428070c0f9ad,4.16.0,1.3.11,ctbllib-fs2-q1-findall,2397,1548,2026-08-10T07:05:19.607Z
6.SuzM8,2903040,false,0,true,2026-08-10T06:58:19.62Z,1.12.6,1.9.0-DEV,428070c0f9ad,4.16.0,1.3.11,ctbllib-fs2-q1-findall,2397,1549,2026-08-10T07:05:19.718Z
6.U6(2),55180984320,false,0,true,2026-08-10T06:58:19.62Z,1.12.6,1.9.0-DEV,428070c0f9ad,4.16.0,1.3.11,ctbllib-fs2-q1-findall,2397,1550,2026-08-10T07:05:19.946Z
6.U6(2).2,110361968640,false,0,true,2026-08-10T06:58:19.62Z,1.12.6,1.9.0-DEV,428070c0f9ad,4.16.0,1.3.11,ctbllib-fs2-q1-findall,2397,1551,2026-08-10T07:05:20.051Z
6.U6(2)M3,61931520,false,0,true,2026-08-10T06:58:19.62Z,1.12.6,1.9.0-DEV,428070c0f9ad,4.16.0,1.3.11,ctbllib-fs2-q1-findall,2397,1552,2026-08-10T07:05:20.234Z
67:22,1474,true,0,true,2026-08-10T06:58:19.62Z,1.12.6,1.9.0-DEV,428070c0f9ad,4.16.0,1.3.11,ctbllib-fs2-q1-findall,2397,1553,2026-08-10T07:05:20.301Z
6^2:D12,432,true,0,true,2026-08-10T06:58:19.62Z,1.12.6,1.9.0-DEV,428070c0f9ad,4.16.0,1.3.11,ctbllib-fs2-q1-findall,2397,1554,2026-08-10T07:05:20.333Z
6^2:S3,216,true,0,true,2026-08-10T06:58:19.62Z,1.12.6,1.9.0-DEV,428070c0f9ad,4.16.0,1.3.11,ctbllib-fs2-q1-findall,2397,1555,2026-08-10T07:05:20.337Z
6_1.U4(3),19595520,false,0,true,2026-08-10T06:58:19.62Z,1.12.6,1.9.0-DEV,428070c0f9ad,4.16.0,1.3.11,ctbllib-fs2-q1-findall,2397,1556,2026-08-10T07:05:20.477Z
6_1.U4(3).2_1,39191040,false,0,true,2026-08-10T06:58:19.62Z,1.12.6,1.9.0-DEV,428070c0f9ad,4.16.0,1.3.11,ctbllib-fs2-q1-findall,2397,1557,2026-08-10T07:05:20.51Z
6_1.U4(3).2_2,39191040,false,0,true,2026-08-10T06:58:19.62Z,1.12.6,1.9.0-DEV,428070c0f9ad,4.16.0,1.3.11,ctbllib-fs2-q1-findall,2397,1558,2026-08-10T07:05:20.624Z
6_1.U4(3).2_2',39191040,false,0,true,2026-08-10T06:58:19.62Z,1.12.6,1.9.0-DEV,428070c0f9ad,4.16.0,1.3.11,ctbllib-fs2-q1-findall,2397,1559,2026-08-10T07:05:20.662Z
6_2.U4(3),19595520,false,0,true,2026-08-10T06:58:19.62Z,1.12.6,1.9.0-DEV,428070c0f9ad,4.16.0,1.3.11,ctbllib-fs2-q1-findall,2397,1560,2026-08-10T07:05:20.705Z
6_2.U4(3).2_1,39191040,false,0,true,2026-08-10T06:58:19.62Z,1.12.6,1.9.0-DEV,428070c0f9ad,4.16.0,1.3.11,ctbllib-fs2-q1-findall,2397,1561,2026-08-10T07:05:20.734Z
6_2.U4(3).2_3,39191040,false,0,true,2026-08-10T06:58:19.62Z,1.12.6,1.9.0-DEV,428070c0f9ad,4.16.0,1.3.11,ctbllib-fs2-q1-findall,2397,1562,2026-08-10T07:05:20.787Z
6_2.U4(3).2_3',39191040,false,0,true,2026-08-10T06:58:19.62Z,1.12.6,1.9.0-DEV,428070c0f9ad,4.16.0,1.3.11,ctbllib-fs2-q1-findall,2397,1563,2026-08-10T07:05:20.81Z
6x11:5,330,true,0,true,2026-08-10T06:58:19.62Z,1.12.6,1.9.0-DEV,428070c0f9ad,4.16.0,1.3.11,ctbllib-fs2-q1-findall,2397,1564,2026-08-10T07:05:21.657Z
6x13:6,468,true,0,true,2026-08-10T06:58:19.62Z,1.12.6,1.9.0-DEV,428070c0f9ad,4.16.0,1.3.11,ctbllib-fs2-q1-findall,2397,1565,2026-08-10T07:05:21.96Z
6x2.F4(2),39733519240396800,false,0,true,2026-08-10T06:58:19.62Z,1.12.6,1.9.0-DEV,428070c0f9ad,4.16.0,1.3.11,ctbllib-fs2-q1-findall,2397,1566,2026-08-10T07:05:26.189Z
6x2^3:L3(2),8064,false,0,true,2026-08-10T06:58:19.62Z,1.12.6,1.9.0-DEV,428070c0f9ad,4.16.0,1.3.11,ctbllib-fs2-q1-findall,2397,1567,2026-08-10T07:05:26.229Z
6x5:4,120,true,0,true,2026-08-10T06:58:19.62Z,1.12.6,1.9.0-DEV,428070c0f9ad,4.16.0,1.3.11,ctbllib-fs2-q1-findall,2397,1568,2026-08-10T07:05:26.313Z
6x5:4xS5,14400,false,0,true,2026-08-10T06:58:19.62Z,1.12.6,1.9.0-DEV,428070c0f9ad,4.16.0,1.3.11,ctbllib-fs2-q1-findall,2397,1569,2026-08-10T07:05:26.835Z
6x7:3,126,true,0,true,2026-08-10T06:58:19.62Z,1.12.6,1.9.0-DEV,428070c0f9ad,4.16.0,1.3.11,ctbllib-fs2-q1-findall,2397,1570,2026-08-10T07:05:27.128Z
6xF4(2),19866759620198400,false,0,true,2026-08-10T06:58:19.62Z,1.12.6,1.9.0-DEV,428070c0f9ad,4.16.0,1.3.11,ctbllib-fs2-q1-findall,2397,1571,2026-08-10T07:05:30.668Z
6xFi22N5,14400,true,0,true,2026-08-10T06:58:19.62Z,1.12.6,1.9.0-DEV,428070c0f9ad,4.16.0,1.3.11,ctbllib-fs2-q1-findall,2397,1572,2026-08-10T07:05:31.025Z
6xL2(11),3960,false,0,true,2026-08-10T06:58:19.62Z,1.12.6,1.9.0-DEV,428070c0f9ad,4.16.0,1.3.11,ctbllib-fs2-q1-findall,2397,1573,2026-08-10T07:05:31.074Z
6xL3(2),1008,false,0,true,2026-08-10T06:58:19.62Z,1.12.6,1.9.0-DEV,428070c0f9ad,4.16.0,1.3.11,ctbllib-fs2-q1-findall,2397,1574,2026-08-10T07:05:31.101Z
6xO8+(2):S3,6270566400,false,0,true,2026-08-10T06:58:19.62Z,1.12.6,1.9.0-DEV,428070c0f9ad,4.16.0,1.3.11,ctbllib-fs2-q1-findall,2397,1575,2026-08-10T07:05:31.775Z
6xS3x7:6,1512,true,0,true,2026-08-10T06:58:19.62Z,1.12.6,1.9.0-DEV,428070c0f9ad,4.16.0,1.3.11,ctbllib-fs2-q1-findall,2397,1576,2026-08-10T07:05:32.173Z
6xS3xU4(2),933120,false,0,true,2026-08-10T06:58:19.62Z,1.12.6,1.9.0-DEV,428070c0f9ad,4.16.0,1.3.11,ctbllib-fs2-q1-findall,2397,1577,2026-08-10T07:05:33.726Z
6xS6(2),8709120,false,0,true,2026-08-10T06:58:19.62Z,1.12.6,1.9.0-DEV,428070c0f9ad,4.16.0,1.3.11,ctbllib-fs2-q1-findall,2397,1578,2026-08-10T07:05:33.957Z
6xU5(2),82114560,false,0,true,2026-08-10T06:58:19.62Z,1.12.6,1.9.0-DEV,428070c0f9ad,4.16.0,1.3.11,ctbllib-fs2-q1-findall,2397,1579,2026-08-10T07:05:34.366Z
73:3,219,true,0,true,2026-08-10T06:58:19.62Z,1.12.6,1.9.0-DEV,428070c0f9ad,4.16.0,1.3.11,ctbllib-fs2-q1-findall,2397,1580,2026-08-10T07:05:34.43Z
7:12,84,true,0,true,2026-08-10T06:58:19.62Z,1.12.6,1.9.0-DEV,428070c0f9ad,4.16.0,1.3.11,ctbllib-fs2-q1-findall,2397,1581,2026-08-10T07:05:34.696Z
7:3,21,true,0,true,2026-08-10T06:58:19.62Z,1.12.6,1.9.0-DEV,428070c0f9ad,4.16.0,1.3.11,ctbllib-fs2-q1-findall,2397,1582,2026-08-10T07:05:34.705Z
7:3x3,63,true,0,true,2026-08-10T06:58:19.62Z,1.12.6,1.9.0-DEV,428070c0f9ad,4.16.0,1.3.11,ctbllib-fs2-q1-findall,2397,1583,2026-08-10T07:05:34.719Z
7:3xS3,126,true,0,true,2026-08-10T06:58:19.62Z,1.12.6,1.9.0-DEV,428070c0f9ad,4.16.0,1.3.11,ctbllib-fs2-q1-findall,2397,1584,2026-08-10T07:05:34.76Z
7:3xS4,504,true,0,true,2026-08-10T06:58:19.62Z,1.12.6,1.9.0-DEV,428070c0f9ad,4.16.0,1.3.11,ctbllib-fs2-q1-findall,2397,1585,2026-08-10T07:05:34.819Z
7:3xS5,2520,false,0,true,2026-08-10T06:58:19.62Z,1.12.6,1.9.0-DEV,428070c0f9ad,4.16.0,1.3.11,ctbllib-fs2-q1-findall,2397,1586,2026-08-10T07:05:35.136Z
"7:3xpsl(3,2)",3528,false,0,true,2026-08-10T06:58:19.62Z,1.12.6,1.9.0-DEV,428070c0f9ad,4.16.0,1.3.11,ctbllib-fs2-q1-findall,2397,1587,2026-08-10T07:05:35.208Z
7:6,42,true,0,true,2026-08-10T06:58:19.62Z,1.12.6,1.9.0-DEV,428070c0f9ad,4.16.0,1.3.11,ctbllib-fs2-q1-findall,2397,1588,2026-08-10T07:05:35.228Z
7:6xA5.2,5040,false,0,true,2026-08-10T06:58:19.62Z,1.12.6,1.9.0-DEV,428070c0f9ad,4.16.0,1.3.11,ctbllib-fs2-q1-findall,2397,1589,2026-08-10T07:05:35.326Z
7:6xA7,105840,false,0,true,2026-08-10T06:58:19.62Z,1.12.6,1.9.0-DEV,428070c0f9ad,4.16.0,1.3.11,ctbllib-fs2-q1-findall,2397,1590,2026-08-10T07:05:35.458Z
7:6xL3(2),7056,false,0,true,2026-08-10T06:58:19.62Z,1.12.6,1.9.0-DEV,428070c0f9ad,4.16.0,1.3.11,ctbllib-fs2-q1-findall,2397,1591,2026-08-10T07:05:35.549Z
7:6xS7,211680,false,0,true,2026-08-10T06:58:19.62Z,1.12.6,1.9.0-DEV,428070c0f9ad,4.16.0,1.3.11,ctbllib-fs2-q1-findall,2397,1592,2026-08-10T07:05:35.736Z
"7^(1+2).Sp(2,7)",115248,false,0,true,2026-08-10T06:58:19.62Z,1.12.6,1.9.0-DEV,428070c0f9ad,4.16.0,1.3.11,ctbllib-fs2-q1-findall,2397,1593,2026-08-10T07:05:35.783Z
7^(1+2):(D8x3),8232,true,0,true,2026-08-10T06:58:19.62Z,1.12.6,1.9.0-DEV,428070c0f9ad,4.16.0,1.3.11,ctbllib-fs2-q1-findall,2397,1594,2026-08-10T07:05:35.822Z
7^(1+2):(S3x3),6174,true,0,true,2026-08-10T06:58:19.62Z,1.12.6,1.9.0-DEV,428070c0f9ad,4.16.0,1.3.11,ctbllib-fs2-q1-findall,2397,1595,2026-08-10T07:05:35.83Z
7^(1+2):(S3x6),12348,true,0,true,2026-08-10T06:58:19.62Z,1.12.6,1.9.0-DEV,428070c0f9ad,4.16.0,1.3.11,ctbllib-fs2-q1-findall,2397,1596,2026-08-10T07:05:35.839Z
7^(1+2):48,16464,true,0,true,2026-08-10T06:58:19.62Z,1.12.6,1.9.0-DEV,428070c0f9ad,4.16.0,1.3.11,ctbllib-fs2-q1-findall,2397,1597,2026-08-10T07:05:35.902Z
7^(1+2)_+:(3xD16),16464,true,0,true,2026-08-10T06:58:19.62Z,1.12.6,1.9.0-DEV,428070c0f9ad,4.16.0,1.3.11,ctbllib-fs2-q1-findall,2397,1598,2026-08-10T07:05:35.956Z
7^(1+2)_+:(6xS3).2,24696,true,0,true,2026-08-10T06:58:19.62Z,1.12.6,1.9.0-DEV,428070c0f9ad,4.16.0,1.3.11,ctbllib-fs2-q1-findall,2397,1599,2026-08-10T07:05:36.057Z
7^(1+4):(3x2.S7),508243680,false,0,true,2026-08-10T06:58:19.62Z,1.12.6,1.9.0-DEV,428070c0f9ad,4.16.0,1.3.11,ctbllib-fs2-q1-findall,2397,1600,2026-08-10T07:05:36.732Z
7^(2+1+2):GL2(7),33882912,false,0,true,2026-08-10T06:58:19.62Z,1.12.6,1.9.0-DEV,428070c0f9ad,4.16.0,1.3.11,ctbllib-fs2-q1-findall,2397,1601,2026-08-10T07:05:36.851Z
7^1+2.6,2058,true,0,true,2026-08-10T06:58:19.62Z,1.12.6,1.9.0-DEV,428070c0f9ad,4.16.0,1.3.11,ctbllib-fs2-q1-findall,2397,1602,2026-08-10T07:05:36.93Z
7^1+4.2A7,84707280,false,0,true,2026-08-10T06:58:19.62Z,1.12.6,1.9.0-DEV,428070c0f9ad,4.16.0,1.3.11,ctbllib-fs2-q1-findall,2397,1603,2026-08-10T07:05:37.013Z
7^2:(3x2A4),3528,true,0,true,2026-08-10T06:58:19.62Z,1.12.6,1.9.0-DEV,428070c0f9ad,4.16.0,1.3.11,ctbllib-fs2-q1-findall,2397,1604,2026-08-10T07:05:37.053Z
7^2:(3x2S4),7056,true,0,true,2026-08-10T06:58:19.62Z,1.12.6,1.9.0-DEV,428070c0f9ad,4.16.0,1.3.11,ctbllib-fs2-q1-findall,2397,1605,2026-08-10T07:05:37.104Z
7^2:2.L2(7).2,32928,false,0,true,2026-08-10T06:58:19.62Z,1.12.6,1.9.0-DEV,428070c0f9ad,4.16.0,1.3.11,ctbllib-fs2-q1-findall,2397,1606,2026-08-10T07:05:37.162Z
7^2:24,1176,true,0,true,2026-08-10T06:58:19.62Z,1.12.6,1.9.0-DEV,428070c0f9ad,4.16.0,1.3.11,ctbllib-fs2-q1-findall,2397,1607,2026-08-10T07:05:37.174Z
7^2:2A4,1176,true,0,true,2026-08-10T06:58:19.62Z,1.12.6,1.9.0-DEV,428070c0f9ad,4.16.0,1.3.11,ctbllib-fs2-q1-findall,2397,1608,2026-08-10T07:05:37.207Z
"7^2:2psl(2,7)",16464,false,0,true,2026-08-10T06:58:19.62Z,1.12.6,1.9.0-DEV,428070c0f9ad,4.16.0,1.3.11,ctbllib-fs2-q1-findall,2397,1609,2026-08-10T07:05:37.259Z
7^2:S3,294,true,0,true,2026-08-10T06:58:19.62Z,1.12.6,1.9.0-DEV,428070c0f9ad,4.16.0,1.3.11,ctbllib-fs2-q1-findall,2397,1610,2026-08-10T07:05:37.293Z
7xL2(8),3528,false,0,true,2026-08-10T06:58:19.62Z,1.12.6,1.9.0-DEV,428070c0f9ad,4.16.0,1.3.11,ctbllib-fs2-q1-findall,2397,1611,2026-08-10T07:05:37.426Z
8^2:S3,384,true,0,true,2026-08-10T06:58:19.62Z,1.12.6,1.9.0-DEV,428070c0f9ad,4.16.0,1.3.11,ctbllib-fs2-q1-findall,2397,1612,2026-08-10T07:05:37.458Z
9.U3(8).3_3,148925952,false,0,true,2026-08-10T06:58:19.62Z,1.12.6,1.9.0-DEV,428070c0f9ad,4.16.0,1.3.11,ctbllib-fs2-q1-findall,2397,1613,2026-08-10T07:05:40.954Z
91:3,273,true,0,true,2026-08-10T06:58:19.62Z,1.12.6,1.9.0-DEV,428070c0f9ad,4.16.0,1.3.11,ctbllib-fs2-q1-findall,2397,1614,2026-08-10T07:05:41.038Z
9:6,54,true,0,true,2026-08-10T06:58:19.62Z,1.12.6,1.9.0-DEV,428070c0f9ad,4.16.0,1.3.11,ctbllib-fs2-q1-findall,2397,1615,2026-08-10T07:05:41.046Z
A10,1814400,false,0,true,2026-08-10T06:58:19.62Z,1.12.6,1.9.0-DEV,428070c0f9ad,4.16.0,1.3.11,ctbllib-fs2-q1-findall,2397,1616,2026-08-10T07:05:41.081Z
A10.2,3628800,false,0,true,2026-08-10T06:58:19.62Z,1.12.6,1.9.0-DEV,428070c0f9ad,4.16.0,1.3.11,ctbllib-fs2-q1-findall,2397,1617,2026-08-10T07:05:41.088Z
A11,19958400,false,0,true,2026-08-10T06:58:19.62Z,1.12.6,1.9.0-DEV,428070c0f9ad,4.16.0,1.3.11,ctbllib-fs2-q1-findall,2397,1618,2026-08-10T07:05:41.095Z
A11.2,39916800,false,0,true,2026-08-10T06:58:19.62Z,1.12.6,1.9.0-DEV,428070c0f9ad,4.16.0,1.3.11,ctbllib-fs2-q1-findall,2397,1619,2026-08-10T07:05:41.104Z
A11Syl2,128,true,0,true,2026-08-10T06:58:19.62Z,1.12.6,1.9.0-DEV,428070c0f9ad,4.16.0,1.3.11,ctbllib-fs2-q1-findall,2397,1620,2026-08-10T07:05:41.115Z
A12,239500800,false,0,true,2026-08-10T06:58:19.62Z,1.12.6,1.9.0-DEV,428070c0f9ad,4.16.0,1.3.11,ctbllib-fs2-q1-findall,2397,1621,2026-08-10T07:05:41.155Z
A12.2,479001600,false,0,true,2026-08-10T06:58:19.62Z,1.12.6,1.9.0-DEV,428070c0f9ad,4.16.0,1.3.11,ctbllib-fs2-q1-findall,2397,1622,2026-08-10T07:05:41.172Z
A13,3113510400,false,0,true,2026-08-10T06:58:19.62Z,1.12.6,1.9.0-DEV,428070c0f9ad,4.16.0,1.3.11,ctbllib-fs2-q1-findall,2397,1623,2026-08-10T07:05:41.186Z
A13.2,6227020800,false,0,true,2026-08-10T06:58:19.62Z,1.12.6,1.9.0-DEV,428070c0f9ad,4.16.0,1.3.11,ctbllib-fs2-q1-findall,2397,1624,2026-08-10T07:05:41.213Z
A14,43589145600,false,0,true,2026-08-10T06:58:19.62Z,1.12.6,1.9.0-DEV,428070c0f9ad,4.16.0,1.3.11,ctbllib-fs2-q1-findall,2397,1625,2026-08-10T07:05:41.253Z
A14.2,87178291200,false,0,true,2026-08-10T06:58:19.62Z,1.12.6,1.9.0-DEV,428070c0f9ad,4.16.0,1.3.11,ctbllib-fs2-q1-findall,2397,1626,2026-08-10T07:05:41.354Z
A15,653837184000,false,0,true,2026-08-10T06:58:19.62Z,1.12.6,1.9.0-DEV,428070c0f9ad,4.16.0,1.3.11,ctbllib-fs2-q1-findall,2397,1627,2026-08-10T07:05:41.453Z
A15.2,1307674368000,false,0,true,2026-08-10T06:58:19.62Z,1.12.6,1.9.0-DEV,428070c0f9ad,4.16.0,1.3.11,ctbllib-fs2-q1-findall,2397,1628,2026-08-10T07:05:41.592Z
A16,10461394944000,false,0,true,2026-08-10T06:58:19.62Z,1.12.6,1.9.0-DEV,428070c0f9ad,4.16.0,1.3.11,ctbllib-fs2-q1-findall,2397,1629,2026-08-10T07:05:41.73Z
A16.2,20922789888000,false,0,true,2026-08-10T06:58:19.62Z,1.12.6,1.9.0-DEV,428070c0f9ad,4.16.0,1.3.11,ctbllib-fs2-q1-findall,2397,1630,2026-08-10T07:05:41.936Z
A17,177843714048000,false,0,true,2026-08-10T06:58:19.62Z,1.12.6,1.9.0-DEV,428070c0f9ad,4.16.0,1.3.11,ctbllib-fs2-q1-findall,2397,1631,2026-08-10T07:05:42.118Z
A17.2,355687428096000,false,0,true,2026-08-10T06:58:19.62Z,1.12.6,1.9.0-DEV,428070c0f9ad,4.16.0,1.3.11,ctbllib-fs2-q1-findall,2397,1632,2026-08-10T07:05:42.449Z
A18,3201186852864000,false,0,true,2026-08-10T06:58:19.62Z,1.12.6,1.9.0-DEV,428070c0f9ad,4.16.0,1.3.11,ctbllib-fs2-q1-findall,2397,1633,2026-08-10T07:05:42.719Z
A18.2,6402373705728000,false,0,true,2026-08-10T06:58:19.62Z,1.12.6,1.9.0-DEV,428070c0f9ad,4.16.0,1.3.11,ctbllib-fs2-q1-findall,2397,1634,2026-08-10T07:05:44.02Z
A19,60822550204416000,false,0,true,2026-08-10T06:58:19.62Z,1.12.6,1.9.0-DEV,428070c0f9ad,4.16.0,1.3.11,ctbllib-fs2-q1-findall,2397,1635,2026-08-10T07:05:44.422Z
A19.2,121645100408832000,false,0,true,2026-08-10T06:58:19.62Z,1.12.6,1.9.0-DEV,428070c0f9ad,4.16.0,1.3.11,ctbllib-fs2-q1-findall,2397,1636,2026-08-10T07:05:45.232Z
A4x7:3,252,true,0,true,2026-08-10T06:58:19.62Z,1.12.6,1.9.0-DEV,428070c0f9ad,4.16.0,1.3.11,ctbllib-fs2-q1-findall,2397,1637,2026-08-10T07:05:45.256Z
A4xC4,48,true,0,true,2026-08-10T06:58:19.62Z,1.12.6,1.9.0-DEV,428070c0f9ad,4.16.0,1.3.11,ctbllib-fs2-q1-findall,2397,1638,2026-08-10T07:05:45.312Z
A4xS3,72,true,0,true,2026-08-10T06:58:19.62Z,1.12.6,1.9.0-DEV,428070c0f9ad,4.16.0,1.3.11,ctbllib-fs2-q1-findall,2397,1639,2026-08-10T07:05:45.32Z
A4xU4(2),311040,false,0,true,2026-08-10T06:58:19.62Z,1.12.6,1.9.0-DEV,428070c0f9ad,4.16.0,1.3.11,ctbllib-fs2-q1-findall,2397,1640,2026-08-10T07:05:45.389Z
A5,60,false,0,true,2026-08-10T06:58:19.62Z,1.12.6,1.9.0-DEV,428070c0f9ad,4.16.0,1.3.11,ctbllib-fs2-q1-findall,2397,1641,2026-08-10T07:05:45.423Z
A5.2,120,false,0,true,2026-08-10T06:58:19.62Z,1.12.6,1.9.0-DEV,428070c0f9ad,4.16.0,1.3.11,ctbllib-fs2-q1-findall,2397,1642,2026-08-10T07:05:45.425Z
A5.2xM22.2,106444800,false,0,true,2026-08-10T06:58:19.62Z,1.12.6,1.9.0-DEV,428070c0f9ad,4.16.0,1.3.11,ctbllib-fs2-q1-findall,2397,1643,2026-08-10T07:05:45.726Z
A5xA5,3600,false,0,true,2026-08-10T06:58:19.62Z,1.12.6,1.9.0-DEV,428070c0f9ad,4.16.0,1.3.11,ctbllib-fs2-q1-findall,2397,1644,2026-08-10T07:05:45.768Z
A6,360,false,0,true,2026-08-10T06:58:19.62Z,1.12.6,1.9.0-DEV,428070c0f9ad,4.16.0,1.3.11,ctbllib-fs2-q1-findall,2397,1645,2026-08-10T07:05:45.771Z
A6.2^2,1440,false,0,true,2026-08-10T06:58:19.62Z,1.12.6,1.9.0-DEV,428070c0f9ad,4.16.0,1.3.11,ctbllib-fs2-q1-findall,2397,1646,2026-08-10T07:05:45.773Z
A6.2_1,720,false,0,true,2026-08-10T06:58:19.62Z,1.12.6,1.9.0-DEV,428070c0f9ad,4.16.0,1.3.11,ctbllib-fs2-q1-findall,2397,1647,2026-08-10T07:05:45.774Z
A6.2_2,720,false,0,true,2026-08-10T06:58:19.62Z,1.12.6,1.9.0-DEV,428070c0f9ad,4.16.0,1.3.11,ctbllib-fs2-q1-findall,2397,1648,2026-08-10T07:05:45.776Z
A6.2_3,720,false,0,true,2026-08-10T06:58:19.62Z,1.12.6,1.9.0-DEV,428070c0f9ad,4.16.0,1.3.11,ctbllib-fs2-q1-findall,2397,1649,2026-08-10T07:05:45.778Z
A6.D8,2880,false,0,true,2026-08-10T06:58:19.62Z,1.12.6,1.9.0-DEV,428070c0f9ad,4.16.0,1.3.11,ctbllib-fs2-q1-findall,2397,1650,2026-08-10T07:05:45.837Z
A6xL2(8):3,544320,false,0,true,2026-08-10T06:58:19.62Z,1.12.6,1.9.0-DEV,428070c0f9ad,4.16.0,1.3.11,ctbllib-fs2-q1-findall,2397,1651,2026-08-10T07:05:45.986Z
A7,2520,false,0,true,2026-08-10T06:58:19.62Z,1.12.6,1.9.0-DEV,428070c0f9ad,4.16.0,1.3.11,ctbllib-fs2-q1-findall,2397,1652,2026-08-10T07:05:46.021Z
A7.2,5040,false,0,true,2026-08-10T06:58:19.62Z,1.12.6,1.9.0-DEV,428070c0f9ad,4.16.0,1.3.11,ctbllib-fs2-q1-findall,2397,1653,2026-08-10T07:05:46.023Z
A7x3,7560,false,0,true,2026-08-10T06:58:19.62Z,1.12.6,1.9.0-DEV,428070c0f9ad,4.16.0,1.3.11,ctbllib-fs2-q1-findall,2397,1654,2026-08-10T07:05:46.076Z
A7xS3,15120,false,0,true,2026-08-10T06:58:19.62Z,1.12.6,1.9.0-DEV,428070c0f9ad,4.16.0,1.3.11,ctbllib-fs2-q1-findall,2397,1655,2026-08-10T07:05:46.821Z
A8,20160,false,0,true,2026-08-10T06:58:19.62Z,1.12.6,1.9.0-DEV,428070c0f9ad,4.16.0,1.3.11,ctbllib-fs2-q1-findall,2397,1656,2026-08-10T07:05:46.855Z
A8.2,40320,false,0,true,2026-08-10T06:58:19.62Z,1.12.6,1.9.0-DEV,428070c0f9ad,4.16.0,1.3.11,ctbllib-fs2-q1-findall,2397,1657,2026-08-10T07:05:46.859Z
A8x3,60480,false,0,true,2026-08-10T06:58:19.62Z,1.12.6,1.9.0-DEV,428070c0f9ad,4.16.0,1.3.11,ctbllib-fs2-q1-findall,2397,1658,2026-08-10T07:05:46.917Z
A8xS3,120960,false,0,true,2026-08-10T06:58:19.62Z,1.12.6,1.9.0-DEV,428070c0f9ad,4.16.0,1.3.11,ctbllib-fs2-q1-findall,2397,1659,2026-08-10T07:05:47.223Z
A9,181440,false,0,true,2026-08-10T06:58:19.62Z,1.12.6,1.9.0-DEV,428070c0f9ad,4.16.0,1.3.11,ctbllib-fs2-q1-findall,2397,1660,2026-08-10T07:05:47.258Z
A9.2,362880,false,0,true,2026-08-10T06:58:19.62Z,1.12.6,1.9.0-DEV,428070c0f9ad,4.16.0,1.3.11,ctbllib-fs2-q1-findall,2397,1661,2026-08-10T07:05:47.262Z
A9x3,544320,false,0,true,2026-08-10T06:58:19.62Z,1.12.6,1.9.0-DEV,428070c0f9ad,4.16.0,1.3.11,ctbllib-fs2-q1-findall,2397,1662,2026-08-10T07:05:47.324Z
A9xS3,1088640,false,0,true,2026-08-10T06:58:19.62Z,1.12.6,1.9.0-DEV,428070c0f9ad,4.16.0,1.3.11,ctbllib-fs2-q1-findall,2397,1663,2026-08-10T07:05:47.405Z
Alt(2),1,true,0,true,2026-08-10T06:58:19.62Z,1.12.6,1.9.0-DEV,428070c0f9ad,4.16.0,1.3.11,ctbllib-fs2-q1-findall,2397,1664,2026-08-10T07:05:47.412Z
B,4154781481226426191177580544000000,false,0,true,2026-08-10T06:58:19.62Z,1.12.6,1.9.0-DEV,428070c0f9ad,4.16.0,1.3.11,ctbllib-fs2-q1-findall,2397,1665,2026-08-10T07:05:47.548Z
BN7,28224,true,0,true,2026-08-10T06:58:19.62Z,1.12.6,1.9.0-DEV,428070c0f9ad,4.16.0,1.3.11,ctbllib-fs2-q1-findall,2397,1666,2026-08-10T07:05:47.732Z
C2,2,true,0,true,2026-08-10T06:58:19.62Z,1.12.6,1.9.0-DEV,428070c0f9ad,4.16.0,1.3.11,ctbllib-fs2-q1-findall,2397,1667,2026-08-10T07:05:47.74Z
C3,3,true,0,true,2026-08-10T06:58:19.62Z,1.12.6,1.9.0-DEV,428070c0f9ad,4.16.0,1.3.11,ctbllib-fs2-q1-findall,2397,1668,2026-08-10T07:05:47.748Z
C4,4,true,0,true,2026-08-10T06:58:19.62Z,1.12.6,1.9.0-DEV,428070c0f9ad,4.16.0,1.3.11,ctbllib-fs2-q1-findall,2397,1669,2026-08-10T07:05:47.751Z
C6,6,true,0,true,2026-08-10T06:58:19.62Z,1.12.6,1.9.0-DEV,428070c0f9ad,4.16.0,1.3.11,ctbllib-fs2-q1-findall,2397,1670,2026-08-10T07:05:47.753Z
C9Y3.3^5.U4(2),56687040,false,0,true,2026-08-10T06:58:19.62Z,1.12.6,1.9.0-DEV,428070c0f9ad,4.16.0,1.3.11,ctbllib-fs2-q1-findall,2397,1671,2026-08-10T07:05:48.903Z
Co1,4157776806543360000,false,0,true,2026-08-10T06:58:19.62Z,1.12.6,1.9.0-DEV,428070c0f9ad,4.16.0,1.3.11,ctbllib-fs2-q1-findall,2397,1672,2026-08-10T07:05:48.947Z
Co1N3,157464,true,0,true,2026-08-10T06:58:19.62Z,1.12.6,1.9.0-DEV,428070c0f9ad,4.16.0,1.3.11,ctbllib-fs2-q1-findall,2397,1673,2026-08-10T07:05:49.023Z
Co1N5,10000,true,0,true,2026-08-10T06:58:19.62Z,1.12.6,1.9.0-DEV,428070c0f9ad,4.16.0,1.3.11,ctbllib-fs2-q1-findall,2397,1674,2026-08-10T07:05:49.03Z
Co2,42305421312000,false,0,true,2026-08-10T06:58:19.62Z,1.12.6,1.9.0-DEV,428070c0f9ad,4.16.0,1.3.11,ctbllib-fs2-q1-findall,2397,1675,2026-08-10T07:05:49.058Z
Co2N2,262144,true,0,true,2026-08-10T06:58:19.62Z,1.12.6,1.9.0-DEV,428070c0f9ad,4.16.0,1.3.11,ctbllib-fs2-q1-findall,2397,1676,2026-08-10T07:05:49.4Z
Co2N7,336,true,0,true,2026-08-10T06:58:19.62Z,1.12.6,1.9.0-DEV,428070c0f9ad,4.16.0,1.3.11,ctbllib-fs2-q1-findall,2397,1677,2026-08-10T07:05:49.411Z
Co3,495766656000,false,0,true,2026-08-10T06:58:19.62Z,1.12.6,1.9.0-DEV,428070c0f9ad,4.16.0,1.3.11,ctbllib-fs2-q1-findall,2397,1678,2026-08-10T07:05:49.431Z
Co3N2,1024,true,0,true,2026-08-10T06:58:19.62Z,1.12.6,1.9.0-DEV,428070c0f9ad,4.16.0,1.3.11,ctbllib-fs2-q1-findall,2397,1679,2026-08-10T07:05:49.475Z
Co3N3,69984,true,0,true,2026-08-10T06:58:19.62Z,1.12.6,1.9.0-DEV,428070c0f9ad,4.16.0,1.3.11,ctbllib-fs2-q1-findall,2397,1680,2026-08-10T07:05:49.484Z
D10,10,true,0,true,2026-08-10T06:58:19.62Z,1.12.6,1.9.0-DEV,428070c0f9ad,4.16.0,1.3.11,ctbllib-fs2-q1-findall,2397,1681,2026-08-10T07:05:49.493Z
D108,108,true,0,true,2026-08-10T06:58:19.62Z,1.12.6,1.9.0-DEV,428070c0f9ad,4.16.0,1.3.11,ctbllib-fs2-q1-findall,2397,1682,2026-08-10T07:05:49.546Z
D110,110,true,0,true,2026-08-10T06:58:19.62Z,1.12.6,1.9.0-DEV,428070c0f9ad,4.16.0,1.3.11,ctbllib-fs2-q1-findall,2397,1683,2026-08-10T07:05:49.592Z
D112,112,true,0,true,2026-08-10T06:58:19.62Z,1.12.6,1.9.0-DEV,428070c0f9ad,4.16.0,1.3.11,ctbllib-fs2-q1-findall,2397,1684,2026-08-10T07:05:49.632Z
D114,114,true,0,true,2026-08-10T06:58:19.62Z,1.12.6,1.9.0-DEV,428070c0f9ad,4.16.0,1.3.11,ctbllib-fs2-q1-findall,2397,1685,2026-08-10T07:05:49.679Z
D120,120,true,0,true,2026-08-10T06:58:19.62Z,1.12.6,1.9.0-DEV,428070c0f9ad,4.16.0,1.3.11,ctbllib-fs2-q1-findall,2397,1686,2026-08-10T07:05:49.705Z
D122,122,true,0,true,2026-08-10T06:58:19.62Z,1.12.6,1.9.0-DEV,428070c0f9ad,4.16.0,1.3.11,ctbllib-fs2-q1-findall,2397,1687,2026-08-10T07:05:49.792Z
D126,126,true,0,true,2026-08-10T06:58:19.62Z,1.12.6,1.9.0-DEV,428070c0f9ad,4.16.0,1.3.11,ctbllib-fs2-q1-findall,2397,1688,2026-08-10T07:05:49.844Z
D14,14,true,0,true,2026-08-10T06:58:19.62Z,1.12.6,1.9.0-DEV,428070c0f9ad,4.16.0,1.3.11,ctbllib-fs2-q1-findall,2397,1689,2026-08-10T07:05:50.222Z
D16,16,true,0,true,2026-08-10T06:58:19.62Z,1.12.6,1.9.0-DEV,428070c0f9ad,4.16.0,1.3.11,ctbllib-fs2-q1-findall,2397,1690,2026-08-10T07:05:50.229Z
D18,18,true,0,true,2026-08-10T06:58:19.62Z,1.12.6,1.9.0-DEV,428070c0f9ad,4.16.0,1.3.11,ctbllib-fs2-q1-findall,2397,1691,2026-08-10T07:05:50.232Z
D20,20,true,0,true,2026-08-10T06:58:19.62Z,1.12.6,1.9.0-DEV,428070c0f9ad,4.16.0,1.3.11,ctbllib-fs2-q1-findall,2397,1692,2026-08-10T07:05:50.24Z
D22,22,true,0,true,2026-08-10T06:58:19.62Z,1.12.6,1.9.0-DEV,428070c0f9ad,4.16.0,1.3.11,ctbllib-fs2-q1-findall,2397,1693,2026-08-10T07:05:50.248Z
D24,24,true,0,true,2026-08-10T06:58:19.62Z,1.12.6,1.9.0-DEV,428070c0f9ad,4.16.0,1.3.11,ctbllib-fs2-q1-findall,2397,1694,2026-08-10T07:05:50.255Z
D26,26,true,0,true,2026-08-10T06:58:19.62Z,1.12.6,1.9.0-DEV,428070c0f9ad,4.16.0,1.3.11,ctbllib-fs2-q1-findall,2397,1695,2026-08-10T07:05:50.264Z
D28,28,true,0,true,2026-08-10T06:58:19.62Z,1.12.6,1.9.0-DEV,428070c0f9ad,4.16.0,1.3.11,ctbllib-fs2-q1-findall,2397,1696,2026-08-10T07:05:50.266Z
D30,30,true,0,true,2026-08-10T06:58:19.62Z,1.12.6,1.9.0-DEV,428070c0f9ad,4.16.0,1.3.11,ctbllib-fs2-q1-findall,2397,1697,2026-08-10T07:05:50.269Z
D32,32,true,0,true,2026-08-10T06:58:19.62Z,1.12.6,1.9.0-DEV,428070c0f9ad,4.16.0,1.3.11,ctbllib-fs2-q1-findall,2397,1698,2026-08-10T07:05:50.27Z
D62,62,true,0,true,2026-08-10T06:58:19.62Z,1.12.6,1.9.0-DEV,428070c0f9ad,4.16.0,1.3.11,ctbllib-fs2-q1-findall,2397,1699,2026-08-10T07:05:50.288Z
D62x2,124,true,0,true,2026-08-10T06:58:19.62Z,1.12.6,1.9.0-DEV,428070c0f9ad,4.16.0,1.3.11,ctbllib-fs2-q1-findall,2397,1700,2026-08-10T07:05:50.335Z
D6xD10,60,true,0,true,2026-08-10T06:58:19.62Z,1.12.6,1.9.0-DEV,428070c0f9ad,4.16.0,1.3.11,ctbllib-fs2-q1-findall,2397,1701,2026-08-10T07:05:50.356Z
D8,8,true,0,true,2026-08-10T06:58:19.62Z,1.12.6,1.9.0-DEV,428070c0f9ad,4.16.0,1.3.11,ctbllib-fs2-q1-findall,2397,1702,2026-08-10T07:05:50.36Z
D8x2,16,true,0,true,2026-08-10T06:58:19.62Z,1.12.6,1.9.0-DEV,428070c0f9ad,4.16.0,1.3.11,ctbllib-fs2-q1-findall,2397,1703,2026-08-10T07:05:50.362Z
D8x2F4(2)'.2,287539200,false,0,true,2026-08-10T06:58:19.62Z,1.12.6,1.9.0-DEV,428070c0f9ad,4.16.0,1.3.11,ctbllib-fs2-q1-findall,2397,1704,2026-08-10T07:05:50.699Z
D8x3^(1+2)_+:Q8,1728,true,0,true,2026-08-10T06:58:19.62Z,1.12.6,1.9.0-DEV,428070c0f9ad,4.16.0,1.3.11,ctbllib-fs2-q1-findall,2397,1705,2026-08-10T07:05:51.031Z
D8x3^2:Q8,576,true,0,true,2026-08-10T06:58:19.62Z,1.12.6,1.9.0-DEV,428070c0f9ad,4.16.0,1.3.11,ctbllib-fs2-q1-findall,2397,1706,2026-08-10T07:05:51.092Z
D8xL3(2),1344,false,0,true,2026-08-10T06:58:19.62Z,1.12.6,1.9.0-DEV,428070c0f9ad,4.16.0,1.3.11,ctbllib-fs2-q1-findall,2397,1707,2026-08-10T07:05:51.139Z
D8xL4(3).2_2,97044480,false,0,true,2026-08-10T06:58:19.62Z,1.12.6,1.9.0-DEV,428070c0f9ad,4.16.0,1.3.11,ctbllib-fs2-q1-findall,2397,1708,2026-08-10T07:05:51.377Z
D8xS3,48,true,0,true,2026-08-10T06:58:19.62Z,1.12.6,1.9.0-DEV,428070c0f9ad,4.16.0,1.3.11,ctbllib-fs2-q1-findall,2397,1709,2026-08-10T07:05:53.481Z
D8xS6(2),11612160,false,0,true,2026-08-10T06:58:19.62Z,1.12.6,1.9.0-DEV,428070c0f9ad,4.16.0,1.3.11,ctbllib-fs2-q1-findall,2397,1710,2026-08-10T07:05:53.821Z
D8xU3(3).2,96768,false,0,true,2026-08-10T06:58:19.62Z,1.12.6,1.9.0-DEV,428070c0f9ad,4.16.0,1.3.11,ctbllib-fs2-q1-findall,2397,1711,2026-08-10T07:05:54.118Z
D8xV4,32,true,0,true,2026-08-10T06:58:19.62Z,1.12.6,1.9.0-DEV,428070c0f9ad,4.16.0,1.3.11,ctbllib-fs2-q1-findall,2397,1712,2026-08-10T07:05:54.192Z
E6(2),214841575522005575270400,false,0,true,2026-08-10T06:58:19.62Z,1.12.6,1.9.0-DEV,428070c0f9ad,4.16.0,1.3.11,ctbllib-fs2-q1-findall,2397,1713,2026-08-10T07:05:54.57Z
F3+,1255205709190661721292800,false,0,true,2026-08-10T06:58:19.62Z,1.12.6,1.9.0-DEV,428070c0f9ad,4.16.0,1.3.11,ctbllib-fs2-q1-findall,2397,1714,2026-08-10T07:05:54.642Z
F3+.2,2510411418381323442585600,false,0,true,2026-08-10T06:58:19.62Z,1.12.6,1.9.0-DEV,428070c0f9ad,4.16.0,1.3.11,ctbllib-fs2-q1-findall,2397,1715,2026-08-10T07:05:54.755Z
F3+M7,501397585920,false,0,true,2026-08-10T06:58:19.62Z,1.12.6,1.9.0-DEV,428070c0f9ad,4.16.0,1.3.11,ctbllib-fs2-q1-findall,2397,1716,2026-08-10T07:05:54.797Z
F3+N5,28800,true,0,true,2026-08-10T06:58:19.62Z,1.12.6,1.9.0-DEV,428070c0f9ad,4.16.0,1.3.11,ctbllib-fs2-q1-findall,2397,1717,2026-08-10T07:05:54.84Z
F4(2),3311126603366400,false,0,true,2026-08-10T06:58:19.62Z,1.12.6,1.9.0-DEV,428070c0f9ad,4.16.0,1.3.11,ctbllib-fs2-q1-findall,2397,1718,2026-08-10T07:05:54.881Z
F4(2).2,6622253206732800,false,0,true,2026-08-10T06:58:19.62Z,1.12.6,1.9.0-DEV,428070c0f9ad,4.16.0,1.3.11,ctbllib-fs2-q1-findall,2397,1719,2026-08-10T07:05:54.905Z
F4(2).2M8,186624,true,0,true,2026-08-10T06:58:19.62Z,1.12.6,1.9.0-DEV,428070c0f9ad,4.16.0,1.3.11,ctbllib-fs2-q1-findall,2397,1720,2026-08-10T07:05:54.948Z
F4(2)M13,93312,true,0,true,2026-08-10T06:58:19.62Z,1.12.6,1.9.0-DEV,428070c0f9ad,4.16.0,1.3.11,ctbllib-fs2-q1-findall,2397,1721,2026-08-10T07:05:54.989Z
F4(3),5734420792816671844761600,false,0,true,2026-08-10T06:58:19.62Z,1.12.6,1.9.0-DEV,428070c0f9ad,4.16.0,1.3.11,ctbllib-fs2-q1-findall,2397,1722,2026-08-10T07:05:55.361Z
Fi22,64561751654400,false,0,true,2026-08-10T06:58:19.62Z,1.12.6,1.9.0-DEV,428070c0f9ad,4.16.0,1.3.11,ctbllib-fs2-q1-findall,2397,1723,2026-08-10T07:05:55.389Z
Fi22.2,129123503308800,false,0,true,2026-08-10T06:58:19.62Z,1.12.6,1.9.0-DEV,428070c0f9ad,4.16.0,1.3.11,ctbllib-fs2-q1-findall,2397,1724,2026-08-10T07:05:55.423Z
Fi22.2M4,908328960,false,0,true,2026-08-10T06:58:19.62Z,1.12.6,1.9.0-DEV,428070c0f9ad,4.16.0,1.3.11,ctbllib-fs2-q1-findall,2397,1725,2026-08-10T07:05:55.513Z
Fi22N3,78732,true,0,true,2026-08-10T06:58:19.62Z,1.12.6,1.9.0-DEV,428070c0f9ad,4.16.0,1.3.11,ctbllib-fs2-q1-findall,2397,1726,2026-08-10T07:05:55.579Z
Fi22N5,2400,true,0,true,2026-08-10T06:58:19.62Z,1.12.6,1.9.0-DEV,428070c0f9ad,4.16.0,1.3.11,ctbllib-fs2-q1-findall,2397,1727,2026-08-10T07:05:55.582Z
Fi23,4089470473293004800,false,0,true,2026-08-10T06:58:19.62Z,1.12.6,1.9.0-DEV,428070c0f9ad,4.16.0,1.3.11,ctbllib-fs2-q1-findall,2397,1728,2026-08-10T07:05:55.636Z
Fi23M8,663238368,false,0,true,2026-08-10T06:58:19.62Z,1.12.6,1.9.0-DEV,428070c0f9ad,4.16.0,1.3.11,ctbllib-fs2-q1-findall,2397,1729,2026-08-10T07:05:55.763Z
Fi23N3,12754584,true,0,true,2026-08-10T06:58:19.62Z,1.12.6,1.9.0-DEV,428070c0f9ad,4.16.0,1.3.11,ctbllib-fs2-q1-findall,2397,1730,2026-08-10T07:05:56.0Z
G2(3),4245696,false,0,true,2026-08-10T06:58:19.62Z,1.12.6,1.9.0-DEV,428070c0f9ad,4.16.0,1.3.11,ctbllib-fs2-q1-findall,2397,1731,2026-08-10T07:05:56.019Z
G2(3).2,8491392,false,0,true,2026-08-10T06:58:19.62Z,1.12.6,1.9.0-DEV,428070c0f9ad,4.16.0,1.3.11,ctbllib-fs2-q1-findall,2397,1732,2026-08-10T07:05:56.024Z
G2(3).2N2,128,true,0,true,2026-08-10T06:58:19.62Z,1.12.6,1.9.0-DEV,428070c0f9ad,4.16.0,1.3.11,ctbllib-fs2-q1-findall,2397,1733,2026-08-10T07:05:56.298Z
G2(4),251596800,false,0,true,2026-08-10T06:58:19.62Z,1.12.6,1.9.0-DEV,428070c0f9ad,4.16.0,1.3.11,ctbllib-fs2-q1-findall,2397,1734,2026-08-10T07:05:56.323Z
G2(4).2,503193600,false,0,true,2026-08-10T06:58:19.62Z,1.12.6,1.9.0-DEV,428070c0f9ad,4.16.0,1.3.11,ctbllib-fs2-q1-findall,2397,1735,2026-08-10T07:05:57.055Z
G2(4)N2,36864,true,0,true,2026-08-10T06:58:19.62Z,1.12.6,1.9.0-DEV,428070c0f9ad,4.16.0,1.3.11,ctbllib-fs2-q1-findall,2397,1736,2026-08-10T07:05:57.327Z
G2(5),5859000000,false,0,true,2026-08-10T06:58:19.62Z,1.12.6,1.9.0-DEV,428070c0f9ad,4.16.0,1.3.11,ctbllib-fs2-q1-findall,2397,1737,2026-08-10T07:05:57.353Z
G2(7),664376138496,false,0,true,2026-08-10T06:58:19.62Z,1.12.6,1.9.0-DEV,428070c0f9ad,4.16.0,1.3.11,ctbllib-fs2-q1-findall,2397,1738,2026-08-10T07:05:57.391Z
HN,273030912000000,false,0,true,2026-08-10T06:58:19.62Z,1.12.6,1.9.0-DEV,428070c0f9ad,4.16.0,1.3.11,ctbllib-fs2-q1-findall,2397,1739,2026-08-10T07:05:57.427Z
HN.2,546061824000000,false,0,true,2026-08-10T06:58:19.62Z,1.12.6,1.9.0-DEV,428070c0f9ad,4.16.0,1.3.11,ctbllib-fs2-q1-findall,2397,1740,2026-08-10T07:05:57.447Z
HN.2M13,116640,false,0,true,2026-08-10T06:58:19.62Z,1.12.6,1.9.0-DEV,428070c0f9ad,4.16.0,1.3.11,ctbllib-fs2-q1-findall,2397,1741,2026-08-10T07:05:57.5Z
HN.2N3,11664,true,0,true,2026-08-10T06:58:19.62Z,1.12.6,1.9.0-DEV,428070c0f9ad,4.16.0,1.3.11,ctbllib-fs2-q1-findall,2397,1742,2026-08-10T07:05:57.769Z
HNN2,49152,true,0,true,2026-08-10T06:58:19.62Z,1.12.6,1.9.0-DEV,428070c0f9ad,4.16.0,1.3.11,ctbllib-fs2-q1-findall,2397,1743,2026-08-10T07:05:57.823Z
HNN3,5832,true,0,true,2026-08-10T06:58:19.62Z,1.12.6,1.9.0-DEV,428070c0f9ad,4.16.0,1.3.11,ctbllib-fs2-q1-findall,2397,1744,2026-08-10T07:05:58.094Z
HNN5,125000,true,0,true,2026-08-10T06:58:19.62Z,1.12.6,1.9.0-DEV,428070c0f9ad,4.16.0,1.3.11,ctbllib-fs2-q1-findall,2397,1745,2026-08-10T07:05:58.129Z
HS,44352000,false,0,true,2026-08-10T06:58:19.62Z,1.12.6,1.9.0-DEV,428070c0f9ad,4.16.0,1.3.11,ctbllib-fs2-q1-findall,2397,1746,2026-08-10T07:05:58.149Z
HS.2,88704000,false,0,true,2026-08-10T06:58:19.62Z,1.12.6,1.9.0-DEV,428070c0f9ad,4.16.0,1.3.11,ctbllib-fs2-q1-findall,2397,1747,2026-08-10T07:05:58.156Z
HS.2x2,177408000,false,0,true,2026-08-10T06:58:19.62Z,1.12.6,1.9.0-DEV,428070c0f9ad,4.16.0,1.3.11,ctbllib-fs2-q1-findall,2397,1748,2026-08-10T07:05:58.184Z
HSN2,512,true,0,true,2026-08-10T06:58:19.62Z,1.12.6,1.9.0-DEV,428070c0f9ad,4.16.0,1.3.11,ctbllib-fs2-q1-findall,2397,1749,2026-08-10T07:05:58.223Z
He,4030387200,false,0,true,2026-08-10T06:58:19.62Z,1.12.6,1.9.0-DEV,428070c0f9ad,4.16.0,1.3.11,ctbllib-fs2-q1-findall,2397,1750,2026-08-10T07:05:58.251Z
He.2,8060774400,false,0,true,2026-08-10T06:58:19.62Z,1.12.6,1.9.0-DEV,428070c0f9ad,4.16.0,1.3.11,ctbllib-fs2-q1-findall,2397,1751,2026-08-10T07:05:58.261Z
Isoclinic((3^2x2).U4(3).2_3'),117573120,false,0,true,2026-08-10T06:58:19.62Z,1.12.6,1.9.0-DEV,428070c0f9ad,4.16.0,1.3.11,ctbllib-fs2-q1-findall,2397,1752,2026-08-10T07:05:58.521Z
Isoclinic(12.M22.2),10644480,false,0,true,2026-08-10T06:58:19.62Z,1.12.6,1.9.0-DEV,428070c0f9ad,4.16.0,1.3.11,ctbllib-fs2-q1-findall,2397,1753,2026-08-10T07:05:58.568Z
Isoclinic(12_1.L3(4).2_1),483840,false,0,true,2026-08-10T06:58:19.62Z,1.12.6,1.9.0-DEV,428070c0f9ad,4.16.0,1.3.11,ctbllib-fs2-q1-findall,2397,1754,2026-08-10T07:05:58.614Z
Isoclinic(12_1.L3(4).2_2),483840,false,0,true,2026-08-10T06:58:19.62Z,1.12.6,1.9.0-DEV,428070c0f9ad,4.16.0,1.3.11,ctbllib-fs2-q1-findall,2397,1755,2026-08-10T07:05:58.642Z
Isoclinic(12_1.U4(3).2_2'),78382080,false,0,true,2026-08-10T06:58:19.62Z,1.12.6,1.9.0-DEV,428070c0f9ad,4.16.0,1.3.11,ctbllib-fs2-q1-findall,2397,1756,2026-08-10T07:05:58.799Z
Isoclinic(12_1.U4(3).2_2),78382080,false,0,true,2026-08-10T06:58:19.62Z,1.12.6,1.9.0-DEV,428070c0f9ad,4.16.0,1.3.11,ctbllib-fs2-q1-findall,2397,1757,2026-08-10T07:05:58.974Z
Isoclinic(12_2.L3(4).2_1),483840,false,0,true,2026-08-10T06:58:19.62Z,1.12.6,1.9.0-DEV,428070c0f9ad,4.16.0,1.3.11,ctbllib-fs2-q1-findall,2397,1758,2026-08-10T07:05:59.023Z
Isoclinic(12_2.L3(4).2_3),483840,false,0,true,2026-08-10T06:58:19.62Z,1.12.6,1.9.0-DEV,428070c0f9ad,4.16.0,1.3.11,ctbllib-fs2-q1-findall,2397,1759,2026-08-10T07:05:59.048Z
Isoclinic(12_2.U4(3).2_3'),78382080,false,0,true,2026-08-10T06:58:19.62Z,1.12.6,1.9.0-DEV,428070c0f9ad,4.16.0,1.3.11,ctbllib-fs2-q1-findall,2397,1760,2026-08-10T07:05:59.182Z
Isoclinic(12_2.U4(3).2_3),78382080,false,0,true,2026-08-10T06:58:19.62Z,1.12.6,1.9.0-DEV,428070c0f9ad,4.16.0,1.3.11,ctbllib-fs2-q1-findall,2397,1761,2026-08-10T07:05:59.268Z
Isoclinic(2.A10.2),7257600,false,0,true,2026-08-10T06:58:19.62Z,1.12.6,1.9.0-DEV,428070c0f9ad,4.16.0,1.3.11,ctbllib-fs2-q1-findall,2397,1762,2026-08-10T07:05:59.314Z
Isoclinic(2.A11.2),79833600,false,0,true,2026-08-10T06:58:19.62Z,1.12.6,1.9.0-DEV,428070c0f9ad,4.16.0,1.3.11,ctbllib-fs2-q1-findall,2397,1763,2026-08-10T07:05:59.339Z
Isoclinic(2.A12.2),958003200,false,0,true,2026-08-10T06:58:19.62Z,1.12.6,1.9.0-DEV,428070c0f9ad,4.16.0,1.3.11,ctbllib-fs2-q1-findall,2397,1764,2026-08-10T07:05:59.669Z
Isoclinic(2.A13.2),12454041600,false,0,true,2026-08-10T06:58:19.62Z,1.12.6,1.9.0-DEV,428070c0f9ad,4.16.0,1.3.11,ctbllib-fs2-q1-findall,2397,1765,2026-08-10T07:05:59.725Z
Isoclinic(2.A14.2),174356582400,false,0,true,2026-08-10T06:58:19.62Z,1.12.6,1.9.0-DEV,428070c0f9ad,4.16.0,1.3.11,ctbllib-fs2-q1-findall,2397,1766,2026-08-10T07:05:59.851Z
Isoclinic(2.A5.2),240,false,0,true,2026-08-10T06:58:19.62Z,1.12.6,1.9.0-DEV,428070c0f9ad,4.16.0,1.3.11,ctbllib-fs2-q1-findall,2397,1767,2026-08-10T07:05:59.886Z
Isoclinic(2.A6.2_2),1440,false,0,true,2026-08-10T06:58:19.62Z,1.12.6,1.9.0-DEV,428070c0f9ad,4.16.0,1.3.11,ctbllib-fs2-q1-findall,2397,1768,2026-08-10T07:05:59.892Z
Isoclinic(2.A6x2),1440,false,0,true,2026-08-10T06:58:19.62Z,1.12.6,1.9.0-DEV,428070c0f9ad,4.16.0,1.3.11,ctbllib-fs2-q1-findall,2397,1769,2026-08-10T07:05:59.903Z
Isoclinic(2.A7.2),10080,false,0,true,2026-08-10T06:58:19.62Z,1.12.6,1.9.0-DEV,428070c0f9ad,4.16.0,1.3.11,ctbllib-fs2-q1-findall,2397,1770,2026-08-10T07:05:59.94Z
Isoclinic(2.A8.2),80640,false,0,true,2026-08-10T06:58:19.62Z,1.12.6,1.9.0-DEV,428070c0f9ad,4.16.0,1.3.11,ctbllib-fs2-q1-findall,2397,1771,2026-08-10T07:05:59.946Z
Isoclinic(2.A9.2),725760,false,0,true,2026-08-10T06:58:19.62Z,1.12.6,1.9.0-DEV,428070c0f9ad,4.16.0,1.3.11,ctbllib-fs2-q1-findall,2397,1772,2026-08-10T07:05:59.956Z
Isoclinic(2.F4(2).2),13244506413465600,false,0,true,2026-08-10T06:58:19.62Z,1.12.6,1.9.0-DEV,428070c0f9ad,4.16.0,1.3.11,ctbllib-fs2-q1-findall,2397,1773,2026-08-10T07:06:00.033Z
Isoclinic(2.Fi22.2),258247006617600,false,0,true,2026-08-10T06:58:19.62Z,1.12.6,1.9.0-DEV,428070c0f9ad,4.16.0,1.3.11,ctbllib-fs2-q1-findall,2397,1774,2026-08-10T07:06:00.11Z
Isoclinic(2.G2(4).2),1006387200,false,0,true,2026-08-10T06:58:19.62Z,1.12.6,1.9.0-DEV,428070c0f9ad,4.16.0,1.3.11,ctbllib-fs2-q1-findall,2397,1775,2026-08-10T07:06:00.138Z
Isoclinic(2.HS.2),177408000,false,0,true,2026-08-10T06:58:19.62Z,1.12.6,1.9.0-DEV,428070c0f9ad,4.16.0,1.3.11,ctbllib-fs2-q1-findall,2397,1776,2026-08-10T07:06:00.169Z
Isoclinic(2.HSx2),177408000,false,0,true,2026-08-10T06:58:19.62Z,1.12.6,1.9.0-DEV,428070c0f9ad,4.16.0,1.3.11,ctbllib-fs2-q1-findall,2397,1777,2026-08-10T07:06:00.201Z
Isoclinic(2.J2.2),2419200,false,0,true,2026-08-10T06:58:19.62Z,1.12.6,1.9.0-DEV,428070c0f9ad,4.16.0,1.3.11,ctbllib-fs2-q1-findall,2397,1778,2026-08-10T07:06:00.221Z
Isoclinic(2.L2(11).2),2640,false,0,true,2026-08-10T06:58:19.62Z,1.12.6,1.9.0-DEV,428070c0f9ad,4.16.0,1.3.11,ctbllib-fs2-q1-findall,2397,1779,2026-08-10T07:06:00.237Z
Isoclinic(2.L2(13).2),4368,false,0,true,2026-08-10T06:58:19.62Z,1.12.6,1.9.0-DEV,428070c0f9ad,4.16.0,1.3.11,ctbllib-fs2-q1-findall,2397,1780,2026-08-10T07:06:00.245Z
Isoclinic(2.L2(17).2),9792,false,0,true,2026-08-10T06:58:19.62Z,1.12.6,1.9.0-DEV,428070c0f9ad,4.16.0,1.3.11,ctbllib-fs2-q1-findall,2397,1781,2026-08-10T07:06:00.256Z
Isoclinic(2.L2(19).2),13680,false,0,true,2026-08-10T06:58:19.62Z,1.12.6,1.9.0-DEV,428070c0f9ad,4.16.0,1.3.11,ctbllib-fs2-q1-findall,2397,1782,2026-08-10T07:06:00.272Z
Isoclinic(2.L2(23).2),24288,false,0,true,2026-08-10T06:58:19.62Z,1.12.6,1.9.0-DEV,428070c0f9ad,4.16.0,1.3.11,ctbllib-fs2-q1-findall,2397,1783,2026-08-10T07:06:00.298Z
Isoclinic(2.L2(25).2_1),31200,false,0,true,2026-08-10T06:58:19.62Z,1.12.6,1.9.0-DEV,428070c0f9ad,4.16.0,1.3.11,ctbllib-fs2-q1-findall,2397,1784,2026-08-10T07:06:00.324Z
Isoclinic(2.L2(25)x2),31200,false,0,true,2026-08-10T06:58:19.62Z,1.12.6,1.9.0-DEV,428070c0f9ad,4.16.0,1.3.11,ctbllib-fs2-q1-findall,2397,1785,2026-08-10T07:06:00.354Z
Isoclinic(2.L2(27).2),39312,false,0,true,2026-08-10T06:58:19.62Z,1.12.6,1.9.0-DEV,428070c0f9ad,4.16.0,1.3.11,ctbllib-fs2-q1-findall,2397,1786,2026-08-10T07:06:00.402Z
Isoclinic(2.L2(27).6),117936,false,0,true,2026-08-10T06:58:19.62Z,1.12.6,1.9.0-DEV,428070c0f9ad,4.16.0,1.3.11,ctbllib-fs2-q1-findall,2397,1787,2026-08-10T07:06:00.418Z
Isoclinic(2.L2(29).2),48720,false,0,true,2026-08-10T06:58:19.62Z,1.12.6,1.9.0-DEV,428070c0f9ad,4.16.0,1.3.11,ctbllib-fs2-q1-findall,2397,1788,2026-08-10T07:06:00.454Z
Isoclinic(2.L2(31).2),59520,false,0,true,2026-08-10T06:58:19.62Z,1.12.6,1.9.0-DEV,428070c0f9ad,4.16.0,1.3.11,ctbllib-fs2-q1-findall,2397,1789,2026-08-10T07:06:00.507Z
Isoclinic(2.L2(49).2_1),235200,false,0,true,2026-08-10T06:58:19.62Z,1.12.6,1.9.0-DEV,428070c0f9ad,4.16.0,1.3.11,ctbllib-fs2-q1-findall,2397,1790,2026-08-10T07:06:00.691Z
Isoclinic(2.L2(49)x2),235200,false,0,true,2026-08-10T06:58:19.62Z,1.12.6,1.9.0-DEV,428070c0f9ad,4.16.0,1.3.11,ctbllib-fs2-q1-findall,2397,1791,2026-08-10T07:06:00.864Z
Isoclinic(2.L2(81).2_2),1062720,false,0,true,2026-08-10T06:58:19.62Z,1.12.6,1.9.0-DEV,428070c0f9ad,4.16.0,1.3.11,ctbllib-fs2-q1-findall,2397,1792,2026-08-10T07:06:02.074Z
Isoclinic(2.L2(81)x2),1062720,false,0,true,2026-08-10T06:58:19.62Z,1.12.6,1.9.0-DEV,428070c0f9ad,4.16.0,1.3.11,ctbllib-fs2-q1-findall,2397,1793,2026-08-10T07:06:03.058Z
Isoclinic(2.L3(2).2),672,false,0,true,2026-08-10T06:58:19.62Z,1.12.6,1.9.0-DEV,428070c0f9ad,4.16.0,1.3.11,ctbllib-fs2-q1-findall,2397,1794,2026-08-10T07:06:03.069Z
Isoclinic(2.L3(4).2_1),80640,false,0,true,2026-08-10T06:58:19.62Z,1.12.6,1.9.0-DEV,428070c0f9ad,4.16.0,1.3.11,ctbllib-fs2-q1-findall,2397,1795,2026-08-10T07:06:03.09Z
Isoclinic(2.L3(4).2_2),80640,false,0,true,2026-08-10T06:58:19.62Z,1.12.6,1.9.0-DEV,428070c0f9ad,4.16.0,1.3.11,ctbllib-fs2-q1-findall,2397,1796,2026-08-10T07:06:03.239Z
Isoclinic(2.L3(4).2_3),80640,false,0,true,2026-08-10T06:58:19.62Z,1.12.6,1.9.0-DEV,428070c0f9ad,4.16.0,1.3.11,ctbllib-fs2-q1-findall,2397,1797,2026-08-10T07:06:03.246Z
Isoclinic(2.L4(3).2_1),24261120,false,0,true,2026-08-10T06:58:19.62Z,1.12.6,1.9.0-DEV,428070c0f9ad,4.16.0,1.3.11,ctbllib-fs2-q1-findall,2397,1798,2026-08-10T07:06:03.291Z
Isoclinic(2.L4(3).2_2),24261120,false,0,true,2026-08-10T06:58:19.62Z,1.12.6,1.9.0-DEV,428070c0f9ad,4.16.0,1.3.11,ctbllib-fs2-q1-findall,2397,1799,2026-08-10T07:06:03.313Z
Isoclinic(2.L4(3).2_3),24261120,false,0,true,2026-08-10T06:58:19.62Z,1.12.6,1.9.0-DEV,428070c0f9ad,4.16.0,1.3.11,ctbllib-fs2-q1-findall,2397,1800,2026-08-10T07:06:03.328Z
Isoclinic(2.M12.2),380160,false,0,true,2026-08-10T06:58:19.62Z,1.12.6,1.9.0-DEV,428070c0f9ad,4.16.0,1.3.11,ctbllib-fs2-q1-findall,2397,1801,2026-08-10T07:06:03.339Z
Isoclinic(2.M22.2),1774080,false,0,true,2026-08-10T06:58:19.62Z,1.12.6,1.9.0-DEV,428070c0f9ad,4.16.0,1.3.11,ctbllib-fs2-q1-findall,2397,1802,2026-08-10T07:06:03.349Z
Isoclinic(2.O7(3).2),18341406720,false,0,true,2026-08-10T06:58:19.62Z,1.12.6,1.9.0-DEV,428070c0f9ad,4.16.0,1.3.11,ctbllib-fs2-q1-findall,2397,1803,2026-08-10T07:06:03.422Z
Isoclinic(2.O8+(2).2),696729600,false,0,true,2026-08-10T06:58:19.62Z,1.12.6,1.9.0-DEV,428070c0f9ad,4.16.0,1.3.11,ctbllib-fs2-q1-findall,2397,1804,2026-08-10T07:06:03.495Z
Isoclinic(2.S4(5).2),18720000,false,0,true,2026-08-10T06:58:19.62Z,1.12.6,1.9.0-DEV,428070c0f9ad,4.16.0,1.3.11,ctbllib-fs2-q1-findall,2397,1805,2026-08-10T07:06:03.542Z
Isoclinic(2.S6(3).2),18341406720,false,0,true,2026-08-10T06:58:19.62Z,1.12.6,1.9.0-DEV,428070c0f9ad,4.16.0,1.3.11,ctbllib-fs2-q1-findall,2397,1806,2026-08-10T07:06:03.608Z
Isoclinic(2.Suz.2),1793381990400,false,0,true,2026-08-10T06:58:19.62Z,1.12.6,1.9.0-DEV,428070c0f9ad,4.16.0,1.3.11,ctbllib-fs2-q1-findall,2397,1807,2026-08-10T07:06:03.667Z
Isoclinic(2.U4(2).2),103680,false,0,true,2026-08-10T06:58:19.62Z,1.12.6,1.9.0-DEV,428070c0f9ad,4.16.0,1.3.11,ctbllib-fs2-q1-findall,2397,1808,2026-08-10T07:06:03.686Z
Isoclinic(2.U4(3).2_1),13063680,false,0,true,2026-08-10T06:58:19.62Z,1.12.6,1.9.0-DEV,428070c0f9ad,4.16.0,1.3.11,ctbllib-fs2-q1-findall,2397,1809,2026-08-10T07:06:03.789Z
Isoclinic(2.U4(3).2_2),13063680,false,0,true,2026-08-10T06:58:19.62Z,1.12.6,1.9.0-DEV,428070c0f9ad,4.16.0,1.3.11,ctbllib-fs2-q1-findall,2397,1810,2026-08-10T07:06:03.805Z
Isoclinic(2.U4(3).2_3),13063680,false,0,true,2026-08-10T06:58:19.62Z,1.12.6,1.9.0-DEV,428070c0f9ad,4.16.0,1.3.11,ctbllib-fs2-q1-findall,2397,1811,2026-08-10T07:06:03.814Z
Isoclinic(2.U6(2).2),36787322880,false,0,true,2026-08-10T06:58:19.62Z,1.12.6,1.9.0-DEV,428070c0f9ad,4.16.0,1.3.11,ctbllib-fs2-q1-findall,2397,1812,2026-08-10T07:06:03.877Z
Isoclinic(2x(2.A4x3).2),288,true,0,true,2026-08-10T06:58:19.62Z,1.12.6,1.9.0-DEV,428070c0f9ad,4.16.0,1.3.11,ctbllib-fs2-q1-findall,2397,1813,2026-08-10T07:06:04.198Z
Isoclinic(2x2.F4(2).2),26489012826931200,false,0,true,2026-08-10T06:58:19.62Z,1.12.6,1.9.0-DEV,428070c0f9ad,4.16.0,1.3.11,ctbllib-fs2-q1-findall,2397,1814,2026-08-10T07:06:04.425Z
Isoclinic(2x3^(1+2)_+:Q8),432,true,0,true,2026-08-10T06:58:19.62Z,1.12.6,1.9.0-DEV,428070c0f9ad,4.16.0,1.3.11,ctbllib-fs2-q1-findall,2397,1815,2026-08-10T07:06:04.476Z
Isoclinic(2x3^2:Q8),144,true,0,true,2026-08-10T06:58:19.62Z,1.12.6,1.9.0-DEV,428070c0f9ad,4.16.0,1.3.11,ctbllib-fs2-q1-findall,2397,1816,2026-08-10T07:06:04.701Z
Isoclinic(2x5:8),80,true,0,true,2026-08-10T06:58:19.62Z,1.12.6,1.9.0-DEV,428070c0f9ad,4.16.0,1.3.11,ctbllib-fs2-q1-findall,2397,1817,2026-08-10T07:06:05.233Z
Isoclinic(2xU3(3).2),24192,false,0,true,2026-08-10T06:58:19.62Z,1.12.6,1.9.0-DEV,428070c0f9ad,4.16.0,1.3.11,ctbllib-fs2-q1-findall,2397,1818,2026-08-10T07:06:05.331Z
Isoclinic(2xU3(4).2),249600,false,0,true,2026-08-10T06:58:19.62Z,1.12.6,1.9.0-DEV,428070c0f9ad,4.16.0,1.3.11,ctbllib-fs2-q1-findall,2397,1819,2026-08-10T07:06:05.439Z
Isoclinic(3.A6.2_3x2),4320,false,0,true,2026-08-10T06:58:19.62Z,1.12.6,1.9.0-DEV,428070c0f9ad,4.16.0,1.3.11,ctbllib-fs2-q1-findall,2397,1820,2026-08-10T07:06:05.487Z
"Isoclinic(3.L3(4).3,1)",181440,false,0,true,2026-08-10T06:58:19.62Z,1.12.6,1.9.0-DEV,428070c0f9ad,4.16.0,1.3.11,ctbllib-fs2-q1-findall,2397,1821,2026-08-10T07:06:05.613Z
"Isoclinic(3.L3(4).3,2)",181440,false,0,true,2026-08-10T06:58:19.62Z,1.12.6,1.9.0-DEV,428070c0f9ad,4.16.0,1.3.11,ctbllib-fs2-q1-findall,2397,1822,2026-08-10T07:06:05.688Z
"Isoclinic(3.L3(4).6,1)",362880,false,0,true,2026-08-10T06:58:19.62Z,1.12.6,1.9.0-DEV,428070c0f9ad,4.16.0,1.3.11,ctbllib-fs2-q1-findall,2397,1823,2026-08-10T07:06:05.739Z
"Isoclinic(3.L3(4).6,2)",362880,false,0,true,2026-08-10T06:58:19.62Z,1.12.6,1.9.0-DEV,428070c0f9ad,4.16.0,1.3.11,ctbllib-fs2-q1-findall,2397,1824,2026-08-10T07:06:05.798Z
"Isoclinic(3.L3(7).3,1)",16892064,false,0,true,2026-08-10T06:58:19.62Z,1.12.6,1.9.0-DEV,428070c0f9ad,4.16.0,1.3.11,ctbllib-fs2-q1-findall,2397,1825,2026-08-10T07:06:08.67Z
"Isoclinic(3.L3(7).3,2)",16892064,false,0,true,2026-08-10T06:58:19.62Z,1.12.6,1.9.0-DEV,428070c0f9ad,4.16.0,1.3.11,ctbllib-fs2-q1-findall,2397,1826,2026-08-10T07:06:09.553Z
"Isoclinic(3.U3(11).3,1)",638241120,false,0,true,2026-08-10T06:58:19.62Z,1.12.6,1.9.0-DEV,428070c0f9ad,4.16.0,1.3.11,ctbllib-fs2-q1-findall,2397,1827,2026-08-10T07:07:46.078Z
"Isoclinic(3.U3(11).3,2)",638241120,false,0,true,2026-08-10T06:58:19.62Z,1.12.6,1.9.0-DEV,428070c0f9ad,4.16.0,1.3.11,ctbllib-fs2-q1-findall,2397,1828,2026-08-10T07:08:00.759Z
"Isoclinic(3.U3(5).3,1)",1134000,false,0,true,2026-08-10T06:58:19.62Z,1.12.6,1.9.0-DEV,428070c0f9ad,4.16.0,1.3.11,ctbllib-fs2-q1-findall,2397,1829,2026-08-10T07:08:00.916Z
"Isoclinic(3.U3(5).3,2)",1134000,false,0,true,2026-08-10T06:58:19.62Z,1.12.6,1.9.0-DEV,428070c0f9ad,4.16.0,1.3.11,ctbllib-fs2-q1-findall,2397,1830,2026-08-10T07:08:01.017Z
"Isoclinic(3.U3(8).3_2,1)",49641984,false,0,true,2026-08-10T06:58:19.62Z,1.12.6,1.9.0-DEV,428070c0f9ad,4.16.0,1.3.11,ctbllib-fs2-q1-findall,2397,1831,2026-08-10T07:08:06.951Z
"Isoclinic(3.U3(8).3_2,2)",49641984,false,0,true,2026-08-10T06:58:19.62Z,1.12.6,1.9.0-DEV,428070c0f9ad,4.16.0,1.3.11,ctbllib-fs2-q1-findall,2397,1832,2026-08-10T07:08:10.969Z
Isoclinic(3.U3(8)x3),49641984,false,0,true,2026-08-10T06:58:19.62Z,1.12.6,1.9.0-DEV,428070c0f9ad,4.16.0,1.3.11,ctbllib-fs2-q1-findall,2397,1833,2026-08-10T07:08:14.086Z
"Isoclinic(3.U6(2).3,1)",82771476480,false,0,true,2026-08-10T06:58:19.62Z,1.12.6,1.9.0-DEV,428070c0f9ad,4.16.0,1.3.11,ctbllib-fs2-q1-findall,2397,1834,2026-08-10T07:08:15.628Z
"Isoclinic(3.U6(2).3,2)",82771476480,false,0,true,2026-08-10T06:58:19.62Z,1.12.6,1.9.0-DEV,428070c0f9ad,4.16.0,1.3.11,ctbllib-fs2-q1-findall,2397,1835,2026-08-10T07:08:17.181Z
Isoclinic(4.M22.2),3548160,false,0,true,2026-08-10T06:58:19.62Z,1.12.6,1.9.0-DEV,428070c0f9ad,4.16.0,1.3.11,ctbllib-fs2-q1-findall,2397,1836,2026-08-10T07:08:17.202Z
Isoclinic(4.U4(3).2_2),26127360,false,0,true,2026-08-10T06:58:19.62Z,1.12.6,1.9.0-DEV,428070c0f9ad,4.16.0,1.3.11,ctbllib-fs2-q1-findall,2397,1837,2026-08-10T07:08:17.311Z
Isoclinic(4.U4(3).2_3),26127360,false,0,true,2026-08-10T06:58:19.62Z,1.12.6,1.9.0-DEV,428070c0f9ad,4.16.0,1.3.11,ctbllib-fs2-q1-findall,2397,1838,2026-08-10T07:08:17.327Z
Isoclinic(4_1.L3(4).2_1),161280,false,0,true,2026-08-10T06:58:19.62Z,1.12.6,1.9.0-DEV,428070c0f9ad,4.16.0,1.3.11,ctbllib-fs2-q1-findall,2397,1839,2026-08-10T07:08:17.35Z
Isoclinic(4_1.L3(4).2_2),161280,false,0,true,2026-08-10T06:58:19.62Z,1.12.6,1.9.0-DEV,428070c0f9ad,4.16.0,1.3.11,ctbllib-fs2-q1-findall,2397,1840,2026-08-10T07:08:17.359Z
Isoclinic(4_2.L3(4).2_1),161280,false,0,true,2026-08-10T06:58:19.62Z,1.12.6,1.9.0-DEV,428070c0f9ad,4.16.0,1.3.11,ctbllib-fs2-q1-findall,2397,1841,2026-08-10T07:08:17.365Z
Isoclinic(4_2.L3(4).2_3),161280,false,0,true,2026-08-10T06:58:19.62Z,1.12.6,1.9.0-DEV,428070c0f9ad,4.16.0,1.3.11,ctbllib-fs2-q1-findall,2397,1842,2026-08-10T07:08:17.374Z
Isoclinic(4x3^2:Q8),288,true,0,true,2026-08-10T06:58:19.62Z,1.12.6,1.9.0-DEV,428070c0f9ad,4.16.0,1.3.11,ctbllib-fs2-q1-findall,2397,1843,2026-08-10T07:08:17.687Z
Isoclinic(6.A6.2_2),4320,false,0,true,2026-08-10T06:58:19.62Z,1.12.6,1.9.0-DEV,428070c0f9ad,4.16.0,1.3.11,ctbllib-fs2-q1-findall,2397,1844,2026-08-10T07:08:17.922Z
Isoclinic(6.A6x2),4320,false,0,true,2026-08-10T06:58:19.62Z,1.12.6,1.9.0-DEV,428070c0f9ad,4.16.0,1.3.11,ctbllib-fs2-q1-findall,2397,1845,2026-08-10T07:08:17.949Z
Isoclinic(6.A7.2),30240,false,0,true,2026-08-10T06:58:19.62Z,1.12.6,1.9.0-DEV,428070c0f9ad,4.16.0,1.3.11,ctbllib-fs2-q1-findall,2397,1846,2026-08-10T07:08:17.991Z
Isoclinic(6.Fi22.2),774741019852800,false,0,true,2026-08-10T06:58:19.62Z,1.12.6,1.9.0-DEV,428070c0f9ad,4.16.0,1.3.11,ctbllib-fs2-q1-findall,2397,1847,2026-08-10T07:08:18.207Z
Isoclinic(6.L3(4).2_1),241920,false,0,true,2026-08-10T06:58:19.62Z,1.12.6,1.9.0-DEV,428070c0f9ad,4.16.0,1.3.11,ctbllib-fs2-q1-findall,2397,1848,2026-08-10T07:08:18.241Z
Isoclinic(6.L3(4).2_2),241920,false,0,true,2026-08-10T06:58:19.62Z,1.12.6,1.9.0-DEV,428070c0f9ad,4.16.0,1.3.11,ctbllib-fs2-q1-findall,2397,1849,2026-08-10T07:08:18.258Z
Isoclinic(6.L3(4).2_3),241920,false,0,true,2026-08-10T06:58:19.62Z,1.12.6,1.9.0-DEV,428070c0f9ad,4.16.0,1.3.11,ctbllib-fs2-q1-findall,2397,1850,2026-08-10T07:08:18.272Z
Isoclinic(6.M22.2),5322240,false,0,true,2026-08-10T06:58:19.62Z,1.12.6,1.9.0-DEV,428070c0f9ad,4.16.0,1.3.11,ctbllib-fs2-q1-findall,2397,1851,2026-08-10T07:08:18.3Z
Isoclinic(6.O7(3).2),55024220160,false,0,true,2026-08-10T06:58:19.62Z,1.12.6,1.9.0-DEV,428070c0f9ad,4.16.0,1.3.11,ctbllib-fs2-q1-findall,2397,1852,2026-08-10T07:08:18.426Z
Isoclinic(6.Suz.2),5380145971200,false,0,true,2026-08-10T06:58:19.62Z,1.12.6,1.9.0-DEV,428070c0f9ad,4.16.0,1.3.11,ctbllib-fs2-q1-findall,2397,1853,2026-08-10T07:08:18.56Z
Isoclinic(6.U6(2).2),110361968640,false,0,true,2026-08-10T06:58:19.62Z,1.12.6,1.9.0-DEV,428070c0f9ad,4.16.0,1.3.11,ctbllib-fs2-q1-findall,2397,1854,2026-08-10T07:08:18.695Z
Isoclinic(6_1.U4(3).2_1),39191040,false,0,true,2026-08-10T06:58:19.62Z,1.12.6,1.9.0-DEV,428070c0f9ad,4.16.0,1.3.11,ctbllib-fs2-q1-findall,2397,1855,2026-08-10T07:08:18.819Z
Isoclinic(6_1.U4(3).2_2'),39191040,false,0,true,2026-08-10T06:58:19.62Z,1.12.6,1.9.0-DEV,428070c0f9ad,4.16.0,1.3.11,ctbllib-fs2-q1-findall,2397,1856,2026-08-10T07:08:18.853Z
Isoclinic(6_1.U4(3).2_2),39191040,false,0,true,2026-08-10T06:58:19.62Z,1.12.6,1.9.0-DEV,428070c0f9ad,4.16.0,1.3.11,ctbllib-fs2-q1-findall,2397,1857,2026-08-10T07:08:18.955Z
Isoclinic(6_2.U4(3).2_1),39191040,false,0,true,2026-08-10T06:58:19.62Z,1.12.6,1.9.0-DEV,428070c0f9ad,4.16.0,1.3.11,ctbllib-fs2-q1-findall,2397,1858,2026-08-10T07:08:19.23Z
Isoclinic(6_2.U4(3).2_3'),39191040,false,0,true,2026-08-10T06:58:19.62Z,1.12.6,1.9.0-DEV,428070c0f9ad,4.16.0,1.3.11,ctbllib-fs2-q1-findall,2397,1859,2026-08-10T07:08:19.252Z
Isoclinic(6_2.U4(3).2_3),39191040,false,0,true,2026-08-10T06:58:19.62Z,1.12.6,1.9.0-DEV,428070c0f9ad,4.16.0,1.3.11,ctbllib-fs2-q1-findall,2397,1860,2026-08-10T07:08:19.301Z
Isoclinic(L2(13).2x2),4368,false,0,true,2026-08-10T06:58:19.62Z,1.12.6,1.9.0-DEV,428070c0f9ad,4.16.0,1.3.11,ctbllib-fs2-q1-findall,2397,1861,2026-08-10T07:08:19.37Z
Isoclinic(L2(25).2_3x2),31200,false,0,true,2026-08-10T06:58:19.62Z,1.12.6,1.9.0-DEV,428070c0f9ad,4.16.0,1.3.11,ctbllib-fs2-q1-findall,2397,1862,2026-08-10T07:08:19.392Z
Isoclinic(L2(49).2_3x2),235200,false,0,true,2026-08-10T06:58:19.62Z,1.12.6,1.9.0-DEV,428070c0f9ad,4.16.0,1.3.11,ctbllib-fs2-q1-findall,2397,1863,2026-08-10T07:08:19.425Z
Isoclinic(L2(81).2_3x2),1062720,false,0,true,2026-08-10T06:58:19.62Z,1.12.6,1.9.0-DEV,428070c0f9ad,4.16.0,1.3.11,ctbllib-fs2-q1-findall,2397,1864,2026-08-10T07:08:19.498Z
Isoclinic(S8x2),80640,false,0,true,2026-08-10T06:58:19.62Z,1.12.6,1.9.0-DEV,428070c0f9ad,4.16.0,1.3.11,ctbllib-fs2-q1-findall,2397,1865,2026-08-10T07:08:19.591Z
Isoclinic(U3(5).2x2),504000,false,0,true,2026-08-10T06:58:19.62Z,1.12.6,1.9.0-DEV,428070c0f9ad,4.16.0,1.3.11,ctbllib-fs2-q1-findall,2397,1866,2026-08-10T07:08:19.666Z
Isoclinic(U3(8).3_3x3),49641984,false,0,true,2026-08-10T06:58:19.62Z,1.12.6,1.9.0-DEV,428070c0f9ad,4.16.0,1.3.11,ctbllib-fs2-q1-findall,2397,1867,2026-08-10T07:08:19.755Z
J1,175560,false,0,true,2026-08-10T06:58:19.62Z,1.12.6,1.9.0-DEV,428070c0f9ad,4.16.0,1.3.11,ctbllib-fs2-q1-findall,2397,1868,2026-08-10T07:08:19.769Z
J1x2,351120,false,0,true,2026-08-10T06:58:19.62Z,1.12.6,1.9.0-DEV,428070c0f9ad,4.16.0,1.3.11,ctbllib-fs2-q1-findall,2397,1869,2026-08-10T07:08:19.843Z
J2,604800,false,0,true,2026-08-10T06:58:19.62Z,1.12.6,1.9.0-DEV,428070c0f9ad,4.16.0,1.3.11,ctbllib-fs2-q1-findall,2397,1870,2026-08-10T07:08:19.857Z
J2.2,1209600,false,0,true,2026-08-10T06:58:19.62Z,1.12.6,1.9.0-DEV,428070c0f9ad,4.16.0,1.3.11,ctbllib-fs2-q1-findall,2397,1871,2026-08-10T07:08:19.86Z
J2.2x2,2419200,false,0,true,2026-08-10T06:58:19.62Z,1.12.6,1.9.0-DEV,428070c0f9ad,4.16.0,1.3.11,ctbllib-fs2-q1-findall,2397,1872,2026-08-10T07:08:19.931Z
J2N2,384,true,0,true,2026-08-10T06:58:19.62Z,1.12.6,1.9.0-DEV,428070c0f9ad,4.16.0,1.3.11,ctbllib-fs2-q1-findall,2397,1873,2026-08-10T07:08:19.967Z
J3,50232960,false,0,true,2026-08-10T06:58:19.62Z,1.12.6,1.9.0-DEV,428070c0f9ad,4.16.0,1.3.11,ctbllib-fs2-q1-findall,2397,1874,2026-08-10T07:08:19.983Z
J3.2,100465920,false,0,true,2026-08-10T06:58:19.62Z,1.12.6,1.9.0-DEV,428070c0f9ad,4.16.0,1.3.11,ctbllib-fs2-q1-findall,2397,1875,2026-08-10T07:08:19.991Z
J4,86775571046077562880,false,0,true,2026-08-10T06:58:19.62Z,1.12.6,1.9.0-DEV,428070c0f9ad,4.16.0,1.3.11,ctbllib-fs2-q1-findall,2397,1876,2026-08-10T07:08:20.029Z
J4M4,660602880,false,0,true,2026-08-10T06:58:19.62Z,1.12.6,1.9.0-DEV,428070c0f9ad,4.16.0,1.3.11,ctbllib-fs2-q1-findall,2397,1877,2026-08-10T07:08:20.102Z
L2(101),515100,false,0,true,2026-08-10T06:58:19.62Z,1.12.6,1.9.0-DEV,428070c0f9ad,4.16.0,1.3.11,ctbllib-fs2-q1-findall,2397,1878,2026-08-10T07:08:20.334Z
L2(103),546312,false,0,true,2026-08-10T06:58:19.62Z,1.12.6,1.9.0-DEV,428070c0f9ad,4.16.0,1.3.11,ctbllib-fs2-q1-findall,2397,1879,2026-08-10T07:08:20.406Z
L2(107),612468,false,0,true,2026-08-10T06:58:19.62Z,1.12.6,1.9.0-DEV,428070c0f9ad,4.16.0,1.3.11,ctbllib-fs2-q1-findall,2397,1880,2026-08-10T07:08:20.53Z
L2(109),647460,false,0,true,2026-08-10T06:58:19.62Z,1.12.6,1.9.0-DEV,428070c0f9ad,4.16.0,1.3.11,ctbllib-fs2-q1-findall,2397,1881,2026-08-10T07:08:20.641Z
L2(11),660,false,0,true,2026-08-10T06:58:19.62Z,1.12.6,1.9.0-DEV,428070c0f9ad,4.16.0,1.3.11,ctbllib-fs2-q1-findall,2397,1882,2026-08-10T07:08:20.653Z
L2(11).2,1320,false,0,true,2026-08-10T06:58:19.62Z,1.12.6,1.9.0-DEV,428070c0f9ad,4.16.0,1.3.11,ctbllib-fs2-q1-findall,2397,1883,2026-08-10T07:08:20.656Z
L2(113),721392,false,0,true,2026-08-10T06:58:19.62Z,1.12.6,1.9.0-DEV,428070c0f9ad,4.16.0,1.3.11,ctbllib-fs2-q1-findall,2397,1884,2026-08-10T07:08:20.744Z
L2(121),885720,false,0,true,2026-08-10T06:58:19.62Z,1.12.6,1.9.0-DEV,428070c0f9ad,4.16.0,1.3.11,ctbllib-fs2-q1-findall,2397,1885,2026-08-10T07:08:20.882Z
L2(125),976500,false,0,true,2026-08-10T06:58:19.62Z,1.12.6,1.9.0-DEV,428070c0f9ad,4.16.0,1.3.11,ctbllib-fs2-q1-findall,2397,1886,2026-08-10T07:08:21.015Z
L2(13),1092,false,0,true,2026-08-10T06:58:19.62Z,1.12.6,1.9.0-DEV,428070c0f9ad,4.16.0,1.3.11,ctbllib-fs2-q1-findall,2397,1887,2026-08-10T07:08:21.028Z
L2(13).2,2184,false,0,true,2026-08-10T06:58:19.62Z,1.12.6,1.9.0-DEV,428070c0f9ad,4.16.0,1.3.11,ctbllib-fs2-q1-findall,2397,1888,2026-08-10T07:08:21.136Z
L2(16),4080,false,0,true,2026-08-10T06:58:19.62Z,1.12.6,1.9.0-DEV,428070c0f9ad,4.16.0,1.3.11,ctbllib-fs2-q1-findall,2397,1889,2026-08-10T07:08:21.143Z
L2(16).2,8160,false,0,true,2026-08-10T06:58:19.62Z,1.12.6,1.9.0-DEV,428070c0f9ad,4.16.0,1.3.11,ctbllib-fs2-q1-findall,2397,1890,2026-08-10T07:08:21.148Z
L2(16).4,16320,false,0,true,2026-08-10T06:58:19.62Z,1.12.6,1.9.0-DEV,428070c0f9ad,4.16.0,1.3.11,ctbllib-fs2-q1-findall,2397,1891,2026-08-10T07:08:21.151Z
L2(17),2448,false,0,true,2026-08-10T06:58:19.62Z,1.12.6,1.9.0-DEV,428070c0f9ad,4.16.0,1.3.11,ctbllib-fs2-q1-findall,2397,1892,2026-08-10T07:08:21.154Z
L2(17).2,4896,false,0,true,2026-08-10T06:58:19.62Z,1.12.6,1.9.0-DEV,428070c0f9ad,4.16.0,1.3.11,ctbllib-fs2-q1-findall,2397,1893,2026-08-10T07:08:21.158Z
L2(17)x2,4896,false,0,true,2026-08-10T06:58:19.62Z,1.12.6,1.9.0-DEV,428070c0f9ad,4.16.0,1.3.11,ctbllib-fs2-q1-findall,2397,1894,2026-08-10T07:08:21.19Z
L2(19),3420,false,0,true,2026-08-10T06:58:19.62Z,1.12.6,1.9.0-DEV,428070c0f9ad,4.16.0,1.3.11,ctbllib-fs2-q1-findall,2397,1895,2026-08-10T07:08:21.204Z
L2(19).2,6840,false,0,true,2026-08-10T06:58:19.62Z,1.12.6,1.9.0-DEV,428070c0f9ad,4.16.0,1.3.11,ctbllib-fs2-q1-findall,2397,1896,2026-08-10T07:08:21.209Z
L2(23),6072,false,0,true,2026-08-10T06:58:19.62Z,1.12.6,1.9.0-DEV,428070c0f9ad,4.16.0,1.3.11,ctbllib-fs2-q1-findall,2397,1897,2026-08-10T07:08:21.213Z
L2(23).2,12144,false,0,true,2026-08-10T06:58:19.62Z,1.12.6,1.9.0-DEV,428070c0f9ad,4.16.0,1.3.11,ctbllib-fs2-q1-findall,2397,1898,2026-08-10T07:08:21.22Z
L2(25),7800,false,0,true,2026-08-10T06:58:19.62Z,1.12.6,1.9.0-DEV,428070c0f9ad,4.16.0,1.3.11,ctbllib-fs2-q1-findall,2397,1899,2026-08-10T07:08:21.223Z
L2(25).(2x4),62400,false,0,true,2026-08-10T06:58:19.62Z,1.12.6,1.9.0-DEV,428070c0f9ad,4.16.0,1.3.11,ctbllib-fs2-q1-findall,2397,1900,2026-08-10T07:08:21.299Z
L2(25).2^2,31200,false,0,true,2026-08-10T06:58:19.62Z,1.12.6,1.9.0-DEV,428070c0f9ad,4.16.0,1.3.11,ctbllib-fs2-q1-findall,2397,1901,2026-08-10T07:08:21.314Z
L2(25).2_1,15600,false,0,true,2026-08-10T06:58:19.62Z,1.12.6,1.9.0-DEV,428070c0f9ad,4.16.0,1.3.11,ctbllib-fs2-q1-findall,2397,1902,2026-08-10T07:08:21.322Z
L2(25).2_2,15600,false,0,true,2026-08-10T06:58:19.62Z,1.12.6,1.9.0-DEV,428070c0f9ad,4.16.0,1.3.11,ctbllib-fs2-q1-findall,2397,1903,2026-08-10T07:08:21.325Z
L2(25).2_3,15600,false,0,true,2026-08-10T06:58:19.62Z,1.12.6,1.9.0-DEV,428070c0f9ad,4.16.0,1.3.11,ctbllib-fs2-q1-findall,2397,1904,2026-08-10T07:08:21.328Z
L2(27),9828,false,0,true,2026-08-10T06:58:19.62Z,1.12.6,1.9.0-DEV,428070c0f9ad,4.16.0,1.3.11,ctbllib-fs2-q1-findall,2397,1905,2026-08-10T07:08:21.333Z
L2(27).2,19656,false,0,true,2026-08-10T06:58:19.62Z,1.12.6,1.9.0-DEV,428070c0f9ad,4.16.0,1.3.11,ctbllib-fs2-q1-findall,2397,1906,2026-08-10T07:08:21.343Z
L2(27).3,29484,false,0,true,2026-08-10T06:58:19.62Z,1.12.6,1.9.0-DEV,428070c0f9ad,4.16.0,1.3.11,ctbllib-fs2-q1-findall,2397,1907,2026-08-10T07:08:21.347Z
L2(27).6,58968,false,0,true,2026-08-10T06:58:19.62Z,1.12.6,1.9.0-DEV,428070c0f9ad,4.16.0,1.3.11,ctbllib-fs2-q1-findall,2397,1908,2026-08-10T07:08:21.356Z
L2(29),12180,false,0,true,2026-08-10T06:58:19.62Z,1.12.6,1.9.0-DEV,428070c0f9ad,4.16.0,1.3.11,ctbllib-fs2-q1-findall,2397,1909,2026-08-10T07:08:21.362Z
L2(29).2,24360,false,0,true,2026-08-10T06:58:19.62Z,1.12.6,1.9.0-DEV,428070c0f9ad,4.16.0,1.3.11,ctbllib-fs2-q1-findall,2397,1910,2026-08-10T07:08:21.372Z
L2(31),14880,false,0,true,2026-08-10T06:58:19.62Z,1.12.6,1.9.0-DEV,428070c0f9ad,4.16.0,1.3.11,ctbllib-fs2-q1-findall,2397,1911,2026-08-10T07:08:21.378Z
L2(31).2,29760,false,0,true,2026-08-10T06:58:19.62Z,1.12.6,1.9.0-DEV,428070c0f9ad,4.16.0,1.3.11,ctbllib-fs2-q1-findall,2397,1912,2026-08-10T07:08:21.386Z
L2(32),32736,false,0,true,2026-08-10T06:58:19.62Z,1.12.6,1.9.0-DEV,428070c0f9ad,4.16.0,1.3.11,ctbllib-fs2-q1-findall,2397,1913,2026-08-10T07:08:21.415Z
L2(32).5,163680,false,0,true,2026-08-10T06:58:19.62Z,1.12.6,1.9.0-DEV,428070c0f9ad,4.16.0,1.3.11,ctbllib-fs2-q1-findall,2397,1914,2026-08-10T07:08:21.422Z
L2(37),25308,false,0,true,2026-08-10T06:58:19.62Z,1.12.6,1.9.0-DEV,428070c0f9ad,4.16.0,1.3.11,ctbllib-fs2-q1-findall,2397,1915,2026-08-10T07:08:21.501Z
L2(41),34440,false,0,true,2026-08-10T06:58:19.62Z,1.12.6,1.9.0-DEV,428070c0f9ad,4.16.0,1.3.11,ctbllib-fs2-q1-findall,2397,1916,2026-08-10T07:08:21.517Z
L2(43),39732,false,0,true,2026-08-10T06:58:19.62Z,1.12.6,1.9.0-DEV,428070c0f9ad,4.16.0,1.3.11,ctbllib-fs2-q1-findall,2397,1917,2026-08-10T07:08:21.536Z
L2(47),51888,false,0,true,2026-08-10T06:58:19.62Z,1.12.6,1.9.0-DEV,428070c0f9ad,4.16.0,1.3.11,ctbllib-fs2-q1-findall,2397,1918,2026-08-10T07:08:21.555Z
L2(49),58800,false,0,true,2026-08-10T06:58:19.62Z,1.12.6,1.9.0-DEV,428070c0f9ad,4.16.0,1.3.11,ctbllib-fs2-q1-findall,2397,1919,2026-08-10T07:08:21.577Z
L2(49).2^2,235200,false,0,true,2026-08-10T06:58:19.62Z,1.12.6,1.9.0-DEV,428070c0f9ad,4.16.0,1.3.11,ctbllib-fs2-q1-findall,2397,1920,2026-08-10T07:08:21.589Z
L2(49).2_1,117600,false,0,true,2026-08-10T06:58:19.62Z,1.12.6,1.9.0-DEV,428070c0f9ad,4.16.0,1.3.11,ctbllib-fs2-q1-findall,2397,1921,2026-08-10T07:08:21.619Z
L2(49).2_2,117600,false,0,true,2026-08-10T06:58:19.62Z,1.12.6,1.9.0-DEV,428070c0f9ad,4.16.0,1.3.11,ctbllib-fs2-q1-findall,2397,1922,2026-08-10T07:08:21.625Z
L2(49).2_3,117600,false,0,true,2026-08-10T06:58:19.62Z,1.12.6,1.9.0-DEV,428070c0f9ad,4.16.0,1.3.11,ctbllib-fs2-q1-findall,2397,1923,2026-08-10T07:08:21.631Z
L2(53),74412,false,0,true,2026-08-10T06:58:19.62Z,1.12.6,1.9.0-DEV,428070c0f9ad,4.16.0,1.3.11,ctbllib-fs2-q1-findall,2397,1924,2026-08-10T07:08:21.657Z
L2(59),102660,false,0,true,2026-08-10T06:58:19.62Z,1.12.6,1.9.0-DEV,428070c0f9ad,4.16.0,1.3.11,ctbllib-fs2-q1-findall,2397,1925,2026-08-10T07:08:21.69Z
L2(61),113460,false,0,true,2026-08-10T06:58:19.62Z,1.12.6,1.9.0-DEV,428070c0f9ad,4.16.0,1.3.11,ctbllib-fs2-q1-findall,2397,1926,2026-08-10T07:08:21.727Z
L2(64),262080,false,0,true,2026-08-10T06:58:19.62Z,1.12.6,1.9.0-DEV,428070c0f9ad,4.16.0,1.3.11,ctbllib-fs2-q1-findall,2397,1927,2026-08-10T07:08:21.885Z
L2(64).6,1572480,false,0,true,2026-08-10T06:58:19.62Z,1.12.6,1.9.0-DEV,428070c0f9ad,4.16.0,1.3.11,ctbllib-fs2-q1-findall,2397,1928,2026-08-10T07:08:21.902Z
L2(67),150348,false,0,true,2026-08-10T06:58:19.62Z,1.12.6,1.9.0-DEV,428070c0f9ad,4.16.0,1.3.11,ctbllib-fs2-q1-findall,2397,1929,2026-08-10T07:08:22.016Z
L2(71),178920,false,0,true,2026-08-10T06:58:19.62Z,1.12.6,1.9.0-DEV,428070c0f9ad,4.16.0,1.3.11,ctbllib-fs2-q1-findall,2397,1930,2026-08-10T07:08:22.05Z
L2(73),194472,false,0,true,2026-08-10T06:58:19.62Z,1.12.6,1.9.0-DEV,428070c0f9ad,4.16.0,1.3.11,ctbllib-fs2-q1-findall,2397,1931,2026-08-10T07:08:22.098Z
L2(79),246480,false,0,true,2026-08-10T06:58:19.62Z,1.12.6,1.9.0-DEV,428070c0f9ad,4.16.0,1.3.11,ctbllib-fs2-q1-findall,2397,1932,2026-08-10T07:08:22.137Z
L2(8),504,false,0,true,2026-08-10T06:58:19.62Z,1.12.6,1.9.0-DEV,428070c0f9ad,4.16.0,1.3.11,ctbllib-fs2-q1-findall,2397,1933,2026-08-10T07:08:22.15Z
L2(8).3,1512,false,0,true,2026-08-10T06:58:19.62Z,1.12.6,1.9.0-DEV,428070c0f9ad,4.16.0,1.3.11,ctbllib-fs2-q1-findall,2397,1934,2026-08-10T07:08:22.153Z
L2(8):3x2,3024,false,0,true,2026-08-10T06:58:19.62Z,1.12.6,1.9.0-DEV,428070c0f9ad,4.16.0,1.3.11,ctbllib-fs2-q1-findall,2397,1935,2026-08-10T07:08:22.176Z
L2(81),265680,false,0,true,2026-08-10T06:58:19.62Z,1.12.6,1.9.0-DEV,428070c0f9ad,4.16.0,1.3.11,ctbllib-fs2-q1-findall,2397,1936,2026-08-10T07:08:22.229Z
L2(81).(2x4),2125440,false,0,true,2026-08-10T06:58:19.62Z,1.12.6,1.9.0-DEV,428070c0f9ad,4.16.0,1.3.11,ctbllib-fs2-q1-findall,2397,1937,2026-08-10T07:08:22.247Z
L2(81).2^2,1062720,false,0,true,2026-08-10T06:58:19.62Z,1.12.6,1.9.0-DEV,428070c0f9ad,4.16.0,1.3.11,ctbllib-fs2-q1-findall,2397,1938,2026-08-10T07:08:22.293Z
L2(81).2_1,531360,false,0,true,2026-08-10T06:58:19.62Z,1.12.6,1.9.0-DEV,428070c0f9ad,4.16.0,1.3.11,ctbllib-fs2-q1-findall,2397,1939,2026-08-10T07:08:22.313Z
L2(81).2_2,531360,false,0,true,2026-08-10T06:58:19.62Z,1.12.6,1.9.0-DEV,428070c0f9ad,4.16.0,1.3.11,ctbllib-fs2-q1-findall,2397,1940,2026-08-10T07:08:22.449Z
L2(81).2_3,531360,false,0,true,2026-08-10T06:58:19.62Z,1.12.6,1.9.0-DEV,428070c0f9ad,4.16.0,1.3.11,ctbllib-fs2-q1-findall,2397,1941,2026-08-10T07:08:22.467Z
L2(81).4_1,1062720,false,0,true,2026-08-10T06:58:19.62Z,1.12.6,1.9.0-DEV,428070c0f9ad,4.16.0,1.3.11,ctbllib-fs2-q1-findall,2397,1942,2026-08-10T07:08:22.477Z
L2(81).4_2,1062720,false,0,true,2026-08-10T06:58:19.62Z,1.12.6,1.9.0-DEV,428070c0f9ad,4.16.0,1.3.11,ctbllib-fs2-q1-findall,2397,1943,2026-08-10T07:08:22.485Z
L2(83),285852,false,0,true,2026-08-10T06:58:19.62Z,1.12.6,1.9.0-DEV,428070c0f9ad,4.16.0,1.3.11,ctbllib-fs2-q1-findall,2397,1944,2026-08-10T07:08:22.639Z
L2(89),352440,false,0,true,2026-08-10T06:58:19.62Z,1.12.6,1.9.0-DEV,428070c0f9ad,4.16.0,1.3.11,ctbllib-fs2-q1-findall,2397,1945,2026-08-10T07:08:22.689Z
L2(97),456288,false,0,true,2026-08-10T06:58:19.62Z,1.12.6,1.9.0-DEV,428070c0f9ad,4.16.0,1.3.11,ctbllib-fs2-q1-findall,2397,1946,2026-08-10T07:08:22.764Z
L3(11),212427600,false,0,true,2026-08-10T06:58:19.62Z,1.12.6,1.9.0-DEV,428070c0f9ad,4.16.0,1.3.11,ctbllib-fs2-q1-findall,2397,1947,2026-08-10T07:08:23.245Z
L3(2),168,false,0,true,2026-08-10T06:58:19.62Z,1.12.6,1.9.0-DEV,428070c0f9ad,4.16.0,1.3.11,ctbllib-fs2-q1-findall,2397,1948,2026-08-10T07:08:23.255Z
L3(2).2,336,false,0,true,2026-08-10T06:58:19.62Z,1.12.6,1.9.0-DEV,428070c0f9ad,4.16.0,1.3.11,ctbllib-fs2-q1-findall,2397,1949,2026-08-10T07:08:23.257Z
L3(2).2x2,672,false,0,true,2026-08-10T06:58:19.62Z,1.12.6,1.9.0-DEV,428070c0f9ad,4.16.0,1.3.11,ctbllib-fs2-q1-findall,2397,1950,2026-08-10T07:08:23.285Z
L3(2)wr2,56448,false,0,true,2026-08-10T06:58:19.62Z,1.12.6,1.9.0-DEV,428070c0f9ad,4.16.0,1.3.11,ctbllib-fs2-q1-findall,2397,1951,2026-08-10T07:08:23.454Z
L3(2)xS3,1008,false,0,true,2026-08-10T06:58:19.62Z,1.12.6,1.9.0-DEV,428070c0f9ad,4.16.0,1.3.11,ctbllib-fs2-q1-findall,2397,1952,2026-08-10T07:08:23.73Z
L3(3),5616,false,0,true,2026-08-10T06:58:19.62Z,1.12.6,1.9.0-DEV,428070c0f9ad,4.16.0,1.3.11,ctbllib-fs2-q1-findall,2397,1953,2026-08-10T07:08:23.74Z
L3(3).2,11232,false,0,true,2026-08-10T06:58:19.62Z,1.12.6,1.9.0-DEV,428070c0f9ad,4.16.0,1.3.11,ctbllib-fs2-q1-findall,2397,1954,2026-08-10T07:08:23.743Z
L3(3)x2,11232,false,0,true,2026-08-10T06:58:19.62Z,1.12.6,1.9.0-DEV,428070c0f9ad,4.16.0,1.3.11,ctbllib-fs2-q1-findall,2397,1955,2026-08-10T07:08:24.022Z
L3(3)xD8,44928,false,0,true,2026-08-10T06:58:19.62Z,1.12.6,1.9.0-DEV,428070c0f9ad,4.16.0,1.3.11,ctbllib-fs2-q1-findall,2397,1956,2026-08-10T07:08:24.288Z
L3(4),20160,false,0,true,2026-08-10T06:58:19.62Z,1.12.6,1.9.0-DEV,428070c0f9ad,4.16.0,1.3.11,ctbllib-fs2-q1-findall,2397,1957,2026-08-10T07:08:24.307Z
L3(4).2^2,80640,false,0,true,2026-08-10T06:58:19.62Z,1.12.6,1.9.0-DEV,428070c0f9ad,4.16.0,1.3.11,ctbllib-fs2-q1-findall,2397,1958,2026-08-10T07:08:24.31Z
L3(4).2_1,40320,false,0,true,2026-08-10T06:58:19.62Z,1.12.6,1.9.0-DEV,428070c0f9ad,4.16.0,1.3.11,ctbllib-fs2-q1-findall,2397,1959,2026-08-10T07:08:24.312Z
L3(4).2_2,40320,false,0,true,2026-08-10T06:58:19.62Z,1.12.6,1.9.0-DEV,428070c0f9ad,4.16.0,1.3.11,ctbllib-fs2-q1-findall,2397,1960,2026-08-10T07:08:24.315Z
L3(4).2_3,40320,false,0,true,2026-08-10T06:58:19.62Z,1.12.6,1.9.0-DEV,428070c0f9ad,4.16.0,1.3.11,ctbllib-fs2-q1-findall,2397,1961,2026-08-10T07:08:24.317Z
L3(4).3,60480,false,0,true,2026-08-10T06:58:19.62Z,1.12.6,1.9.0-DEV,428070c0f9ad,4.16.0,1.3.11,ctbllib-fs2-q1-findall,2397,1962,2026-08-10T07:08:24.325Z
L3(4).3.2_2,120960,false,0,true,2026-08-10T06:58:19.62Z,1.12.6,1.9.0-DEV,428070c0f9ad,4.16.0,1.3.11,ctbllib-fs2-q1-findall,2397,1963,2026-08-10T07:08:24.329Z
L3(4).3.2_3,120960,false,0,true,2026-08-10T06:58:19.62Z,1.12.6,1.9.0-DEV,428070c0f9ad,4.16.0,1.3.11,ctbllib-fs2-q1-findall,2397,1964,2026-08-10T07:08:24.334Z
L3(4).6,120960,false,0,true,2026-08-10T06:58:19.62Z,1.12.6,1.9.0-DEV,428070c0f9ad,4.16.0,1.3.11,ctbllib-fs2-q1-findall,2397,1965,2026-08-10T07:08:24.338Z
L3(4).D12,241920,false,0,true,2026-08-10T06:58:19.62Z,1.12.6,1.9.0-DEV,428070c0f9ad,4.16.0,1.3.11,ctbllib-fs2-q1-findall,2397,1966,2026-08-10T07:08:24.342Z
L3(4)Syl2,64,true,0,true,2026-08-10T06:58:19.62Z,1.12.6,1.9.0-DEV,428070c0f9ad,4.16.0,1.3.11,ctbllib-fs2-q1-findall,2397,1967,2026-08-10T07:08:24.361Z
L3(5),372000,false,0,true,2026-08-10T06:58:19.62Z,1.12.6,1.9.0-DEV,428070c0f9ad,4.16.0,1.3.11,ctbllib-fs2-q1-findall,2397,1968,2026-08-10T07:08:24.38Z
L3(5).2,744000,false,0,true,2026-08-10T06:58:19.62Z,1.12.6,1.9.0-DEV,428070c0f9ad,4.16.0,1.3.11,ctbllib-fs2-q1-findall,2397,1969,2026-08-10T07:08:24.387Z
L3(7),1876896,false,0,true,2026-08-10T06:58:19.62Z,1.12.6,1.9.0-DEV,428070c0f9ad,4.16.0,1.3.11,ctbllib-fs2-q1-findall,2397,1970,2026-08-10T07:08:24.392Z
L3(7).2,3753792,false,0,true,2026-08-10T06:58:19.62Z,1.12.6,1.9.0-DEV,428070c0f9ad,4.16.0,1.3.11,ctbllib-fs2-q1-findall,2397,1971,2026-08-10T07:08:24.396Z
L3(7).3,5630688,false,0,true,2026-08-10T06:58:19.62Z,1.12.6,1.9.0-DEV,428070c0f9ad,4.16.0,1.3.11,ctbllib-fs2-q1-findall,2397,1972,2026-08-10T07:08:24.432Z
L3(7).S3,11261376,false,0,true,2026-08-10T06:58:19.62Z,1.12.6,1.9.0-DEV,428070c0f9ad,4.16.0,1.3.11,ctbllib-fs2-q1-findall,2397,1973,2026-08-10T07:08:24.448Z
L3(8),16482816,false,0,true,2026-08-10T06:58:19.62Z,1.12.6,1.9.0-DEV,428070c0f9ad,4.16.0,1.3.11,ctbllib-fs2-q1-findall,2397,1974,2026-08-10T07:08:24.613Z
L3(8).2,32965632,false,0,true,2026-08-10T06:58:19.62Z,1.12.6,1.9.0-DEV,428070c0f9ad,4.16.0,1.3.11,ctbllib-fs2-q1-findall,2397,1975,2026-08-10T07:08:24.671Z
L3(8).3,49448448,false,0,true,2026-08-10T06:58:19.62Z,1.12.6,1.9.0-DEV,428070c0f9ad,4.16.0,1.3.11,ctbllib-fs2-q1-findall,2397,1976,2026-08-10T07:08:24.705Z
L3(8).6,98896896,false,0,true,2026-08-10T06:58:19.62Z,1.12.6,1.9.0-DEV,428070c0f9ad,4.16.0,1.3.11,ctbllib-fs2-q1-findall,2397,1977,2026-08-10T07:08:24.726Z
L3(9),42456960,false,0,true,2026-08-10T06:58:19.62Z,1.12.6,1.9.0-DEV,428070c0f9ad,4.16.0,1.3.11,ctbllib-fs2-q1-findall,2397,1978,2026-08-10T07:08:24.97Z
L3(9).2^2,169827840,false,0,true,2026-08-10T06:58:19.62Z,1.12.6,1.9.0-DEV,428070c0f9ad,4.16.0,1.3.11,ctbllib-fs2-q1-findall,2397,1979,2026-08-10T07:08:25.0Z
L3(9).2_1,84913920,false,0,true,2026-08-10T06:58:19.62Z,1.12.6,1.9.0-DEV,428070c0f9ad,4.16.0,1.3.11,ctbllib-fs2-q1-findall,2397,1980,2026-08-10T07:08:25.051Z
L3(9).2_2,84913920,false,0,true,2026-08-10T06:58:19.62Z,1.12.6,1.9.0-DEV,428070c0f9ad,4.16.0,1.3.11,ctbllib-fs2-q1-findall,2397,1981,2026-08-10T07:08:25.102Z
L3(9).2_3,84913920,false,0,true,2026-08-10T06:58:19.62Z,1.12.6,1.9.0-DEV,428070c0f9ad,4.16.0,1.3.11,ctbllib-fs2-q1-findall,2397,1982,2026-08-10T07:08:25.154Z
L4(3),6065280,false,0,true,2026-08-10T06:58:19.62Z,1.12.6,1.9.0-DEV,428070c0f9ad,4.16.0,1.3.11,ctbllib-fs2-q1-findall,2397,1983,2026-08-10T07:08:25.16Z
L4(3).2^2,24261120,false,0,true,2026-08-10T06:58:19.62Z,1.12.6,1.9.0-DEV,428070c0f9ad,4.16.0,1.3.11,ctbllib-fs2-q1-findall,2397,1984,2026-08-10T07:08:25.173Z
L4(3).2_1,12130560,false,0,true,2026-08-10T06:58:19.62Z,1.12.6,1.9.0-DEV,428070c0f9ad,4.16.0,1.3.11,ctbllib-fs2-q1-findall,2397,1985,2026-08-10T07:08:25.183Z
L4(3).2_2,12130560,false,0,true,2026-08-10T06:58:19.62Z,1.12.6,1.9.0-DEV,428070c0f9ad,4.16.0,1.3.11,ctbllib-fs2-q1-findall,2397,1986,2026-08-10T07:08:25.192Z
L4(3).2_3,12130560,false,0,true,2026-08-10T06:58:19.62Z,1.12.6,1.9.0-DEV,428070c0f9ad,4.16.0,1.3.11,ctbllib-fs2-q1-findall,2397,1987,2026-08-10T07:08:25.198Z
L4(3)x2,12130560,false,0,true,2026-08-10T06:58:19.62Z,1.12.6,1.9.0-DEV,428070c0f9ad,4.16.0,1.3.11,ctbllib-fs2-q1-findall,2397,1988,2026-08-10T07:08:25.304Z
L4(4),987033600,false,0,true,2026-08-10T06:58:19.62Z,1.12.6,1.9.0-DEV,428070c0f9ad,4.16.0,1.3.11,ctbllib-fs2-q1-findall,2397,1989,2026-08-10T07:08:25.455Z
L4(4).2^2,3948134400,false,0,true,2026-08-10T06:58:19.62Z,1.12.6,1.9.0-DEV,428070c0f9ad,4.16.0,1.3.11,ctbllib-fs2-q1-findall,2397,1990,2026-08-10T07:08:25.495Z
L4(4).2_1,1974067200,false,0,true,2026-08-10T06:58:19.62Z,1.12.6,1.9.0-DEV,428070c0f9ad,4.16.0,1.3.11,ctbllib-fs2-q1-findall,2397,1991,2026-08-10T07:08:25.549Z
L4(4).2_2,1974067200,false,0,true,2026-08-10T06:58:19.62Z,1.12.6,1.9.0-DEV,428070c0f9ad,4.16.0,1.3.11,ctbllib-fs2-q1-findall,2397,1992,2026-08-10T07:08:25.742Z
L4(4).2_3,1974067200,false,0,true,2026-08-10T06:58:19.62Z,1.12.6,1.9.0-DEV,428070c0f9ad,4.16.0,1.3.11,ctbllib-fs2-q1-findall,2397,1993,2026-08-10T07:08:25.795Z
L4(5),7254000000,false,0,true,2026-08-10T06:58:19.62Z,1.12.6,1.9.0-DEV,428070c0f9ad,4.16.0,1.3.11,ctbllib-fs2-q1-findall,2397,1994,2026-08-10T07:08:25.838Z
L4(9),50759843097600,false,0,true,2026-08-10T06:58:19.62Z,1.12.6,1.9.0-DEV,428070c0f9ad,4.16.0,1.3.11,ctbllib-fs2-q1-findall,2397,1995,2026-08-10T07:08:29.841Z
L5(2),9999360,false,0,true,2026-08-10T06:58:19.62Z,1.12.6,1.9.0-DEV,428070c0f9ad,4.16.0,1.3.11,ctbllib-fs2-q1-findall,2397,1996,2026-08-10T07:08:29.863Z
L5(2).2,19998720,false,0,true,2026-08-10T06:58:19.62Z,1.12.6,1.9.0-DEV,428070c0f9ad,4.16.0,1.3.11,ctbllib-fs2-q1-findall,2397,1997,2026-08-10T07:08:29.87Z
L5(3),237783237120,false,0,true,2026-08-10T06:58:19.62Z,1.12.6,1.9.0-DEV,428070c0f9ad,4.16.0,1.3.11,ctbllib-fs2-q1-findall,2397,1998,2026-08-10T07:08:30.128Z
L5(3).2,475566474240,false,0,true,2026-08-10T06:58:19.62Z,1.12.6,1.9.0-DEV,428070c0f9ad,4.16.0,1.3.11,ctbllib-fs2-q1-findall,2397,1999,2026-08-10T07:08:30.23Z
L6(2),20158709760,false,0,true,2026-08-10T06:58:19.62Z,1.12.6,1.9.0-DEV,428070c0f9ad,4.16.0,1.3.11,ctbllib-fs2-q1-findall,2397,2000,2026-08-10T07:08:30.281Z
L6(2).2,40317419520,false,0,true,2026-08-10T06:58:19.62Z,1.12.6,1.9.0-DEV,428070c0f9ad,4.16.0,1.3.11,ctbllib-fs2-q1-findall,2397,2001,2026-08-10T07:08:30.306Z
L7(2),163849992929280,false,0,true,2026-08-10T06:58:19.62Z,1.12.6,1.9.0-DEV,428070c0f9ad,4.16.0,1.3.11,ctbllib-fs2-q1-findall,2397,2002,2026-08-10T07:08:30.606Z
L7(2).2,327699985858560,false,0,true,2026-08-10T06:58:19.62Z,1.12.6,1.9.0-DEV,428070c0f9ad,4.16.0,1.3.11,ctbllib-fs2-q1-findall,2397,2003,2026-08-10T07:08:30.734Z
L8(2),5348063769211699200,false,0,true,2026-08-10T06:58:19.62Z,1.12.6,1.9.0-DEV,428070c0f9ad,4.16.0,1.3.11,ctbllib-fs2-q1-findall,2397,2004,2026-08-10T07:08:32.183Z
Ly,51765179004000000,false,0,true,2026-08-10T06:58:19.62Z,1.12.6,1.9.0-DEV,428070c0f9ad,4.16.0,1.3.11,ctbllib-fs2-q1-findall,2397,2005,2026-08-10T07:08:32.232Z
LyN2,256,true,0,true,2026-08-10T06:58:19.62Z,1.12.6,1.9.0-DEV,428070c0f9ad,4.16.0,1.3.11,ctbllib-fs2-q1-findall,2397,2006,2026-08-10T07:08:32.269Z
LyN3,69984,true,0,true,2026-08-10T06:58:19.62Z,1.12.6,1.9.0-DEV,428070c0f9ad,4.16.0,1.3.11,ctbllib-fs2-q1-findall,2397,2007,2026-08-10T07:08:32.278Z
LyN5,250000,true,0,true,2026-08-10T06:58:19.62Z,1.12.6,1.9.0-DEV,428070c0f9ad,4.16.0,1.3.11,ctbllib-fs2-q1-findall,2397,2008,2026-08-10T07:08:32.289Z
M,808017424794512875886459904961710757005754368000000000,false,0,true,2026-08-10T06:58:19.62Z,1.12.6,1.9.0-DEV,428070c0f9ad,4.16.0,1.3.11,ctbllib-fs2-q1-findall,2397,2009,2026-08-10T07:08:32.768Z
M10x2,1440,false,0,true,2026-08-10T06:58:19.62Z,1.12.6,1.9.0-DEV,428070c0f9ad,4.16.0,1.3.11,ctbllib-fs2-q1-findall,2397,2010,2026-08-10T07:08:32.812Z
M11,7920,false,0,true,2026-08-10T06:58:19.62Z,1.12.6,1.9.0-DEV,428070c0f9ad,4.16.0,1.3.11,ctbllib-fs2-q1-findall,2397,2011,2026-08-10T07:08:32.819Z
M11N2,16,true,0,true,2026-08-10T06:58:19.62Z,1.12.6,1.9.0-DEV,428070c0f9ad,4.16.0,1.3.11,ctbllib-fs2-q1-findall,2397,2012,2026-08-10T07:08:32.854Z
M11xA6.2^2,11404800,false,0,true,2026-08-10T06:58:19.62Z,1.12.6,1.9.0-DEV,428070c0f9ad,4.16.0,1.3.11,ctbllib-fs2-q1-findall,2397,2013,2026-08-10T07:08:33.063Z
M11xS3,47520,false,0,true,2026-08-10T06:58:19.62Z,1.12.6,1.9.0-DEV,428070c0f9ad,4.16.0,1.3.11,ctbllib-fs2-q1-findall,2397,2014,2026-08-10T07:08:33.084Z
M12,95040,false,0,true,2026-08-10T06:58:19.62Z,1.12.6,1.9.0-DEV,428070c0f9ad,4.16.0,1.3.11,ctbllib-fs2-q1-findall,2397,2015,2026-08-10T07:08:33.091Z
M12.2,190080,false,0,true,2026-08-10T06:58:19.62Z,1.12.6,1.9.0-DEV,428070c0f9ad,4.16.0,1.3.11,ctbllib-fs2-q1-findall,2397,2016,2026-08-10T07:08:33.095Z
M12.2x2,380160,false,0,true,2026-08-10T06:58:19.62Z,1.12.6,1.9.0-DEV,428070c0f9ad,4.16.0,1.3.11,ctbllib-fs2-q1-findall,2397,2017,2026-08-10T07:08:33.161Z
M12C4,32,true,0,true,2026-08-10T06:58:19.62Z,1.12.6,1.9.0-DEV,428070c0f9ad,4.16.0,1.3.11,ctbllib-fs2-q1-findall,2397,2018,2026-08-10T07:08:33.221Z
M12N2,64,true,0,true,2026-08-10T06:58:19.62Z,1.12.6,1.9.0-DEV,428070c0f9ad,4.16.0,1.3.11,ctbllib-fs2-q1-findall,2397,2019,2026-08-10T07:08:33.257Z
M12N3,108,true,0,true,2026-08-10T06:58:19.62Z,1.12.6,1.9.0-DEV,428070c0f9ad,4.16.0,1.3.11,ctbllib-fs2-q1-findall,2397,2020,2026-08-10T07:08:33.26Z
M22,443520,false,0,true,2026-08-10T06:58:19.62Z,1.12.6,1.9.0-DEV,428070c0f9ad,4.16.0,1.3.11,ctbllib-fs2-q1-findall,2397,2021,2026-08-10T07:08:33.268Z
M22.2,887040,false,0,true,2026-08-10T06:58:19.62Z,1.12.6,1.9.0-DEV,428070c0f9ad,4.16.0,1.3.11,ctbllib-fs2-q1-findall,2397,2022,2026-08-10T07:08:33.272Z
M22.2M3,11520,false,0,true,2026-08-10T06:58:19.62Z,1.12.6,1.9.0-DEV,428070c0f9ad,4.16.0,1.3.11,ctbllib-fs2-q1-findall,2397,2023,2026-08-10T07:08:33.331Z
M22.2M4,3840,false,0,true,2026-08-10T06:58:19.62Z,1.12.6,1.9.0-DEV,428070c0f9ad,4.16.0,1.3.11,ctbllib-fs2-q1-findall,2397,2024,2026-08-10T07:08:33.341Z
M22C2A,384,true,0,true,2026-08-10T06:58:19.62Z,1.12.6,1.9.0-DEV,428070c0f9ad,4.16.0,1.3.11,ctbllib-fs2-q1-findall,2397,2025,2026-08-10T07:08:33.352Z
M23,10200960,false,0,true,2026-08-10T06:58:19.62Z,1.12.6,1.9.0-DEV,428070c0f9ad,4.16.0,1.3.11,ctbllib-fs2-q1-findall,2397,2026,2026-08-10T07:08:33.362Z
M24,244823040,false,0,true,2026-08-10T06:58:19.62Z,1.12.6,1.9.0-DEV,428070c0f9ad,4.16.0,1.3.11,ctbllib-fs2-q1-findall,2397,2027,2026-08-10T07:08:33.37Z
M24C2B,7680,false,0,true,2026-08-10T06:58:19.62Z,1.12.6,1.9.0-DEV,428070c0f9ad,4.16.0,1.3.11,ctbllib-fs2-q1-findall,2397,2028,2026-08-10T07:08:33.383Z
M24N2,1024,true,0,true,2026-08-10T06:58:19.62Z,1.12.6,1.9.0-DEV,428070c0f9ad,4.16.0,1.3.11,ctbllib-fs2-q1-findall,2397,2029,2026-08-10T07:08:33.427Z
M8.S4,192,true,0,true,2026-08-10T06:58:19.62Z,1.12.6,1.9.0-DEV,428070c0f9ad,4.16.0,1.3.11,ctbllib-fs2-q1-findall,2397,2030,2026-08-10T07:08:33.436Z
MN5,187500000,true,0,true,2026-08-10T06:58:19.62Z,1.12.6,1.9.0-DEV,428070c0f9ad,4.16.0,1.3.11,ctbllib-fs2-q1-findall,2397,2031,2026-08-10T07:08:34.557Z
McL,898128000,false,0,true,2026-08-10T06:58:19.62Z,1.12.6,1.9.0-DEV,428070c0f9ad,4.16.0,1.3.11,ctbllib-fs2-q1-findall,2397,2032,2026-08-10T07:08:34.58Z
McL.2,1796256000,false,0,true,2026-08-10T06:58:19.62Z,1.12.6,1.9.0-DEV,428070c0f9ad,4.16.0,1.3.11,ctbllib-fs2-q1-findall,2397,2033,2026-08-10T07:08:34.586Z
McL.2N3,11664,true,0,true,2026-08-10T06:58:19.62Z,1.12.6,1.9.0-DEV,428070c0f9ad,4.16.0,1.3.11,ctbllib-fs2-q1-findall,2397,2034,2026-08-10T07:08:34.853Z
"NDG(12.M22,3^2)",864,true,0,true,2026-08-10T06:58:19.62Z,1.12.6,1.9.0-DEV,428070c0f9ad,4.16.0,1.3.11,ctbllib-fs2-q1-findall,2397,2035,2026-08-10T07:08:34.865Z
"NDG(2.Co1,3^3)",311040,false,0,true,2026-08-10T06:58:19.62Z,1.12.6,1.9.0-DEV,428070c0f9ad,4.16.0,1.3.11,ctbllib-fs2-q1-findall,2397,2036,2026-08-10T07:08:34.905Z
"NDG(2.Co1,5^2)",72000,false,0,true,2026-08-10T06:58:19.62Z,1.12.6,1.9.0-DEV,428070c0f9ad,4.16.0,1.3.11,ctbllib-fs2-q1-findall,2397,2037,2026-08-10T07:08:34.927Z
"NDG(2.HS,Q8)",480,true,0,true,2026-08-10T06:58:19.62Z,1.12.6,1.9.0-DEV,428070c0f9ad,4.16.0,1.3.11,ctbllib-fs2-q1-findall,2397,2038,2026-08-10T07:08:34.981Z
"NDG(2.HS,Q8).2",960,true,0,true,2026-08-10T06:58:19.62Z,1.12.6,1.9.0-DEV,428070c0f9ad,4.16.0,1.3.11,ctbllib-fs2-q1-findall,2397,2039,2026-08-10T07:08:35.247Z
"NDG(3.ON,D8)",1728,true,0,true,2026-08-10T06:58:19.62Z,1.12.6,1.9.0-DEV,428070c0f9ad,4.16.0,1.3.11,ctbllib-fs2-q1-findall,2397,2040,2026-08-10T07:08:35.262Z
"NDG(Co1,5^2)",36000,false,0,true,2026-08-10T06:58:19.62Z,1.12.6,1.9.0-DEV,428070c0f9ad,4.16.0,1.3.11,ctbllib-fs2-q1-findall,2397,2041,2026-08-10T07:08:35.274Z
"NDG(HN,3^2)",51840,false,0,true,2026-08-10T06:58:19.62Z,1.12.6,1.9.0-DEV,428070c0f9ad,4.16.0,1.3.11,ctbllib-fs2-q1-findall,2397,2042,2026-08-10T07:08:35.281Z
"NDG(HN.2,3^2)",103680,false,0,true,2026-08-10T06:58:19.62Z,1.12.6,1.9.0-DEV,428070c0f9ad,4.16.0,1.3.11,ctbllib-fs2-q1-findall,2397,2043,2026-08-10T07:08:35.295Z
"NDG(He.2,3^2)",3456,true,0,true,2026-08-10T06:58:19.62Z,1.12.6,1.9.0-DEV,428070c0f9ad,4.16.0,1.3.11,ctbllib-fs2-q1-findall,2397,2044,2026-08-10T07:08:35.299Z
"NDG(J4,3^2)",3456,true,0,true,2026-08-10T06:58:19.62Z,1.12.6,1.9.0-DEV,428070c0f9ad,4.16.0,1.3.11,ctbllib-fs2-q1-findall,2397,2045,2026-08-10T07:08:35.303Z
"NDG(ON,D8)",576,true,0,true,2026-08-10T06:58:19.62Z,1.12.6,1.9.0-DEV,428070c0f9ad,4.16.0,1.3.11,ctbllib-fs2-q1-findall,2397,2046,2026-08-10T07:08:35.307Z
"NDG(ON,D8).2",1152,true,0,true,2026-08-10T06:58:19.62Z,1.12.6,1.9.0-DEV,428070c0f9ad,4.16.0,1.3.11,ctbllib-fs2-q1-findall,2397,2047,2026-08-10T07:08:35.311Z
"NRS(M22,[2^6])",384,true,0,true,2026-08-10T06:58:19.62Z,1.12.6,1.9.0-DEV,428070c0f9ad,4.16.0,1.3.11,ctbllib-fs2-q1-findall,2397,2048,2026-08-10T07:08:35.313Z
"NRS(M24,2^(4+4))",9216,true,0,true,2026-08-10T06:58:19.62Z,1.12.6,1.9.0-DEV,428070c0f9ad,4.16.0,1.3.11,ctbllib-fs2-q1-findall,2397,2049,2026-08-10T07:08:35.319Z
O10+(2),23499295948800,false,0,true,2026-08-10T06:58:19.62Z,1.12.6,1.9.0-DEV,428070c0f9ad,4.16.0,1.3.11,ctbllib-fs2-q1-findall,2397,2050,2026-08-10T07:08:35.414Z
O10+(2).2,46998591897600,false,0,true,2026-08-10T06:58:19.62Z,1.12.6,1.9.0-DEV,428070c0f9ad,4.16.0,1.3.11,ctbllib-fs2-q1-findall,2397,2051,2026-08-10T07:08:35.493Z
O10+(3),1289512799941305139200,false,0,true,2026-08-10T06:58:19.62Z,1.12.6,1.9.0-DEV,428070c0f9ad,4.16.0,1.3.11,ctbllib-fs2-q1-findall,2397,2052,2026-08-10T07:08:36.667Z
O10-(2),25015379558400,false,0,true,2026-08-10T06:58:19.62Z,1.12.6,1.9.0-DEV,428070c0f9ad,4.16.0,1.3.11,ctbllib-fs2-q1-findall,2397,2053,2026-08-10T07:08:36.763Z
O10-(2).2,50030759116800,false,0,true,2026-08-10T06:58:19.62Z,1.12.6,1.9.0-DEV,428070c0f9ad,4.16.0,1.3.11,ctbllib-fs2-q1-findall,2397,2054,2026-08-10T07:08:36.845Z
O10-(3),650084965259666227200,false,0,true,2026-08-10T06:58:19.62Z,1.12.6,1.9.0-DEV,428070c0f9ad,4.16.0,1.3.11,ctbllib-fs2-q1-findall,2397,2055,2026-08-10T07:08:37.517Z
O12+(2),50027557148216524800,false,0,true,2026-08-10T06:58:19.62Z,1.12.6,1.9.0-DEV,428070c0f9ad,4.16.0,1.3.11,ctbllib-fs2-q1-findall,2397,2056,2026-08-10T07:08:37.877Z
O12+(2).2,100055114296433049600,false,0,true,2026-08-10T06:58:19.62Z,1.12.6,1.9.0-DEV,428070c0f9ad,4.16.0,1.3.11,ctbllib-fs2-q1-findall,2397,2057,2026-08-10T07:08:38.386Z
O12+(3),6762844700608770238252960972800,false,0,true,2026-08-10T06:58:19.62Z,1.12.6,1.9.0-DEV,428070c0f9ad,4.16.0,1.3.11,ctbllib-fs2-q1-findall,2397,2058,2026-08-10T07:08:45.034Z
O12-(2),51615733565620224000,false,0,true,2026-08-10T06:58:19.62Z,1.12.6,1.9.0-DEV,428070c0f9ad,4.16.0,1.3.11,ctbllib-fs2-q1-findall,2397,2059,2026-08-10T07:08:45.411Z
O12-(2).2,103231467131240448000,false,0,true,2026-08-10T06:58:19.62Z,1.12.6,1.9.0-DEV,428070c0f9ad,4.16.0,1.3.11,ctbllib-fs2-q1-findall,2397,2060,2026-08-10T07:08:45.917Z
O12-(3),13562847888583522730562256896000,false,0,true,2026-08-10T06:58:19.62Z,1.12.6,1.9.0-DEV,428070c0f9ad,4.16.0,1.3.11,ctbllib-fs2-q1-findall,2397,2061,2026-08-10T07:09:10.881Z
O7(3),4585351680,false,0,true,2026-08-10T06:58:19.62Z,1.12.6,1.9.0-DEV,428070c0f9ad,4.16.0,1.3.11,ctbllib-fs2-q1-findall,2397,2062,2026-08-10T07:09:10.902Z
O7(3).2,9170703360,false,0,true,2026-08-10T06:58:19.62Z,1.12.6,1.9.0-DEV,428070c0f9ad,4.16.0,1.3.11,ctbllib-fs2-q1-findall,2397,2063,2026-08-10T07:09:10.932Z
O7(3).2x2,18341406720,false,0,true,2026-08-10T06:58:19.62Z,1.12.6,1.9.0-DEV,428070c0f9ad,4.16.0,1.3.11,ctbllib-fs2-q1-findall,2397,2064,2026-08-10T07:09:11.557Z
O7(3)N3A,1259712,true,0,true,2026-08-10T06:58:19.62Z,1.12.6,1.9.0-DEV,428070c0f9ad,4.16.0,1.3.11,ctbllib-fs2-q1-findall,2397,2065,2026-08-10T07:09:11.63Z
O7(5),228501000000000,false,0,true,2026-08-10T06:58:19.62Z,1.12.6,1.9.0-DEV,428070c0f9ad,4.16.0,1.3.11,ctbllib-fs2-q1-findall,2397,2066,2026-08-10T07:09:11.787Z
O7(5).2,457002000000000,false,0,true,2026-08-10T06:58:19.62Z,1.12.6,1.9.0-DEV,428070c0f9ad,4.16.0,1.3.11,ctbllib-fs2-q1-findall,2397,2067,2026-08-10T07:09:12.15Z
O8+(2),174182400,false,0,true,2026-08-10T06:58:19.62Z,1.12.6,1.9.0-DEV,428070c0f9ad,4.16.0,1.3.11,ctbllib-fs2-q1-findall,2397,2068,2026-08-10T07:09:12.199Z
O8+(2).2,348364800,false,0,true,2026-08-10T06:58:19.62Z,1.12.6,1.9.0-DEV,428070c0f9ad,4.16.0,1.3.11,ctbllib-fs2-q1-findall,2397,2069,2026-08-10T07:09:12.213Z
O8+(2).3,522547200,false,0,true,2026-08-10T06:58:19.62Z,1.12.6,1.9.0-DEV,428070c0f9ad,4.16.0,1.3.11,ctbllib-fs2-q1-findall,2397,2070,2026-08-10T07:09:12.228Z
O8+(2).3.2,1045094400,false,0,true,2026-08-10T06:58:19.62Z,1.12.6,1.9.0-DEV,428070c0f9ad,4.16.0,1.3.11,ctbllib-fs2-q1-findall,2397,2071,2026-08-10T07:09:12.243Z
O8+(2):S3x2,2090188800,false,0,true,2026-08-10T06:58:19.62Z,1.12.6,1.9.0-DEV,428070c0f9ad,4.16.0,1.3.11,ctbllib-fs2-q1-findall,2397,2072,2026-08-10T07:09:12.405Z
O8+(2)N2,4096,true,0,true,2026-08-10T06:58:19.62Z,1.12.6,1.9.0-DEV,428070c0f9ad,4.16.0,1.3.11,ctbllib-fs2-q1-findall,2397,2073,2026-08-10T07:09:12.701Z
O8+(3),4952179814400,false,0,true,2026-08-10T06:58:19.62Z,1.12.6,1.9.0-DEV,428070c0f9ad,4.16.0,1.3.11,ctbllib-fs2-q1-findall,2397,2074,2026-08-10T07:09:12.779Z
O8+(3).(2^2)_{111},19808719257600,false,0,true,2026-08-10T06:58:19.62Z,1.12.6,1.9.0-DEV,428070c0f9ad,4.16.0,1.3.11,ctbllib-fs2-q1-findall,2397,2075,2026-08-10T07:09:12.904Z
O8+(3).(2^2)_{122},19808719257600,false,0,true,2026-08-10T06:58:19.62Z,1.12.6,1.9.0-DEV,428070c0f9ad,4.16.0,1.3.11,ctbllib-fs2-q1-findall,2397,2076,2026-08-10T07:09:13.033Z
O8+(3).2_1,9904359628800,false,0,true,2026-08-10T06:58:19.62Z,1.12.6,1.9.0-DEV,428070c0f9ad,4.16.0,1.3.11,ctbllib-fs2-q1-findall,2397,2077,2026-08-10T07:09:13.091Z
O8+(3).2_2,9904359628800,false,0,true,2026-08-10T06:58:19.62Z,1.12.6,1.9.0-DEV,428070c0f9ad,4.16.0,1.3.11,ctbllib-fs2-q1-findall,2397,2078,2026-08-10T07:09:13.615Z
O8+(3).3,14856539443200,false,0,true,2026-08-10T06:58:19.62Z,1.12.6,1.9.0-DEV,428070c0f9ad,4.16.0,1.3.11,ctbllib-fs2-q1-findall,2397,2079,2026-08-10T07:09:13.656Z
O8+(3).3.2,29713078886400,false,0,true,2026-08-10T06:58:19.62Z,1.12.6,1.9.0-DEV,428070c0f9ad,4.16.0,1.3.11,ctbllib-fs2-q1-findall,2397,2080,2026-08-10T07:09:13.703Z
O8+(3).4,19808719257600,false,0,true,2026-08-10T06:58:19.62Z,1.12.6,1.9.0-DEV,428070c0f9ad,4.16.0,1.3.11,ctbllib-fs2-q1-findall,2397,2081,2026-08-10T07:09:13.753Z
O8+(3).A4,59426157772800,false,0,true,2026-08-10T06:58:19.62Z,1.12.6,1.9.0-DEV,428070c0f9ad,4.16.0,1.3.11,ctbllib-fs2-q1-findall,2397,2082,2026-08-10T07:09:13.818Z
O8+(3).D8,39617438515200,false,0,true,2026-08-10T06:58:19.62Z,1.12.6,1.9.0-DEV,428070c0f9ad,4.16.0,1.3.11,ctbllib-fs2-q1-findall,2397,2083,2026-08-10T07:09:13.94Z
O8+(3).S4,118852315545600,false,0,true,2026-08-10T06:58:19.62Z,1.12.6,1.9.0-DEV,428070c0f9ad,4.16.0,1.3.11,ctbllib-fs2-q1-findall,2397,2084,2026-08-10T07:09:14.031Z
O8+(3)M14,136048896,true,0,true,2026-08-10T06:58:19.62Z,1.12.6,1.9.0-DEV,428070c0f9ad,4.16.0,1.3.11,ctbllib-fs2-q1-findall,2397,2085,2026-08-10T07:09:14.192Z
O8+(3)M27,331776,true,0,true,2026-08-10T06:58:19.62Z,1.12.6,1.9.0-DEV,428070c0f9ad,4.16.0,1.3.11,ctbllib-fs2-q1-findall,2397,2086,2026-08-10T07:09:14.244Z
O8+(7),112554991177798901760000,false,0,true,2026-08-10T06:58:19.62Z,1.12.6,1.9.0-DEV,428070c0f9ad,4.16.0,1.3.11,ctbllib-fs2-q1-findall,2397,2087,2026-08-10T07:09:24.716Z
O8-(2),197406720,false,0,true,2026-08-10T06:58:19.62Z,1.12.6,1.9.0-DEV,428070c0f9ad,4.16.0,1.3.11,ctbllib-fs2-q1-findall,2397,2088,2026-08-10T07:09:24.76Z
O8-(2).2,394813440,false,0,true,2026-08-10T06:58:19.62Z,1.12.6,1.9.0-DEV,428070c0f9ad,4.16.0,1.3.11,ctbllib-fs2-q1-findall,2397,2089,2026-08-10T07:09:24.774Z
O8-(3),10151968619520,false,0,true,2026-08-10T06:58:19.62Z,1.12.6,1.9.0-DEV,428070c0f9ad,4.16.0,1.3.11,ctbllib-fs2-q1-findall,2397,2090,2026-08-10T07:09:24.846Z
O8-(3).2^2,40607874478080,false,0,true,2026-08-10T06:58:19.62Z,1.12.6,1.9.0-DEV,428070c0f9ad,4.16.0,1.3.11,ctbllib-fs2-q1-findall,2397,2091,2026-08-10T07:09:24.978Z
O8-(3).2_1,20303937239040,false,0,true,2026-08-10T06:58:19.62Z,1.12.6,1.9.0-DEV,428070c0f9ad,4.16.0,1.3.11,ctbllib-fs2-q1-findall,2397,2092,2026-08-10T07:09:25.104Z
O8-(3).2_2,20303937239040,false,0,true,2026-08-10T06:58:19.62Z,1.12.6,1.9.0-DEV,428070c0f9ad,4.16.0,1.3.11,ctbllib-fs2-q1-findall,2397,2093,2026-08-10T07:09:25.25Z
O8-(3).2_3,20303937239040,false,0,true,2026-08-10T06:58:19.62Z,1.12.6,1.9.0-DEV,428070c0f9ad,4.16.0,1.3.11,ctbllib-fs2-q1-findall,2397,2094,2026-08-10T07:09:25.307Z
O9(3),65784756654489600,false,0,true,2026-08-10T06:58:19.62Z,1.12.6,1.9.0-DEV,428070c0f9ad,4.16.0,1.3.11,ctbllib-fs2-q1-findall,2397,2095,2026-08-10T07:09:25.498Z
ON,460815505920,false,0,true,2026-08-10T06:58:19.62Z,1.12.6,1.9.0-DEV,428070c0f9ad,4.16.0,1.3.11,ctbllib-fs2-q1-findall,2397,2096,2026-08-10T07:09:25.522Z
ON.2,921631011840,false,0,true,2026-08-10T06:58:19.62Z,1.12.6,1.9.0-DEV,428070c0f9ad,4.16.0,1.3.11,ctbllib-fs2-q1-findall,2397,2097,2026-08-10T07:09:25.536Z
ON.2N2,1024,true,0,true,2026-08-10T06:58:19.62Z,1.12.6,1.9.0-DEV,428070c0f9ad,4.16.0,1.3.11,ctbllib-fs2-q1-findall,2397,2098,2026-08-10T07:09:25.808Z
ONM5,25920,false,0,true,2026-08-10T06:58:19.62Z,1.12.6,1.9.0-DEV,428070c0f9ad,4.16.0,1.3.11,ctbllib-fs2-q1-findall,2397,2099,2026-08-10T07:09:26.307Z
P1/G1/L1/V1/ext2,960,false,0,true,2026-08-10T06:58:19.62Z,1.12.6,1.9.0-DEV,428070c0f9ad,4.16.0,1.3.11,ctbllib-fs2-q1-findall,2397,2100,2026-08-10T07:09:26.4Z
P1/G1/L1/V1/ext3,4860,false,0,true,2026-08-10T06:58:19.62Z,1.12.6,1.9.0-DEV,428070c0f9ad,4.16.0,1.3.11,ctbllib-fs2-q1-findall,2397,2101,2026-08-10T07:09:26.501Z
P1/G1/L1/V1/ext4,15360,false,0,true,2026-08-10T06:58:19.62Z,1.12.6,1.9.0-DEV,428070c0f9ad,4.16.0,1.3.11,ctbllib-fs2-q1-findall,2397,2102,2026-08-10T07:09:26.608Z
P1/G1/L1/V1/ext5,37500,false,0,true,2026-08-10T06:58:19.62Z,1.12.6,1.9.0-DEV,428070c0f9ad,4.16.0,1.3.11,ctbllib-fs2-q1-findall,2397,2103,2026-08-10T07:09:26.767Z
P1/G1/L1/V1/ext6,77760,false,0,true,2026-08-10T06:58:19.62Z,1.12.6,1.9.0-DEV,428070c0f9ad,4.16.0,1.3.11,ctbllib-fs2-q1-findall,2397,2104,2026-08-10T07:09:26.956Z
P1/G1/L1/V2/ext3,4860,false,0,true,2026-08-10T06:58:19.62Z,1.12.6,1.9.0-DEV,428070c0f9ad,4.16.0,1.3.11,ctbllib-fs2-q1-findall,2397,2105,2026-08-10T07:09:27.057Z
P1/G1/L1/V2/ext6,77760,false,0,true,2026-08-10T06:58:19.62Z,1.12.6,1.9.0-DEV,428070c0f9ad,4.16.0,1.3.11,ctbllib-fs2-q1-findall,2397,2106,2026-08-10T07:09:27.258Z
P1/G2/L1/V1/ext2,1920,false,0,true,2026-08-10T06:58:19.62Z,1.12.6,1.9.0-DEV,428070c0f9ad,4.16.0,1.3.11,ctbllib-fs2-q1-findall,2397,2107,2026-08-10T07:09:27.369Z
P1/G2/L1/V1/ext3,14580,false,0,true,2026-08-10T06:58:19.62Z,1.12.6,1.9.0-DEV,428070c0f9ad,4.16.0,1.3.11,ctbllib-fs2-q1-findall,2397,2108,2026-08-10T07:09:27.514Z
P1/G2/L1/V1/ext4,61440,false,0,true,2026-08-10T06:58:19.62Z,1.12.6,1.9.0-DEV,428070c0f9ad,4.16.0,1.3.11,ctbllib-fs2-q1-findall,2397,2109,2026-08-10T07:09:27.682Z
P1/G2/L1/V2/ext2,1920,false,0,true,2026-08-10T06:58:19.62Z,1.12.6,1.9.0-DEV,428070c0f9ad,4.16.0,1.3.11,ctbllib-fs2-q1-findall,2397,2110,2026-08-10T07:09:27.926Z
P1/G2/L1/V2/ext4,61440,false,0,true,2026-08-10T06:58:19.62Z,1.12.6,1.9.0-DEV,428070c0f9ad,4.16.0,1.3.11,ctbllib-fs2-q1-findall,2397,2111,2026-08-10T07:09:28.088Z
P1/G2/L2/V2/ext2,1920,false,0,true,2026-08-10T06:58:19.62Z,1.12.6,1.9.0-DEV,428070c0f9ad,4.16.0,1.3.11,ctbllib-fs2-q1-findall,2397,2112,2026-08-10T07:09:28.189Z
P1/G2/L2/V2/ext4,61440,false,0,true,2026-08-10T06:58:19.62Z,1.12.6,1.9.0-DEV,428070c0f9ad,4.16.0,1.3.11,ctbllib-fs2-q1-findall,2397,2113,2026-08-10T07:09:28.346Z
P1/G3/L2/V1/ext2,3840,false,0,true,2026-08-10T06:58:19.62Z,1.12.6,1.9.0-DEV,428070c0f9ad,4.16.0,1.3.11,ctbllib-fs2-q1-findall,2397,2114,2026-08-10T07:09:28.459Z
P1/G3/L2/V1/ext3,43740,false,0,true,2026-08-10T06:58:19.62Z,1.12.6,1.9.0-DEV,428070c0f9ad,4.16.0,1.3.11,ctbllib-fs2-q1-findall,2397,2115,2026-08-10T07:09:28.573Z
P11/G1/L1/V1/ext2,10752,false,0,true,2026-08-10T06:58:19.62Z,1.12.6,1.9.0-DEV,428070c0f9ad,4.16.0,1.3.11,ctbllib-fs2-q1-findall,2397,2116,2026-08-10T07:09:28.677Z
P11/G1/L1/V1/ext3,122472,false,0,true,2026-08-10T06:58:19.62Z,1.12.6,1.9.0-DEV,428070c0f9ad,4.16.0,1.3.11,ctbllib-fs2-q1-findall,2397,2117,2026-08-10T07:09:28.747Z
P11/G1/L1/V1/ext4,688128,false,0,true,2026-08-10T06:58:19.62Z,1.12.6,1.9.0-DEV,428070c0f9ad,4.16.0,1.3.11,ctbllib-fs2-q1-findall,2397,2118,2026-08-10T07:09:28.954Z
P11/G1/L1/V2/ext2,10752,false,0,true,2026-08-10T06:58:19.62Z,1.12.6,1.9.0-DEV,428070c0f9ad,4.16.0,1.3.11,ctbllib-fs2-q1-findall,2397,2119,2026-08-10T07:09:29.056Z
P11/G1/L1/V2/ext4,688128,false,0,true,2026-08-10T06:58:19.62Z,1.12.6,1.9.0-DEV,428070c0f9ad,4.16.0,1.3.11,ctbllib-fs2-q1-findall,2397,2120,2026-08-10T07:09:29.36Z
P11/G1/L1/V3/ext2,10752,false,0,true,2026-08-10T06:58:19.62Z,1.12.6,1.9.0-DEV,428070c0f9ad,4.16.0,1.3.11,ctbllib-fs2-q1-findall,2397,2121,2026-08-10T07:09:29.463Z
P11/G1/L1/V3/ext4,688128,false,0,true,2026-08-10T06:58:19.62Z,1.12.6,1.9.0-DEV,428070c0f9ad,4.16.0,1.3.11,ctbllib-fs2-q1-findall,2397,2122,2026-08-10T07:09:29.651Z
P11/G2/L1/V1/ext2,10752,false,0,true,2026-08-10T06:58:19.62Z,1.12.6,1.9.0-DEV,428070c0f9ad,4.16.0,1.3.11,ctbllib-fs2-q1-findall,2397,2123,2026-08-10T07:09:29.755Z
P11/G2/L1/V1/ext3,122472,false,0,true,2026-08-10T06:58:19.62Z,1.12.6,1.9.0-DEV,428070c0f9ad,4.16.0,1.3.11,ctbllib-fs2-q1-findall,2397,2124,2026-08-10T07:09:29.967Z
P11/G2/L1/V2/ext2,10752,false,0,true,2026-08-10T06:58:19.62Z,1.12.6,1.9.0-DEV,428070c0f9ad,4.16.0,1.3.11,ctbllib-fs2-q1-findall,2397,2125,2026-08-10T07:09:30.073Z
P11/G3/L1/V1/ext2,21504,false,0,true,2026-08-10T06:58:19.62Z,1.12.6,1.9.0-DEV,428070c0f9ad,4.16.0,1.3.11,ctbllib-fs2-q1-findall,2397,2126,2026-08-10T07:09:30.19Z
P11/G3/L1/V1/ext3,367416,false,0,true,2026-08-10T06:58:19.62Z,1.12.6,1.9.0-DEV,428070c0f9ad,4.16.0,1.3.11,ctbllib-fs2-q1-findall,2397,2127,2026-08-10T07:09:30.411Z
P11/G3/L1/V2/ext3,367416,false,0,true,2026-08-10T06:58:19.62Z,1.12.6,1.9.0-DEV,428070c0f9ad,4.16.0,1.3.11,ctbllib-fs2-q1-findall,2397,2128,2026-08-10T07:09:30.549Z
P11/G3/L3/V1/ext2,21504,false,0,true,2026-08-10T06:58:19.62Z,1.12.6,1.9.0-DEV,428070c0f9ad,4.16.0,1.3.11,ctbllib-fs2-q1-findall,2397,2129,2026-08-10T07:09:30.667Z
P11/G3/L4/V2/ext2,21504,false,0,true,2026-08-10T06:58:19.62Z,1.12.6,1.9.0-DEV,428070c0f9ad,4.16.0,1.3.11,ctbllib-fs2-q1-findall,2397,2130,2026-08-10T07:09:30.817Z
P11/G4/L1/V1/ext2,43008,false,0,true,2026-08-10T06:58:19.62Z,1.12.6,1.9.0-DEV,428070c0f9ad,4.16.0,1.3.11,ctbllib-fs2-q1-findall,2397,2131,2026-08-10T07:09:30.894Z
P11/G4/L1/V1/ext3,1102248,false,0,true,2026-08-10T06:58:19.62Z,1.12.6,1.9.0-DEV,428070c0f9ad,4.16.0,1.3.11,ctbllib-fs2-q1-findall,2397,2132,2026-08-10T07:09:31.174Z
P12/G1/L2/V1/ext2,86016,false,0,true,2026-08-10T06:58:19.62Z,1.12.6,1.9.0-DEV,428070c0f9ad,4.16.0,1.3.11,ctbllib-fs2-q1-findall,2397,2133,2026-08-10T07:09:31.444Z
P12/G1/L2/V1/ext3,2204496,false,0,true,2026-08-10T06:58:19.62Z,1.12.6,1.9.0-DEV,428070c0f9ad,4.16.0,1.3.11,ctbllib-fs2-q1-findall,2397,2134,2026-08-10T07:09:31.602Z
P13/G1/L2/V1/ext2,172032,false,0,true,2026-08-10T06:58:19.62Z,1.12.6,1.9.0-DEV,428070c0f9ad,4.16.0,1.3.11,ctbllib-fs2-q1-findall,2397,2135,2026-08-10T07:09:31.718Z
P13/G1/L2/V1/ext3,2939328,false,0,true,2026-08-10T06:58:19.62Z,1.12.6,1.9.0-DEV,428070c0f9ad,4.16.0,1.3.11,ctbllib-fs2-q1-findall,2397,2136,2026-08-10T07:09:32.032Z
P13/G1/L6/V1/ext2,172032,false,0,true,2026-08-10T06:58:19.62Z,1.12.6,1.9.0-DEV,428070c0f9ad,4.16.0,1.3.11,ctbllib-fs2-q1-findall,2397,2137,2026-08-10T07:09:32.133Z
P1L82,20972799094947840,false,0,true,2026-08-10T06:58:19.62Z,1.12.6,1.9.0-DEV,428070c0f9ad,4.16.0,1.3.11,ctbllib-fs2-q1-findall,2397,2138,2026-08-10T07:09:32.976Z
P2/G1/L1/V1/ext2,30720,false,0,true,2026-08-10T06:58:19.62Z,1.12.6,1.9.0-DEV,428070c0f9ad,4.16.0,1.3.11,ctbllib-fs2-q1-findall,2397,2139,2026-08-10T07:09:33.112Z
P2/G1/L1/V1/ext3,787320,false,0,true,2026-08-10T06:58:19.62Z,1.12.6,1.9.0-DEV,428070c0f9ad,4.16.0,1.3.11,ctbllib-fs2-q1-findall,2397,2140,2026-08-10T07:09:33.33Z
P2/G2/L1/V1/ext2,30720,false,0,true,2026-08-10T06:58:19.62Z,1.12.6,1.9.0-DEV,428070c0f9ad,4.16.0,1.3.11,ctbllib-fs2-q1-findall,2397,2141,2026-08-10T07:09:33.444Z
P2/G2/L1/V1/ext3,787320,false,0,true,2026-08-10T06:58:19.62Z,1.12.6,1.9.0-DEV,428070c0f9ad,4.16.0,1.3.11,ctbllib-fs2-q1-findall,2397,2142,2026-08-10T07:09:33.677Z
P2/G2/L1/V2/ext2,30720,false,0,true,2026-08-10T06:58:19.62Z,1.12.6,1.9.0-DEV,428070c0f9ad,4.16.0,1.3.11,ctbllib-fs2-q1-findall,2397,2143,2026-08-10T07:09:34.149Z
P21/G1/L1/V1/ext2,11520,false,0,true,2026-08-10T06:58:19.62Z,1.12.6,1.9.0-DEV,428070c0f9ad,4.16.0,1.3.11,ctbllib-fs2-q1-findall,2397,2144,2026-08-10T07:09:34.254Z
P21/G1/L1/V1/ext3,87480,false,0,true,2026-08-10T06:58:19.62Z,1.12.6,1.9.0-DEV,428070c0f9ad,4.16.0,1.3.11,ctbllib-fs2-q1-findall,2397,2145,2026-08-10T07:09:34.406Z
P21/G1/L1/V1/ext4,368640,false,0,true,2026-08-10T06:58:19.62Z,1.12.6,1.9.0-DEV,428070c0f9ad,4.16.0,1.3.11,ctbllib-fs2-q1-findall,2397,2146,2026-08-10T07:09:34.626Z
P21/G1/L3/V2/ext3,87480,false,0,true,2026-08-10T06:58:19.62Z,1.12.6,1.9.0-DEV,428070c0f9ad,4.16.0,1.3.11,ctbllib-fs2-q1-findall,2397,2147,2026-08-10T07:09:34.755Z
P21/G2/L1/V1/ext2,184320,false,0,true,2026-08-10T06:58:19.62Z,1.12.6,1.9.0-DEV,428070c0f9ad,4.16.0,1.3.11,ctbllib-fs2-q1-findall,2397,2148,2026-08-10T07:09:34.897Z
P21/G2/L1/V3/ext2,184320,false,0,true,2026-08-10T06:58:19.62Z,1.12.6,1.9.0-DEV,428070c0f9ad,4.16.0,1.3.11,ctbllib-fs2-q1-findall,2397,2149,2026-08-10T07:09:35.037Z
P21/G2/L2/V1/ext2,184320,false,0,true,2026-08-10T06:58:19.62Z,1.12.6,1.9.0-DEV,428070c0f9ad,4.16.0,1.3.11,ctbllib-fs2-q1-findall,2397,2150,2026-08-10T07:09:37.16Z
P21/G2/L2/V3/ext2,184320,false,0,true,2026-08-10T06:58:19.62Z,1.12.6,1.9.0-DEV,428070c0f9ad,4.16.0,1.3.11,ctbllib-fs2-q1-findall,2397,2151,2026-08-10T07:09:37.316Z
P21/G2/L5/V2/ext2,184320,false,0,true,2026-08-10T06:58:19.62Z,1.12.6,1.9.0-DEV,428070c0f9ad,4.16.0,1.3.11,ctbllib-fs2-q1-findall,2397,2152,2026-08-10T07:09:37.494Z
P21/G3/L2/V1/ext2,368640,false,0,true,2026-08-10T06:58:19.62Z,1.12.6,1.9.0-DEV,428070c0f9ad,4.16.0,1.3.11,ctbllib-fs2-q1-findall,2397,2153,2026-08-10T07:09:37.678Z
P27/G1/L1/V1/ext2,161280,false,0,true,2026-08-10T06:58:19.62Z,1.12.6,1.9.0-DEV,428070c0f9ad,4.16.0,1.3.11,ctbllib-fs2-q1-findall,2397,2154,2026-08-10T07:09:37.768Z
P27/G1/L1/V1/ext3,1837080,false,0,true,2026-08-10T06:58:19.62Z,1.12.6,1.9.0-DEV,428070c0f9ad,4.16.0,1.3.11,ctbllib-fs2-q1-findall,2397,2155,2026-08-10T07:09:37.977Z
P27/G1/L1/V1/ext4,10321920,false,0,true,2026-08-10T06:58:19.62Z,1.12.6,1.9.0-DEV,428070c0f9ad,4.16.0,1.3.11,ctbllib-fs2-q1-findall,2397,2156,2026-08-10T07:09:38.443Z
P2L62,30965760,false,0,true,2026-08-10T06:58:19.62Z,1.12.6,1.9.0-DEV,428070c0f9ad,4.16.0,1.3.11,ctbllib-fs2-q1-findall,2397,2157,2026-08-10T07:09:38.502Z
P2L82,495420451061760,false,0,true,2026-08-10T06:58:19.62Z,1.12.6,1.9.0-DEV,428070c0f9ad,4.16.0,1.3.11,ctbllib-fs2-q1-findall,2397,2158,2026-08-10T07:09:39.397Z
P31/G1/L1/V1/ext2,2580480,false,0,true,2026-08-10T06:58:19.62Z,1.12.6,1.9.0-DEV,428070c0f9ad,4.16.0,1.3.11,ctbllib-fs2-q1-findall,2397,2159,2026-08-10T07:09:39.52Z
P31/G1/L1/V1/ext3,44089920,false,0,true,2026-08-10T06:58:19.62Z,1.12.6,1.9.0-DEV,428070c0f9ad,4.16.0,1.3.11,ctbllib-fs2-q1-findall,2397,2160,2026-08-10T07:09:39.859Z
P3L62,14450688,false,0,true,2026-08-10T06:58:19.62Z,1.12.6,1.9.0-DEV,428070c0f9ad,4.16.0,1.3.11,ctbllib-fs2-q1-findall,2397,2161,2026-08-10T07:09:39.918Z
P41/G1/L1/V1/ext2,64512,false,0,true,2026-08-10T06:58:19.62Z,1.12.6,1.9.0-DEV,428070c0f9ad,4.16.0,1.3.11,ctbllib-fs2-q1-findall,2397,2162,2026-08-10T07:09:39.995Z
P41/G1/L1/V1/ext3,1102248,false,0,true,2026-08-10T06:58:19.62Z,1.12.6,1.9.0-DEV,428070c0f9ad,4.16.0,1.3.11,ctbllib-fs2-q1-findall,2397,2163,2026-08-10T07:09:40.111Z
P41/G1/L1/V2/ext2,64512,false,0,true,2026-08-10T06:58:19.62Z,1.12.6,1.9.0-DEV,428070c0f9ad,4.16.0,1.3.11,ctbllib-fs2-q1-findall,2397,2164,2026-08-10T07:09:40.192Z
P41/G1/L1/V3/ext3,1102248,false,0,true,2026-08-10T06:58:19.62Z,1.12.6,1.9.0-DEV,428070c0f9ad,4.16.0,1.3.11,ctbllib-fs2-q1-findall,2397,2165,2026-08-10T07:09:40.316Z
P41/G1/L1/V4/ext2,64512,false,0,true,2026-08-10T06:58:19.62Z,1.12.6,1.9.0-DEV,428070c0f9ad,4.16.0,1.3.11,ctbllib-fs2-q1-findall,2397,2166,2026-08-10T07:09:40.397Z
P41/G2/L1/V1/ext2,129024,false,0,true,2026-08-10T06:58:19.62Z,1.12.6,1.9.0-DEV,428070c0f9ad,4.16.0,1.3.11,ctbllib-fs2-q1-findall,2397,2167,2026-08-10T07:09:40.499Z
P41/G2/L1/V1/ext3,3306744,false,0,true,2026-08-10T06:58:19.62Z,1.12.6,1.9.0-DEV,428070c0f9ad,4.16.0,1.3.11,ctbllib-fs2-q1-findall,2397,2168,2026-08-10T07:09:40.714Z
P43/G1/L1/V1/ext2,675840,false,0,true,2026-08-10T06:58:19.62Z,1.12.6,1.9.0-DEV,428070c0f9ad,4.16.0,1.3.11,ctbllib-fs2-q1-findall,2397,2169,2026-08-10T07:09:41.661Z
P43/G3/L1/V1/ext2,675840,false,0,true,2026-08-10T06:58:19.62Z,1.12.6,1.9.0-DEV,428070c0f9ad,4.16.0,1.3.11,ctbllib-fs2-q1-findall,2397,2170,2026-08-10T07:09:41.766Z
P43/G3/L1/V2/ext2,675840,false,0,true,2026-08-10T06:58:19.62Z,1.12.6,1.9.0-DEV,428070c0f9ad,4.16.0,1.3.11,ctbllib-fs2-q1-findall,2397,2171,2026-08-10T07:09:41.87Z
P48/G1/L1/V1/ext2,8110080,false,0,true,2026-08-10T06:58:19.62Z,1.12.6,1.9.0-DEV,428070c0f9ad,4.16.0,1.3.11,ctbllib-fs2-q1-findall,2397,2172,2026-08-10T07:09:42.065Z
P48/G1/L1/V2/ext2,8110080,false,0,true,2026-08-10T06:58:19.62Z,1.12.6,1.9.0-DEV,428070c0f9ad,4.16.0,1.3.11,ctbllib-fs2-q1-findall,2397,2173,2026-08-10T07:09:42.259Z
P49/G1/L1/V1/ext2,774144,false,0,true,2026-08-10T06:58:19.62Z,1.12.6,1.9.0-DEV,428070c0f9ad,4.16.0,1.3.11,ctbllib-fs2-q1-findall,2397,2174,2026-08-10T07:09:42.38Z
P49/G1/L1/V1/ext3,13226976,false,0,true,2026-08-10T06:58:19.62Z,1.12.6,1.9.0-DEV,428070c0f9ad,4.16.0,1.3.11,ctbllib-fs2-q1-findall,2397,2175,2026-08-10T07:09:42.485Z
P49/G1/L1/V2/ext3,13226976,false,0,true,2026-08-10T06:58:19.62Z,1.12.6,1.9.0-DEV,428070c0f9ad,4.16.0,1.3.11,ctbllib-fs2-q1-findall,2397,2176,2026-08-10T07:09:42.585Z
P50/G1/L1/V1/ext2,1658880,false,0,true,2026-08-10T06:58:19.62Z,1.12.6,1.9.0-DEV,428070c0f9ad,4.16.0,1.3.11,ctbllib-fs2-q1-findall,2397,2177,2026-08-10T07:09:42.785Z
P50/G1/L1/V1/ext3,18895680,false,0,true,2026-08-10T06:58:19.62Z,1.12.6,1.9.0-DEV,428070c0f9ad,4.16.0,1.3.11,ctbllib-fs2-q1-findall,2397,2178,2026-08-10T07:09:43.244Z
P50/G1/L1/V1/ext4,106168320,false,0,true,2026-08-10T06:58:19.62Z,1.12.6,1.9.0-DEV,428070c0f9ad,4.16.0,1.3.11,ctbllib-fs2-q1-findall,2397,2179,2026-08-10T07:09:43.804Z
Q8,8,true,0,true,2026-08-10T06:58:19.62Z,1.12.6,1.9.0-DEV,428070c0f9ad,4.16.0,1.3.11,ctbllib-fs2-q1-findall,2397,2180,2026-08-10T07:09:43.825Z
QD16.2,32,true,0,true,2026-08-10T06:58:19.62Z,1.12.6,1.9.0-DEV,428070c0f9ad,4.16.0,1.3.11,ctbllib-fs2-q1-findall,2397,2181,2026-08-10T07:09:44.275Z
R(27),10073444472,false,0,true,2026-08-10T06:58:19.62Z,1.12.6,1.9.0-DEV,428070c0f9ad,4.16.0,1.3.11,ctbllib-fs2-q1-findall,2397,2182,2026-08-10T07:09:44.308Z
R(27).3,30220333416,false,0,true,2026-08-10T06:58:19.62Z,1.12.6,1.9.0-DEV,428070c0f9ad,4.16.0,1.3.11,ctbllib-fs2-q1-findall,2397,2183,2026-08-10T07:09:44.323Z
Ru,145926144000,false,0,true,2026-08-10T06:58:19.62Z,1.12.6,1.9.0-DEV,428070c0f9ad,4.16.0,1.3.11,ctbllib-fs2-q1-findall,2397,2184,2026-08-10T07:09:44.348Z
RuN2,16384,true,0,true,2026-08-10T06:58:19.62Z,1.12.6,1.9.0-DEV,428070c0f9ad,4.16.0,1.3.11,ctbllib-fs2-q1-findall,2397,2185,2026-08-10T07:09:44.398Z
S10(2),24815256521932800,false,0,true,2026-08-10T06:58:19.62Z,1.12.6,1.9.0-DEV,428070c0f9ad,4.16.0,1.3.11,ctbllib-fs2-q1-findall,2397,2186,2026-08-10T07:09:44.539Z
S10x2,7257600,false,0,true,2026-08-10T06:58:19.62Z,1.12.6,1.9.0-DEV,428070c0f9ad,4.16.0,1.3.11,ctbllib-fs2-q1-findall,2397,2187,2026-08-10T07:09:44.599Z
S10xS3,21772800,false,0,true,2026-08-10T06:58:19.62Z,1.12.6,1.9.0-DEV,428070c0f9ad,4.16.0,1.3.11,ctbllib-fs2-q1-findall,2397,2188,2026-08-10T07:09:44.68Z
S11x2,79833600,false,0,true,2026-08-10T06:58:19.62Z,1.12.6,1.9.0-DEV,428070c0f9ad,4.16.0,1.3.11,ctbllib-fs2-q1-findall,2397,2189,2026-08-10T07:09:44.754Z
S12(2),208114637736580743168000,false,0,true,2026-08-10T06:58:19.62Z,1.12.6,1.9.0-DEV,428070c0f9ad,4.16.0,1.3.11,ctbllib-fs2-q1-findall,2397,2190,2026-08-10T07:09:45.62Z
S3,6,true,0,true,2026-08-10T06:58:19.62Z,1.12.6,1.9.0-DEV,428070c0f9ad,4.16.0,1.3.11,ctbllib-fs2-q1-findall,2397,2191,2026-08-10T07:09:45.624Z
S3wrS4,31104,true,0,true,2026-08-10T06:58:19.62Z,1.12.6,1.9.0-DEV,428070c0f9ad,4.16.0,1.3.11,ctbllib-fs2-q1-findall,2397,2192,2026-08-10T07:09:45.657Z
"S3x(3xSL(2,3)):2",864,true,0,true,2026-08-10T06:58:19.62Z,1.12.6,1.9.0-DEV,428070c0f9ad,4.16.0,1.3.11,ctbllib-fs2-q1-findall,2397,2193,2026-08-10T07:09:46.207Z
S3x13:6,468,true,0,true,2026-08-10T06:58:19.62Z,1.12.6,1.9.0-DEV,428070c0f9ad,4.16.0,1.3.11,ctbllib-fs2-q1-findall,2397,2194,2026-08-10T07:09:46.236Z
S3x2,12,true,0,true,2026-08-10T06:58:19.62Z,1.12.6,1.9.0-DEV,428070c0f9ad,4.16.0,1.3.11,ctbllib-fs2-q1-findall,2397,2195,2026-08-10T07:09:46.609Z
S3x2.A5,720,false,0,true,2026-08-10T06:58:19.62Z,1.12.6,1.9.0-DEV,428070c0f9ad,4.16.0,1.3.11,ctbllib-fs2-q1-findall,2397,2196,2026-08-10T07:09:46.912Z
S3x2.S4,288,true,0,true,2026-08-10T06:58:19.62Z,1.12.6,1.9.0-DEV,428070c0f9ad,4.16.0,1.3.11,ctbllib-fs2-q1-findall,2397,2197,2026-08-10T07:09:47.183Z
S3x2.U4(3).2_2,78382080,false,0,true,2026-08-10T06:58:19.62Z,1.12.6,1.9.0-DEV,428070c0f9ad,4.16.0,1.3.11,ctbllib-fs2-q1-findall,2397,2198,2026-08-10T07:09:47.432Z
S3x3.S6,12960,false,0,true,2026-08-10T06:58:19.62Z,1.12.6,1.9.0-DEV,428070c0f9ad,4.16.0,1.3.11,ctbllib-fs2-q1-findall,2397,2199,2026-08-10T07:09:47.749Z
S3x3^(1+2)+:2A4,3888,true,0,true,2026-08-10T06:58:19.62Z,1.12.6,1.9.0-DEV,428070c0f9ad,4.16.0,1.3.11,ctbllib-fs2-q1-findall,2397,2200,2026-08-10T07:09:47.792Z
S3x3_1.U4(3).2_2,117573120,false,0,true,2026-08-10T06:58:19.62Z,1.12.6,1.9.0-DEV,428070c0f9ad,4.16.0,1.3.11,ctbllib-fs2-q1-findall,2397,2201,2026-08-10T07:09:48.429Z
S3x5:4,120,true,0,true,2026-08-10T06:58:19.62Z,1.12.6,1.9.0-DEV,428070c0f9ad,4.16.0,1.3.11,ctbllib-fs2-q1-findall,2397,2202,2026-08-10T07:09:48.933Z
S3x6_1.U4(3).2_2,235146240,false,0,true,2026-08-10T06:58:19.62Z,1.12.6,1.9.0-DEV,428070c0f9ad,4.16.0,1.3.11,ctbllib-fs2-q1-findall,2397,2203,2026-08-10T07:09:50.165Z
S3x7:6,252,true,0,true,2026-08-10T06:58:19.62Z,1.12.6,1.9.0-DEV,428070c0f9ad,4.16.0,1.3.11,ctbllib-fs2-q1-findall,2397,2204,2026-08-10T07:09:50.209Z
S3xA5,360,false,0,true,2026-08-10T06:58:19.62Z,1.12.6,1.9.0-DEV,428070c0f9ad,4.16.0,1.3.11,ctbllib-fs2-q1-findall,2397,2205,2026-08-10T07:09:50.802Z
S3xFi22.2,774741019852800,false,0,true,2026-08-10T06:58:19.62Z,1.12.6,1.9.0-DEV,428070c0f9ad,4.16.0,1.3.11,ctbllib-fs2-q1-findall,2397,2206,2026-08-10T07:09:51.246Z
S3xJ2.2,7257600,false,0,true,2026-08-10T06:58:19.62Z,1.12.6,1.9.0-DEV,428070c0f9ad,4.16.0,1.3.11,ctbllib-fs2-q1-findall,2397,2207,2026-08-10T07:09:51.325Z
S3xL2(8),3024,false,0,true,2026-08-10T06:58:19.62Z,1.12.6,1.9.0-DEV,428070c0f9ad,4.16.0,1.3.11,ctbllib-fs2-q1-findall,2397,2208,2026-08-10T07:09:51.353Z
S3xM12.2,1140480,false,0,true,2026-08-10T06:58:19.62Z,1.12.6,1.9.0-DEV,428070c0f9ad,4.16.0,1.3.11,ctbllib-fs2-q1-findall,2397,2209,2026-08-10T07:09:51.424Z
S3xO7(3),27512110080,false,0,true,2026-08-10T06:58:19.62Z,1.12.6,1.9.0-DEV,428070c0f9ad,4.16.0,1.3.11,ctbllib-fs2-q1-findall,2397,2210,2026-08-10T07:09:51.584Z
S3xO8+(3):S3,178278473318400,false,0,true,2026-08-10T06:58:19.62Z,1.12.6,1.9.0-DEV,428070c0f9ad,4.16.0,1.3.11,ctbllib-fs2-q1-findall,2397,2211,2026-08-10T07:09:52.116Z
S3xS3,36,true,0,true,2026-08-10T06:58:19.62Z,1.12.6,1.9.0-DEV,428070c0f9ad,4.16.0,1.3.11,ctbllib-fs2-q1-findall,2397,2212,2026-08-10T07:09:52.121Z
S3xS6,4320,false,0,true,2026-08-10T06:58:19.62Z,1.12.6,1.9.0-DEV,428070c0f9ad,4.16.0,1.3.11,ctbllib-fs2-q1-findall,2397,2213,2026-08-10T07:09:52.691Z
S3xS6(2),8709120,false,0,true,2026-08-10T06:58:19.62Z,1.12.6,1.9.0-DEV,428070c0f9ad,4.16.0,1.3.11,ctbllib-fs2-q1-findall,2397,2214,2026-08-10T07:09:52.792Z
S3xTh,544475663327232000,false,0,true,2026-08-10T06:58:19.62Z,1.12.6,1.9.0-DEV,428070c0f9ad,4.16.0,1.3.11,ctbllib-fs2-q1-findall,2397,2215,2026-08-10T07:09:53.091Z
S3xU4(2),155520,false,0,true,2026-08-10T06:58:19.62Z,1.12.6,1.9.0-DEV,428070c0f9ad,4.16.0,1.3.11,ctbllib-fs2-q1-findall,2397,2216,2026-08-10T07:09:53.123Z
S3xU4(2).2,311040,false,0,true,2026-08-10T06:58:19.62Z,1.12.6,1.9.0-DEV,428070c0f9ad,4.16.0,1.3.11,ctbllib-fs2-q1-findall,2397,2217,2026-08-10T07:09:53.41Z
S3xU4(3),19595520,false,0,true,2026-08-10T06:58:19.62Z,1.12.6,1.9.0-DEV,428070c0f9ad,4.16.0,1.3.11,ctbllib-fs2-q1-findall,2397,2218,2026-08-10T07:09:53.525Z
S3xU4(3).(2^2)_{122},78382080,false,0,true,2026-08-10T06:58:19.62Z,1.12.6,1.9.0-DEV,428070c0f9ad,4.16.0,1.3.11,ctbllib-fs2-q1-findall,2397,2219,2026-08-10T07:09:53.753Z
S3xU4(3).2_2,39191040,false,0,true,2026-08-10T06:58:19.62Z,1.12.6,1.9.0-DEV,428070c0f9ad,4.16.0,1.3.11,ctbllib-fs2-q1-findall,2397,2220,2026-08-10T07:09:53.942Z
S4(4),979200,false,0,true,2026-08-10T06:58:19.62Z,1.12.6,1.9.0-DEV,428070c0f9ad,4.16.0,1.3.11,ctbllib-fs2-q1-findall,2397,2221,2026-08-10T07:09:53.971Z
S4(4).2,1958400,false,0,true,2026-08-10T06:58:19.62Z,1.12.6,1.9.0-DEV,428070c0f9ad,4.16.0,1.3.11,ctbllib-fs2-q1-findall,2397,2222,2026-08-10T07:09:53.977Z
S4(4).4,3916800,false,0,true,2026-08-10T06:58:19.62Z,1.12.6,1.9.0-DEV,428070c0f9ad,4.16.0,1.3.11,ctbllib-fs2-q1-findall,2397,2223,2026-08-10T07:09:53.981Z
S4(5),4680000,false,0,true,2026-08-10T06:58:19.62Z,1.12.6,1.9.0-DEV,428070c0f9ad,4.16.0,1.3.11,ctbllib-fs2-q1-findall,2397,2224,2026-08-10T07:09:53.992Z
S4(5).2,9360000,false,0,true,2026-08-10T06:58:19.62Z,1.12.6,1.9.0-DEV,428070c0f9ad,4.16.0,1.3.11,ctbllib-fs2-q1-findall,2397,2225,2026-08-10T07:09:54.003Z
S4(7),138297600,false,0,true,2026-08-10T06:58:19.62Z,1.12.6,1.9.0-DEV,428070c0f9ad,4.16.0,1.3.11,ctbllib-fs2-q1-findall,2397,2226,2026-08-10T07:09:54.073Z
S4(7).2,276595200,false,0,true,2026-08-10T06:58:19.62Z,1.12.6,1.9.0-DEV,428070c0f9ad,4.16.0,1.3.11,ctbllib-fs2-q1-findall,2397,2227,2026-08-10T07:09:54.098Z
S4(8),1056706560,false,0,true,2026-08-10T06:58:19.62Z,1.12.6,1.9.0-DEV,428070c0f9ad,4.16.0,1.3.11,ctbllib-fs2-q1-findall,2397,2228,2026-08-10T07:09:56.28Z
S4(8).3,3170119680,false,0,true,2026-08-10T06:58:19.62Z,1.12.6,1.9.0-DEV,428070c0f9ad,4.16.0,1.3.11,ctbllib-fs2-q1-findall,2397,2229,2026-08-10T07:09:56.31Z
S4(9),1721606400,false,0,true,2026-08-10T06:58:19.62Z,1.12.6,1.9.0-DEV,428070c0f9ad,4.16.0,1.3.11,ctbllib-fs2-q1-findall,2397,2230,2026-08-10T07:09:56.355Z
S4(9).2^2,6886425600,false,0,true,2026-08-10T06:58:19.62Z,1.12.6,1.9.0-DEV,428070c0f9ad,4.16.0,1.3.11,ctbllib-fs2-q1-findall,2397,2231,2026-08-10T07:09:56.395Z
S4(9).2_1,3443212800,false,0,true,2026-08-10T06:58:19.62Z,1.12.6,1.9.0-DEV,428070c0f9ad,4.16.0,1.3.11,ctbllib-fs2-q1-findall,2397,2232,2026-08-10T07:09:56.418Z
S4(9).2_2,3443212800,false,0,true,2026-08-10T06:58:19.62Z,1.12.6,1.9.0-DEV,428070c0f9ad,4.16.0,1.3.11,ctbllib-fs2-q1-findall,2397,2233,2026-08-10T07:09:56.525Z
S4(9).2_3,3443212800,false,0,true,2026-08-10T06:58:19.62Z,1.12.6,1.9.0-DEV,428070c0f9ad,4.16.0,1.3.11,ctbllib-fs2-q1-findall,2397,2234,2026-08-10T07:09:56.543Z
S4wrS3,82944,true,0,true,2026-08-10T06:58:19.62Z,1.12.6,1.9.0-DEV,428070c0f9ad,4.16.0,1.3.11,ctbllib-fs2-q1-findall,2397,2235,2026-08-10T07:09:56.598Z
S4x2F4(2)'.2,862617600,false,0,true,2026-08-10T06:58:19.62Z,1.12.6,1.9.0-DEV,428070c0f9ad,4.16.0,1.3.11,ctbllib-fs2-q1-findall,2397,2236,2026-08-10T07:09:56.87Z
S4x2^2,96,true,0,true,2026-08-10T06:58:19.62Z,1.12.6,1.9.0-DEV,428070c0f9ad,4.16.0,1.3.11,ctbllib-fs2-q1-findall,2397,2237,2026-08-10T07:09:56.939Z
S4x3^(1+2):4,2592,true,0,true,2026-08-10T06:58:19.62Z,1.12.6,1.9.0-DEV,428070c0f9ad,4.16.0,1.3.11,ctbllib-fs2-q1-findall,2397,2238,2026-08-10T07:09:57.247Z
S4x3^(1+2)_+:Q8,5184,true,0,true,2026-08-10T06:58:19.62Z,1.12.6,1.9.0-DEV,428070c0f9ad,4.16.0,1.3.11,ctbllib-fs2-q1-findall,2397,2239,2026-08-10T07:09:57.599Z
S4x3^2:4,864,true,0,true,2026-08-10T06:58:19.62Z,1.12.6,1.9.0-DEV,428070c0f9ad,4.16.0,1.3.11,ctbllib-fs2-q1-findall,2397,2240,2026-08-10T07:09:57.896Z
S4x3^2:Q8,1728,true,0,true,2026-08-10T06:58:19.62Z,1.12.6,1.9.0-DEV,428070c0f9ad,4.16.0,1.3.11,ctbllib-fs2-q1-findall,2397,2241,2026-08-10T07:09:58.225Z
S4x5^2:4S4,57600,true,0,true,2026-08-10T06:58:19.62Z,1.12.6,1.9.0-DEV,428070c0f9ad,4.16.0,1.3.11,ctbllib-fs2-q1-findall,2397,2242,2026-08-10T07:09:58.301Z
S4xL3(2).2,8064,false,0,true,2026-08-10T06:58:19.62Z,1.12.6,1.9.0-DEV,428070c0f9ad,4.16.0,1.3.11,ctbllib-fs2-q1-findall,2397,2243,2026-08-10T07:09:58.368Z
S4xO8+(2):S3,25082265600,false,0,true,2026-08-10T06:58:19.62Z,1.12.6,1.9.0-DEV,428070c0f9ad,4.16.0,1.3.11,ctbllib-fs2-q1-findall,2397,2244,2026-08-10T07:09:58.787Z
S4xS3,144,true,0,true,2026-08-10T06:58:19.62Z,1.12.6,1.9.0-DEV,428070c0f9ad,4.16.0,1.3.11,ctbllib-fs2-q1-findall,2397,2245,2026-08-10T07:09:58.801Z
S4xS4,576,true,0,true,2026-08-10T06:58:19.62Z,1.12.6,1.9.0-DEV,428070c0f9ad,4.16.0,1.3.11,ctbllib-fs2-q1-findall,2397,2246,2026-08-10T07:09:58.828Z
S4xS6(2),34836480,false,0,true,2026-08-10T06:58:19.62Z,1.12.6,1.9.0-DEV,428070c0f9ad,4.16.0,1.3.11,ctbllib-fs2-q1-findall,2397,2247,2026-08-10T07:09:58.981Z
S4xU3(3).2,290304,false,0,true,2026-08-10T06:58:19.62Z,1.12.6,1.9.0-DEV,428070c0f9ad,4.16.0,1.3.11,ctbllib-fs2-q1-findall,2397,2248,2026-08-10T07:09:59.309Z
S4xU4(2).2,1244160,false,0,true,2026-08-10T06:58:19.62Z,1.12.6,1.9.0-DEV,428070c0f9ad,4.16.0,1.3.11,ctbllib-fs2-q1-findall,2397,2249,2026-08-10T07:09:59.424Z
S5xS3,720,false,0,true,2026-08-10T06:58:19.62Z,1.12.6,1.9.0-DEV,428070c0f9ad,4.16.0,1.3.11,ctbllib-fs2-q1-findall,2397,2250,2026-08-10T07:09:59.47Z
S5xS4,2880,false,0,true,2026-08-10T06:58:19.62Z,1.12.6,1.9.0-DEV,428070c0f9ad,4.16.0,1.3.11,ctbllib-fs2-q1-findall,2397,2251,2026-08-10T07:09:59.531Z
S5xS9,43545600,false,0,true,2026-08-10T06:58:19.62Z,1.12.6,1.9.0-DEV,428070c0f9ad,4.16.0,1.3.11,ctbllib-fs2-q1-findall,2397,2252,2026-08-10T07:10:00.526Z
S6(2),1451520,false,0,true,2026-08-10T06:58:19.62Z,1.12.6,1.9.0-DEV,428070c0f9ad,4.16.0,1.3.11,ctbllib-fs2-q1-findall,2397,2253,2026-08-10T07:10:00.55Z
S6(2)N2,512,true,0,true,2026-08-10T06:58:19.62Z,1.12.6,1.9.0-DEV,428070c0f9ad,4.16.0,1.3.11,ctbllib-fs2-q1-findall,2397,2254,2026-08-10T07:10:00.82Z
S6(3),4585351680,false,0,true,2026-08-10T06:58:19.62Z,1.12.6,1.9.0-DEV,428070c0f9ad,4.16.0,1.3.11,ctbllib-fs2-q1-findall,2397,2255,2026-08-10T07:10:00.865Z
S6(3).2,9170703360,false,0,true,2026-08-10T06:58:19.62Z,1.12.6,1.9.0-DEV,428070c0f9ad,4.16.0,1.3.11,ctbllib-fs2-q1-findall,2397,2256,2026-08-10T07:10:00.885Z
S6(4),4106059776000,false,0,true,2026-08-10T06:58:19.62Z,1.12.6,1.9.0-DEV,428070c0f9ad,4.16.0,1.3.11,ctbllib-fs2-q1-findall,2397,2257,2026-08-10T07:10:01.104Z
S6(4).2,8212119552000,false,0,true,2026-08-10T06:58:19.62Z,1.12.6,1.9.0-DEV,428070c0f9ad,4.16.0,1.3.11,ctbllib-fs2-q1-findall,2397,2258,2026-08-10T07:10:01.176Z
S6(5),228501000000000,false,0,true,2026-08-10T06:58:19.62Z,1.12.6,1.9.0-DEV,428070c0f9ad,4.16.0,1.3.11,ctbllib-fs2-q1-findall,2397,2259,2026-08-10T07:10:01.466Z
S6x2,1440,false,0,true,2026-08-10T06:58:19.62Z,1.12.6,1.9.0-DEV,428070c0f9ad,4.16.0,1.3.11,ctbllib-fs2-q1-findall,2397,2260,2026-08-10T07:10:01.51Z
S6xD8,5760,false,0,true,2026-08-10T06:58:19.62Z,1.12.6,1.9.0-DEV,428070c0f9ad,4.16.0,1.3.11,ctbllib-fs2-q1-findall,2397,2261,2026-08-10T07:10:01.823Z
S6xL2(8):3,1088640,false,0,true,2026-08-10T06:58:19.62Z,1.12.6,1.9.0-DEV,428070c0f9ad,4.16.0,1.3.11,ctbllib-fs2-q1-findall,2397,2262,2026-08-10T07:10:02.009Z
S6xS4,17280,false,0,true,2026-08-10T06:58:19.62Z,1.12.6,1.9.0-DEV,428070c0f9ad,4.16.0,1.3.11,ctbllib-fs2-q1-findall,2397,2263,2026-08-10T07:10:02.075Z
S6xS5,86400,false,0,true,2026-08-10T06:58:19.62Z,1.12.6,1.9.0-DEV,428070c0f9ad,4.16.0,1.3.11,ctbllib-fs2-q1-findall,2397,2264,2026-08-10T07:10:02.13Z
S7x2,10080,false,0,true,2026-08-10T06:58:19.62Z,1.12.6,1.9.0-DEV,428070c0f9ad,4.16.0,1.3.11,ctbllib-fs2-q1-findall,2397,2265,2026-08-10T07:10:02.176Z
S7xS3,30240,false,0,true,2026-08-10T06:58:19.62Z,1.12.6,1.9.0-DEV,428070c0f9ad,4.16.0,1.3.11,ctbllib-fs2-q1-findall,2397,2266,2026-08-10T07:10:02.225Z
S7xS4,120960,false,0,true,2026-08-10T06:58:19.62Z,1.12.6,1.9.0-DEV,428070c0f9ad,4.16.0,1.3.11,ctbllib-fs2-q1-findall,2397,2267,2026-08-10T07:10:02.297Z
S7xS5,604800,false,0,true,2026-08-10T06:58:19.62Z,1.12.6,1.9.0-DEV,428070c0f9ad,4.16.0,1.3.11,ctbllib-fs2-q1-findall,2397,2268,2026-08-10T07:10:02.364Z
S7xS6,3628800,false,0,true,2026-08-10T06:58:19.62Z,1.12.6,1.9.0-DEV,428070c0f9ad,4.16.0,1.3.11,ctbllib-fs2-q1-findall,2397,2269,2026-08-10T07:10:02.47Z
S8(2),47377612800,false,0,true,2026-08-10T06:58:19.62Z,1.12.6,1.9.0-DEV,428070c0f9ad,4.16.0,1.3.11,ctbllib-fs2-q1-findall,2397,2270,2026-08-10T07:10:02.512Z
S8(2)M3,185794560,false,0,true,2026-08-10T06:58:19.62Z,1.12.6,1.9.0-DEV,428070c0f9ad,4.16.0,1.3.11,ctbllib-fs2-q1-findall,2397,2271,2026-08-10T07:10:02.604Z
S8(3),65784756654489600,false,0,true,2026-08-10T06:58:19.62Z,1.12.6,1.9.0-DEV,428070c0f9ad,4.16.0,1.3.11,ctbllib-fs2-q1-findall,2397,2272,2026-08-10T07:10:03.357Z
S8x2,80640,false,0,true,2026-08-10T06:58:19.62Z,1.12.6,1.9.0-DEV,428070c0f9ad,4.16.0,1.3.11,ctbllib-fs2-q1-findall,2397,2273,2026-08-10T07:10:03.405Z
S8xS3,241920,false,0,true,2026-08-10T06:58:19.62Z,1.12.6,1.9.0-DEV,428070c0f9ad,4.16.0,1.3.11,ctbllib-fs2-q1-findall,2397,2274,2026-08-10T07:10:03.459Z
S8xS4,967680,false,0,true,2026-08-10T06:58:19.62Z,1.12.6,1.9.0-DEV,428070c0f9ad,4.16.0,1.3.11,ctbllib-fs2-q1-findall,2397,2275,2026-08-10T07:10:03.544Z
S8xS5,4838400,false,0,true,2026-08-10T06:58:19.62Z,1.12.6,1.9.0-DEV,428070c0f9ad,4.16.0,1.3.11,ctbllib-fs2-q1-findall,2397,2276,2026-08-10T07:10:03.639Z
S9x2,725760,false,0,true,2026-08-10T06:58:19.62Z,1.12.6,1.9.0-DEV,428070c0f9ad,4.16.0,1.3.11,ctbllib-fs2-q1-findall,2397,2277,2026-08-10T07:10:03.691Z
S9xS3,2177280,false,0,true,2026-08-10T06:58:19.62Z,1.12.6,1.9.0-DEV,428070c0f9ad,4.16.0,1.3.11,ctbllib-fs2-q1-findall,2397,2278,2026-08-10T07:10:03.753Z
S9xS4,8709120,false,0,true,2026-08-10T06:58:19.62Z,1.12.6,1.9.0-DEV,428070c0f9ad,4.16.0,1.3.11,ctbllib-fs2-q1-findall,2397,2279,2026-08-10T07:10:03.863Z
Suz,448345497600,false,0,true,2026-08-10T06:58:19.62Z,1.12.6,1.9.0-DEV,428070c0f9ad,4.16.0,1.3.11,ctbllib-fs2-q1-findall,2397,2280,2026-08-10T07:10:03.89Z
Suz.2,896690995200,false,0,true,2026-08-10T06:58:19.62Z,1.12.6,1.9.0-DEV,428070c0f9ad,4.16.0,1.3.11,ctbllib-fs2-q1-findall,2397,2281,2026-08-10T07:10:03.903Z
SuzN2,24576,true,0,true,2026-08-10T06:58:19.62Z,1.12.6,1.9.0-DEV,428070c0f9ad,4.16.0,1.3.11,ctbllib-fs2-q1-findall,2397,2282,2026-08-10T07:10:03.961Z
Sz(32),32537600,false,0,true,2026-08-10T06:58:19.62Z,1.12.6,1.9.0-DEV,428070c0f9ad,4.16.0,1.3.11,ctbllib-fs2-q1-findall,2397,2283,2026-08-10T07:10:04.008Z
Sz(32).5,162688000,false,0,true,2026-08-10T06:58:19.62Z,1.12.6,1.9.0-DEV,428070c0f9ad,4.16.0,1.3.11,ctbllib-fs2-q1-findall,2397,2284,2026-08-10T07:10:04.018Z
Sz(8),29120,false,0,true,2026-08-10T06:58:19.62Z,1.12.6,1.9.0-DEV,428070c0f9ad,4.16.0,1.3.11,ctbllib-fs2-q1-findall,2397,2285,2026-08-10T07:10:04.021Z
Sz(8).3,87360,false,0,true,2026-08-10T06:58:19.62Z,1.12.6,1.9.0-DEV,428070c0f9ad,4.16.0,1.3.11,ctbllib-fs2-q1-findall,2397,2286,2026-08-10T07:10:04.024Z
Th,90745943887872000,false,0,true,2026-08-10T06:58:19.62Z,1.12.6,1.9.0-DEV,428070c0f9ad,4.16.0,1.3.11,ctbllib-fs2-q1-findall,2397,2287,2026-08-10T07:10:04.054Z
ThM7,944784,true,0,true,2026-08-10T06:58:19.62Z,1.12.6,1.9.0-DEV,428070c0f9ad,4.16.0,1.3.11,ctbllib-fs2-q1-findall,2397,2288,2026-08-10T07:10:04.11Z
ThN2,32768,true,0,true,2026-08-10T06:58:19.62Z,1.12.6,1.9.0-DEV,428070c0f9ad,4.16.0,1.3.11,ctbllib-fs2-q1-findall,2397,2289,2026-08-10T07:10:04.162Z
ThN3,236196,true,0,true,2026-08-10T06:58:19.62Z,1.12.6,1.9.0-DEV,428070c0f9ad,4.16.0,1.3.11,ctbllib-fs2-q1-findall,2397,2290,2026-08-10T07:10:04.179Z
ThN3B,944784,true,0,true,2026-08-10T06:58:19.62Z,1.12.6,1.9.0-DEV,428070c0f9ad,4.16.0,1.3.11,ctbllib-fs2-q1-findall,2397,2291,2026-08-10T07:10:04.238Z
U3(11),70915680,false,0,true,2026-08-10T06:58:19.62Z,1.12.6,1.9.0-DEV,428070c0f9ad,4.16.0,1.3.11,ctbllib-fs2-q1-findall,2397,2292,2026-08-10T07:10:04.273Z
U3(11).2,141831360,false,0,true,2026-08-10T06:58:19.62Z,1.12.6,1.9.0-DEV,428070c0f9ad,4.16.0,1.3.11,ctbllib-fs2-q1-findall,2397,2293,2026-08-10T07:10:04.291Z
U3(11).3,212747040,false,0,true,2026-08-10T06:58:19.62Z,1.12.6,1.9.0-DEV,428070c0f9ad,4.16.0,1.3.11,ctbllib-fs2-q1-findall,2397,2294,2026-08-10T07:10:04.566Z
U3(11).S3,425494080,false,0,true,2026-08-10T06:58:19.62Z,1.12.6,1.9.0-DEV,428070c0f9ad,4.16.0,1.3.11,ctbllib-fs2-q1-findall,2397,2295,2026-08-10T07:10:04.655Z
U3(3),6048,false,0,true,2026-08-10T06:58:19.62Z,1.12.6,1.9.0-DEV,428070c0f9ad,4.16.0,1.3.11,ctbllib-fs2-q1-findall,2397,2296,2026-08-10T07:10:04.671Z
U3(3).2,12096,false,0,true,2026-08-10T06:58:19.62Z,1.12.6,1.9.0-DEV,428070c0f9ad,4.16.0,1.3.11,ctbllib-fs2-q1-findall,2397,2297,2026-08-10T07:10:04.675Z
U3(4),62400,false,0,true,2026-08-10T06:58:19.62Z,1.12.6,1.9.0-DEV,428070c0f9ad,4.16.0,1.3.11,ctbllib-fs2-q1-findall,2397,2298,2026-08-10T07:10:04.681Z
U3(4).2,124800,false,0,true,2026-08-10T06:58:19.62Z,1.12.6,1.9.0-DEV,428070c0f9ad,4.16.0,1.3.11,ctbllib-fs2-q1-findall,2397,2299,2026-08-10T07:10:04.687Z
U3(4).4,249600,false,0,true,2026-08-10T06:58:19.62Z,1.12.6,1.9.0-DEV,428070c0f9ad,4.16.0,1.3.11,ctbllib-fs2-q1-findall,2397,2300,2026-08-10T07:10:04.69Z
U3(5),126000,false,0,true,2026-08-10T06:58:19.62Z,1.12.6,1.9.0-DEV,428070c0f9ad,4.16.0,1.3.11,ctbllib-fs2-q1-findall,2397,2301,2026-08-10T07:10:04.692Z
U3(5).2,252000,false,0,true,2026-08-10T06:58:19.62Z,1.12.6,1.9.0-DEV,428070c0f9ad,4.16.0,1.3.11,ctbllib-fs2-q1-findall,2397,2302,2026-08-10T07:10:04.694Z
U3(5).2N2,32,true,0,true,2026-08-10T06:58:19.62Z,1.12.6,1.9.0-DEV,428070c0f9ad,4.16.0,1.3.11,ctbllib-fs2-q1-findall,2397,2303,2026-08-10T07:10:04.968Z
U3(5).3,378000,false,0,true,2026-08-10T06:58:19.62Z,1.12.6,1.9.0-DEV,428070c0f9ad,4.16.0,1.3.11,ctbllib-fs2-q1-findall,2397,2304,2026-08-10T07:10:05.25Z
U3(5).3.2,756000,false,0,true,2026-08-10T06:58:19.62Z,1.12.6,1.9.0-DEV,428070c0f9ad,4.16.0,1.3.11,ctbllib-fs2-q1-findall,2397,2305,2026-08-10T07:10:05.256Z
U3(7),5663616,false,0,true,2026-08-10T06:58:19.62Z,1.12.6,1.9.0-DEV,428070c0f9ad,4.16.0,1.3.11,ctbllib-fs2-q1-findall,2397,2306,2026-08-10T07:10:05.291Z
U3(7).2,11327232,false,0,true,2026-08-10T06:58:19.62Z,1.12.6,1.9.0-DEV,428070c0f9ad,4.16.0,1.3.11,ctbllib-fs2-q1-findall,2397,2307,2026-08-10T07:10:05.305Z
U3(8),5515776,false,0,true,2026-08-10T06:58:19.62Z,1.12.6,1.9.0-DEV,428070c0f9ad,4.16.0,1.3.11,ctbllib-fs2-q1-findall,2397,2308,2026-08-10T07:10:05.317Z
U3(8).(S3x3),99283968,false,0,true,2026-08-10T06:58:19.62Z,1.12.6,1.9.0-DEV,428070c0f9ad,4.16.0,1.3.11,ctbllib-fs2-q1-findall,2397,2309,2026-08-10T07:10:05.334Z
U3(8).2,11031552,false,0,true,2026-08-10T06:58:19.62Z,1.12.6,1.9.0-DEV,428070c0f9ad,4.16.0,1.3.11,ctbllib-fs2-q1-findall,2397,2310,2026-08-10T07:10:05.344Z
U3(8).3^2,49641984,false,0,true,2026-08-10T06:58:19.62Z,1.12.6,1.9.0-DEV,428070c0f9ad,4.16.0,1.3.11,ctbllib-fs2-q1-findall,2397,2311,2026-08-10T07:10:05.371Z
U3(8).3_1,16547328,false,0,true,2026-08-10T06:58:19.62Z,1.12.6,1.9.0-DEV,428070c0f9ad,4.16.0,1.3.11,ctbllib-fs2-q1-findall,2397,2312,2026-08-10T07:10:05.38Z
U3(8).3_2,16547328,false,0,true,2026-08-10T06:58:19.62Z,1.12.6,1.9.0-DEV,428070c0f9ad,4.16.0,1.3.11,ctbllib-fs2-q1-findall,2397,2313,2026-08-10T07:10:05.492Z
U3(8).3_3,16547328,false,0,true,2026-08-10T06:58:19.62Z,1.12.6,1.9.0-DEV,428070c0f9ad,4.16.0,1.3.11,ctbllib-fs2-q1-findall,2397,2314,2026-08-10T07:10:05.501Z
U3(8).6,33094656,false,0,true,2026-08-10T06:58:19.62Z,1.12.6,1.9.0-DEV,428070c0f9ad,4.16.0,1.3.11,ctbllib-fs2-q1-findall,2397,2315,2026-08-10T07:10:05.508Z
U3(8).S3,33094656,false,0,true,2026-08-10T06:58:19.62Z,1.12.6,1.9.0-DEV,428070c0f9ad,4.16.0,1.3.11,ctbllib-fs2-q1-findall,2397,2316,2026-08-10T07:10:05.552Z
U3(9),42573600,false,0,true,2026-08-10T06:58:19.62Z,1.12.6,1.9.0-DEV,428070c0f9ad,4.16.0,1.3.11,ctbllib-fs2-q1-findall,2397,2317,2026-08-10T07:10:05.695Z
U3(9).2,85147200,false,0,true,2026-08-10T06:58:19.62Z,1.12.6,1.9.0-DEV,428070c0f9ad,4.16.0,1.3.11,ctbllib-fs2-q1-findall,2397,2318,2026-08-10T07:10:05.747Z
U3(9).4,170294400,false,0,true,2026-08-10T06:58:19.62Z,1.12.6,1.9.0-DEV,428070c0f9ad,4.16.0,1.3.11,ctbllib-fs2-q1-findall,2397,2319,2026-08-10T07:10:05.767Z
U4(2),25920,false,0,true,2026-08-10T06:58:19.62Z,1.12.6,1.9.0-DEV,428070c0f9ad,4.16.0,1.3.11,ctbllib-fs2-q1-findall,2397,2320,2026-08-10T07:10:05.782Z
U4(2).2,51840,false,0,true,2026-08-10T06:58:19.62Z,1.12.6,1.9.0-DEV,428070c0f9ad,4.16.0,1.3.11,ctbllib-fs2-q1-findall,2397,2321,2026-08-10T07:10:05.785Z
U4(3),3265920,false,0,true,2026-08-10T06:58:19.62Z,1.12.6,1.9.0-DEV,428070c0f9ad,4.16.0,1.3.11,ctbllib-fs2-q1-findall,2397,2322,2026-08-10T07:10:05.873Z
U4(3).(2^2)_{122},13063680,false,0,true,2026-08-10T06:58:19.62Z,1.12.6,1.9.0-DEV,428070c0f9ad,4.16.0,1.3.11,ctbllib-fs2-q1-findall,2397,2323,2026-08-10T07:10:05.884Z
U4(3).(2^2)_{133},13063680,false,0,true,2026-08-10T06:58:19.62Z,1.12.6,1.9.0-DEV,428070c0f9ad,4.16.0,1.3.11,ctbllib-fs2-q1-findall,2397,2324,2026-08-10T07:10:05.89Z
U4(3).2_1,6531840,false,0,true,2026-08-10T06:58:19.62Z,1.12.6,1.9.0-DEV,428070c0f9ad,4.16.0,1.3.11,ctbllib-fs2-q1-findall,2397,2325,2026-08-10T07:10:05.897Z
U4(3).2_2,6531840,false,0,true,2026-08-10T06:58:19.62Z,1.12.6,1.9.0-DEV,428070c0f9ad,4.16.0,1.3.11,ctbllib-fs2-q1-findall,2397,2326,2026-08-10T07:10:05.902Z
U4(3).2_3,6531840,false,0,true,2026-08-10T06:58:19.62Z,1.12.6,1.9.0-DEV,428070c0f9ad,4.16.0,1.3.11,ctbllib-fs2-q1-findall,2397,2327,2026-08-10T07:10:05.905Z
U4(3).4,13063680,false,0,true,2026-08-10T06:58:19.62Z,1.12.6,1.9.0-DEV,428070c0f9ad,4.16.0,1.3.11,ctbllib-fs2-q1-findall,2397,2328,2026-08-10T07:10:05.915Z
U4(3).D8,26127360,false,0,true,2026-08-10T06:58:19.62Z,1.12.6,1.9.0-DEV,428070c0f9ad,4.16.0,1.3.11,ctbllib-fs2-q1-findall,2397,2329,2026-08-10T07:10:05.925Z
U4(4),1018368000,false,0,true,2026-08-10T06:58:19.62Z,1.12.6,1.9.0-DEV,428070c0f9ad,4.16.0,1.3.11,ctbllib-fs2-q1-findall,2397,2330,2026-08-10T07:10:06.064Z
U4(4).4,4073472000,false,0,true,2026-08-10T06:58:19.62Z,1.12.6,1.9.0-DEV,428070c0f9ad,4.16.0,1.3.11,ctbllib-fs2-q1-findall,2397,2331,2026-08-10T07:10:06.093Z
U4(5),14742000000,false,0,true,2026-08-10T06:58:19.62Z,1.12.6,1.9.0-DEV,428070c0f9ad,4.16.0,1.3.11,ctbllib-fs2-q1-findall,2397,2332,2026-08-10T07:10:06.162Z
U4(5).2^2,58968000000,false,0,true,2026-08-10T06:58:19.62Z,1.12.6,1.9.0-DEV,428070c0f9ad,4.16.0,1.3.11,ctbllib-fs2-q1-findall,2397,2333,2026-08-10T07:10:06.287Z
U4(5).2_1,29484000000,false,0,true,2026-08-10T06:58:19.62Z,1.12.6,1.9.0-DEV,428070c0f9ad,4.16.0,1.3.11,ctbllib-fs2-q1-findall,2397,2334,2026-08-10T07:10:06.359Z
U4(5).2_2,29484000000,false,0,true,2026-08-10T06:58:19.62Z,1.12.6,1.9.0-DEV,428070c0f9ad,4.16.0,1.3.11,ctbllib-fs2-q1-findall,2397,2335,2026-08-10T07:10:06.584Z
U4(5).2_3,29484000000,false,0,true,2026-08-10T06:58:19.62Z,1.12.6,1.9.0-DEV,428070c0f9ad,4.16.0,1.3.11,ctbllib-fs2-q1-findall,2397,2336,2026-08-10T07:10:06.851Z
U5(2),13685760,false,0,true,2026-08-10T06:58:19.62Z,1.12.6,1.9.0-DEV,428070c0f9ad,4.16.0,1.3.11,ctbllib-fs2-q1-findall,2397,2337,2026-08-10T07:10:06.874Z
U5(2).2,27371520,false,0,true,2026-08-10T06:58:19.62Z,1.12.6,1.9.0-DEV,428070c0f9ad,4.16.0,1.3.11,ctbllib-fs2-q1-findall,2397,2338,2026-08-10T07:10:06.88Z
U5(3),258190571520,false,0,true,2026-08-10T06:58:19.62Z,1.12.6,1.9.0-DEV,428070c0f9ad,4.16.0,1.3.11,ctbllib-fs2-q1-findall,2397,2339,2026-08-10T07:10:07.013Z
U5(4),53443952640000,false,0,true,2026-08-10T06:58:19.62Z,1.12.6,1.9.0-DEV,428070c0f9ad,4.16.0,1.3.11,ctbllib-fs2-q1-findall,2397,2340,2026-08-10T07:10:07.108Z
U5(4).2,106887905280000,false,0,true,2026-08-10T06:58:19.62Z,1.12.6,1.9.0-DEV,428070c0f9ad,4.16.0,1.3.11,ctbllib-fs2-q1-findall,2397,2341,2026-08-10T07:10:07.18Z
U6(2),9196830720,false,0,true,2026-08-10T06:58:19.62Z,1.12.6,1.9.0-DEV,428070c0f9ad,4.16.0,1.3.11,ctbllib-fs2-q1-findall,2397,2342,2026-08-10T07:10:07.214Z
U6(2).2,18393661440,false,0,true,2026-08-10T06:58:19.62Z,1.12.6,1.9.0-DEV,428070c0f9ad,4.16.0,1.3.11,ctbllib-fs2-q1-findall,2397,2343,2026-08-10T07:10:07.227Z
U6(2).3,27590492160,false,0,true,2026-08-10T06:58:19.62Z,1.12.6,1.9.0-DEV,428070c0f9ad,4.16.0,1.3.11,ctbllib-fs2-q1-findall,2397,2344,2026-08-10T07:10:07.289Z
U6(2).3.2,55180984320,false,0,true,2026-08-10T06:58:19.62Z,1.12.6,1.9.0-DEV,428070c0f9ad,4.16.0,1.3.11,ctbllib-fs2-q1-findall,2397,2345,2026-08-10T07:10:07.318Z
U6(4),1120527288631296000000,false,0,true,2026-08-10T06:58:19.62Z,1.12.6,1.9.0-DEV,428070c0f9ad,4.16.0,1.3.11,ctbllib-fs2-q1-findall,2397,2346,2026-08-10T07:14:55.85Z
U7(2),227787103272960,false,0,true,2026-08-10T06:58:19.62Z,1.12.6,1.9.0-DEV,428070c0f9ad,4.16.0,1.3.11,ctbllib-fs2-q1-findall,2397,2347,2026-08-10T07:14:56.195Z
U72CT,168170618880,false,0,true,2026-08-10T06:58:19.62Z,1.12.6,1.9.0-DEV,428070c0f9ad,4.16.0,1.3.11,ctbllib-fs2-q1-findall,2397,2348,2026-08-10T07:14:56.399Z
V4,4,true,0,true,2026-08-10T06:58:19.62Z,1.12.6,1.9.0-DEV,428070c0f9ad,4.16.0,1.3.11,ctbllib-fs2-q1-findall,2397,2349,2026-08-10T07:14:56.402Z
[2^20]:(S3xL3(2)),1056964608,false,0,true,2026-08-10T06:58:19.62Z,1.12.6,1.9.0-DEV,428070c0f9ad,4.16.0,1.3.11,ctbllib-fs2-q1-findall,2397,2350,2026-08-10T07:14:57.104Z
[2^20]:A6.2^2,1509949440,false,0,true,2026-08-10T06:58:19.62Z,1.12.6,1.9.0-DEV,428070c0f9ad,4.16.0,1.3.11,ctbllib-fs2-q1-findall,2397,2351,2026-08-10T07:14:57.387Z
[2^22]:(S3xS3):2,301989888,true,0,true,2026-08-10T06:58:19.62Z,1.12.6,1.9.0-DEV,428070c0f9ad,4.16.0,1.3.11,ctbllib-fs2-q1-findall,2397,2352,2026-08-10T07:14:57.799Z
[2^30].L5(2),10736731045232640,false,0,true,2026-08-10T06:58:19.62Z,1.12.6,1.9.0-DEV,428070c0f9ad,4.16.0,1.3.11,ctbllib-fs2-q1-findall,2397,2353,2026-08-10T07:15:04.343Z
[2^35].(S5xL3(2)),692692325498880,false,0,true,2026-08-10T06:58:19.62Z,1.12.6,1.9.0-DEV,428070c0f9ad,4.16.0,1.3.11,ctbllib-fs2-q1-findall,2397,2354,2026-08-10T07:15:21.303Z
[2^9].S3a,3072,true,0,true,2026-08-10T06:58:19.62Z,1.12.6,1.9.0-DEV,428070c0f9ad,4.16.0,1.3.11,ctbllib-fs2-q1-findall,2397,2355,2026-08-10T07:15:21.58Z
[2^9].S3b,3072,true,0,true,2026-08-10T06:58:19.62Z,1.12.6,1.9.0-DEV,428070c0f9ad,4.16.0,1.3.11,ctbllib-fs2-q1-findall,2397,2356,2026-08-10T07:15:21.589Z
[7^6]:(6x6),4235364,true,0,true,2026-08-10T06:58:19.62Z,1.12.6,1.9.0-DEV,428070c0f9ad,4.16.0,1.3.11,ctbllib-fs2-q1-findall,2397,2357,2026-08-10T07:15:21.665Z
a4,12,true,0,true,2026-08-10T06:58:19.62Z,1.12.6,1.9.0-DEV,428070c0f9ad,4.16.0,1.3.11,ctbllib-fs2-q1-findall,2397,2358,2026-08-10T07:15:21.675Z
a4xa5,720,false,0,true,2026-08-10T06:58:19.62Z,1.12.6,1.9.0-DEV,428070c0f9ad,4.16.0,1.3.11,ctbllib-fs2-q1-findall,2397,2359,2026-08-10T07:15:21.694Z
a4xs5,1440,false,0,true,2026-08-10T06:58:19.62Z,1.12.6,1.9.0-DEV,428070c0f9ad,4.16.0,1.3.11,ctbllib-fs2-q1-findall,2397,2360,2026-08-10T07:15:21.772Z
a5wc2,7200,false,0,true,2026-08-10T06:58:19.62Z,1.12.6,1.9.0-DEV,428070c0f9ad,4.16.0,1.3.11,ctbllib-fs2-q1-findall,2397,2361,2026-08-10T07:15:21.786Z
a5xd10,600,false,0,true,2026-08-10T06:58:19.62Z,1.12.6,1.9.0-DEV,428070c0f9ad,4.16.0,1.3.11,ctbllib-fs2-q1-findall,2397,2362,2026-08-10T07:15:21.844Z
affine,311040,false,0,true,2026-08-10T06:58:19.62Z,1.12.6,1.9.0-DEV,428070c0f9ad,4.16.0,1.3.11,ctbllib-fs2-q1-findall,2397,2363,2026-08-10T07:15:21.856Z
b33141,576,true,0,true,2026-08-10T06:58:19.62Z,1.12.6,1.9.0-DEV,428070c0f9ad,4.16.0,1.3.11,ctbllib-fs2-q1-findall,2397,2364,2026-08-10T07:15:21.861Z
bd10,20,true,0,true,2026-08-10T06:58:19.62Z,1.12.6,1.9.0-DEV,428070c0f9ad,4.16.0,1.3.11,ctbllib-fs2-q1-findall,2397,2365,2026-08-10T07:15:21.864Z
c2aj4,21799895040,false,0,true,2026-08-10T06:58:19.62Z,1.12.6,1.9.0-DEV,428070c0f9ad,4.16.0,1.3.11,ctbllib-fs2-q1-findall,2397,2366,2026-08-10T07:15:21.93Z
c3d2,1008,true,0,true,2026-08-10T06:58:19.62Z,1.12.6,1.9.0-DEV,428070c0f9ad,4.16.0,1.3.11,ctbllib-fs2-q1-findall,2397,2367,2026-08-10T07:15:21.945Z
f22s2,131072,true,0,true,2026-08-10T06:58:19.62Z,1.12.6,1.9.0-DEV,428070c0f9ad,4.16.0,1.3.11,ctbllib-fs2-q1-findall,2397,2368,2026-08-10T07:15:22.056Z
frob,812,true,0,true,2026-08-10T06:58:19.62Z,1.12.6,1.9.0-DEV,428070c0f9ad,4.16.0,1.3.11,ctbllib-fs2-q1-findall,2397,2369,2026-08-10T07:15:22.08Z
g61,390000,true,0,true,2026-08-10T06:58:19.62Z,1.12.6,1.9.0-DEV,428070c0f9ad,4.16.0,1.3.11,ctbllib-fs2-q1-findall,2397,2370,2026-08-10T07:15:22.127Z
g61s1,624,true,0,true,2026-08-10T06:58:19.62Z,1.12.6,1.9.0-DEV,428070c0f9ad,4.16.0,1.3.11,ctbllib-fs2-q1-findall,2397,2371,2026-08-10T07:15:22.159Z
g72x16,1152,true,0,true,2026-08-10T06:58:19.62Z,1.12.6,1.9.0-DEV,428070c0f9ad,4.16.0,1.3.11,ctbllib-fs2-q1-findall,2397,2372,2026-08-10T07:15:22.189Z
gl25,480,false,0,true,2026-08-10T06:58:19.62Z,1.12.6,1.9.0-DEV,428070c0f9ad,4.16.0,1.3.11,ctbllib-fs2-q1-findall,2397,2373,2026-08-10T07:15:22.193Z
group2,512,true,0,true,2026-08-10T06:58:19.62Z,1.12.6,1.9.0-DEV,428070c0f9ad,4.16.0,1.3.11,ctbllib-fs2-q1-findall,2397,2374,2026-08-10T07:15:22.198Z
group3,63,true,0,true,2026-08-10T06:58:19.62Z,1.12.6,1.9.0-DEV,428070c0f9ad,4.16.0,1.3.11,ctbllib-fs2-q1-findall,2397,2375,2026-08-10T07:15:22.203Z
group5,1176,true,0,true,2026-08-10T06:58:19.62Z,1.12.6,1.9.0-DEV,428070c0f9ad,4.16.0,1.3.11,ctbllib-fs2-q1-findall,2397,2376,2026-08-10T07:15:22.223Z
group6,96,true,0,true,2026-08-10T06:58:19.62Z,1.12.6,1.9.0-DEV,428070c0f9ad,4.16.0,1.3.11,ctbllib-fs2-q1-findall,2397,2377,2026-08-10T07:15:22.225Z
h4,14400,false,0,true,2026-08-10T06:58:19.62Z,1.12.6,1.9.0-DEV,428070c0f9ad,4.16.0,1.3.11,ctbllib-fs2-q1-findall,2397,2378,2026-08-10T07:15:22.236Z
hed3,1728,true,0,true,2026-08-10T06:58:19.62Z,1.12.6,1.9.0-DEV,428070c0f9ad,4.16.0,1.3.11,ctbllib-fs2-q1-findall,2397,2379,2026-08-10T07:15:22.239Z
hess,648,true,0,true,2026-08-10T06:58:19.62Z,1.12.6,1.9.0-DEV,428070c0f9ad,4.16.0,1.3.11,ctbllib-fs2-q1-findall,2397,2380,2026-08-10T07:15:22.245Z
j3m4,2880,false,0,true,2026-08-10T06:58:19.62Z,1.12.6,1.9.0-DEV,428070c0f9ad,4.16.0,1.3.11,ctbllib-fs2-q1-findall,2397,2381,2026-08-10T07:15:22.263Z
j3m6,2160,false,0,true,2026-08-10T06:58:19.62Z,1.12.6,1.9.0-DEV,428070c0f9ad,4.16.0,1.3.11,ctbllib-fs2-q1-findall,2397,2382,2026-08-10T07:15:22.312Z
mo62,1920,false,0,true,2026-08-10T06:58:19.62Z,1.12.6,1.9.0-DEV,428070c0f9ad,4.16.0,1.3.11,ctbllib-fs2-q1-findall,2397,2383,2026-08-10T07:15:22.327Z
mx1j4,501397585920,false,0,true,2026-08-10T06:58:19.62Z,1.12.6,1.9.0-DEV,428070c0f9ad,4.16.0,1.3.11,ctbllib-fs2-q1-findall,2397,2384,2026-08-10T07:15:22.368Z
s2wrs4,384,true,0,true,2026-08-10T06:58:19.62Z,1.12.6,1.9.0-DEV,428070c0f9ad,4.16.0,1.3.11,ctbllib-fs2-q1-findall,2397,2385,2026-08-10T07:15:22.389Z
s2wrs5,3840,false,0,true,2026-08-10T06:58:19.62Z,1.12.6,1.9.0-DEV,428070c0f9ad,4.16.0,1.3.11,ctbllib-fs2-q1-findall,2397,2386,2026-08-10T07:15:22.395Z
s3wrs2,72,true,0,true,2026-08-10T06:58:19.62Z,1.12.6,1.9.0-DEV,428070c0f9ad,4.16.0,1.3.11,ctbllib-fs2-q1-findall,2397,2387,2026-08-10T07:15:22.397Z
s3wrs3,1296,true,0,true,2026-08-10T06:58:19.62Z,1.12.6,1.9.0-DEV,428070c0f9ad,4.16.0,1.3.11,ctbllib-fs2-q1-findall,2397,2388,2026-08-10T07:15:22.4Z
"s3xpsl(2,8).3",9072,false,0,true,2026-08-10T06:58:19.62Z,1.12.6,1.9.0-DEV,428070c0f9ad,4.16.0,1.3.11,ctbllib-fs2-q1-findall,2397,2389,2026-08-10T07:15:22.44Z
s4,24,true,0,true,2026-08-10T06:58:19.62Z,1.12.6,1.9.0-DEV,428070c0f9ad,4.16.0,1.3.11,ctbllib-fs2-q1-findall,2397,2390,2026-08-10T07:15:22.46Z
s4wrs2,1152,true,0,true,2026-08-10T06:58:19.62Z,1.12.6,1.9.0-DEV,428070c0f9ad,4.16.0,1.3.11,ctbllib-fs2-q1-findall,2397,2391,2026-08-10T07:15:22.463Z
"s4xpsl(3,2)",4032,false,0,true,2026-08-10T06:58:19.62Z,1.12.6,1.9.0-DEV,428070c0f9ad,4.16.0,1.3.11,ctbllib-fs2-q1-findall,2397,2392,2026-08-10T07:15:22.547Z
s5wrs2,28800,false,0,true,2026-08-10T06:58:19.62Z,1.12.6,1.9.0-DEV,428070c0f9ad,4.16.0,1.3.11,ctbllib-fs2-q1-findall,2397,2393,2026-08-10T07:15:22.571Z
sl25ex,29160,false,0,true,2026-08-10T06:58:19.62Z,1.12.6,1.9.0-DEV,428070c0f9ad,4.16.0,1.3.11,ctbllib-fs2-q1-findall,2397,2394,2026-08-10T07:15:22.583Z
suzs2,8192,true,0,true,2026-08-10T06:58:19.62Z,1.12.6,1.9.0-DEV,428070c0f9ad,4.16.0,1.3.11,ctbllib-fs2-q1-findall,2397,2395,2026-08-10T07:15:22.611Z
twd5a,3840,false,0,true,2026-08-10T06:58:19.62Z,1.12.6,1.9.0-DEV,428070c0f9ad,4.16.0,1.3.11,ctbllib-fs2-q1-findall,2397,2396,2026-08-10T07:15:22.614Z
w(f4),1152,true,0,true,2026-08-10T06:58:19.62Z,1.12.6,1.9.0-DEV,428070c0f9ad,4.16.0,1.3.11,ctbllib-fs2-q1-findall,2397,2397,2026-08-10T07:15:22.618Z
