table,G_order,G_solvable,false_characters,findall,run_started_at_utc,julia_version,oscar_version,fs2_git_revision,gap_version,ctbllib_version,scan_id,scan_total,scan_index,logged_at_utc
(11:5xD12).2,1320,true,0,true,2026-08-10T07:01:47.947Z,1.12.6,1.9.0-DEV,428070c0f9ad,4.16.0,1.3.11,ctbllib-fs2-q3-findall,2397,1,2026-08-10T07:01:55.823Z
(11:5xM12):2,10454400,false,0,true,2026-08-10T07:01:47.947Z,1.12.6,1.9.0-DEV,428070c0f9ad,4.16.0,1.3.11,ctbllib-fs2-q3-findall,2397,2,2026-08-10T07:01:59.047Z
(13:6xA4).2,1872,true,0,true,2026-08-10T07:01:47.947Z,1.12.6,1.9.0-DEV,428070c0f9ad,4.16.0,1.3.11,ctbllib-fs2-q3-findall,2397,3,2026-08-10T07:02:02.877Z
(13:6xL3(3)).2,876096,false,0,true,2026-08-10T07:01:47.947Z,1.12.6,1.9.0-DEV,428070c0f9ad,4.16.0,1.3.11,ctbllib-fs2-q3-findall,2397,4,2026-08-10T07:02:05.11Z
(2.A4x2.G2(4)).2,24153292800,false,0,true,2026-08-10T07:01:47.947Z,1.12.6,1.9.0-DEV,428070c0f9ad,4.16.0,1.3.11,ctbllib-fs2-q3-findall,2397,5,2026-08-10T07:02:15.165Z
(2.A4x3).2,144,true,0,true,2026-08-10T07:01:47.947Z,1.12.6,1.9.0-DEV,428070c0f9ad,4.16.0,1.3.11,ctbllib-fs2-q3-findall,2397,6,2026-08-10T07:02:15.235Z
(2.A5x2.J2).2,290304000,false,0,true,2026-08-10T07:01:47.947Z,1.12.6,1.9.0-DEV,428070c0f9ad,4.16.0,1.3.11,ctbllib-fs2-q3-findall,2397,7,2026-08-10T07:02:24.414Z
(2.A5x3).2,720,false,0,true,2026-08-10T07:01:47.947Z,1.12.6,1.9.0-DEV,428070c0f9ad,4.16.0,1.3.11,ctbllib-fs2-q3-findall,2397,8,2026-08-10T07:02:25.46Z
(2.A5xA5):2,14400,false,0,true,2026-08-10T07:01:47.947Z,1.12.6,1.9.0-DEV,428070c0f9ad,4.16.0,1.3.11,ctbllib-fs2-q3-findall,2397,9,2026-08-10T07:02:25.624Z
(2.A5xD10).2,2400,false,0,true,2026-08-10T07:01:47.947Z,1.12.6,1.9.0-DEV,428070c0f9ad,4.16.0,1.3.11,ctbllib-fs2-q3-findall,2397,10,2026-08-10T07:02:25.78Z
(2.A6x3).2_1,4320,false,0,true,2026-08-10T07:01:47.947Z,1.12.6,1.9.0-DEV,428070c0f9ad,4.16.0,1.3.11,ctbllib-fs2-q3-findall,2397,11,2026-08-10T07:02:25.923Z
(2.A6xU3(3)).2,8709120,false,0,true,2026-08-10T07:01:47.947Z,1.12.6,1.9.0-DEV,428070c0f9ad,4.16.0,1.3.11,ctbllib-fs2-q3-findall,2397,12,2026-08-10T07:02:29.521Z
(2.A7x3).2,30240,false,0,true,2026-08-10T07:01:47.947Z,1.12.6,1.9.0-DEV,428070c0f9ad,4.16.0,1.3.11,ctbllib-fs2-q3-findall,2397,13,2026-08-10T07:02:29.706Z
(2.A7xL2(7)).2,1693440,false,0,true,2026-08-10T07:01:47.947Z,1.12.6,1.9.0-DEV,428070c0f9ad,4.16.0,1.3.11,ctbllib-fs2-q3-findall,2397,14,2026-08-10T07:02:31.108Z
(2.A8x3).2,241920,false,0,true,2026-08-10T07:01:47.947Z,1.12.6,1.9.0-DEV,428070c0f9ad,4.16.0,1.3.11,ctbllib-fs2-q3-findall,2397,15,2026-08-10T07:02:31.42Z
(2.A9x3).2,2177280,false,0,true,2026-08-10T07:01:47.947Z,1.12.6,1.9.0-DEV,428070c0f9ad,4.16.0,1.3.11,ctbllib-fs2-q3-findall,2397,16,2026-08-10T07:02:31.809Z
(2.D10x3.A6).2_3,43200,false,0,true,2026-08-10T07:01:47.947Z,1.12.6,1.9.0-DEV,428070c0f9ad,4.16.0,1.3.11,ctbllib-fs2-q3-findall,2397,17,2026-08-10T07:02:34.402Z
(2.D10xA6).2,14400,false,0,true,2026-08-10T07:01:47.947Z,1.12.6,1.9.0-DEV,428070c0f9ad,4.16.0,1.3.11,ctbllib-fs2-q3-findall,2397,18,2026-08-10T07:02:35.486Z
"(2^(1+4)x3).GO+(4,2)",6912,true,0,true,2026-08-10T07:01:47.947Z,1.12.6,1.9.0-DEV,428070c0f9ad,4.16.0,1.3.11,ctbllib-fs2-q3-findall,2397,19,2026-08-10T07:02:35.893Z
(2^(1+8).2^3)a.L3(2),688128,false,0,true,2026-08-10T07:01:47.947Z,1.12.6,1.9.0-DEV,428070c0f9ad,4.16.0,1.3.11,ctbllib-fs2-q3-findall,2397,20,2026-08-10T07:02:36.13Z
(2^(1+8).2^3)b.L3(2),688128,false,0,true,2026-08-10T07:01:47.947Z,1.12.6,1.9.0-DEV,428070c0f9ad,4.16.0,1.3.11,ctbllib-fs2-q3-findall,2397,21,2026-08-10T07:02:36.757Z
(2^(1+8)x2^6):S6(2),47563407360,false,0,true,2026-08-10T07:01:47.947Z,1.12.6,1.9.0-DEV,428070c0f9ad,4.16.0,1.3.11,ctbllib-fs2-q3-findall,2397,22,2026-08-10T07:02:42.465Z
(2^2x11:5).2,440,true,0,true,2026-08-10T07:01:47.947Z,1.12.6,1.9.0-DEV,428070c0f9ad,4.16.0,1.3.11,ctbllib-fs2-q3-findall,2397,23,2026-08-10T07:02:42.879Z
(2^2x13:4):3,624,true,0,true,2026-08-10T07:01:47.947Z,1.12.6,1.9.0-DEV,428070c0f9ad,4.16.0,1.3.11,ctbllib-fs2-q3-findall,2397,24,2026-08-10T07:02:42.955Z
(2^2x2^(1+8)).(3xU4(2)).2,318504960,false,0,true,2026-08-10T07:01:47.947Z,1.12.6,1.9.0-DEV,428070c0f9ad,4.16.0,1.3.11,ctbllib-fs2-q3-findall,2397,25,2026-08-10T07:02:48.254Z
(2^2x3).(3^(1+4).[2^7.3]),1119744,true,0,true,2026-08-10T07:01:47.947Z,1.12.6,1.9.0-DEV,428070c0f9ad,4.16.0,1.3.11,ctbllib-fs2-q3-findall,2397,26,2026-08-10T07:03:06.146Z
(2^2x3).2,24,true,0,true,2026-08-10T07:01:47.947Z,1.12.6,1.9.0-DEV,428070c0f9ad,4.16.0,1.3.11,ctbllib-fs2-q3-findall,2397,27,2026-08-10T07:03:06.213Z
(2^2x3).2E6(2),918389756205298247270400,false,0,true,2026-08-10T07:01:47.947Z,1.12.6,1.9.0-DEV,428070c0f9ad,4.16.0,1.3.11,ctbllib-fs2-q3-findall,2397,28,2026-08-10T07:04:39.071Z
(2^2x3).2E6(2).2,1836779512410596494540800,false,0,true,2026-08-10T07:01:47.947Z,1.12.6,1.9.0-DEV,428070c0f9ad,4.16.0,1.3.11,ctbllib-fs2-q3-findall,2397,29,2026-08-10T07:05:36.353Z
(2^2x3).L3(4),241920,false,0,true,2026-08-10T07:01:47.947Z,1.12.6,1.9.0-DEV,428070c0f9ad,4.16.0,1.3.11,ctbllib-fs2-q3-findall,2397,30,2026-08-10T07:05:36.964Z
(2^2x3).L3(4).2_1,483840,false,0,true,2026-08-10T07:01:47.947Z,1.12.6,1.9.0-DEV,428070c0f9ad,4.16.0,1.3.11,ctbllib-fs2-q3-findall,2397,31,2026-08-10T07:05:39.381Z
(2^2x3).L3(4).2_2,483840,false,0,true,2026-08-10T07:01:47.947Z,1.12.6,1.9.0-DEV,428070c0f9ad,4.16.0,1.3.11,ctbllib-fs2-q3-findall,2397,32,2026-08-10T07:05:39.673Z
(2^2x3).L3(4).2_3,483840,false,0,true,2026-08-10T07:01:47.947Z,1.12.6,1.9.0-DEV,428070c0f9ad,4.16.0,1.3.11,ctbllib-fs2-q3-findall,2397,33,2026-08-10T07:05:39.951Z
(2^2x3).L3(4).3,725760,false,1,true,2026-08-10T07:01:47.947Z,1.12.6,1.9.0-DEV,428070c0f9ad,4.16.0,1.3.11,ctbllib-fs2-q3-findall,2397,34,2026-08-10T07:05:42.467Z
(2^2x3).U6(2),110361968640,false,0,true,2026-08-10T07:01:47.947Z,1.12.6,1.9.0-DEV,428070c0f9ad,4.16.0,1.3.11,ctbllib-fs2-q3-findall,2397,35,2026-08-10T07:05:58.562Z
(2^2x3).U6(2).2,220723937280,false,0,true,2026-08-10T07:01:47.947Z,1.12.6,1.9.0-DEV,428070c0f9ad,4.16.0,1.3.11,ctbllib-fs2-q3-findall,2397,36,2026-08-10T07:06:06.482Z
(2^2x3).U6(2).3,331085905920,false,1,true,2026-08-10T07:01:47.947Z,1.12.6,1.9.0-DEV,428070c0f9ad,4.16.0,1.3.11,ctbllib-fs2-q3-findall,2397,37,2026-08-10T07:06:24.231Z
(2^2x3).U6(2)M3,123863040,false,0,true,2026-08-10T07:01:47.947Z,1.12.6,1.9.0-DEV,428070c0f9ad,4.16.0,1.3.11,ctbllib-fs2-q3-findall,2397,38,2026-08-10T07:06:30.329Z
(2^2x3^4).2^3.S4,62208,true,0,true,2026-08-10T07:01:47.947Z,1.12.6,1.9.0-DEV,428070c0f9ad,4.16.0,1.3.11,ctbllib-fs2-q3-findall,2397,39,2026-08-10T07:06:31.007Z
(2^2x4).2^5.S3,3072,true,0,true,2026-08-10T07:01:47.947Z,1.12.6,1.9.0-DEV,428070c0f9ad,4.16.0,1.3.11,ctbllib-fs2-q3-findall,2397,40,2026-08-10T07:06:31.448Z
(2^2xA5):2,480,false,0,true,2026-08-10T07:01:47.947Z,1.12.6,1.9.0-DEV,428070c0f9ad,4.16.0,1.3.11,ctbllib-fs2-q3-findall,2397,41,2026-08-10T07:06:31.556Z
(2^2xD14):3,168,true,0,true,2026-08-10T07:01:47.947Z,1.12.6,1.9.0-DEV,428070c0f9ad,4.16.0,1.3.11,ctbllib-fs2-q3-findall,2397,42,2026-08-10T07:06:31.611Z
(2^2xF4(2)):2,26489012826931200,false,0,true,2026-08-10T07:01:47.947Z,1.12.6,1.9.0-DEV,428070c0f9ad,4.16.0,1.3.11,ctbllib-fs2-q3-findall,2397,43,2026-08-10T07:06:42.665Z
(2^2xSz(8)):3,349440,false,0,true,2026-08-10T07:01:47.947Z,1.12.6,1.9.0-DEV,428070c0f9ad,4.16.0,1.3.11,ctbllib-fs2-q3-findall,2397,44,2026-08-10T07:06:42.766Z
(2^2xU4(2)):2,207360,false,0,true,2026-08-10T07:01:47.947Z,1.12.6,1.9.0-DEV,428070c0f9ad,4.16.0,1.3.11,ctbllib-fs2-q3-findall,2397,45,2026-08-10T07:06:43.219Z
(2^4:A4xA4).2,4608,true,0,true,2026-08-10T07:01:47.947Z,1.12.6,1.9.0-DEV,428070c0f9ad,4.16.0,1.3.11,ctbllib-fs2-q3-findall,2397,46,2026-08-10T07:06:45.236Z
(2^4:S5x3).2,11520,false,0,true,2026-08-10T07:01:47.947Z,1.12.6,1.9.0-DEV,428070c0f9ad,4.16.0,1.3.11,ctbllib-fs2-q3-findall,2397,47,2026-08-10T07:06:45.372Z
(2^5.2^6)a.(S3xL3(2)),2064384,false,0,true,2026-08-10T07:01:47.947Z,1.12.6,1.9.0-DEV,428070c0f9ad,4.16.0,1.3.11,ctbllib-fs2-q3-findall,2397,48,2026-08-10T07:06:45.824Z
(2^5.2^6)b.(L3(2)xS3),2064384,false,0,true,2026-08-10T07:01:47.947Z,1.12.6,1.9.0-DEV,428070c0f9ad,4.16.0,1.3.11,ctbllib-fs2-q3-findall,2397,49,2026-08-10T07:06:46.017Z
(2^5.2^6.2^2)a.S3^2,294912,true,0,true,2026-08-10T07:01:47.947Z,1.12.6,1.9.0-DEV,428070c0f9ad,4.16.0,1.3.11,ctbllib-fs2-q3-findall,2397,50,2026-08-10T07:06:46.302Z
(2^5.2^6.2^2)b.S3^2,294912,true,0,true,2026-08-10T07:01:47.947Z,1.12.6,1.9.0-DEV,428070c0f9ad,4.16.0,1.3.11,ctbllib-fs2-q3-findall,2397,51,2026-08-10T07:06:46.561Z
(2^6x2^8):S6(2),23781703680,false,0,true,2026-08-10T07:01:47.947Z,1.12.6,1.9.0-DEV,428070c0f9ad,4.16.0,1.3.11,ctbllib-fs2-q3-findall,2397,52,2026-08-10T07:06:51.439Z
(2x12).L3(4),483840,false,0,true,2026-08-10T07:01:47.947Z,1.12.6,1.9.0-DEV,428070c0f9ad,4.16.0,1.3.11,ctbllib-fs2-q3-findall,2397,53,2026-08-10T07:06:54.543Z
(2x13).6,156,true,0,true,2026-08-10T07:01:47.947Z,1.12.6,1.9.0-DEV,428070c0f9ad,4.16.0,1.3.11,ctbllib-fs2-q3-findall,2397,54,2026-08-10T07:06:54.586Z
(2x17).8,272,true,0,true,2026-08-10T07:01:47.947Z,1.12.6,1.9.0-DEV,428070c0f9ad,4.16.0,1.3.11,ctbllib-fs2-q3-findall,2397,55,2026-08-10T07:06:54.647Z
(2x2.(A5xA5)):2^2,57600,false,0,true,2026-08-10T07:01:47.947Z,1.12.6,1.9.0-DEV,428070c0f9ad,4.16.0,1.3.11,ctbllib-fs2-q3-findall,2397,56,2026-08-10T07:06:54.967Z
(2x29).14,812,true,0,true,2026-08-10T07:01:47.947Z,1.12.6,1.9.0-DEV,428070c0f9ad,4.16.0,1.3.11,ctbllib-fs2-q3-findall,2397,57,2026-08-10T07:06:55.17Z
(2x2^(1+6)_+).A8,5160960,false,0,true,2026-08-10T07:01:47.947Z,1.12.6,1.9.0-DEV,428070c0f9ad,4.16.0,1.3.11,ctbllib-fs2-q3-findall,2397,58,2026-08-10T07:06:55.73Z
(2x2^(1+8)):(U4(2):2x2),106168320,false,0,true,2026-08-10T07:01:47.947Z,1.12.6,1.9.0-DEV,428070c0f9ad,4.16.0,1.3.11,ctbllib-fs2-q3-findall,2397,59,2026-08-10T07:07:01.34Z
(2x2^(1+8)):U4(2):2,53084160,false,0,true,2026-08-10T07:01:47.947Z,1.12.6,1.9.0-DEV,428070c0f9ad,4.16.0,1.3.11,ctbllib-fs2-q3-findall,2397,60,2026-08-10T07:07:03.459Z
(2x2^(1+8)_+).2.2^4.(S3xS3),1179648,true,0,true,2026-08-10T07:01:47.947Z,1.12.6,1.9.0-DEV,428070c0f9ad,4.16.0,1.3.11,ctbllib-fs2-q3-findall,2397,61,2026-08-10T07:07:07.371Z
(2x2^(1+8)_+).O8+(2),178362777600,false,0,true,2026-08-10T07:01:47.947Z,1.12.6,1.9.0-DEV,428070c0f9ad,4.16.0,1.3.11,ctbllib-fs2-q3-findall,2397,62,2026-08-10T07:07:14.873Z
(2x3.A6).2,4320,false,0,true,2026-08-10T07:01:47.947Z,1.12.6,1.9.0-DEV,428070c0f9ad,4.16.0,1.3.11,ctbllib-fs2-q3-findall,2397,63,2026-08-10T07:07:15.002Z
(2x3^(1+2)_+:8):2,864,true,0,true,2026-08-10T07:01:47.947Z,1.12.6,1.9.0-DEV,428070c0f9ad,4.16.0,1.3.11,ctbllib-fs2-q3-findall,2397,64,2026-08-10T07:07:16.463Z
(2x3^3).S4,1296,true,0,true,2026-08-10T07:01:47.947Z,1.12.6,1.9.0-DEV,428070c0f9ad,4.16.0,1.3.11,ctbllib-fs2-q3-findall,2397,65,2026-08-10T07:07:16.512Z
(2x3^3).S4`,1296,true,0,true,2026-08-10T07:01:47.947Z,1.12.6,1.9.0-DEV,428070c0f9ad,4.16.0,1.3.11,ctbllib-fs2-q3-findall,2397,66,2026-08-10T07:07:16.64Z
(2x3^4:2^3).S4,31104,true,0,true,2026-08-10T07:01:47.947Z,1.12.6,1.9.0-DEV,428070c0f9ad,4.16.0,1.3.11,ctbllib-fs2-q3-findall,2397,67,2026-08-10T07:07:16.902Z
(2x3^5).U4(2).2,25194240,false,0,true,2026-08-10T07:01:47.947Z,1.12.6,1.9.0-DEV,428070c0f9ad,4.16.0,1.3.11,ctbllib-fs2-q3-findall,2397,68,2026-08-10T07:07:17.809Z
(2x4).L3(4),161280,false,0,true,2026-08-10T07:01:47.947Z,1.12.6,1.9.0-DEV,428070c0f9ad,4.16.0,1.3.11,ctbllib-fs2-q3-findall,2397,69,2026-08-10T07:07:18.04Z
(2x4^2).2^4.S3,3072,true,0,true,2026-08-10T07:01:47.947Z,1.12.6,1.9.0-DEV,428070c0f9ad,4.16.0,1.3.11,ctbllib-fs2-q3-findall,2397,70,2026-08-10T07:07:20.502Z
(2x5^2).12,600,true,0,true,2026-08-10T07:01:47.947Z,1.12.6,1.9.0-DEV,428070c0f9ad,4.16.0,1.3.11,ctbllib-fs2-q3-findall,2397,71,2026-08-10T07:07:20.566Z
(2xA6).2^2,2880,false,0,true,2026-08-10T07:01:47.947Z,1.12.6,1.9.0-DEV,428070c0f9ad,4.16.0,1.3.11,ctbllib-fs2-q3-findall,2397,72,2026-08-10T07:07:20.666Z
(2xA6).2_3,1440,false,0,true,2026-08-10T07:01:47.947Z,1.12.6,1.9.0-DEV,428070c0f9ad,4.16.0,1.3.11,ctbllib-fs2-q3-findall,2397,73,2026-08-10T07:07:20.725Z
(2xA6.2^2).2,5760,false,0,true,2026-08-10T07:01:47.947Z,1.12.6,1.9.0-DEV,428070c0f9ad,4.16.0,1.3.11,ctbllib-fs2-q3-findall,2397,74,2026-08-10T07:07:20.87Z
(2xL3(2)).2,672,false,0,true,2026-08-10T07:01:47.947Z,1.12.6,1.9.0-DEV,428070c0f9ad,4.16.0,1.3.11,ctbllib-fs2-q3-findall,2397,75,2026-08-10T07:07:20.921Z
(2xL3(3)).2,22464,false,0,true,2026-08-10T07:01:47.947Z,1.12.6,1.9.0-DEV,428070c0f9ad,4.16.0,1.3.11,ctbllib-fs2-q3-findall,2397,76,2026-08-10T07:07:21.059Z
(2xO8+(3)).S4,237704631091200,false,0,true,2026-08-10T07:01:47.947Z,1.12.6,1.9.0-DEV,428070c0f9ad,4.16.0,1.3.11,ctbllib-fs2-q3-findall,2397,77,2026-08-10T07:07:28.313Z
(3.A6.2_2xA5):2,259200,false,0,true,2026-08-10T07:01:47.947Z,1.12.6,1.9.0-DEV,428070c0f9ad,4.16.0,1.3.11,ctbllib-fs2-q3-findall,2397,78,2026-08-10T07:07:28.854Z
(3.A6x2.A5).2,259200,false,0,true,2026-08-10T07:01:47.947Z,1.12.6,1.9.0-DEV,428070c0f9ad,4.16.0,1.3.11,ctbllib-fs2-q3-findall,2397,79,2026-08-10T07:07:30.854Z
(3.A6xA5):2,129600,false,0,true,2026-08-10T07:01:47.947Z,1.12.6,1.9.0-DEV,428070c0f9ad,4.16.0,1.3.11,ctbllib-fs2-q3-findall,2397,80,2026-08-10T07:07:31.234Z
(3^(1+2)+x3^2):2S4,11664,true,0,true,2026-08-10T07:01:47.947Z,1.12.6,1.9.0-DEV,428070c0f9ad,4.16.0,1.3.11,ctbllib-fs2-q3-findall,2397,81,2026-08-10T07:07:31.304Z
(3^(1+2):2^2xG2(3)):2,917070336,false,0,true,2026-08-10T07:01:47.947Z,1.12.6,1.9.0-DEV,428070c0f9ad,4.16.0,1.3.11,ctbllib-fs2-q3-findall,2397,82,2026-08-10T07:07:36.892Z
(3^(1+2):4x2.A6).2,155520,false,0,true,2026-08-10T07:01:47.947Z,1.12.6,1.9.0-DEV,428070c0f9ad,4.16.0,1.3.11,ctbllib-fs2-q3-findall,2397,83,2026-08-10T07:07:38.014Z
(3^(1+2):4xA6).2,77760,false,0,true,2026-08-10T07:01:47.947Z,1.12.6,1.9.0-DEV,428070c0f9ad,4.16.0,1.3.11,ctbllib-fs2-q3-findall,2397,84,2026-08-10T07:07:40.439Z
(3^(1+2):4xD10).2,2160,true,0,true,2026-08-10T07:01:47.947Z,1.12.6,1.9.0-DEV,428070c0f9ad,4.16.0,1.3.11,ctbllib-fs2-q3-findall,2397,85,2026-08-10T07:07:40.912Z
(3^(1+2):8x2.A6).2,311040,false,0,true,2026-08-10T07:01:47.947Z,1.12.6,1.9.0-DEV,428070c0f9ad,4.16.0,1.3.11,ctbllib-fs2-q3-findall,2397,86,2026-08-10T07:07:42.075Z
(3^(1+2):8xA6).2,155520,false,0,true,2026-08-10T07:01:47.947Z,1.12.6,1.9.0-DEV,428070c0f9ad,4.16.0,1.3.11,ctbllib-fs2-q3-findall,2397,87,2026-08-10T07:07:43.503Z
(3^(1+2)_+:2x13:6).2,8424,true,0,true,2026-08-10T07:01:47.947Z,1.12.6,1.9.0-DEV,428070c0f9ad,4.16.0,1.3.11,ctbllib-fs2-q3-findall,2397,88,2026-08-10T07:07:44.333Z
(3^(1+2)x2).SD16,864,true,0,true,2026-08-10T07:01:47.947Z,1.12.6,1.9.0-DEV,428070c0f9ad,4.16.0,1.3.11,ctbllib-fs2-q3-findall,2397,89,2026-08-10T07:07:44.469Z
(3^(1+6).3)a.2.S4,314928,true,0,true,2026-08-10T07:01:47.947Z,1.12.6,1.9.0-DEV,428070c0f9ad,4.16.0,1.3.11,ctbllib-fs2-q3-findall,2397,90,2026-08-10T07:07:46.592Z
(3^2:2x13:6).2,2808,true,0,true,2026-08-10T07:01:47.947Z,1.12.6,1.9.0-DEV,428070c0f9ad,4.16.0,1.3.11,ctbllib-fs2-q3-findall,2397,91,2026-08-10T07:07:46.776Z
(3^2:2xG2(3)).2,152845056,false,0,true,2026-08-10T07:01:47.947Z,1.12.6,1.9.0-DEV,428070c0f9ad,4.16.0,1.3.11,ctbllib-fs2-q3-findall,2397,92,2026-08-10T07:07:47.45Z
(3^2:2xO8+(3)).S4,2139341679820800,false,0,true,2026-08-10T07:01:47.947Z,1.12.6,1.9.0-DEV,428070c0f9ad,4.16.0,1.3.11,ctbllib-fs2-q3-findall,2397,93,2026-08-10T07:08:04.709Z
(3^2:4x2.A6).2,51840,false,0,true,2026-08-10T07:01:47.947Z,1.12.6,1.9.0-DEV,428070c0f9ad,4.16.0,1.3.11,ctbllib-fs2-q3-findall,2397,94,2026-08-10T07:08:05.028Z
(3^2:4xA6).2^2,51840,false,0,true,2026-08-10T07:01:47.947Z,1.12.6,1.9.0-DEV,428070c0f9ad,4.16.0,1.3.11,ctbllib-fs2-q3-findall,2397,95,2026-08-10T07:08:05.17Z
(3^2:4xD10).2,720,true,0,true,2026-08-10T07:01:47.947Z,1.12.6,1.9.0-DEV,428070c0f9ad,4.16.0,1.3.11,ctbllib-fs2-q3-findall,2397,96,2026-08-10T07:08:05.551Z
(3^2:4xa6).2,25920,false,0,true,2026-08-10T07:01:47.947Z,1.12.6,1.9.0-DEV,428070c0f9ad,4.16.0,1.3.11,ctbllib-fs2-q3-findall,2397,97,2026-08-10T07:08:05.772Z
(3^2:8xA6).2,51840,false,0,true,2026-08-10T07:01:47.947Z,1.12.6,1.9.0-DEV,428070c0f9ad,4.16.0,1.3.11,ctbllib-fs2-q3-findall,2397,98,2026-08-10T07:08:05.979Z
(3^2:D8xD10).2,1440,true,0,true,2026-08-10T07:01:47.947Z,1.12.6,1.9.0-DEV,428070c0f9ad,4.16.0,1.3.11,ctbllib-fs2-q3-findall,2397,99,2026-08-10T07:08:06.411Z
(3^2:D8xU4(3).2^2).2,1881169920,false,0,true,2026-08-10T07:01:47.947Z,1.12.6,1.9.0-DEV,428070c0f9ad,4.16.0,1.3.11,ctbllib-fs2-q3-findall,2397,100,2026-08-10T07:08:24.352Z
(3^2x2).U4(3),58786560,false,0,true,2026-08-10T07:01:47.947Z,1.12.6,1.9.0-DEV,428070c0f9ad,4.16.0,1.3.11,ctbllib-fs2-q3-findall,2397,101,2026-08-10T07:08:29.196Z
(3^2x2).U4(3).2_3',117573120,false,0,true,2026-08-10T07:01:47.947Z,1.12.6,1.9.0-DEV,428070c0f9ad,4.16.0,1.3.11,ctbllib-fs2-q3-findall,2397,102,2026-08-10T07:08:34.11Z
(3^2x2).U4(3).D8,470292480,false,0,true,2026-08-10T07:01:47.947Z,1.12.6,1.9.0-DEV,428070c0f9ad,4.16.0,1.3.11,ctbllib-fs2-q3-findall,2397,103,2026-08-10T07:08:37.536Z
(3^2x4).U4(3),117573120,false,0,true,2026-08-10T07:01:47.947Z,1.12.6,1.9.0-DEV,428070c0f9ad,4.16.0,1.3.11,ctbllib-fs2-q3-findall,2397,104,2026-08-10T07:08:50.975Z
(3x13:6).2,468,true,0,true,2026-08-10T07:01:47.947Z,1.12.6,1.9.0-DEV,428070c0f9ad,4.16.0,1.3.11,ctbllib-fs2-q3-findall,2397,105,2026-08-10T07:08:51.118Z
(3x2.D10).2,120,true,0,true,2026-08-10T07:01:47.947Z,1.12.6,1.9.0-DEV,428070c0f9ad,4.16.0,1.3.11,ctbllib-fs2-q3-findall,2397,106,2026-08-10T07:08:51.716Z
(3x2.U4(2)):2,311040,false,0,true,2026-08-10T07:01:47.947Z,1.12.6,1.9.0-DEV,428070c0f9ad,4.16.0,1.3.11,ctbllib-fs2-q3-findall,2397,107,2026-08-10T07:08:54.178Z
(3x2S5).2,1440,false,0,true,2026-08-10T07:01:47.947Z,1.12.6,1.9.0-DEV,428070c0f9ad,4.16.0,1.3.11,ctbllib-fs2-q3-findall,2397,108,2026-08-10T07:08:54.269Z
(3x2^(1+6)_-.U4(2)).2,19906560,false,0,true,2026-08-10T07:01:47.947Z,1.12.6,1.9.0-DEV,428070c0f9ad,4.16.0,1.3.11,ctbllib-fs2-q3-findall,2397,109,2026-08-10T07:08:55.452Z
(3x2^(2+8):(A5xS3)).2,2211840,false,0,true,2026-08-10T07:01:47.947Z,1.12.6,1.9.0-DEV,428070c0f9ad,4.16.0,1.3.11,ctbllib-fs2-q3-findall,2397,110,2026-08-10T07:08:57.554Z
(3x2^(4+6):3A6).2,6635520,false,0,true,2026-08-10T07:01:47.947Z,1.12.6,1.9.0-DEV,428070c0f9ad,4.16.0,1.3.11,ctbllib-fs2-q3-findall,2397,111,2026-08-10T07:08:59.438Z
(3x3^(1+2)+:2A4).2,3888,true,0,true,2026-08-10T07:01:47.947Z,1.12.6,1.9.0-DEV,428070c0f9ad,4.16.0,1.3.11,ctbllib-fs2-q3-findall,2397,112,2026-08-10T07:08:59.867Z
(3x3^3:S3):2,972,true,0,true,2026-08-10T07:01:47.947Z,1.12.6,1.9.0-DEV,428070c0f9ad,4.16.0,1.3.11,ctbllib-fs2-q3-findall,2397,113,2026-08-10T07:09:00.531Z
(3xA6).2_1,2160,false,0,true,2026-08-10T07:01:47.947Z,1.12.6,1.9.0-DEV,428070c0f9ad,4.16.0,1.3.11,ctbllib-fs2-q3-findall,2397,114,2026-08-10T07:09:00.621Z
(3xD10).2,60,true,0,true,2026-08-10T07:01:47.947Z,1.12.6,1.9.0-DEV,428070c0f9ad,4.16.0,1.3.11,ctbllib-fs2-q3-findall,2397,115,2026-08-10T07:09:00.669Z
(3xG2(3)):2,25474176,false,0,true,2026-08-10T07:01:47.947Z,1.12.6,1.9.0-DEV,428070c0f9ad,4.16.0,1.3.11,ctbllib-fs2-q3-findall,2397,116,2026-08-10T07:09:00.912Z
(3xG2(4)).2,1509580800,false,0,true,2026-08-10T07:01:47.947Z,1.12.6,1.9.0-DEV,428070c0f9ad,4.16.0,1.3.11,ctbllib-fs2-q3-findall,2397,117,2026-08-10T07:09:02.898Z
(3xL2(16):2).2,48960,false,0,true,2026-08-10T07:01:47.947Z,1.12.6,1.9.0-DEV,428070c0f9ad,4.16.0,1.3.11,ctbllib-fs2-q3-findall,2397,118,2026-08-10T07:09:03.107Z
(3xL2(25)).2_2,46800,false,0,true,2026-08-10T07:01:47.947Z,1.12.6,1.9.0-DEV,428070c0f9ad,4.16.0,1.3.11,ctbllib-fs2-q3-findall,2397,119,2026-08-10T07:09:03.369Z
(3xL3(4).2_2).2,241920,false,0,true,2026-08-10T07:01:47.947Z,1.12.6,1.9.0-DEV,428070c0f9ad,4.16.0,1.3.11,ctbllib-fs2-q3-findall,2397,120,2026-08-10T07:09:03.511Z
(3xM10):2,4320,false,0,true,2026-08-10T07:01:47.947Z,1.12.6,1.9.0-DEV,428070c0f9ad,4.16.0,1.3.11,ctbllib-fs2-q3-findall,2397,121,2026-08-10T07:09:03.56Z
(3xMcLN2).2,768,true,0,true,2026-08-10T07:01:47.947Z,1.12.6,1.9.0-DEV,428070c0f9ad,4.16.0,1.3.11,ctbllib-fs2-q3-findall,2397,122,2026-08-10T07:09:04.277Z
(3xO8+(2)):2,1045094400,false,0,true,2026-08-10T07:01:47.947Z,1.12.6,1.9.0-DEV,428070c0f9ad,4.16.0,1.3.11,ctbllib-fs2-q3-findall,2397,123,2026-08-10T07:09:05.802Z
(3xO8+(3):3):2,89139236659200,false,0,true,2026-08-10T07:01:47.947Z,1.12.6,1.9.0-DEV,428070c0f9ad,4.16.0,1.3.11,ctbllib-fs2-q3-findall,2397,124,2026-08-10T07:09:12.684Z
(3xO8-(2)):2,1184440320,false,0,true,2026-08-10T07:01:47.947Z,1.12.6,1.9.0-DEV,428070c0f9ad,4.16.0,1.3.11,ctbllib-fs2-q3-findall,2397,125,2026-08-10T07:09:13.539Z
(3xONN2).2,3072,true,0,true,2026-08-10T07:01:47.947Z,1.12.6,1.9.0-DEV,428070c0f9ad,4.16.0,1.3.11,ctbllib-fs2-q3-findall,2397,126,2026-08-10T07:09:15.934Z
"(3xSL(2,3)):2",144,true,0,true,2026-08-10T07:01:47.947Z,1.12.6,1.9.0-DEV,428070c0f9ad,4.16.0,1.3.11,ctbllib-fs2-q3-findall,2397,127,2026-08-10T07:09:16.214Z
(3xU4(2)):2,155520,false,0,true,2026-08-10T07:01:47.947Z,1.12.6,1.9.0-DEV,428070c0f9ad,4.16.0,1.3.11,ctbllib-fs2-q3-findall,2397,128,2026-08-10T07:09:16.409Z
(3xU5(2)).2,82114560,false,0,true,2026-08-10T07:01:47.947Z,1.12.6,1.9.0-DEV,428070c0f9ad,4.16.0,1.3.11,ctbllib-fs2-q3-findall,2397,129,2026-08-10T07:09:17.053Z
(4^2x2)(2xS4),1536,true,0,true,2026-08-10T07:01:47.947Z,1.12.6,1.9.0-DEV,428070c0f9ad,4.16.0,1.3.11,ctbllib-fs2-q3-findall,2397,130,2026-08-10T07:09:17.183Z
(4^2x2).2^3.S3,1536,true,0,true,2026-08-10T07:01:47.947Z,1.12.6,1.9.0-DEV,428070c0f9ad,4.16.0,1.3.11,ctbllib-fs2-q3-findall,2397,131,2026-08-10T07:09:17.505Z
(4^2x2)S4,768,true,0,true,2026-08-10T07:01:47.947Z,1.12.6,1.9.0-DEV,428070c0f9ad,4.16.0,1.3.11,ctbllib-fs2-q3-findall,2397,132,2026-08-10T07:09:17.566Z
(4^2x3).L3(4),967680,false,0,true,2026-08-10T07:01:47.947Z,1.12.6,1.9.0-DEV,428070c0f9ad,4.16.0,1.3.11,ctbllib-fs2-q3-findall,2397,133,2026-08-10T07:09:24.392Z
(4^2x3):S3,288,true,0,true,2026-08-10T07:01:47.947Z,1.12.6,1.9.0-DEV,428070c0f9ad,4.16.0,1.3.11,ctbllib-fs2-q3-findall,2397,134,2026-08-10T07:09:24.448Z
(4x2^2).2^4.S3,1536,true,0,true,2026-08-10T07:01:47.947Z,1.12.6,1.9.0-DEV,428070c0f9ad,4.16.0,1.3.11,ctbllib-fs2-q3-findall,2397,135,2026-08-10T07:09:24.75Z
(4xA6).2^2,5760,false,0,true,2026-08-10T07:01:47.947Z,1.12.6,1.9.0-DEV,428070c0f9ad,4.16.0,1.3.11,ctbllib-fs2-q3-findall,2397,136,2026-08-10T07:09:24.908Z
(4xA6).2_3,2880,false,0,true,2026-08-10T07:01:47.947Z,1.12.6,1.9.0-DEV,428070c0f9ad,4.16.0,1.3.11,ctbllib-fs2-q3-findall,2397,137,2026-08-10T07:09:25.02Z
(4xA6):2,2880,false,0,true,2026-08-10T07:01:47.947Z,1.12.6,1.9.0-DEV,428070c0f9ad,4.16.0,1.3.11,ctbllib-fs2-q3-findall,2397,138,2026-08-10T07:09:25.159Z
(5^2:4S4x2.A5):2,576000,false,0,true,2026-08-10T07:01:47.947Z,1.12.6,1.9.0-DEV,428070c0f9ad,4.16.0,1.3.11,ctbllib-fs2-q3-findall,2397,139,2026-08-10T07:09:27.693Z
(5^2:[2^4]xU3(5)).S3,302400000,false,0,true,2026-08-10T07:01:47.947Z,1.12.6,1.9.0-DEV,428070c0f9ad,4.16.0,1.3.11,ctbllib-fs2-q3-findall,2397,140,2026-08-10T07:09:29.991Z
(7:3x2.A7):2,211680,false,0,true,2026-08-10T07:01:47.947Z,1.12.6,1.9.0-DEV,428070c0f9ad,4.16.0,1.3.11,ctbllib-fs2-q3-findall,2397,141,2026-08-10T07:09:32.379Z
(7:3x2.L3(4).2).2,3386880,false,0,true,2026-08-10T07:01:47.947Z,1.12.6,1.9.0-DEV,428070c0f9ad,4.16.0,1.3.11,ctbllib-fs2-q3-findall,2397,142,2026-08-10T07:09:33.673Z
(7:3x3):2,126,true,0,true,2026-08-10T07:01:47.947Z,1.12.6,1.9.0-DEV,428070c0f9ad,4.16.0,1.3.11,ctbllib-fs2-q3-findall,2397,143,2026-08-10T07:09:33.721Z
(7:3x3):4,252,true,0,true,2026-08-10T07:01:47.947Z,1.12.6,1.9.0-DEV,428070c0f9ad,4.16.0,1.3.11,ctbllib-fs2-q3-findall,2397,144,2026-08-10T07:09:35.028Z
(7:3xA5):2,2520,false,0,true,2026-08-10T07:01:47.947Z,1.12.6,1.9.0-DEV,428070c0f9ad,4.16.0,1.3.11,ctbllib-fs2-q3-findall,2397,145,2026-08-10T07:09:35.165Z
(7:3xA7):2,105840,false,0,true,2026-08-10T07:01:47.947Z,1.12.6,1.9.0-DEV,428070c0f9ad,4.16.0,1.3.11,ctbllib-fs2-q3-findall,2397,146,2026-08-10T07:09:35.657Z
(7:3xHe):2,169276262400,false,0,true,2026-08-10T07:01:47.947Z,1.12.6,1.9.0-DEV,428070c0f9ad,4.16.0,1.3.11,ctbllib-fs2-q3-findall,2397,147,2026-08-10T07:09:40.306Z
(7:3xL2(7)):2,7056,false,0,true,2026-08-10T07:01:47.947Z,1.12.6,1.9.0-DEV,428070c0f9ad,4.16.0,1.3.11,ctbllib-fs2-q3-findall,2397,148,2026-08-10T07:09:40.664Z
(7^2:(3x2A4)xL2(7)).2,1185408,false,0,true,2026-08-10T07:01:47.947Z,1.12.6,1.9.0-DEV,428070c0f9ad,4.16.0,1.3.11,ctbllib-fs2-q3-findall,2397,149,2026-08-10T07:09:41.721Z
(7xL2(7)):2,2352,false,0,true,2026-08-10T07:01:47.947Z,1.12.6,1.9.0-DEV,428070c0f9ad,4.16.0,1.3.11,ctbllib-fs2-q3-findall,2397,150,2026-08-10T07:09:41.827Z
(7xL2(8)).3,10584,false,0,true,2026-08-10T07:01:47.947Z,1.12.6,1.9.0-DEV,428070c0f9ad,4.16.0,1.3.11,ctbllib-fs2-q3-findall,2397,151,2026-08-10T07:09:42.803Z
(9x3).S3,162,true,0,true,2026-08-10T07:01:47.947Z,1.12.6,1.9.0-DEV,428070c0f9ad,4.16.0,1.3.11,ctbllib-fs2-q3-findall,2397,152,2026-08-10T07:09:42.848Z
(A10x3):2,10886400,false,0,true,2026-08-10T07:01:47.947Z,1.12.6,1.9.0-DEV,428070c0f9ad,4.16.0,1.3.11,ctbllib-fs2-q3-findall,2397,153,2026-08-10T07:09:43.22Z
(A4wr2^2):2,165888,true,0,true,2026-08-10T07:01:47.947Z,1.12.6,1.9.0-DEV,428070c0f9ad,4.16.0,1.3.11,ctbllib-fs2-q3-findall,2397,154,2026-08-10T07:09:43.817Z
(A4x11:5).2,1320,true,0,true,2026-08-10T07:01:47.947Z,1.12.6,1.9.0-DEV,428070c0f9ad,4.16.0,1.3.11,ctbllib-fs2-q3-findall,2397,155,2026-08-10T07:09:45.006Z
(A4x2(A4xA4).2).2,13824,true,0,true,2026-08-10T07:01:47.947Z,1.12.6,1.9.0-DEV,428070c0f9ad,4.16.0,1.3.11,ctbllib-fs2-q3-findall,2397,156,2026-08-10T07:09:45.494Z
(A4x3):2,72,true,0,true,2026-08-10T07:01:47.947Z,1.12.6,1.9.0-DEV,428070c0f9ad,4.16.0,1.3.11,ctbllib-fs2-q3-findall,2397,157,2026-08-10T07:09:45.51Z
(A4x3.L3(4)).2,1451520,false,0,true,2026-08-10T07:01:47.947Z,1.12.6,1.9.0-DEV,428070c0f9ad,4.16.0,1.3.11,ctbllib-fs2-q3-findall,2397,158,2026-08-10T07:09:46.155Z
(A4x3.L3(4).2_3).2,2903040,false,0,true,2026-08-10T07:01:47.947Z,1.12.6,1.9.0-DEV,428070c0f9ad,4.16.0,1.3.11,ctbllib-fs2-q3-findall,2397,159,2026-08-10T07:09:48.386Z
(A4x7:3):2,504,true,0,true,2026-08-10T07:01:47.947Z,1.12.6,1.9.0-DEV,428070c0f9ad,4.16.0,1.3.11,ctbllib-fs2-q3-findall,2397,160,2026-08-10T07:09:48.727Z
(A4xA5):2,1440,false,0,true,2026-08-10T07:01:47.947Z,1.12.6,1.9.0-DEV,428070c0f9ad,4.16.0,1.3.11,ctbllib-fs2-q3-findall,2397,161,2026-08-10T07:09:48.834Z
(A4xD10).2,240,true,0,true,2026-08-10T07:01:47.947Z,1.12.6,1.9.0-DEV,428070c0f9ad,4.16.0,1.3.11,ctbllib-fs2-q3-findall,2397,162,2026-08-10T07:09:48.965Z
(A4xG2(4)):2,6038323200,false,0,true,2026-08-10T07:01:47.947Z,1.12.6,1.9.0-DEV,428070c0f9ad,4.16.0,1.3.11,ctbllib-fs2-q3-findall,2397,163,2026-08-10T07:09:50.796Z
(A4xL3(4):2_3):2,967680,false,0,true,2026-08-10T07:01:47.947Z,1.12.6,1.9.0-DEV,428070c0f9ad,4.16.0,1.3.11,ctbllib-fs2-q3-findall,2397,164,2026-08-10T07:09:51.119Z
(A4xO8+(2).3).2,12541132800,false,0,true,2026-08-10T07:01:47.947Z,1.12.6,1.9.0-DEV,428070c0f9ad,4.16.0,1.3.11,ctbllib-fs2-q3-findall,2397,165,2026-08-10T07:09:56.413Z
(A4xU4(2)):2,622080,false,0,true,2026-08-10T07:01:47.947Z,1.12.6,1.9.0-DEV,428070c0f9ad,4.16.0,1.3.11,ctbllib-fs2-q3-findall,2397,166,2026-08-10T07:09:56.821Z
(A5x3):2,360,false,0,true,2026-08-10T07:01:47.947Z,1.12.6,1.9.0-DEV,428070c0f9ad,4.16.0,1.3.11,ctbllib-fs2-q3-findall,2397,167,2026-08-10T07:09:56.844Z
(A5xA12):2,28740096000,false,0,true,2026-08-10T07:01:47.947Z,1.12.6,1.9.0-DEV,428070c0f9ad,4.16.0,1.3.11,ctbllib-fs2-q3-findall,2397,168,2026-08-10T07:10:06.967Z
(A5xA5).(2x4),28800,false,0,true,2026-08-10T07:01:47.947Z,1.12.6,1.9.0-DEV,428070c0f9ad,4.16.0,1.3.11,ctbllib-fs2-q3-findall,2397,169,2026-08-10T07:10:07.163Z
(A5xA5):2,7200,false,0,true,2026-08-10T07:01:47.947Z,1.12.6,1.9.0-DEV,428070c0f9ad,4.16.0,1.3.11,ctbllib-fs2-q3-findall,2397,170,2026-08-10T07:10:07.277Z
(A5xA5):2^2,14400,false,0,true,2026-08-10T07:01:47.947Z,1.12.6,1.9.0-DEV,428070c0f9ad,4.16.0,1.3.11,ctbllib-fs2-q3-findall,2397,171,2026-08-10T07:10:07.359Z
(A5xA5):4,14400,false,0,true,2026-08-10T07:01:47.947Z,1.12.6,1.9.0-DEV,428070c0f9ad,4.16.0,1.3.11,ctbllib-fs2-q3-findall,2397,172,2026-08-10T07:10:07.409Z
(A5xA9):2,21772800,false,0,true,2026-08-10T07:01:47.947Z,1.12.6,1.9.0-DEV,428070c0f9ad,4.16.0,1.3.11,ctbllib-fs2-q3-findall,2397,173,2026-08-10T07:10:10.587Z
(A5xD10).2,1200,false,0,true,2026-08-10T07:01:47.947Z,1.12.6,1.9.0-DEV,428070c0f9ad,4.16.0,1.3.11,ctbllib-fs2-q3-findall,2397,174,2026-08-10T07:10:10.709Z
(A5xJ2):2,72576000,false,0,true,2026-08-10T07:01:47.947Z,1.12.6,1.9.0-DEV,428070c0f9ad,4.16.0,1.3.11,ctbllib-fs2-q3-findall,2397,175,2026-08-10T07:10:11.408Z
(A5xU3(8):3):2,1985679360,false,0,true,2026-08-10T07:01:47.947Z,1.12.6,1.9.0-DEV,428070c0f9ad,4.16.0,1.3.11,ctbllib-fs2-q3-findall,2397,176,2026-08-10T07:10:14.377Z
(A5xU4(2)):2,3110400,false,0,true,2026-08-10T07:01:47.947Z,1.12.6,1.9.0-DEV,428070c0f9ad,4.16.0,1.3.11,ctbllib-fs2-q3-findall,2397,177,2026-08-10T07:10:15.025Z
(A6:2_2xA5).2,86400,false,0,true,2026-08-10T07:01:47.947Z,1.12.6,1.9.0-DEV,428070c0f9ad,4.16.0,1.3.11,ctbllib-fs2-q3-findall,2397,178,2026-08-10T07:10:15.286Z
(A6x2.A5).2,86400,false,0,true,2026-08-10T07:01:47.947Z,1.12.6,1.9.0-DEV,428070c0f9ad,4.16.0,1.3.11,ctbllib-fs2-q3-findall,2397,179,2026-08-10T07:10:17.341Z
(A6xA4).2,8640,false,0,true,2026-08-10T07:01:47.947Z,1.12.6,1.9.0-DEV,428070c0f9ad,4.16.0,1.3.11,ctbllib-fs2-q3-findall,2397,180,2026-08-10T07:10:17.479Z
(A6xA5):2,43200,false,0,true,2026-08-10T07:01:47.947Z,1.12.6,1.9.0-DEV,428070c0f9ad,4.16.0,1.3.11,ctbllib-fs2-q3-findall,2397,181,2026-08-10T07:10:17.644Z
(A6xA6).D8,1036800,false,0,true,2026-08-10T07:01:47.947Z,1.12.6,1.9.0-DEV,428070c0f9ad,4.16.0,1.3.11,ctbllib-fs2-q3-findall,2397,182,2026-08-10T07:10:17.821Z
(A6xA6):2^2,518400,false,0,true,2026-08-10T07:01:47.947Z,1.12.6,1.9.0-DEV,428070c0f9ad,4.16.0,1.3.11,ctbllib-fs2-q3-findall,2397,183,2026-08-10T07:10:18.01Z
(A6xA6xA6).(2xS4),2239488000,false,0,true,2026-08-10T07:01:47.947Z,1.12.6,1.9.0-DEV,428070c0f9ad,4.16.0,1.3.11,ctbllib-fs2-q3-findall,2397,184,2026-08-10T07:10:22.851Z
(A6xU3(3)):2,4354560,false,0,true,2026-08-10T07:01:47.947Z,1.12.6,1.9.0-DEV,428070c0f9ad,4.16.0,1.3.11,ctbllib-fs2-q3-findall,2397,185,2026-08-10T07:10:23.518Z
(A7x(A5xA5):2^2):2,72576000,false,0,true,2026-08-10T07:01:47.947Z,1.12.6,1.9.0-DEV,428070c0f9ad,4.16.0,1.3.11,ctbllib-fs2-q3-findall,2397,186,2026-08-10T07:10:33.168Z
(A7x3).2,15120,false,0,true,2026-08-10T07:01:47.947Z,1.12.6,1.9.0-DEV,428070c0f9ad,4.16.0,1.3.11,ctbllib-fs2-q3-findall,2397,187,2026-08-10T07:10:33.307Z
(A7xA4):2,60480,false,0,true,2026-08-10T07:01:47.947Z,1.12.6,1.9.0-DEV,428070c0f9ad,4.16.0,1.3.11,ctbllib-fs2-q3-findall,2397,188,2026-08-10T07:10:33.508Z
(A7xA5):2,302400,false,0,true,2026-08-10T07:01:47.947Z,1.12.6,1.9.0-DEV,428070c0f9ad,4.16.0,1.3.11,ctbllib-fs2-q3-findall,2397,189,2026-08-10T07:10:33.836Z
(A7xA6):2,1814400,false,0,true,2026-08-10T07:01:47.947Z,1.12.6,1.9.0-DEV,428070c0f9ad,4.16.0,1.3.11,ctbllib-fs2-q3-findall,2397,190,2026-08-10T07:10:36.632Z
(A7xL2(7)):2,846720,false,0,true,2026-08-10T07:01:47.947Z,1.12.6,1.9.0-DEV,428070c0f9ad,4.16.0,1.3.11,ctbllib-fs2-q3-findall,2397,191,2026-08-10T07:10:36.977Z
(A8x3).2,120960,false,0,true,2026-08-10T07:01:47.947Z,1.12.6,1.9.0-DEV,428070c0f9ad,4.16.0,1.3.11,ctbllib-fs2-q3-findall,2397,192,2026-08-10T07:10:37.156Z
(A8xA4):2,483840,false,0,true,2026-08-10T07:01:47.947Z,1.12.6,1.9.0-DEV,428070c0f9ad,4.16.0,1.3.11,ctbllib-fs2-q3-findall,2397,193,2026-08-10T07:10:37.492Z
(A8xA5):2,2419200,false,0,true,2026-08-10T07:01:47.947Z,1.12.6,1.9.0-DEV,428070c0f9ad,4.16.0,1.3.11,ctbllib-fs2-q3-findall,2397,194,2026-08-10T07:10:38.029Z
(A9x3):2,1088640,false,0,true,2026-08-10T07:01:47.947Z,1.12.6,1.9.0-DEV,428070c0f9ad,4.16.0,1.3.11,ctbllib-fs2-q3-findall,2397,195,2026-08-10T07:10:38.287Z
(A9xA4):2,4354560,false,0,true,2026-08-10T07:01:47.947Z,1.12.6,1.9.0-DEV,428070c0f9ad,4.16.0,1.3.11,ctbllib-fs2-q3-findall,2397,196,2026-08-10T07:10:39.937Z
(D10x(A5xA5).2).2,144000,false,0,true,2026-08-10T07:01:47.947Z,1.12.6,1.9.0-DEV,428070c0f9ad,4.16.0,1.3.11,ctbllib-fs2-q3-findall,2397,197,2026-08-10T07:10:40.234Z
(D10x2.(A5xA5).2).2,288000,false,0,true,2026-08-10T07:01:47.947Z,1.12.6,1.9.0-DEV,428070c0f9ad,4.16.0,1.3.11,ctbllib-fs2-q3-findall,2397,198,2026-08-10T07:10:43.311Z
(D10x2^3.L3(2)).2,26880,false,0,true,2026-08-10T07:01:47.947Z,1.12.6,1.9.0-DEV,428070c0f9ad,4.16.0,1.3.11,ctbllib-fs2-q3-findall,2397,199,2026-08-10T07:10:43.903Z
(D10x3.A6).2_3,21600,false,0,true,2026-08-10T07:01:47.947Z,1.12.6,1.9.0-DEV,428070c0f9ad,4.16.0,1.3.11,ctbllib-fs2-q3-findall,2397,200,2026-08-10T07:10:44.454Z
(D10xA6).2,7200,false,0,true,2026-08-10T07:01:47.947Z,1.12.6,1.9.0-DEV,428070c0f9ad,4.16.0,1.3.11,ctbllib-fs2-q3-findall,2397,201,2026-08-10T07:10:44.848Z
(D10xA9).2,3628800,false,0,true,2026-08-10T07:01:47.947Z,1.12.6,1.9.0-DEV,428070c0f9ad,4.16.0,1.3.11,ctbllib-fs2-q3-findall,2397,202,2026-08-10T07:10:46.17Z
(D10xD10).2^2,400,true,0,true,2026-08-10T07:01:47.947Z,1.12.6,1.9.0-DEV,428070c0f9ad,4.16.0,1.3.11,ctbllib-fs2-q3-findall,2397,203,2026-08-10T07:10:46.451Z
(D10xHN).2,5460618240000000,false,0,true,2026-08-10T07:01:47.947Z,1.12.6,1.9.0-DEV,428070c0f9ad,4.16.0,1.3.11,ctbllib-fs2-q3-findall,2397,204,2026-08-10T07:10:51.631Z
(D10xJ2).2,12096000,false,0,true,2026-08-10T07:01:47.947Z,1.12.6,1.9.0-DEV,428070c0f9ad,4.16.0,1.3.11,ctbllib-fs2-q3-findall,2397,205,2026-08-10T07:10:53.055Z
(D10xU3(5)).2,2520000,false,0,true,2026-08-10T07:01:47.947Z,1.12.6,1.9.0-DEV,428070c0f9ad,4.16.0,1.3.11,ctbllib-fs2-q3-findall,2397,206,2026-08-10T07:10:53.355Z
(D10xU3(5)N2).2,320,true,0,true,2026-08-10T07:01:47.947Z,1.12.6,1.9.0-DEV,428070c0f9ad,4.16.0,1.3.11,ctbllib-fs2-q3-findall,2397,207,2026-08-10T07:10:54.027Z
(D8xA6).2^2,11520,false,0,true,2026-08-10T07:01:47.947Z,1.12.6,1.9.0-DEV,428070c0f9ad,4.16.0,1.3.11,ctbllib-fs2-q3-findall,2397,208,2026-08-10T07:10:54.439Z
"(GL(2,3)x2F4(2)').2",1725235200,false,0,true,2026-08-10T07:01:47.947Z,1.12.6,1.9.0-DEV,428070c0f9ad,4.16.0,1.3.11,ctbllib-fs2-q3-findall,2397,209,2026-08-10T07:10:58.762Z
(L2(11)x3).2,3960,false,0,true,2026-08-10T07:01:47.947Z,1.12.6,1.9.0-DEV,428070c0f9ad,4.16.0,1.3.11,ctbllib-fs2-q3-findall,2397,210,2026-08-10T07:10:58.835Z
(L2(11)xL2(11)):4,1742400,false,0,true,2026-08-10T07:01:47.947Z,1.12.6,1.9.0-DEV,428070c0f9ad,4.16.0,1.3.11,ctbllib-fs2-q3-findall,2397,211,2026-08-10T07:10:59.133Z
(L2(11)xM12):2,125452800,false,0,true,2026-08-10T07:01:47.947Z,1.12.6,1.9.0-DEV,428070c0f9ad,4.16.0,1.3.11,ctbllib-fs2-q3-findall,2397,212,2026-08-10T07:11:01.193Z
(L3(2)xL3(2)).4,112896,false,0,true,2026-08-10T07:01:47.947Z,1.12.6,1.9.0-DEV,428070c0f9ad,4.16.0,1.3.11,ctbllib-fs2-q3-findall,2397,213,2026-08-10T07:11:01.285Z
(L3(2)xL3(2)):2,56448,false,0,true,2026-08-10T07:01:47.947Z,1.12.6,1.9.0-DEV,428070c0f9ad,4.16.0,1.3.11,ctbllib-fs2-q3-findall,2397,214,2026-08-10T07:11:01.426Z
(L3(2)xL3(4)).2,6773760,false,0,true,2026-08-10T07:01:47.947Z,1.12.6,1.9.0-DEV,428070c0f9ad,4.16.0,1.3.11,ctbllib-fs2-q3-findall,2397,215,2026-08-10T07:11:01.911Z
(L3(2)xL3(4).2_2).2,13547520,false,0,true,2026-08-10T07:01:47.947Z,1.12.6,1.9.0-DEV,428070c0f9ad,4.16.0,1.3.11,ctbllib-fs2-q3-findall,2397,216,2026-08-10T07:11:04.38Z
(L3(2)xS4(4):2).2,658022400,false,0,true,2026-08-10T07:01:47.947Z,1.12.6,1.9.0-DEV,428070c0f9ad,4.16.0,1.3.11,ctbllib-fs2-q3-findall,2397,217,2026-08-10T07:11:07.473Z
(Q16xU3(3)).2,193536,false,0,true,2026-08-10T07:01:47.947Z,1.12.6,1.9.0-DEV,428070c0f9ad,4.16.0,1.3.11,ctbllib-fs2-q3-findall,2397,218,2026-08-10T07:11:08.551Z
(Q8x13:4):3,1248,true,0,true,2026-08-10T07:01:47.947Z,1.12.6,1.9.0-DEV,428070c0f9ad,4.16.0,1.3.11,ctbllib-fs2-q3-findall,2397,219,2026-08-10T07:11:09.469Z
(Q8xD14):3,336,true,0,true,2026-08-10T07:01:47.947Z,1.12.6,1.9.0-DEV,428070c0f9ad,4.16.0,1.3.11,ctbllib-fs2-q3-findall,2397,220,2026-08-10T07:11:09.5Z
(QD16x2F4(2)').2,575078400,false,0,true,2026-08-10T07:01:47.947Z,1.12.6,1.9.0-DEV,428070c0f9ad,4.16.0,1.3.11,ctbllib-fs2-q3-findall,2397,221,2026-08-10T07:11:12.75Z
(S3x2.Fi22).2,1549482039705600,false,0,true,2026-08-10T07:01:47.947Z,1.12.6,1.9.0-DEV,428070c0f9ad,4.16.0,1.3.11,ctbllib-fs2-q3-findall,2397,222,2026-08-10T07:11:37.405Z
(S3x2.U4(3).2_2).2,156764160,false,0,true,2026-08-10T07:01:47.947Z,1.12.6,1.9.0-DEV,428070c0f9ad,4.16.0,1.3.11,ctbllib-fs2-q3-findall,2397,223,2026-08-10T07:11:44.199Z
(S3xS3):2xS5,8640,false,0,true,2026-08-10T07:01:47.947Z,1.12.6,1.9.0-DEV,428070c0f9ad,4.16.0,1.3.11,ctbllib-fs2-q3-findall,2397,224,2026-08-10T07:11:44.602Z
(S3xS3xA5):2,4320,false,0,true,2026-08-10T07:01:47.947Z,1.12.6,1.9.0-DEV,428070c0f9ad,4.16.0,1.3.11,ctbllib-fs2-q3-findall,2397,225,2026-08-10T07:11:44.737Z
(S3xS3xG2(3)):2,305690112,false,0,true,2026-08-10T07:01:47.947Z,1.12.6,1.9.0-DEV,428070c0f9ad,4.16.0,1.3.11,ctbllib-fs2-q3-findall,2397,226,2026-08-10T07:11:48.442Z
(S5xS5xS5):S3,10368000,false,0,true,2026-08-10T07:01:47.947Z,1.12.6,1.9.0-DEV,428070c0f9ad,4.16.0,1.3.11,ctbllib-fs2-q3-findall,2397,227,2026-08-10T07:11:52.983Z
(S6wr2).2,2073600,false,0,true,2026-08-10T07:01:47.947Z,1.12.6,1.9.0-DEV,428070c0f9ad,4.16.0,1.3.11,ctbllib-fs2-q3-findall,2397,228,2026-08-10T07:11:53.35Z
(S6xL3(4).2).2,58060800,false,0,true,2026-08-10T07:01:47.947Z,1.12.6,1.9.0-DEV,428070c0f9ad,4.16.0,1.3.11,ctbllib-fs2-q3-findall,2397,229,2026-08-10T07:11:56.266Z
(S6xS6).2^2,2073600,false,0,true,2026-08-10T07:01:47.947Z,1.12.6,1.9.0-DEV,428070c0f9ad,4.16.0,1.3.11,ctbllib-fs2-q3-findall,2397,230,2026-08-10T07:11:56.681Z
(S6xS6).4,2073600,false,0,true,2026-08-10T07:01:47.947Z,1.12.6,1.9.0-DEV,428070c0f9ad,4.16.0,1.3.11,ctbllib-fs2-q3-findall,2397,231,2026-08-10T07:11:57.145Z
(S6xS6):2,1036800,false,0,true,2026-08-10T07:01:47.947Z,1.12.6,1.9.0-DEV,428070c0f9ad,4.16.0,1.3.11,ctbllib-fs2-q3-findall,2397,232,2026-08-10T07:11:58.602Z
"(SL(2,3)x7:3).2",1008,true,0,true,2026-08-10T07:01:47.947Z,1.12.6,1.9.0-DEV,428070c0f9ad,4.16.0,1.3.11,ctbllib-fs2-q3-findall,2397,233,2026-08-10T07:11:58.978Z
(SL2(3)x7:3).2,1008,true,0,true,2026-08-10T07:01:47.947Z,1.12.6,1.9.0-DEV,428070c0f9ad,4.16.0,1.3.11,ctbllib-fs2-q3-findall,2397,234,2026-08-10T07:11:59.343Z
"(a4xpsl(3,4)):2",483840,false,0,true,2026-08-10T07:01:47.947Z,1.12.6,1.9.0-DEV,428070c0f9ad,4.16.0,1.3.11,ctbllib-fs2-q3-findall,2397,235,2026-08-10T07:11:59.503Z
(a6xa5).2,43200,false,0,true,2026-08-10T07:01:47.947Z,1.12.6,1.9.0-DEV,428070c0f9ad,4.16.0,1.3.11,ctbllib-fs2-q3-findall,2397,236,2026-08-10T07:11:59.607Z
1/2(8xS3),24,true,0,true,2026-08-10T07:01:47.947Z,1.12.6,1.9.0-DEV,428070c0f9ad,4.16.0,1.3.11,ctbllib-fs2-q3-findall,2397,237,2026-08-10T07:11:59.682Z
109:54,5886,true,0,true,2026-08-10T07:01:47.947Z,1.12.6,1.9.0-DEV,428070c0f9ad,4.16.0,1.3.11,ctbllib-fs2-q3-findall,2397,238,2026-08-10T07:12:02.688Z
10^2:S3,600,true,0,true,2026-08-10T07:01:47.947Z,1.12.6,1.9.0-DEV,428070c0f9ad,4.16.0,1.3.11,ctbllib-fs2-q3-findall,2397,239,2026-08-10T07:12:02.831Z
11+^(1+2):(5x2S4),319440,true,0,true,2026-08-10T07:01:47.947Z,1.12.6,1.9.0-DEV,428070c0f9ad,4.16.0,1.3.11,ctbllib-fs2-q3-findall,2397,240,2026-08-10T07:12:03.01Z
113:56,6328,true,0,true,2026-08-10T07:01:47.947Z,1.12.6,1.9.0-DEV,428070c0f9ad,4.16.0,1.3.11,ctbllib-fs2-q3-findall,2397,241,2026-08-10T07:12:05.135Z
11:10,110,true,0,true,2026-08-10T07:01:47.947Z,1.12.6,1.9.0-DEV,428070c0f9ad,4.16.0,1.3.11,ctbllib-fs2-q3-findall,2397,242,2026-08-10T07:12:05.171Z
11:10xS3,660,true,0,true,2026-08-10T07:01:47.947Z,1.12.6,1.9.0-DEV,428070c0f9ad,4.16.0,1.3.11,ctbllib-fs2-q3-findall,2397,243,2026-08-10T07:12:05.54Z
11:20,220,true,0,true,2026-08-10T07:01:47.947Z,1.12.6,1.9.0-DEV,428070c0f9ad,4.16.0,1.3.11,ctbllib-fs2-q3-findall,2397,244,2026-08-10T07:12:05.844Z
11:5,55,true,0,true,2026-08-10T07:01:47.947Z,1.12.6,1.9.0-DEV,428070c0f9ad,4.16.0,1.3.11,ctbllib-fs2-q3-findall,2397,245,2026-08-10T07:12:05.896Z
11:5xS3,330,true,0,true,2026-08-10T07:01:47.947Z,1.12.6,1.9.0-DEV,428070c0f9ad,4.16.0,1.3.11,ctbllib-fs2-q3-findall,2397,246,2026-08-10T07:12:06.486Z
11^(1+2)+:40,53240,true,0,true,2026-08-10T07:01:47.947Z,1.12.6,1.9.0-DEV,428070c0f9ad,4.16.0,1.3.11,ctbllib-fs2-q3-findall,2397,247,2026-08-10T07:12:06.771Z
11^2:(5x2.A5),72600,false,0,true,2026-08-10T07:01:47.947Z,1.12.6,1.9.0-DEV,428070c0f9ad,4.16.0,1.3.11,ctbllib-fs2-q3-findall,2397,248,2026-08-10T07:12:06.983Z
11^2:(5x2L2(11).2),1597200,false,0,true,2026-08-10T07:01:47.947Z,1.12.6,1.9.0-DEV,428070c0f9ad,4.16.0,1.3.11,ctbllib-fs2-q3-findall,2397,249,2026-08-10T07:12:09.081Z
11^2:60,7260,true,0,true,2026-08-10T07:01:47.947Z,1.12.6,1.9.0-DEV,428070c0f9ad,4.16.0,1.3.11,ctbllib-fs2-q3-findall,2397,250,2026-08-10T07:12:09.406Z
12.A6.2_3,8640,false,0,true,2026-08-10T07:01:47.947Z,1.12.6,1.9.0-DEV,428070c0f9ad,4.16.0,1.3.11,ctbllib-fs2-q3-findall,2397,251,2026-08-10T07:12:09.621Z
12.M22,5322240,false,0,true,2026-08-10T07:01:47.947Z,1.12.6,1.9.0-DEV,428070c0f9ad,4.16.0,1.3.11,ctbllib-fs2-q3-findall,2397,252,2026-08-10T07:12:10.817Z
12.M22.2,10644480,false,0,true,2026-08-10T07:01:47.947Z,1.12.6,1.9.0-DEV,428070c0f9ad,4.16.0,1.3.11,ctbllib-fs2-q3-findall,2397,253,2026-08-10T07:12:11.198Z
12.M22M2,69120,false,0,true,2026-08-10T07:01:47.947Z,1.12.6,1.9.0-DEV,428070c0f9ad,4.16.0,1.3.11,ctbllib-fs2-q3-findall,2397,254,2026-08-10T07:12:11.551Z
12.M22M7,8640,false,0,true,2026-08-10T07:01:47.947Z,1.12.6,1.9.0-DEV,428070c0f9ad,4.16.0,1.3.11,ctbllib-fs2-q3-findall,2397,255,2026-08-10T07:12:12.539Z
12.M22N3,864,true,0,true,2026-08-10T07:01:47.947Z,1.12.6,1.9.0-DEV,428070c0f9ad,4.16.0,1.3.11,ctbllib-fs2-q3-findall,2397,256,2026-08-10T07:12:13.039Z
127:7,889,true,0,true,2026-08-10T07:01:47.947Z,1.12.6,1.9.0-DEV,428070c0f9ad,4.16.0,1.3.11,ctbllib-fs2-q3-findall,2397,257,2026-08-10T07:12:21.184Z
12_1.L3(4),241920,false,0,true,2026-08-10T07:01:47.947Z,1.12.6,1.9.0-DEV,428070c0f9ad,4.16.0,1.3.11,ctbllib-fs2-q3-findall,2397,258,2026-08-10T07:12:21.687Z
12_1.L3(4).2_1,483840,false,0,true,2026-08-10T07:01:47.947Z,1.12.6,1.9.0-DEV,428070c0f9ad,4.16.0,1.3.11,ctbllib-fs2-q3-findall,2397,259,2026-08-10T07:12:21.946Z
12_1.L3(4).2_2,483840,false,0,true,2026-08-10T07:01:47.947Z,1.12.6,1.9.0-DEV,428070c0f9ad,4.16.0,1.3.11,ctbllib-fs2-q3-findall,2397,260,2026-08-10T07:12:22.169Z
12_1.L3(4).2_3,483840,false,0,true,2026-08-10T07:01:47.947Z,1.12.6,1.9.0-DEV,428070c0f9ad,4.16.0,1.3.11,ctbllib-fs2-q3-findall,2397,261,2026-08-10T07:12:22.706Z
12_1.U4(3),39191040,false,0,true,2026-08-10T07:01:47.947Z,1.12.6,1.9.0-DEV,428070c0f9ad,4.16.0,1.3.11,ctbllib-fs2-q3-findall,2397,262,2026-08-10T07:12:24.203Z
12_1.U4(3).2_1,78382080,false,0,true,2026-08-10T07:01:47.947Z,1.12.6,1.9.0-DEV,428070c0f9ad,4.16.0,1.3.11,ctbllib-fs2-q3-findall,2397,263,2026-08-10T07:12:26.74Z
12_1.U4(3).2_2,78382080,false,0,true,2026-08-10T07:01:47.947Z,1.12.6,1.9.0-DEV,428070c0f9ad,4.16.0,1.3.11,ctbllib-fs2-q3-findall,2397,264,2026-08-10T07:12:30.8Z
12_1.U4(3).2_2',78382080,false,0,true,2026-08-10T07:01:47.947Z,1.12.6,1.9.0-DEV,428070c0f9ad,4.16.0,1.3.11,ctbllib-fs2-q3-findall,2397,265,2026-08-10T07:12:31.705Z
12_2.L3(4),241920,false,0,true,2026-08-10T07:01:47.947Z,1.12.6,1.9.0-DEV,428070c0f9ad,4.16.0,1.3.11,ctbllib-fs2-q3-findall,2397,266,2026-08-10T07:12:33.979Z
12_2.L3(4).2_1,483840,false,0,true,2026-08-10T07:01:47.947Z,1.12.6,1.9.0-DEV,428070c0f9ad,4.16.0,1.3.11,ctbllib-fs2-q3-findall,2397,267,2026-08-10T07:12:34.26Z
12_2.L3(4).2_2,483840,false,0,true,2026-08-10T07:01:47.947Z,1.12.6,1.9.0-DEV,428070c0f9ad,4.16.0,1.3.11,ctbllib-fs2-q3-findall,2397,268,2026-08-10T07:12:34.546Z
12_2.L3(4).2_3,483840,false,0,true,2026-08-10T07:01:47.947Z,1.12.6,1.9.0-DEV,428070c0f9ad,4.16.0,1.3.11,ctbllib-fs2-q3-findall,2397,269,2026-08-10T07:12:34.767Z
12_2.U4(3),39191040,false,0,true,2026-08-10T07:01:47.947Z,1.12.6,1.9.0-DEV,428070c0f9ad,4.16.0,1.3.11,ctbllib-fs2-q3-findall,2397,270,2026-08-10T07:12:36.768Z
12_2.U4(3).2_1,78382080,false,0,true,2026-08-10T07:01:47.947Z,1.12.6,1.9.0-DEV,428070c0f9ad,4.16.0,1.3.11,ctbllib-fs2-q3-findall,2397,271,2026-08-10T07:12:37.63Z
12_2.U4(3).2_3,78382080,false,0,true,2026-08-10T07:01:47.947Z,1.12.6,1.9.0-DEV,428070c0f9ad,4.16.0,1.3.11,ctbllib-fs2-q3-findall,2397,272,2026-08-10T07:12:40.178Z
12_2.U4(3).2_3',78382080,false,0,true,2026-08-10T07:01:47.947Z,1.12.6,1.9.0-DEV,428070c0f9ad,4.16.0,1.3.11,ctbllib-fs2-q3-findall,2397,273,2026-08-10T07:12:40.658Z
12x11:5,660,true,0,true,2026-08-10T07:01:47.947Z,1.12.6,1.9.0-DEV,428070c0f9ad,4.16.0,1.3.11,ctbllib-fs2-q3-findall,2397,274,2026-08-10T07:12:42.569Z
12x7:3,252,true,0,true,2026-08-10T07:01:47.947Z,1.12.6,1.9.0-DEV,428070c0f9ad,4.16.0,1.3.11,ctbllib-fs2-q3-findall,2397,275,2026-08-10T07:12:43.117Z
133:3,399,true,0,true,2026-08-10T07:01:47.947Z,1.12.6,1.9.0-DEV,428070c0f9ad,4.16.0,1.3.11,ctbllib-fs2-q3-findall,2397,276,2026-08-10T07:12:58.117Z
13:12,156,true,0,true,2026-08-10T07:01:47.947Z,1.12.6,1.9.0-DEV,428070c0f9ad,4.16.0,1.3.11,ctbllib-fs2-q3-findall,2397,277,2026-08-10T07:12:58.175Z
13:3,39,true,0,true,2026-08-10T07:01:47.947Z,1.12.6,1.9.0-DEV,428070c0f9ad,4.16.0,1.3.11,ctbllib-fs2-q3-findall,2397,278,2026-08-10T07:12:58.202Z
13:4,52,true,0,true,2026-08-10T07:01:47.947Z,1.12.6,1.9.0-DEV,428070c0f9ad,4.16.0,1.3.11,ctbllib-fs2-q3-findall,2397,279,2026-08-10T07:12:58.256Z
13:6,78,true,0,true,2026-08-10T07:01:47.947Z,1.12.6,1.9.0-DEV,428070c0f9ad,4.16.0,1.3.11,ctbllib-fs2-q3-findall,2397,280,2026-08-10T07:12:58.338Z
13^(1+2):(3x4S4),632736,true,0,true,2026-08-10T07:01:47.947Z,1.12.6,1.9.0-DEV,428070c0f9ad,4.16.0,1.3.11,ctbllib-fs2-q3-findall,2397,281,2026-08-10T07:12:58.559Z
13^1+2.2A4,52728,true,0,true,2026-08-10T07:01:47.947Z,1.12.6,1.9.0-DEV,428070c0f9ad,4.16.0,1.3.11,ctbllib-fs2-q3-findall,2397,282,2026-08-10T07:12:59.467Z
13^2:2.L2(13).4,1476384,false,0,true,2026-08-10T07:01:47.947Z,1.12.6,1.9.0-DEV,428070c0f9ad,4.16.0,1.3.11,ctbllib-fs2-q3-findall,2397,283,2026-08-10T07:12:59.724Z
17:16,272,true,0,true,2026-08-10T07:01:47.947Z,1.12.6,1.9.0-DEV,428070c0f9ad,4.16.0,1.3.11,ctbllib-fs2-q3-findall,2397,284,2026-08-10T07:12:59.792Z
17:8,136,true,0,true,2026-08-10T07:01:47.947Z,1.12.6,1.9.0-DEV,428070c0f9ad,4.16.0,1.3.11,ctbllib-fs2-q3-findall,2397,285,2026-08-10T07:12:59.852Z
19:18,342,true,0,true,2026-08-10T07:01:47.947Z,1.12.6,1.9.0-DEV,428070c0f9ad,4.16.0,1.3.11,ctbllib-fs2-q3-findall,2397,286,2026-08-10T07:13:00.2Z
19:3,57,true,0,true,2026-08-10T07:01:47.947Z,1.12.6,1.9.0-DEV,428070c0f9ad,4.16.0,1.3.11,ctbllib-fs2-q3-findall,2397,287,2026-08-10T07:13:00.241Z
19:6,114,true,0,true,2026-08-10T07:01:47.947Z,1.12.6,1.9.0-DEV,428070c0f9ad,4.16.0,1.3.11,ctbllib-fs2-q3-findall,2397,288,2026-08-10T07:13:00.279Z
19:9,171,true,0,true,2026-08-10T07:01:47.947Z,1.12.6,1.9.0-DEV,428070c0f9ad,4.16.0,1.3.11,ctbllib-fs2-q3-findall,2397,289,2026-08-10T07:13:00.341Z
2(A4xA4).2^2,1152,true,0,true,2026-08-10T07:01:47.947Z,1.12.6,1.9.0-DEV,428070c0f9ad,4.16.0,1.3.11,ctbllib-fs2-q3-findall,2397,290,2026-08-10T07:13:00.383Z
2(A4xA4).4.2,2304,true,0,true,2026-08-10T07:01:47.947Z,1.12.6,1.9.0-DEV,428070c0f9ad,4.16.0,1.3.11,ctbllib-fs2-q3-findall,2397,291,2026-08-10T07:13:00.459Z
2(A4xA4).4.2^2,4608,true,0,true,2026-08-10T07:01:47.947Z,1.12.6,1.9.0-DEV,428070c0f9ad,4.16.0,1.3.11,ctbllib-fs2-q3-findall,2397,292,2026-08-10T07:13:00.604Z
2(L2(11)x2).2,5280,false,0,true,2026-08-10T07:01:47.947Z,1.12.6,1.9.0-DEV,428070c0f9ad,4.16.0,1.3.11,ctbllib-fs2-q3-findall,2397,293,2026-08-10T07:13:00.701Z
2(L2(7)x4).2,2688,false,0,true,2026-08-10T07:01:47.947Z,1.12.6,1.9.0-DEV,428070c0f9ad,4.16.0,1.3.11,ctbllib-fs2-q3-findall,2397,294,2026-08-10T07:13:00.844Z
2(S4xS4),1152,true,0,true,2026-08-10T07:01:47.947Z,1.12.6,1.9.0-DEV,428070c0f9ad,4.16.0,1.3.11,ctbllib-fs2-q3-findall,2397,295,2026-08-10T07:13:02.666Z
2.(13:6xA4).2,3744,true,0,true,2026-08-10T07:01:47.947Z,1.12.6,1.9.0-DEV,428070c0f9ad,4.16.0,1.3.11,ctbllib-fs2-q3-findall,2397,296,2026-08-10T07:13:03.079Z
2.(2.(A4xA4).2),1152,true,0,true,2026-08-10T07:01:47.947Z,1.12.6,1.9.0-DEV,428070c0f9ad,4.16.0,1.3.11,ctbllib-fs2-q3-findall,2397,297,2026-08-10T07:13:03.227Z
2.(2.(A4xA4).2.2),2304,true,0,true,2026-08-10T07:01:47.947Z,1.12.6,1.9.0-DEV,428070c0f9ad,4.16.0,1.3.11,ctbllib-fs2-q3-findall,2397,298,2026-08-10T07:13:03.333Z
2.(2^2xSz(8)):3,698880,false,0,true,2026-08-10T07:01:47.947Z,1.12.6,1.9.0-DEV,428070c0f9ad,4.16.0,1.3.11,ctbllib-fs2-q3-findall,2397,299,2026-08-10T07:13:03.488Z
2.(2^2xU4(2)).2,414720,false,0,true,2026-08-10T07:01:47.947Z,1.12.6,1.9.0-DEV,428070c0f9ad,4.16.0,1.3.11,ctbllib-fs2-q3-findall,2397,300,2026-08-10T07:13:04.004Z
2.(2^4:A5),1920,false,0,true,2026-08-10T07:01:47.947Z,1.12.6,1.9.0-DEV,428070c0f9ad,4.16.0,1.3.11,ctbllib-fs2-q3-findall,2397,301,2026-08-10T07:13:04.036Z
2.(2^5:S6),46080,false,0,true,2026-08-10T07:01:47.947Z,1.12.6,1.9.0-DEV,428070c0f9ad,4.16.0,1.3.11,ctbllib-fs2-q3-findall,2397,302,2026-08-10T07:13:04.208Z
2.(2x2^(1+8)):U4(2):2,106168320,false,0,true,2026-08-10T07:01:47.947Z,1.12.6,1.9.0-DEV,428070c0f9ad,4.16.0,1.3.11,ctbllib-fs2-q3-findall,2397,303,2026-08-10T07:13:08.165Z
2.(2x3.A7),30240,false,0,true,2026-08-10T07:01:47.947Z,1.12.6,1.9.0-DEV,428070c0f9ad,4.16.0,1.3.11,ctbllib-fs2-q3-findall,2397,304,2026-08-10T07:13:08.521Z
2.(2x3^4:A6),116640,false,0,true,2026-08-10T07:01:47.947Z,1.12.6,1.9.0-DEV,428070c0f9ad,4.16.0,1.3.11,ctbllib-fs2-q3-findall,2397,305,2026-08-10T07:13:10.697Z
2.(2xA7),10080,false,0,true,2026-08-10T07:01:47.947Z,1.12.6,1.9.0-DEV,428070c0f9ad,4.16.0,1.3.11,ctbllib-fs2-q3-findall,2397,306,2026-08-10T07:13:10.806Z
2.(2xF4(2)).2,26489012826931200,false,0,true,2026-08-10T07:01:47.947Z,1.12.6,1.9.0-DEV,428070c0f9ad,4.16.0,1.3.11,ctbllib-fs2-q3-findall,2397,307,2026-08-10T07:13:15.8Z
2.(2xL2(11)),2640,false,0,true,2026-08-10T07:01:47.947Z,1.12.6,1.9.0-DEV,428070c0f9ad,4.16.0,1.3.11,ctbllib-fs2-q3-findall,2397,308,2026-08-10T07:13:15.892Z
2.(3^(1+4).[2^7.3]),186624,true,0,true,2026-08-10T07:01:47.947Z,1.12.6,1.9.0-DEV,428070c0f9ad,4.16.0,1.3.11,ctbllib-fs2-q3-findall,2397,309,2026-08-10T07:13:16.345Z
2.(3^(1+6):2^(3+4):3^2:2),10077696,true,0,true,2026-08-10T07:01:47.947Z,1.12.6,1.9.0-DEV,428070c0f9ad,4.16.0,1.3.11,ctbllib-fs2-q3-findall,2397,310,2026-08-10T07:13:19.689Z
2.(3^2:D8xU4(3).2^2).2,3762339840,false,0,true,2026-08-10T07:01:47.947Z,1.12.6,1.9.0-DEV,428070c0f9ad,4.16.0,1.3.11,ctbllib-fs2-q3-findall,2397,311,2026-08-10T07:13:44.167Z
2.(3^3:(S4x2)),2592,true,0,true,2026-08-10T07:01:47.947Z,1.12.6,1.9.0-DEV,428070c0f9ad,4.16.0,1.3.11,ctbllib-fs2-q3-findall,2397,312,2026-08-10T07:13:44.27Z
2.(A4x2(A4xA4).2).2,27648,true,0,true,2026-08-10T07:01:47.947Z,1.12.6,1.9.0-DEV,428070c0f9ad,4.16.0,1.3.11,ctbllib-fs2-q3-findall,2397,313,2026-08-10T07:13:44.9Z
2.(A4xA4),288,true,0,true,2026-08-10T07:01:47.947Z,1.12.6,1.9.0-DEV,428070c0f9ad,4.16.0,1.3.11,ctbllib-fs2-q3-findall,2397,314,2026-08-10T07:13:44.997Z
2.(A4xG2(4)).2,12076646400,false,0,true,2026-08-10T07:01:47.947Z,1.12.6,1.9.0-DEV,428070c0f9ad,4.16.0,1.3.11,ctbllib-fs2-q3-findall,2397,315,2026-08-10T07:13:48.552Z
2.(A4xL3(4)).2,967680,false,0,true,2026-08-10T07:01:47.947Z,1.12.6,1.9.0-DEV,428070c0f9ad,4.16.0,1.3.11,ctbllib-fs2-q3-findall,2397,316,2026-08-10T07:13:48.802Z
2.(A4xU4(2)),622080,false,0,true,2026-08-10T07:01:47.947Z,1.12.6,1.9.0-DEV,428070c0f9ad,4.16.0,1.3.11,ctbllib-fs2-q3-findall,2397,317,2026-08-10T07:13:49.552Z
2.(A5wr2),14400,false,0,true,2026-08-10T07:01:47.947Z,1.12.6,1.9.0-DEV,428070c0f9ad,4.16.0,1.3.11,ctbllib-fs2-q3-findall,2397,318,2026-08-10T07:13:49.937Z
2.(A5xA4).2,2880,false,0,true,2026-08-10T07:01:47.947Z,1.12.6,1.9.0-DEV,428070c0f9ad,4.16.0,1.3.11,ctbllib-fs2-q3-findall,2397,319,2026-08-10T07:13:50.012Z
2.(A5xA5).2,14400,false,0,true,2026-08-10T07:01:47.947Z,1.12.6,1.9.0-DEV,428070c0f9ad,4.16.0,1.3.11,ctbllib-fs2-q3-findall,2397,320,2026-08-10T07:13:51.41Z
2.(A5xA5).2^2,28800,false,0,true,2026-08-10T07:01:47.947Z,1.12.6,1.9.0-DEV,428070c0f9ad,4.16.0,1.3.11,ctbllib-fs2-q3-findall,2397,321,2026-08-10T07:13:51.531Z
2.(A5xA5).4,28800,false,0,true,2026-08-10T07:01:47.947Z,1.12.6,1.9.0-DEV,428070c0f9ad,4.16.0,1.3.11,ctbllib-fs2-q3-findall,2397,322,2026-08-10T07:13:51.606Z
2.(A5xJ2).2,145152000,false,0,true,2026-08-10T07:01:47.947Z,1.12.6,1.9.0-DEV,428070c0f9ad,4.16.0,1.3.11,ctbllib-fs2-q3-findall,2397,323,2026-08-10T07:13:55.358Z
2.(A6xA4).2,17280,false,0,true,2026-08-10T07:01:47.947Z,1.12.6,1.9.0-DEV,428070c0f9ad,4.16.0,1.3.11,ctbllib-fs2-q3-findall,2397,324,2026-08-10T07:13:55.537Z
2.(A6xA5).2,86400,false,0,true,2026-08-10T07:01:47.947Z,1.12.6,1.9.0-DEV,428070c0f9ad,4.16.0,1.3.11,ctbllib-fs2-q3-findall,2397,325,2026-08-10T07:13:55.777Z
2.(A6xA6).2^2,1036800,false,0,true,2026-08-10T07:01:47.947Z,1.12.6,1.9.0-DEV,428070c0f9ad,4.16.0,1.3.11,ctbllib-fs2-q3-findall,2397,326,2026-08-10T07:13:56.097Z
2.(A7xA4).2,120960,false,0,true,2026-08-10T07:01:47.947Z,1.12.6,1.9.0-DEV,428070c0f9ad,4.16.0,1.3.11,ctbllib-fs2-q3-findall,2397,327,2026-08-10T07:13:56.37Z
2.(A7xA5).2,604800,false,0,true,2026-08-10T07:01:47.947Z,1.12.6,1.9.0-DEV,428070c0f9ad,4.16.0,1.3.11,ctbllib-fs2-q3-findall,2397,328,2026-08-10T07:13:57.895Z
2.(A8xA4).2,967680,false,0,true,2026-08-10T07:01:47.947Z,1.12.6,1.9.0-DEV,428070c0f9ad,4.16.0,1.3.11,ctbllib-fs2-q3-findall,2397,329,2026-08-10T07:13:58.242Z
2.(D10xJ2).2,24192000,false,0,true,2026-08-10T07:01:47.947Z,1.12.6,1.9.0-DEV,428070c0f9ad,4.16.0,1.3.11,ctbllib-fs2-q3-findall,2397,330,2026-08-10T07:13:59.141Z
2.(D8x2^2).S3,384,true,0,true,2026-08-10T07:01:47.947Z,1.12.6,1.9.0-DEV,428070c0f9ad,4.16.0,1.3.11,ctbllib-fs2-q3-findall,2397,331,2026-08-10T07:13:59.205Z
2.(D8x3^(1+2)_+:Q8),3456,true,0,true,2026-08-10T07:01:47.947Z,1.12.6,1.9.0-DEV,428070c0f9ad,4.16.0,1.3.11,ctbllib-fs2-q3-findall,2397,332,2026-08-10T07:14:01.405Z
2.(D8x3^2:Q8),1152,true,0,true,2026-08-10T07:01:47.947Z,1.12.6,1.9.0-DEV,428070c0f9ad,4.16.0,1.3.11,ctbllib-fs2-q3-findall,2397,333,2026-08-10T07:14:01.497Z
2.(S3x5:4),240,true,0,true,2026-08-10T07:01:47.947Z,1.12.6,1.9.0-DEV,428070c0f9ad,4.16.0,1.3.11,ctbllib-fs2-q3-findall,2397,334,2026-08-10T07:14:01.532Z
2.(S3xS6),8640,false,0,true,2026-08-10T07:01:47.947Z,1.12.6,1.9.0-DEV,428070c0f9ad,4.16.0,1.3.11,ctbllib-fs2-q3-findall,2397,335,2026-08-10T07:14:01.685Z
2.(S4xS5),5760,false,0,true,2026-08-10T07:01:47.947Z,1.12.6,1.9.0-DEV,428070c0f9ad,4.16.0,1.3.11,ctbllib-fs2-q3-findall,2397,336,2026-08-10T07:14:02.085Z
2.(S6x2),2880,false,0,true,2026-08-10T07:01:47.947Z,1.12.6,1.9.0-DEV,428070c0f9ad,4.16.0,1.3.11,ctbllib-fs2-q3-findall,2397,337,2026-08-10T07:14:02.175Z
2.(S6xS4),34560,false,0,true,2026-08-10T07:01:47.947Z,1.12.6,1.9.0-DEV,428070c0f9ad,4.16.0,1.3.11,ctbllib-fs2-q3-findall,2397,338,2026-08-10T07:14:02.561Z
2..11.m23,20891566080,false,0,true,2026-08-10T07:01:47.947Z,1.12.6,1.9.0-DEV,428070c0f9ad,4.16.0,1.3.11,ctbllib-fs2-q3-findall,2397,339,2026-08-10T07:14:03.825Z
2.2.2^4+6:S5,491520,false,0,true,2026-08-10T07:01:47.947Z,1.12.6,1.9.0-DEV,428070c0f9ad,4.16.0,1.3.11,ctbllib-fs2-q3-findall,2397,340,2026-08-10T07:14:04.151Z
2.2E6(2),153064959367549707878400,false,0,true,2026-08-10T07:01:47.947Z,1.12.6,1.9.0-DEV,428070c0f9ad,4.16.0,1.3.11,ctbllib-fs2-q3-findall,2397,341,2026-08-10T07:14:09.699Z
2.2E6(2).2,306129918735099415756800,false,0,true,2026-08-10T07:01:47.947Z,1.12.6,1.9.0-DEV,428070c0f9ad,4.16.0,1.3.11,ctbllib-fs2-q3-findall,2397,342,2026-08-10T07:14:24.115Z
2.2^(1+8)_+:(S3xS3xS3),221184,true,0,true,2026-08-10T07:01:47.947Z,1.12.6,1.9.0-DEV,428070c0f9ad,4.16.0,1.3.11,ctbllib-fs2-q3-findall,2397,343,2026-08-10T07:14:25.04Z
2.2^(1+8)_+:U4(2),26542080,false,0,true,2026-08-10T07:01:47.947Z,1.12.6,1.9.0-DEV,428070c0f9ad,4.16.0,1.3.11,ctbllib-fs2-q3-findall,2397,344,2026-08-10T07:14:25.835Z
2.2^(2+12):(A8xS3),3963617280,false,0,true,2026-08-10T07:01:47.947Z,1.12.6,1.9.0-DEV,428070c0f9ad,4.16.0,1.3.11,ctbllib-fs2-q3-findall,2397,345,2026-08-10T07:14:35.039Z
2.2^(2+2).2^(1+1+2+2):S4,49152,true,0,true,2026-08-10T07:01:47.947Z,1.12.6,1.9.0-DEV,428070c0f9ad,4.16.0,1.3.11,ctbllib-fs2-q3-findall,2397,346,2026-08-10T07:14:35.253Z
2.2^(2+8).(3xA5),368640,false,0,true,2026-08-10T07:01:47.947Z,1.12.6,1.9.0-DEV,428070c0f9ad,4.16.0,1.3.11,ctbllib-fs2-q3-findall,2397,347,2026-08-10T07:14:35.508Z
2.2^(3+3):7,896,true,0,true,2026-08-10T07:01:47.947Z,1.12.6,1.9.0-DEV,428070c0f9ad,4.16.0,1.3.11,ctbllib-fs2-q3-findall,2397,348,2026-08-10T07:14:35.606Z
2.2^(4+12).(S3x3S6),1698693120,false,0,true,2026-08-10T07:01:47.947Z,1.12.6,1.9.0-DEV,428070c0f9ad,4.16.0,1.3.11,ctbllib-fs2-q3-findall,2397,349,2026-08-10T07:14:48.044Z
2.2^(4+6).(A5x3),368640,false,0,true,2026-08-10T07:01:47.947Z,1.12.6,1.9.0-DEV,428070c0f9ad,4.16.0,1.3.11,ctbllib-fs2-q3-findall,2397,350,2026-08-10T07:14:48.356Z
2.2^(4+6).2.S3,24576,true,0,true,2026-08-10T07:01:47.947Z,1.12.6,1.9.0-DEV,428070c0f9ad,4.16.0,1.3.11,ctbllib-fs2-q3-findall,2397,351,2026-08-10T07:14:48.882Z
2.2^(4+8):(S3xA5),2949120,false,0,true,2026-08-10T07:01:47.947Z,1.12.6,1.9.0-DEV,428070c0f9ad,4.16.0,1.3.11,ctbllib-fs2-q3-findall,2397,352,2026-08-10T07:14:49.73Z
2.2^11:M24,1002795171840,false,0,true,2026-08-10T07:01:47.947Z,1.12.6,1.9.0-DEV,428070c0f9ad,4.16.0,1.3.11,ctbllib-fs2-q3-findall,2397,353,2026-08-10T07:14:52.636Z
2.2^3+8:L3(2),688128,false,0,true,2026-08-10T07:01:47.947Z,1.12.6,1.9.0-DEV,428070c0f9ad,4.16.0,1.3.11,ctbllib-fs2-q3-findall,2397,354,2026-08-10T07:14:52.83Z
2.2^3.2^5.S3,3072,true,0,true,2026-08-10T07:01:47.947Z,1.12.6,1.9.0-DEV,428070c0f9ad,4.16.0,1.3.11,ctbllib-fs2-q3-findall,2397,355,2026-08-10T07:14:53.24Z
2.2^4+6:S5,245760,false,0,true,2026-08-10T07:01:47.947Z,1.12.6,1.9.0-DEV,428070c0f9ad,4.16.0,1.3.11,ctbllib-fs2-q3-findall,2397,356,2026-08-10T07:14:53.438Z
2.2^4.(S3x3^2:2),3456,true,0,true,2026-08-10T07:01:47.947Z,1.12.6,1.9.0-DEV,428070c0f9ad,4.16.0,1.3.11,ctbllib-fs2-q3-findall,2397,357,2026-08-10T07:14:54.908Z
2.2^4.2.S3,384,true,0,true,2026-08-10T07:01:47.947Z,1.12.6,1.9.0-DEV,428070c0f9ad,4.16.0,1.3.11,ctbllib-fs2-q3-findall,2397,358,2026-08-10T07:14:54.97Z
2.2^4.2^4.S3,3072,true,0,true,2026-08-10T07:01:47.947Z,1.12.6,1.9.0-DEV,428070c0f9ad,4.16.0,1.3.11,ctbllib-fs2-q3-findall,2397,359,2026-08-10T07:14:55.197Z
2.2^4.S6,23040,false,0,true,2026-08-10T07:01:47.947Z,1.12.6,1.9.0-DEV,428070c0f9ad,4.16.0,1.3.11,ctbllib-fs2-q3-findall,2397,360,2026-08-10T07:14:55.331Z
2.2^4:3,96,true,0,true,2026-08-10T07:01:47.947Z,1.12.6,1.9.0-DEV,428070c0f9ad,4.16.0,1.3.11,ctbllib-fs2-q3-findall,2397,361,2026-08-10T07:14:55.349Z
2.2^5.S6,46080,false,0,true,2026-08-10T07:01:47.947Z,1.12.6,1.9.0-DEV,428070c0f9ad,4.16.0,1.3.11,ctbllib-fs2-q3-findall,2397,362,2026-08-10T07:14:55.545Z
2.2^6.L3(2),21504,false,0,true,2026-08-10T07:01:47.947Z,1.12.6,1.9.0-DEV,428070c0f9ad,4.16.0,1.3.11,ctbllib-fs2-q3-findall,2397,363,2026-08-10T07:14:55.65Z
2.2^6:u3(3):2,1548288,false,0,true,2026-08-10T07:01:47.947Z,1.12.6,1.9.0-DEV,428070c0f9ad,4.16.0,1.3.11,ctbllib-fs2-q3-findall,2397,364,2026-08-10T07:14:55.862Z
2.2^8.f20,10240,true,0,true,2026-08-10T07:01:47.947Z,1.12.6,1.9.0-DEV,428070c0f9ad,4.16.0,1.3.11,ctbllib-fs2-q3-findall,2397,365,2026-08-10T07:14:55.921Z
2.3^4.2^3.S4,31104,true,0,true,2026-08-10T07:01:47.947Z,1.12.6,1.9.0-DEV,428070c0f9ad,4.16.0,1.3.11,ctbllib-fs2-q3-findall,2397,366,2026-08-10T07:14:56.155Z
2.4^3.L3(2),21504,false,0,true,2026-08-10T07:01:47.947Z,1.12.6,1.9.0-DEV,428070c0f9ad,4.16.0,1.3.11,ctbllib-fs2-q3-findall,2397,367,2026-08-10T07:14:57.024Z
2.A10,3628800,false,0,true,2026-08-10T07:01:47.947Z,1.12.6,1.9.0-DEV,428070c0f9ad,4.16.0,1.3.11,ctbllib-fs2-q3-findall,2397,368,2026-08-10T07:14:57.16Z
2.A10.2,7257600,false,0,true,2026-08-10T07:01:47.947Z,1.12.6,1.9.0-DEV,428070c0f9ad,4.16.0,1.3.11,ctbllib-fs2-q3-findall,2397,369,2026-08-10T07:14:57.366Z
2.A11,39916800,false,0,true,2026-08-10T07:01:47.947Z,1.12.6,1.9.0-DEV,428070c0f9ad,4.16.0,1.3.11,ctbllib-fs2-q3-findall,2397,370,2026-08-10T07:14:57.533Z
2.A11.2,79833600,false,0,true,2026-08-10T07:01:47.947Z,1.12.6,1.9.0-DEV,428070c0f9ad,4.16.0,1.3.11,ctbllib-fs2-q3-findall,2397,371,2026-08-10T07:14:57.868Z
2.A12,479001600,false,0,true,2026-08-10T07:01:47.947Z,1.12.6,1.9.0-DEV,428070c0f9ad,4.16.0,1.3.11,ctbllib-fs2-q3-findall,2397,372,2026-08-10T07:14:58.208Z
2.A12.2,958003200,false,0,true,2026-08-10T07:01:47.947Z,1.12.6,1.9.0-DEV,428070c0f9ad,4.16.0,1.3.11,ctbllib-fs2-q3-findall,2397,373,2026-08-10T07:15:00.54Z
2.A13,6227020800,false,0,true,2026-08-10T07:01:47.947Z,1.12.6,1.9.0-DEV,428070c0f9ad,4.16.0,1.3.11,ctbllib-fs2-q3-findall,2397,374,2026-08-10T07:15:01.047Z
2.A13.2,12454041600,false,0,true,2026-08-10T07:01:47.947Z,1.12.6,1.9.0-DEV,428070c0f9ad,4.16.0,1.3.11,ctbllib-fs2-q3-findall,2397,375,2026-08-10T07:15:02.938Z
2.A14.2,174356582400,false,0,true,2026-08-10T07:01:47.947Z,1.12.6,1.9.0-DEV,428070c0f9ad,4.16.0,1.3.11,ctbllib-fs2-q3-findall,2397,376,2026-08-10T07:15:05.729Z
2.A15.2,2615348736000,false,0,true,2026-08-10T07:01:47.947Z,1.12.6,1.9.0-DEV,428070c0f9ad,4.16.0,1.3.11,ctbllib-fs2-q3-findall,2397,377,2026-08-10T07:15:12.097Z
2.A16.2,41845579776000,false,0,true,2026-08-10T07:01:47.947Z,1.12.6,1.9.0-DEV,428070c0f9ad,4.16.0,1.3.11,ctbllib-fs2-q3-findall,2397,378,2026-08-10T07:15:23.131Z
2.A17.2,711374856192000,false,0,true,2026-08-10T07:01:47.947Z,1.12.6,1.9.0-DEV,428070c0f9ad,4.16.0,1.3.11,ctbllib-fs2-q3-findall,2397,379,2026-08-10T07:15:40.116Z
2.A18.2,12804747411456000,false,0,true,2026-08-10T07:01:47.947Z,1.12.6,1.9.0-DEV,428070c0f9ad,4.16.0,1.3.11,ctbllib-fs2-q3-findall,2397,380,2026-08-10T07:16:08.52Z
2.A4x3,72,true,0,true,2026-08-10T07:01:47.947Z,1.12.6,1.9.0-DEV,428070c0f9ad,4.16.0,1.3.11,ctbllib-fs2-q3-findall,2397,381,2026-08-10T07:16:08.574Z
2.A4xS3,144,true,0,true,2026-08-10T07:01:47.947Z,1.12.6,1.9.0-DEV,428070c0f9ad,4.16.0,1.3.11,ctbllib-fs2-q3-findall,2397,382,2026-08-10T07:16:08.629Z
2.A5,120,false,0,true,2026-08-10T07:01:47.947Z,1.12.6,1.9.0-DEV,428070c0f9ad,4.16.0,1.3.11,ctbllib-fs2-q3-findall,2397,383,2026-08-10T07:16:08.677Z
2.A5.2,240,false,0,true,2026-08-10T07:01:47.947Z,1.12.6,1.9.0-DEV,428070c0f9ad,4.16.0,1.3.11,ctbllib-fs2-q3-findall,2397,384,2026-08-10T07:16:08.694Z
2.A5.2xS3,1440,false,0,true,2026-08-10T07:01:47.947Z,1.12.6,1.9.0-DEV,428070c0f9ad,4.16.0,1.3.11,ctbllib-fs2-q3-findall,2397,385,2026-08-10T07:16:10.806Z
2.A5xA5,7200,false,0,true,2026-08-10T07:01:47.947Z,1.12.6,1.9.0-DEV,428070c0f9ad,4.16.0,1.3.11,ctbllib-fs2-q3-findall,2397,386,2026-08-10T07:16:11.093Z
2.A6,720,false,0,true,2026-08-10T07:01:47.947Z,1.12.6,1.9.0-DEV,428070c0f9ad,4.16.0,1.3.11,ctbllib-fs2-q3-findall,2397,387,2026-08-10T07:16:11.114Z
2.A6.2_1,1440,false,0,true,2026-08-10T07:01:47.947Z,1.12.6,1.9.0-DEV,428070c0f9ad,4.16.0,1.3.11,ctbllib-fs2-q3-findall,2397,388,2026-08-10T07:16:11.138Z
2.A6.2_2,1440,false,0,true,2026-08-10T07:01:47.947Z,1.12.6,1.9.0-DEV,428070c0f9ad,4.16.0,1.3.11,ctbllib-fs2-q3-findall,2397,389,2026-08-10T07:16:11.166Z
2.A6x3,2160,false,0,true,2026-08-10T07:01:47.947Z,1.12.6,1.9.0-DEV,428070c0f9ad,4.16.0,1.3.11,ctbllib-fs2-q3-findall,2397,390,2026-08-10T07:16:11.305Z
2.A7,5040,false,0,true,2026-08-10T07:01:47.947Z,1.12.6,1.9.0-DEV,428070c0f9ad,4.16.0,1.3.11,ctbllib-fs2-q3-findall,2397,391,2026-08-10T07:16:11.366Z
2.A7.2,10080,false,0,true,2026-08-10T07:01:47.947Z,1.12.6,1.9.0-DEV,428070c0f9ad,4.16.0,1.3.11,ctbllib-fs2-q3-findall,2397,392,2026-08-10T07:16:11.408Z
2.A7x3,15120,false,0,true,2026-08-10T07:01:47.947Z,1.12.6,1.9.0-DEV,428070c0f9ad,4.16.0,1.3.11,ctbllib-fs2-q3-findall,2397,393,2026-08-10T07:16:11.594Z
2.A8,40320,false,0,true,2026-08-10T07:01:47.947Z,1.12.6,1.9.0-DEV,428070c0f9ad,4.16.0,1.3.11,ctbllib-fs2-q3-findall,2397,394,2026-08-10T07:16:11.678Z
2.A8.2,80640,false,0,true,2026-08-10T07:01:47.947Z,1.12.6,1.9.0-DEV,428070c0f9ad,4.16.0,1.3.11,ctbllib-fs2-q3-findall,2397,395,2026-08-10T07:16:11.747Z
2.A8N3,144,true,0,true,2026-08-10T07:01:47.947Z,1.12.6,1.9.0-DEV,428070c0f9ad,4.16.0,1.3.11,ctbllib-fs2-q3-findall,2397,396,2026-08-10T07:16:12.04Z
2.A9,362880,false,0,true,2026-08-10T07:01:47.947Z,1.12.6,1.9.0-DEV,428070c0f9ad,4.16.0,1.3.11,ctbllib-fs2-q3-findall,2397,397,2026-08-10T07:16:12.141Z
2.A9.2,725760,false,0,true,2026-08-10T07:01:47.947Z,1.12.6,1.9.0-DEV,428070c0f9ad,4.16.0,1.3.11,ctbllib-fs2-q3-findall,2397,398,2026-08-10T07:16:12.257Z
2.A9x3,1088640,false,0,true,2026-08-10T07:01:47.947Z,1.12.6,1.9.0-DEV,428070c0f9ad,4.16.0,1.3.11,ctbllib-fs2-q3-findall,2397,399,2026-08-10T07:16:12.71Z
2.A9xS3,2177280,false,0,true,2026-08-10T07:01:47.947Z,1.12.6,1.9.0-DEV,428070c0f9ad,4.16.0,1.3.11,ctbllib-fs2-q3-findall,2397,400,2026-08-10T07:16:14.342Z
2.Alt(14),87178291200,false,0,true,2026-08-10T07:01:47.947Z,1.12.6,1.9.0-DEV,428070c0f9ad,4.16.0,1.3.11,ctbllib-fs2-q3-findall,2397,401,2026-08-10T07:16:15.045Z
2.Alt(15),1307674368000,false,0,true,2026-08-10T07:01:47.947Z,1.12.6,1.9.0-DEV,428070c0f9ad,4.16.0,1.3.11,ctbllib-fs2-q3-findall,2397,402,2026-08-10T07:16:18.11Z
2.Alt(16),20922789888000,false,0,true,2026-08-10T07:01:47.947Z,1.12.6,1.9.0-DEV,428070c0f9ad,4.16.0,1.3.11,ctbllib-fs2-q3-findall,2397,403,2026-08-10T07:16:22.252Z
2.Alt(17),355687428096000,false,0,true,2026-08-10T07:01:47.947Z,1.12.6,1.9.0-DEV,428070c0f9ad,4.16.0,1.3.11,ctbllib-fs2-q3-findall,2397,404,2026-08-10T07:16:28.413Z
2.Alt(18),6402373705728000,false,0,true,2026-08-10T07:01:47.947Z,1.12.6,1.9.0-DEV,428070c0f9ad,4.16.0,1.3.11,ctbllib-fs2-q3-findall,2397,405,2026-08-10T07:16:39.647Z
2.Alt(19),121645100408832000,false,0,true,2026-08-10T07:01:47.947Z,1.12.6,1.9.0-DEV,428070c0f9ad,4.16.0,1.3.11,ctbllib-fs2-q3-findall,2397,406,2026-08-10T07:16:55.52Z
2.B,8309562962452852382355161088000000,false,0,true,2026-08-10T07:01:47.947Z,1.12.6,1.9.0-DEV,428070c0f9ad,4.16.0,1.3.11,ctbllib-fs2-q3-findall,2397,407,2026-08-10T07:17:04.977Z
2.BN7,56448,true,0,true,2026-08-10T07:01:47.947Z,1.12.6,1.9.0-DEV,428070c0f9ad,4.16.0,1.3.11,ctbllib-fs2-q3-findall,2397,408,2026-08-10T07:17:05.697Z
2.Co1,8315553613086720000,false,0,true,2026-08-10T07:01:47.947Z,1.12.6,1.9.0-DEV,428070c0f9ad,4.16.0,1.3.11,ctbllib-fs2-q3-findall,2397,409,2026-08-10T07:17:08.628Z
2.D10xA5,1200,false,0,true,2026-08-10T07:01:47.947Z,1.12.6,1.9.0-DEV,428070c0f9ad,4.16.0,1.3.11,ctbllib-fs2-q3-findall,2397,410,2026-08-10T07:17:09.088Z
2.D12,24,true,0,true,2026-08-10T07:01:47.947Z,1.12.6,1.9.0-DEV,428070c0f9ad,4.16.0,1.3.11,ctbllib-fs2-q3-findall,2397,411,2026-08-10T07:17:09.105Z
2.D14,28,true,0,true,2026-08-10T07:01:47.947Z,1.12.6,1.9.0-DEV,428070c0f9ad,4.16.0,1.3.11,ctbllib-fs2-q3-findall,2397,412,2026-08-10T07:17:09.124Z
2.D16,32,true,0,true,2026-08-10T07:01:47.947Z,1.12.6,1.9.0-DEV,428070c0f9ad,4.16.0,1.3.11,ctbllib-fs2-q3-findall,2397,413,2026-08-10T07:17:09.137Z
2.D18,36,true,0,true,2026-08-10T07:01:47.947Z,1.12.6,1.9.0-DEV,428070c0f9ad,4.16.0,1.3.11,ctbllib-fs2-q3-findall,2397,414,2026-08-10T07:17:09.153Z
2.D20,40,true,0,true,2026-08-10T07:01:47.947Z,1.12.6,1.9.0-DEV,428070c0f9ad,4.16.0,1.3.11,ctbllib-fs2-q3-findall,2397,415,2026-08-10T07:17:09.174Z
2.D22,44,true,0,true,2026-08-10T07:01:47.947Z,1.12.6,1.9.0-DEV,428070c0f9ad,4.16.0,1.3.11,ctbllib-fs2-q3-findall,2397,416,2026-08-10T07:17:09.21Z
2.D24,48,true,0,true,2026-08-10T07:01:47.947Z,1.12.6,1.9.0-DEV,428070c0f9ad,4.16.0,1.3.11,ctbllib-fs2-q3-findall,2397,417,2026-08-10T07:17:09.229Z
2.D26,52,true,0,true,2026-08-10T07:01:47.947Z,1.12.6,1.9.0-DEV,428070c0f9ad,4.16.0,1.3.11,ctbllib-fs2-q3-findall,2397,418,2026-08-10T07:17:09.279Z
2.D28,56,true,0,true,2026-08-10T07:01:47.947Z,1.12.6,1.9.0-DEV,428070c0f9ad,4.16.0,1.3.11,ctbllib-fs2-q3-findall,2397,419,2026-08-10T07:17:09.314Z
2.D30,60,true,0,true,2026-08-10T07:01:47.947Z,1.12.6,1.9.0-DEV,428070c0f9ad,4.16.0,1.3.11,ctbllib-fs2-q3-findall,2397,420,2026-08-10T07:17:09.355Z
2.D32,64,true,0,true,2026-08-10T07:01:47.947Z,1.12.6,1.9.0-DEV,428070c0f9ad,4.16.0,1.3.11,ctbllib-fs2-q3-findall,2397,421,2026-08-10T07:17:09.381Z
2.D8,16,true,0,true,2026-08-10T07:01:47.947Z,1.12.6,1.9.0-DEV,428070c0f9ad,4.16.0,1.3.11,ctbllib-fs2-q3-findall,2397,422,2026-08-10T07:17:09.393Z
2.D8.S5,1920,false,0,true,2026-08-10T07:01:47.947Z,1.12.6,1.9.0-DEV,428070c0f9ad,4.16.0,1.3.11,ctbllib-fs2-q3-findall,2397,423,2026-08-10T07:17:10.776Z
2.F4(2),6622253206732800,false,0,true,2026-08-10T07:01:47.947Z,1.12.6,1.9.0-DEV,428070c0f9ad,4.16.0,1.3.11,ctbllib-fs2-q3-findall,2397,424,2026-08-10T07:17:14.651Z
2.F4(2).2,13244506413465600,false,0,true,2026-08-10T07:01:47.947Z,1.12.6,1.9.0-DEV,428070c0f9ad,4.16.0,1.3.11,ctbllib-fs2-q3-findall,2397,425,2026-08-10T07:17:17.235Z
2.F4(2)M1,95126814720,false,0,true,2026-08-10T07:01:47.947Z,1.12.6,1.9.0-DEV,428070c0f9ad,4.16.0,1.3.11,ctbllib-fs2-q3-findall,2397,426,2026-08-10T07:17:37.216Z
2.F4(2)M5,2113929216,false,0,true,2026-08-10T07:01:47.947Z,1.12.6,1.9.0-DEV,428070c0f9ad,4.16.0,1.3.11,ctbllib-fs2-q3-findall,2397,427,2026-08-10T07:18:29.634Z
2.Fi22,129123503308800,false,0,true,2026-08-10T07:01:47.947Z,1.12.6,1.9.0-DEV,428070c0f9ad,4.16.0,1.3.11,ctbllib-fs2-q3-findall,2397,428,2026-08-10T07:18:30.494Z
2.Fi22.2,258247006617600,false,0,true,2026-08-10T07:01:47.947Z,1.12.6,1.9.0-DEV,428070c0f9ad,4.16.0,1.3.11,ctbllib-fs2-q3-findall,2397,429,2026-08-10T07:18:31.834Z
2.Fi22M5,908328960,false,0,true,2026-08-10T07:01:47.947Z,1.12.6,1.9.0-DEV,428070c0f9ad,4.16.0,1.3.11,ctbllib-fs2-q3-findall,2397,430,2026-08-10T07:18:34.947Z
2.Fi22N2,262144,true,0,true,2026-08-10T07:01:47.947Z,1.12.6,1.9.0-DEV,428070c0f9ad,4.16.0,1.3.11,ctbllib-fs2-q3-findall,2397,431,2026-08-10T07:18:46.042Z
2.G2(4),503193600,false,0,true,2026-08-10T07:01:47.947Z,1.12.6,1.9.0-DEV,428070c0f9ad,4.16.0,1.3.11,ctbllib-fs2-q3-findall,2397,432,2026-08-10T07:18:46.316Z
2.G2(4).2,1006387200,false,0,true,2026-08-10T07:01:47.947Z,1.12.6,1.9.0-DEV,428070c0f9ad,4.16.0,1.3.11,ctbllib-fs2-q3-findall,2397,433,2026-08-10T07:18:48.518Z
2.G2(4)N2,73728,true,0,true,2026-08-10T07:01:47.947Z,1.12.6,1.9.0-DEV,428070c0f9ad,4.16.0,1.3.11,ctbllib-fs2-q3-findall,2397,434,2026-08-10T07:18:49.022Z
2.HS,88704000,false,0,true,2026-08-10T07:01:47.947Z,1.12.6,1.9.0-DEV,428070c0f9ad,4.16.0,1.3.11,ctbllib-fs2-q3-findall,2397,435,2026-08-10T07:18:49.141Z
2.HS.2,177408000,false,0,true,2026-08-10T07:01:47.947Z,1.12.6,1.9.0-DEV,428070c0f9ad,4.16.0,1.3.11,ctbllib-fs2-q3-findall,2397,436,2026-08-10T07:18:49.344Z
2.HS.2N2,2048,true,0,true,2026-08-10T07:01:47.947Z,1.12.6,1.9.0-DEV,428070c0f9ad,4.16.0,1.3.11,ctbllib-fs2-q3-findall,2397,437,2026-08-10T07:18:49.964Z
2.HS.2N3,1152,true,0,true,2026-08-10T07:01:47.947Z,1.12.6,1.9.0-DEV,428070c0f9ad,4.16.0,1.3.11,ctbllib-fs2-q3-findall,2397,438,2026-08-10T07:18:50.042Z
2.HS.2N5,8000,true,0,true,2026-08-10T07:01:47.947Z,1.12.6,1.9.0-DEV,428070c0f9ad,4.16.0,1.3.11,ctbllib-fs2-q3-findall,2397,439,2026-08-10T07:18:50.173Z
2.HSM10,15360,false,0,true,2026-08-10T07:01:47.947Z,1.12.6,1.9.0-DEV,428070c0f9ad,4.16.0,1.3.11,ctbllib-fs2-q3-findall,2397,440,2026-08-10T07:18:50.339Z
2.HSM11,5760,false,0,true,2026-08-10T07:01:47.947Z,1.12.6,1.9.0-DEV,428070c0f9ad,4.16.0,1.3.11,ctbllib-fs2-q3-findall,2397,441,2026-08-10T07:18:50.432Z
2.HSN2,1024,true,0,true,2026-08-10T07:01:47.947Z,1.12.6,1.9.0-DEV,428070c0f9ad,4.16.0,1.3.11,ctbllib-fs2-q3-findall,2397,442,2026-08-10T07:18:51.904Z
2.HSN3,576,true,0,true,2026-08-10T07:01:47.947Z,1.12.6,1.9.0-DEV,428070c0f9ad,4.16.0,1.3.11,ctbllib-fs2-q3-findall,2397,443,2026-08-10T07:18:51.98Z
2.HSN3A,1440,false,0,true,2026-08-10T07:01:47.947Z,1.12.6,1.9.0-DEV,428070c0f9ad,4.16.0,1.3.11,ctbllib-fs2-q3-findall,2397,444,2026-08-10T07:18:52.384Z
2.J2,1209600,false,0,true,2026-08-10T07:01:47.947Z,1.12.6,1.9.0-DEV,428070c0f9ad,4.16.0,1.3.11,ctbllib-fs2-q3-findall,2397,445,2026-08-10T07:18:52.52Z
2.J2.2,2419200,false,0,true,2026-08-10T07:01:47.947Z,1.12.6,1.9.0-DEV,428070c0f9ad,4.16.0,1.3.11,ctbllib-fs2-q3-findall,2397,446,2026-08-10T07:18:52.631Z
2.J2.2N5,1200,true,0,true,2026-08-10T07:01:47.947Z,1.12.6,1.9.0-DEV,428070c0f9ad,4.16.0,1.3.11,ctbllib-fs2-q3-findall,2397,447,2026-08-10T07:18:52.969Z
2.J2M8,600,true,0,true,2026-08-10T07:01:47.947Z,1.12.6,1.9.0-DEV,428070c0f9ad,4.16.0,1.3.11,ctbllib-fs2-q3-findall,2397,448,2026-08-10T07:18:53.059Z
2.J2N2,768,true,0,true,2026-08-10T07:01:47.947Z,1.12.6,1.9.0-DEV,428070c0f9ad,4.16.0,1.3.11,ctbllib-fs2-q3-findall,2397,449,2026-08-10T07:18:53.415Z
2.J2N3,432,true,0,true,2026-08-10T07:01:47.947Z,1.12.6,1.9.0-DEV,428070c0f9ad,4.16.0,1.3.11,ctbllib-fs2-q3-findall,2397,450,2026-08-10T07:18:53.471Z
2.L2(11),1320,false,0,true,2026-08-10T07:01:47.947Z,1.12.6,1.9.0-DEV,428070c0f9ad,4.16.0,1.3.11,ctbllib-fs2-q3-findall,2397,451,2026-08-10T07:18:54.12Z
2.L2(11).2,2640,false,0,true,2026-08-10T07:01:47.947Z,1.12.6,1.9.0-DEV,428070c0f9ad,4.16.0,1.3.11,ctbllib-fs2-q3-findall,2397,452,2026-08-10T07:18:54.157Z
2.L2(13),2184,false,0,true,2026-08-10T07:01:47.947Z,1.12.6,1.9.0-DEV,428070c0f9ad,4.16.0,1.3.11,ctbllib-fs2-q3-findall,2397,453,2026-08-10T07:18:54.202Z
2.L2(13).2,4368,false,0,true,2026-08-10T07:01:47.947Z,1.12.6,1.9.0-DEV,428070c0f9ad,4.16.0,1.3.11,ctbllib-fs2-q3-findall,2397,454,2026-08-10T07:18:54.25Z
2.L2(17),4896,false,0,true,2026-08-10T07:01:47.947Z,1.12.6,1.9.0-DEV,428070c0f9ad,4.16.0,1.3.11,ctbllib-fs2-q3-findall,2397,455,2026-08-10T07:18:54.303Z
2.L2(17).2,9792,false,0,true,2026-08-10T07:01:47.947Z,1.12.6,1.9.0-DEV,428070c0f9ad,4.16.0,1.3.11,ctbllib-fs2-q3-findall,2397,456,2026-08-10T07:18:54.355Z
2.L2(19),6840,false,0,true,2026-08-10T07:01:47.947Z,1.12.6,1.9.0-DEV,428070c0f9ad,4.16.0,1.3.11,ctbllib-fs2-q3-findall,2397,457,2026-08-10T07:18:54.426Z
2.L2(19).2,13680,false,0,true,2026-08-10T07:01:47.947Z,1.12.6,1.9.0-DEV,428070c0f9ad,4.16.0,1.3.11,ctbllib-fs2-q3-findall,2397,458,2026-08-10T07:18:54.501Z
2.L2(23),12144,false,0,true,2026-08-10T07:01:47.947Z,1.12.6,1.9.0-DEV,428070c0f9ad,4.16.0,1.3.11,ctbllib-fs2-q3-findall,2397,459,2026-08-10T07:18:54.609Z
2.L2(23).2,24288,false,0,true,2026-08-10T07:01:47.947Z,1.12.6,1.9.0-DEV,428070c0f9ad,4.16.0,1.3.11,ctbllib-fs2-q3-findall,2397,460,2026-08-10T07:18:54.721Z
2.L2(25),15600,false,0,true,2026-08-10T07:01:47.947Z,1.12.6,1.9.0-DEV,428070c0f9ad,4.16.0,1.3.11,ctbllib-fs2-q3-findall,2397,461,2026-08-10T07:18:54.793Z
2.L2(25).2_1,31200,false,0,true,2026-08-10T07:01:47.947Z,1.12.6,1.9.0-DEV,428070c0f9ad,4.16.0,1.3.11,ctbllib-fs2-q3-findall,2397,462,2026-08-10T07:18:54.937Z
2.L2(25).2_2,31200,false,0,true,2026-08-10T07:01:47.947Z,1.12.6,1.9.0-DEV,428070c0f9ad,4.16.0,1.3.11,ctbllib-fs2-q3-findall,2397,463,2026-08-10T07:18:55.009Z
2.L2(27),19656,false,0,true,2026-08-10T07:01:47.947Z,1.12.6,1.9.0-DEV,428070c0f9ad,4.16.0,1.3.11,ctbllib-fs2-q3-findall,2397,464,2026-08-10T07:18:56.492Z
2.L2(27).2,39312,false,0,true,2026-08-10T07:01:47.947Z,1.12.6,1.9.0-DEV,428070c0f9ad,4.16.0,1.3.11,ctbllib-fs2-q3-findall,2397,465,2026-08-10T07:18:56.683Z
2.L2(27).3,58968,false,0,true,2026-08-10T07:01:47.947Z,1.12.6,1.9.0-DEV,428070c0f9ad,4.16.0,1.3.11,ctbllib-fs2-q3-findall,2397,466,2026-08-10T07:18:56.749Z
2.L2(27).6,117936,false,0,true,2026-08-10T07:01:47.947Z,1.12.6,1.9.0-DEV,428070c0f9ad,4.16.0,1.3.11,ctbllib-fs2-q3-findall,2397,467,2026-08-10T07:18:56.84Z
2.L2(29),24360,false,0,true,2026-08-10T07:01:47.947Z,1.12.6,1.9.0-DEV,428070c0f9ad,4.16.0,1.3.11,ctbllib-fs2-q3-findall,2397,468,2026-08-10T07:18:57.01Z
2.L2(29).2,48720,false,0,true,2026-08-10T07:01:47.947Z,1.12.6,1.9.0-DEV,428070c0f9ad,4.16.0,1.3.11,ctbllib-fs2-q3-findall,2397,469,2026-08-10T07:18:57.195Z
2.L2(3),24,true,0,true,2026-08-10T07:01:47.947Z,1.12.6,1.9.0-DEV,428070c0f9ad,4.16.0,1.3.11,ctbllib-fs2-q3-findall,2397,470,2026-08-10T07:18:57.213Z
2.L2(31),29760,false,0,true,2026-08-10T07:01:47.947Z,1.12.6,1.9.0-DEV,428070c0f9ad,4.16.0,1.3.11,ctbllib-fs2-q3-findall,2397,471,2026-08-10T07:18:57.394Z
2.L2(31).2,59520,false,0,true,2026-08-10T07:01:47.947Z,1.12.6,1.9.0-DEV,428070c0f9ad,4.16.0,1.3.11,ctbllib-fs2-q3-findall,2397,472,2026-08-10T07:18:57.58Z
2.L2(49),117600,false,0,true,2026-08-10T07:01:47.947Z,1.12.6,1.9.0-DEV,428070c0f9ad,4.16.0,1.3.11,ctbllib-fs2-q3-findall,2397,473,2026-08-10T07:18:57.843Z
2.L2(49).2_1,235200,false,0,true,2026-08-10T07:01:47.947Z,1.12.6,1.9.0-DEV,428070c0f9ad,4.16.0,1.3.11,ctbllib-fs2-q3-findall,2397,474,2026-08-10T07:18:58.914Z
2.L2(49).2_2,235200,false,0,true,2026-08-10T07:01:47.947Z,1.12.6,1.9.0-DEV,428070c0f9ad,4.16.0,1.3.11,ctbllib-fs2-q3-findall,2397,475,2026-08-10T07:18:59.071Z
2.L2(81),531360,false,0,true,2026-08-10T07:01:47.947Z,1.12.6,1.9.0-DEV,428070c0f9ad,4.16.0,1.3.11,ctbllib-fs2-q3-findall,2397,476,2026-08-10T07:19:00.486Z
2.L2(81).2_1,1062720,false,0,true,2026-08-10T07:01:47.947Z,1.12.6,1.9.0-DEV,428070c0f9ad,4.16.0,1.3.11,ctbllib-fs2-q3-findall,2397,477,2026-08-10T07:19:01.392Z
2.L2(81).2_2,1062720,false,0,true,2026-08-10T07:01:47.947Z,1.12.6,1.9.0-DEV,428070c0f9ad,4.16.0,1.3.11,ctbllib-fs2-q3-findall,2397,478,2026-08-10T07:19:05.293Z
2.L2(81).4_1,2125440,false,0,true,2026-08-10T07:01:47.947Z,1.12.6,1.9.0-DEV,428070c0f9ad,4.16.0,1.3.11,ctbllib-fs2-q3-findall,2397,479,2026-08-10T07:19:06.046Z
2.L3(2),336,false,0,true,2026-08-10T07:01:47.947Z,1.12.6,1.9.0-DEV,428070c0f9ad,4.16.0,1.3.11,ctbllib-fs2-q3-findall,2397,480,2026-08-10T07:19:06.073Z
2.L3(2).2,672,false,0,true,2026-08-10T07:01:47.947Z,1.12.6,1.9.0-DEV,428070c0f9ad,4.16.0,1.3.11,ctbllib-fs2-q3-findall,2397,481,2026-08-10T07:19:06.092Z
2.L3(4),40320,false,0,true,2026-08-10T07:01:47.947Z,1.12.6,1.9.0-DEV,428070c0f9ad,4.16.0,1.3.11,ctbllib-fs2-q3-findall,2397,482,2026-08-10T07:19:06.146Z
2.L3(4).(2^2)_{1*2*3*},161280,false,0,true,2026-08-10T07:01:47.947Z,1.12.6,1.9.0-DEV,428070c0f9ad,4.16.0,1.3.11,ctbllib-fs2-q3-findall,2397,483,2026-08-10T07:19:06.214Z
2.L3(4).(2^2)_{1*2*3},161280,false,0,true,2026-08-10T07:01:47.947Z,1.12.6,1.9.0-DEV,428070c0f9ad,4.16.0,1.3.11,ctbllib-fs2-q3-findall,2397,484,2026-08-10T07:19:06.294Z
2.L3(4).(2^2)_{1*23*},161280,false,0,true,2026-08-10T07:01:47.947Z,1.12.6,1.9.0-DEV,428070c0f9ad,4.16.0,1.3.11,ctbllib-fs2-q3-findall,2397,485,2026-08-10T07:19:06.371Z
2.L3(4).(2^2)_{1*23},161280,false,0,true,2026-08-10T07:01:47.947Z,1.12.6,1.9.0-DEV,428070c0f9ad,4.16.0,1.3.11,ctbllib-fs2-q3-findall,2397,486,2026-08-10T07:19:06.448Z
2.L3(4).(2^2)_{12*3*},161280,false,0,true,2026-08-10T07:01:47.947Z,1.12.6,1.9.0-DEV,428070c0f9ad,4.16.0,1.3.11,ctbllib-fs2-q3-findall,2397,487,2026-08-10T07:19:06.522Z
2.L3(4).(2^2)_{12*3},161280,false,0,true,2026-08-10T07:01:47.947Z,1.12.6,1.9.0-DEV,428070c0f9ad,4.16.0,1.3.11,ctbllib-fs2-q3-findall,2397,488,2026-08-10T07:19:06.592Z
2.L3(4).(2^2)_{123*},161280,false,0,true,2026-08-10T07:01:47.947Z,1.12.6,1.9.0-DEV,428070c0f9ad,4.16.0,1.3.11,ctbllib-fs2-q3-findall,2397,489,2026-08-10T07:19:06.662Z
2.L3(4).(2^2)_{123},161280,false,0,true,2026-08-10T07:01:47.947Z,1.12.6,1.9.0-DEV,428070c0f9ad,4.16.0,1.3.11,ctbllib-fs2-q3-findall,2397,490,2026-08-10T07:19:06.764Z
2.L3(4).2_1,80640,false,0,true,2026-08-10T07:01:47.947Z,1.12.6,1.9.0-DEV,428070c0f9ad,4.16.0,1.3.11,ctbllib-fs2-q3-findall,2397,491,2026-08-10T07:19:06.81Z
2.L3(4).2_2,80640,false,0,true,2026-08-10T07:01:47.947Z,1.12.6,1.9.0-DEV,428070c0f9ad,4.16.0,1.3.11,ctbllib-fs2-q3-findall,2397,492,2026-08-10T07:19:06.882Z
2.L3(4).2_3,80640,false,0,true,2026-08-10T07:01:47.947Z,1.12.6,1.9.0-DEV,428070c0f9ad,4.16.0,1.3.11,ctbllib-fs2-q3-findall,2397,493,2026-08-10T07:19:06.947Z
2.L4(3),12130560,false,0,true,2026-08-10T07:01:47.947Z,1.12.6,1.9.0-DEV,428070c0f9ad,4.16.0,1.3.11,ctbllib-fs2-q3-findall,2397,494,2026-08-10T07:19:07.628Z
2.L4(3).2_1,24261120,false,0,true,2026-08-10T07:01:47.947Z,1.12.6,1.9.0-DEV,428070c0f9ad,4.16.0,1.3.11,ctbllib-fs2-q3-findall,2397,495,2026-08-10T07:19:07.927Z
2.L4(3).2_2,24261120,false,0,true,2026-08-10T07:01:47.947Z,1.12.6,1.9.0-DEV,428070c0f9ad,4.16.0,1.3.11,ctbllib-fs2-q3-findall,2397,496,2026-08-10T07:19:08.216Z
2.L4(3).2_3,24261120,false,0,true,2026-08-10T07:01:47.947Z,1.12.6,1.9.0-DEV,428070c0f9ad,4.16.0,1.3.11,ctbllib-fs2-q3-findall,2397,497,2026-08-10T07:19:08.37Z
2.L4(5),14508000000,false,0,true,2026-08-10T07:01:47.947Z,1.12.6,1.9.0-DEV,428070c0f9ad,4.16.0,1.3.11,ctbllib-fs2-q3-findall,2397,498,2026-08-10T07:19:09.894Z
2.M12,190080,false,0,true,2026-08-10T07:01:47.947Z,1.12.6,1.9.0-DEV,428070c0f9ad,4.16.0,1.3.11,ctbllib-fs2-q3-findall,2397,499,2026-08-10T07:19:09.953Z
2.M12.2,380160,false,0,true,2026-08-10T07:01:47.947Z,1.12.6,1.9.0-DEV,428070c0f9ad,4.16.0,1.3.11,ctbllib-fs2-q3-findall,2397,500,2026-08-10T07:19:10.018Z
2.M12M10,384,true,0,true,2026-08-10T07:01:47.947Z,1.12.6,1.9.0-DEV,428070c0f9ad,4.16.0,1.3.11,ctbllib-fs2-q3-findall,2397,501,2026-08-10T07:19:11.447Z
2.M12M8,480,false,0,true,2026-08-10T07:01:47.947Z,1.12.6,1.9.0-DEV,428070c0f9ad,4.16.0,1.3.11,ctbllib-fs2-q3-findall,2397,502,2026-08-10T07:19:11.535Z
2.M12M9,384,true,0,true,2026-08-10T07:01:47.947Z,1.12.6,1.9.0-DEV,428070c0f9ad,4.16.0,1.3.11,ctbllib-fs2-q3-findall,2397,503,2026-08-10T07:19:11.576Z
2.M12N2,128,true,0,true,2026-08-10T07:01:47.947Z,1.12.6,1.9.0-DEV,428070c0f9ad,4.16.0,1.3.11,ctbllib-fs2-q3-findall,2397,504,2026-08-10T07:19:11.878Z
2.M12N5,80,true,0,true,2026-08-10T07:01:47.947Z,1.12.6,1.9.0-DEV,428070c0f9ad,4.16.0,1.3.11,ctbllib-fs2-q3-findall,2397,505,2026-08-10T07:19:11.899Z
2.M22,887040,false,0,true,2026-08-10T07:01:47.947Z,1.12.6,1.9.0-DEV,428070c0f9ad,4.16.0,1.3.11,ctbllib-fs2-q3-findall,2397,506,2026-08-10T07:19:11.96Z
2.M22.2,1774080,false,0,true,2026-08-10T07:01:47.947Z,1.12.6,1.9.0-DEV,428070c0f9ad,4.16.0,1.3.11,ctbllib-fs2-q3-findall,2397,507,2026-08-10T07:19:12.072Z
2.M22M5,3840,false,0,true,2026-08-10T07:01:47.947Z,1.12.6,1.9.0-DEV,428070c0f9ad,4.16.0,1.3.11,ctbllib-fs2-q3-findall,2397,508,2026-08-10T07:19:12.119Z
2.M22N2,256,true,0,true,2026-08-10T07:01:47.947Z,1.12.6,1.9.0-DEV,428070c0f9ad,4.16.0,1.3.11,ctbllib-fs2-q3-findall,2397,509,2026-08-10T07:19:12.451Z
2.O10-(3),1300169930519332454400,false,0,true,2026-08-10T07:01:47.947Z,1.12.6,1.9.0-DEV,428070c0f9ad,4.16.0,1.3.11,ctbllib-fs2-q3-findall,2397,510,2026-08-10T07:19:40.462Z
2.O7(3),9170703360,false,0,true,2026-08-10T07:01:47.947Z,1.12.6,1.9.0-DEV,428070c0f9ad,4.16.0,1.3.11,ctbllib-fs2-q3-findall,2397,511,2026-08-10T07:19:40.987Z
2.O7(3).2,18341406720,false,0,true,2026-08-10T07:01:47.947Z,1.12.6,1.9.0-DEV,428070c0f9ad,4.16.0,1.3.11,ctbllib-fs2-q3-findall,2397,512,2026-08-10T07:19:43.218Z
2.O7(3)M9,2519424,true,0,true,2026-08-10T07:01:47.947Z,1.12.6,1.9.0-DEV,428070c0f9ad,4.16.0,1.3.11,ctbllib-fs2-q3-findall,2397,513,2026-08-10T07:19:45.686Z
2.O8+(2),348364800,false,0,true,2026-08-10T07:01:47.947Z,1.12.6,1.9.0-DEV,428070c0f9ad,4.16.0,1.3.11,ctbllib-fs2-q3-findall,2397,514,2026-08-10T07:19:46.195Z
2.O8+(2).2,696729600,false,0,true,2026-08-10T07:01:47.947Z,1.12.6,1.9.0-DEV,428070c0f9ad,4.16.0,1.3.11,ctbllib-fs2-q3-findall,2397,515,2026-08-10T07:19:49.266Z
2.O8+(3),9904359628800,false,0,true,2026-08-10T07:01:47.947Z,1.12.6,1.9.0-DEV,428070c0f9ad,4.16.0,1.3.11,ctbllib-fs2-q3-findall,2397,516,2026-08-10T07:19:53.09Z
2.O8+(7),225109982355597803520000,false,0,true,2026-08-10T07:01:47.947Z,1.12.6,1.9.0-DEV,428070c0f9ad,4.16.0,1.3.11,ctbllib-fs2-q3-findall,2397,517,2026-08-10T07:24:30.879Z
2.O8-(3),20303937239040,false,0,true,2026-08-10T07:01:47.947Z,1.12.6,1.9.0-DEV,428070c0f9ad,4.16.0,1.3.11,ctbllib-fs2-q3-findall,2397,518,2026-08-10T07:24:33.693Z
2.O9(3),131569513308979200,false,0,true,2026-08-10T07:01:47.947Z,1.12.6,1.9.0-DEV,428070c0f9ad,4.16.0,1.3.11,ctbllib-fs2-q3-findall,2397,519,2026-08-10T07:24:50.065Z
2.Ru,291852288000,false,0,true,2026-08-10T07:01:47.947Z,1.12.6,1.9.0-DEV,428070c0f9ad,4.16.0,1.3.11,ctbllib-fs2-q3-findall,2397,520,2026-08-10T07:24:50.336Z
2.RuM1,71884800,false,0,true,2026-08-10T07:01:47.947Z,1.12.6,1.9.0-DEV,428070c0f9ad,4.16.0,1.3.11,ctbllib-fs2-q3-findall,2397,521,2026-08-10T07:24:50.61Z
2.RuN2,32768,true,0,true,2026-08-10T07:01:47.947Z,1.12.6,1.9.0-DEV,428070c0f9ad,4.16.0,1.3.11,ctbllib-fs2-q3-findall,2397,522,2026-08-10T07:24:52.926Z
2.S3,12,true,0,true,2026-08-10T07:01:47.947Z,1.12.6,1.9.0-DEV,428070c0f9ad,4.16.0,1.3.11,ctbllib-fs2-q3-findall,2397,523,2026-08-10T07:24:52.939Z
2.S4,48,true,0,true,2026-08-10T07:01:47.947Z,1.12.6,1.9.0-DEV,428070c0f9ad,4.16.0,1.3.11,ctbllib-fs2-q3-findall,2397,524,2026-08-10T07:24:52.955Z
2.S4(5),9360000,false,0,true,2026-08-10T07:01:47.947Z,1.12.6,1.9.0-DEV,428070c0f9ad,4.16.0,1.3.11,ctbllib-fs2-q3-findall,2397,525,2026-08-10T07:24:53.279Z
2.S4(5).2,18720000,false,0,true,2026-08-10T07:01:47.947Z,1.12.6,1.9.0-DEV,428070c0f9ad,4.16.0,1.3.11,ctbllib-fs2-q3-findall,2397,526,2026-08-10T07:24:53.689Z
2.S4x2.S4,2304,true,0,true,2026-08-10T07:01:47.947Z,1.12.6,1.9.0-DEV,428070c0f9ad,4.16.0,1.3.11,ctbllib-fs2-q3-findall,2397,527,2026-08-10T07:24:54.138Z
2.S6(2),2903040,false,0,true,2026-08-10T07:01:47.947Z,1.12.6,1.9.0-DEV,428070c0f9ad,4.16.0,1.3.11,ctbllib-fs2-q3-findall,2397,528,2026-08-10T07:24:54.29Z
2.S6(3),9170703360,false,0,true,2026-08-10T07:01:47.947Z,1.12.6,1.9.0-DEV,428070c0f9ad,4.16.0,1.3.11,ctbllib-fs2-q3-findall,2397,529,2026-08-10T07:24:56.467Z
2.S6(3).2,18341406720,false,0,true,2026-08-10T07:01:47.947Z,1.12.6,1.9.0-DEV,428070c0f9ad,4.16.0,1.3.11,ctbllib-fs2-q3-findall,2397,530,2026-08-10T07:24:57.447Z
2.Suz,896690995200,false,0,true,2026-08-10T07:01:47.947Z,1.12.6,1.9.0-DEV,428070c0f9ad,4.16.0,1.3.11,ctbllib-fs2-q3-findall,2397,531,2026-08-10T07:25:00.007Z
2.Suz.2,1793381990400,false,0,true,2026-08-10T07:01:47.947Z,1.12.6,1.9.0-DEV,428070c0f9ad,4.16.0,1.3.11,ctbllib-fs2-q3-findall,2397,532,2026-08-10T07:25:00.561Z
2.SuzM11,279936,true,0,true,2026-08-10T07:01:47.947Z,1.12.6,1.9.0-DEV,428070c0f9ad,4.16.0,1.3.11,ctbllib-fs2-q3-findall,2397,533,2026-08-10T07:25:00.989Z
2.SuzM4,6635520,false,0,true,2026-08-10T07:01:47.947Z,1.12.6,1.9.0-DEV,428070c0f9ad,4.16.0,1.3.11,ctbllib-fs2-q3-findall,2397,534,2026-08-10T07:25:01.539Z
2.SuzM7,2211840,false,0,true,2026-08-10T07:01:47.947Z,1.12.6,1.9.0-DEV,428070c0f9ad,4.16.0,1.3.11,ctbllib-fs2-q3-findall,2397,535,2026-08-10T07:25:03.132Z
2.SuzM9,737280,false,0,true,2026-08-10T07:01:47.947Z,1.12.6,1.9.0-DEV,428070c0f9ad,4.16.0,1.3.11,ctbllib-fs2-q3-findall,2397,536,2026-08-10T07:25:03.537Z
2.SuzN2,49152,true,0,true,2026-08-10T07:01:47.947Z,1.12.6,1.9.0-DEV,428070c0f9ad,4.16.0,1.3.11,ctbllib-fs2-q3-findall,2397,537,2026-08-10T07:25:05.734Z
2.Sym(15),2615348736000,false,0,true,2026-08-10T07:01:47.947Z,1.12.6,1.9.0-DEV,428070c0f9ad,4.16.0,1.3.11,ctbllib-fs2-q3-findall,2397,538,2026-08-10T07:25:10.668Z
2.Sym(16),41845579776000,false,0,true,2026-08-10T07:01:47.947Z,1.12.6,1.9.0-DEV,428070c0f9ad,4.16.0,1.3.11,ctbllib-fs2-q3-findall,2397,539,2026-08-10T07:25:21.26Z
2.Sym(17),711374856192000,false,0,true,2026-08-10T07:01:47.947Z,1.12.6,1.9.0-DEV,428070c0f9ad,4.16.0,1.3.11,ctbllib-fs2-q3-findall,2397,540,2026-08-10T07:25:38.533Z
2.Sym(18),12804747411456000,false,0,true,2026-08-10T07:01:47.947Z,1.12.6,1.9.0-DEV,428070c0f9ad,4.16.0,1.3.11,ctbllib-fs2-q3-findall,2397,541,2026-08-10T07:26:06.671Z
2.Sym(19),243290200817664000,false,0,true,2026-08-10T07:01:47.947Z,1.12.6,1.9.0-DEV,428070c0f9ad,4.16.0,1.3.11,ctbllib-fs2-q3-findall,2397,542,2026-08-10T07:26:51.493Z
2.Symm(4),48,true,0,true,2026-08-10T07:01:47.947Z,1.12.6,1.9.0-DEV,428070c0f9ad,4.16.0,1.3.11,ctbllib-fs2-q3-findall,2397,543,2026-08-10T07:26:51.524Z
2.Sz(8),58240,false,0,true,2026-08-10T07:01:47.947Z,1.12.6,1.9.0-DEV,428070c0f9ad,4.16.0,1.3.11,ctbllib-fs2-q3-findall,2397,544,2026-08-10T07:26:51.586Z
2.U4(2),51840,false,0,true,2026-08-10T07:01:47.947Z,1.12.6,1.9.0-DEV,428070c0f9ad,4.16.0,1.3.11,ctbllib-fs2-q3-findall,2397,545,2026-08-10T07:26:51.67Z
2.U4(2).2,103680,false,0,true,2026-08-10T07:01:47.947Z,1.12.6,1.9.0-DEV,428070c0f9ad,4.16.0,1.3.11,ctbllib-fs2-q3-findall,2397,546,2026-08-10T07:26:51.76Z
2.U4(2)N2,384,true,0,true,2026-08-10T07:01:47.947Z,1.12.6,1.9.0-DEV,428070c0f9ad,4.16.0,1.3.11,ctbllib-fs2-q3-findall,2397,547,2026-08-10T07:26:52.059Z
2.U4(3),6531840,false,0,true,2026-08-10T07:01:47.947Z,1.12.6,1.9.0-DEV,428070c0f9ad,4.16.0,1.3.11,ctbllib-fs2-q3-findall,2397,548,2026-08-10T07:26:55.053Z
2.U4(3).(2^2)_{1*2*2*},26127360,false,0,true,2026-08-10T07:01:47.947Z,1.12.6,1.9.0-DEV,428070c0f9ad,4.16.0,1.3.11,ctbllib-fs2-q3-findall,2397,549,2026-08-10T07:26:55.522Z
2.U4(3).(2^2)_{1*2*2},26127360,false,0,true,2026-08-10T07:01:47.947Z,1.12.6,1.9.0-DEV,428070c0f9ad,4.16.0,1.3.11,ctbllib-fs2-q3-findall,2397,550,2026-08-10T07:26:55.928Z
2.U4(3).(2^2)_{1*22},26127360,false,0,true,2026-08-10T07:01:47.947Z,1.12.6,1.9.0-DEV,428070c0f9ad,4.16.0,1.3.11,ctbllib-fs2-q3-findall,2397,551,2026-08-10T07:26:57.959Z
2.U4(3).(2^2)_{1*3*3*},26127360,false,0,true,2026-08-10T07:01:47.947Z,1.12.6,1.9.0-DEV,428070c0f9ad,4.16.0,1.3.11,ctbllib-fs2-q3-findall,2397,552,2026-08-10T07:26:58.233Z
2.U4(3).(2^2)_{1*3*3},26127360,false,0,true,2026-08-10T07:01:47.947Z,1.12.6,1.9.0-DEV,428070c0f9ad,4.16.0,1.3.11,ctbllib-fs2-q3-findall,2397,553,2026-08-10T07:26:58.487Z
2.U4(3).(2^2)_{1*33},26127360,false,0,true,2026-08-10T07:01:47.947Z,1.12.6,1.9.0-DEV,428070c0f9ad,4.16.0,1.3.11,ctbllib-fs2-q3-findall,2397,554,2026-08-10T07:26:58.767Z
2.U4(3).(2^2)_{12*2*},26127360,false,0,true,2026-08-10T07:01:47.947Z,1.12.6,1.9.0-DEV,428070c0f9ad,4.16.0,1.3.11,ctbllib-fs2-q3-findall,2397,555,2026-08-10T07:26:59.198Z
2.U4(3).(2^2)_{12*2},26127360,false,0,true,2026-08-10T07:01:47.947Z,1.12.6,1.9.0-DEV,428070c0f9ad,4.16.0,1.3.11,ctbllib-fs2-q3-findall,2397,556,2026-08-10T07:27:01.761Z
2.U4(3).(2^2)_{122},26127360,false,0,true,2026-08-10T07:01:47.947Z,1.12.6,1.9.0-DEV,428070c0f9ad,4.16.0,1.3.11,ctbllib-fs2-q3-findall,2397,557,2026-08-10T07:27:02.242Z
2.U4(3).(2^2)_{13*3*},26127360,false,0,true,2026-08-10T07:01:47.947Z,1.12.6,1.9.0-DEV,428070c0f9ad,4.16.0,1.3.11,ctbllib-fs2-q3-findall,2397,558,2026-08-10T07:27:02.515Z
2.U4(3).(2^2)_{13*3},26127360,false,0,true,2026-08-10T07:01:47.947Z,1.12.6,1.9.0-DEV,428070c0f9ad,4.16.0,1.3.11,ctbllib-fs2-q3-findall,2397,559,2026-08-10T07:27:03.919Z
2.U4(3).(2^2)_{133},26127360,false,0,true,2026-08-10T07:01:47.947Z,1.12.6,1.9.0-DEV,428070c0f9ad,4.16.0,1.3.11,ctbllib-fs2-q3-findall,2397,560,2026-08-10T07:27:04.206Z
2.U4(3).2_1,13063680,false,0,true,2026-08-10T07:01:47.947Z,1.12.6,1.9.0-DEV,428070c0f9ad,4.16.0,1.3.11,ctbllib-fs2-q3-findall,2397,561,2026-08-10T07:27:04.421Z
2.U4(3).2_2,13063680,false,0,true,2026-08-10T07:01:47.947Z,1.12.6,1.9.0-DEV,428070c0f9ad,4.16.0,1.3.11,ctbllib-fs2-q3-findall,2397,562,2026-08-10T07:27:04.667Z
2.U4(3).2_3,13063680,false,0,true,2026-08-10T07:01:47.947Z,1.12.6,1.9.0-DEV,428070c0f9ad,4.16.0,1.3.11,ctbllib-fs2-q3-findall,2397,563,2026-08-10T07:27:04.778Z
2.U4(3).4,26127360,false,0,true,2026-08-10T07:01:47.947Z,1.12.6,1.9.0-DEV,428070c0f9ad,4.16.0,1.3.11,ctbllib-fs2-q3-findall,2397,564,2026-08-10T07:27:05.174Z
2.U4(3).D8,52254720,false,0,true,2026-08-10T07:01:47.947Z,1.12.6,1.9.0-DEV,428070c0f9ad,4.16.0,1.3.11,ctbllib-fs2-q3-findall,2397,565,2026-08-10T07:27:06.74Z
2.U6(2),18393661440,false,0,true,2026-08-10T07:01:47.947Z,1.12.6,1.9.0-DEV,428070c0f9ad,4.16.0,1.3.11,ctbllib-fs2-q3-findall,2397,566,2026-08-10T07:27:07.135Z
2.U6(2).2,36787322880,false,0,true,2026-08-10T07:01:47.947Z,1.12.6,1.9.0-DEV,428070c0f9ad,4.16.0,1.3.11,ctbllib-fs2-q3-findall,2397,567,2026-08-10T07:27:09.999Z
2.U6(2)M3,20643840,false,0,true,2026-08-10T07:01:47.947Z,1.12.6,1.9.0-DEV,428070c0f9ad,4.16.0,1.3.11,ctbllib-fs2-q3-findall,2397,568,2026-08-10T07:27:10.251Z
2.[2^6].(2xS3),1536,true,0,true,2026-08-10T07:01:47.947Z,1.12.6,1.9.0-DEV,428070c0f9ad,4.16.0,1.3.11,ctbllib-fs2-q3-findall,2397,569,2026-08-10T07:27:10.702Z
2.[2^6]:(S3xS3),4608,true,0,true,2026-08-10T07:01:47.947Z,1.12.6,1.9.0-DEV,428070c0f9ad,4.16.0,1.3.11,ctbllib-fs2-q3-findall,2397,570,2026-08-10T07:27:10.865Z
2.[2^9]:5:4,20480,true,0,true,2026-08-10T07:01:47.947Z,1.12.6,1.9.0-DEV,428070c0f9ad,4.16.0,1.3.11,ctbllib-fs2-q3-findall,2397,571,2026-08-10T07:27:10.989Z
23:11,253,true,0,true,2026-08-10T07:01:47.947Z,1.12.6,1.9.0-DEV,428070c0f9ad,4.16.0,1.3.11,ctbllib-fs2-q3-findall,2397,572,2026-08-10T07:27:11.04Z
23:22,506,true,0,true,2026-08-10T07:01:47.947Z,1.12.6,1.9.0-DEV,428070c0f9ad,4.16.0,1.3.11,ctbllib-fs2-q3-findall,2397,573,2026-08-10T07:27:11.364Z
25:4,100,true,0,true,2026-08-10T07:01:47.947Z,1.12.6,1.9.0-DEV,428070c0f9ad,4.16.0,1.3.11,ctbllib-fs2-q3-findall,2397,574,2026-08-10T07:27:11.406Z
29:14,406,true,0,true,2026-08-10T07:01:47.947Z,1.12.6,1.9.0-DEV,428070c0f9ad,4.16.0,1.3.11,ctbllib-fs2-q3-findall,2397,575,2026-08-10T07:27:11.538Z
2A4xA5,1440,false,0,true,2026-08-10T07:01:47.947Z,1.12.6,1.9.0-DEV,428070c0f9ad,4.16.0,1.3.11,ctbllib-fs2-q3-findall,2397,576,2026-08-10T07:27:11.681Z
2A5xD10,1200,false,0,true,2026-08-10T07:01:47.947Z,1.12.6,1.9.0-DEV,428070c0f9ad,4.16.0,1.3.11,ctbllib-fs2-q3-findall,2397,577,2026-08-10T07:27:11.873Z
2E6(2),76532479683774853939200,false,0,true,2026-08-10T07:01:47.947Z,1.12.6,1.9.0-DEV,428070c0f9ad,4.16.0,1.3.11,ctbllib-fs2-q3-findall,2397,578,2026-08-10T07:27:13.976Z
2E6(2).2,153064959367549707878400,false,0,true,2026-08-10T07:01:47.947Z,1.12.6,1.9.0-DEV,428070c0f9ad,4.16.0,1.3.11,ctbllib-fs2-q3-findall,2397,579,2026-08-10T07:27:19.304Z
2E6(2).2N3C,40310784,true,0,true,2026-08-10T07:01:47.947Z,1.12.6,1.9.0-DEV,428070c0f9ad,4.16.0,1.3.11,ctbllib-fs2-q3-findall,2397,580,2026-08-10T07:27:22.433Z
2E6(2).3,229597439051324561817600,false,0,true,2026-08-10T07:01:47.947Z,1.12.6,1.9.0-DEV,428070c0f9ad,4.16.0,1.3.11,ctbllib-fs2-q3-findall,2397,581,2026-08-10T07:27:29.836Z
2E6(2).3.2,459194878102649123635200,false,0,true,2026-08-10T07:01:47.947Z,1.12.6,1.9.0-DEV,428070c0f9ad,4.16.0,1.3.11,ctbllib-fs2-q3-findall,2397,582,2026-08-10T07:27:37.997Z
2E6(2)N3C,20155392,true,0,true,2026-08-10T07:01:47.947Z,1.12.6,1.9.0-DEV,428070c0f9ad,4.16.0,1.3.11,ctbllib-fs2-q3-findall,2397,583,2026-08-10T07:27:38.988Z
2F4(2)',17971200,false,0,true,2026-08-10T07:01:47.947Z,1.12.6,1.9.0-DEV,428070c0f9ad,4.16.0,1.3.11,ctbllib-fs2-q3-findall,2397,584,2026-08-10T07:27:39.048Z
2F4(2)'.2,35942400,false,0,true,2026-08-10T07:01:47.947Z,1.12.6,1.9.0-DEV,428070c0f9ad,4.16.0,1.3.11,ctbllib-fs2-q3-findall,2397,585,2026-08-10T07:27:39.113Z
2F4(2)'.2N2,4096,true,0,true,2026-08-10T07:01:47.947Z,1.12.6,1.9.0-DEV,428070c0f9ad,4.16.0,1.3.11,ctbllib-fs2-q3-findall,2397,586,2026-08-10T07:27:41.695Z
2F4(2)'N2,2048,true,0,true,2026-08-10T07:01:47.947Z,1.12.6,1.9.0-DEV,428070c0f9ad,4.16.0,1.3.11,ctbllib-fs2-q3-findall,2397,587,2026-08-10T07:27:41.762Z
2F4(2)x2,71884800,false,0,true,2026-08-10T07:01:47.947Z,1.12.6,1.9.0-DEV,428070c0f9ad,4.16.0,1.3.11,ctbllib-fs2-q3-findall,2397,588,2026-08-10T07:27:42.027Z
2F4(8),264905352699586176614400,false,0,true,2026-08-10T07:01:47.947Z,1.12.6,1.9.0-DEV,428070c0f9ad,4.16.0,1.3.11,ctbllib-fs2-q3-findall,2397,589,2026-08-10T07:27:47.437Z
2S5.2,480,false,0,true,2026-08-10T07:01:47.947Z,1.12.6,1.9.0-DEV,428070c0f9ad,4.16.0,1.3.11,ctbllib-fs2-q3-findall,2397,590,2026-08-10T07:27:47.493Z
2^(1+1+2+2):S3,384,true,0,true,2026-08-10T07:01:47.947Z,1.12.6,1.9.0-DEV,428070c0f9ad,4.16.0,1.3.11,ctbllib-fs2-q3-findall,2397,591,2026-08-10T07:27:47.562Z
2^(1+1+2+4).(2x2^(2+4).S3^2),1179648,true,0,true,2026-08-10T07:01:47.947Z,1.12.6,1.9.0-DEV,428070c0f9ad,4.16.0,1.3.11,ctbllib-fs2-q3-findall,2397,592,2026-08-10T07:27:56.024Z
2^(1+1+3+3).(2x2^(3+3).L3(2)),5505024,false,0,true,2026-08-10T07:01:47.947Z,1.12.6,1.9.0-DEV,428070c0f9ad,4.16.0,1.3.11,ctbllib-fs2-q3-findall,2397,593,2026-08-10T07:27:59.465Z
2^(1+12).3_1.U4(3).2_2',160526499840,false,0,true,2026-08-10T07:01:47.947Z,1.12.6,1.9.0-DEV,428070c0f9ad,4.16.0,1.3.11,ctbllib-fs2-q3-findall,2397,594,2026-08-10T07:28:02.544Z
2^(1+12)_+.3_1.U4(3).2^2_{122},321052999680,false,0,true,2026-08-10T07:01:47.947Z,1.12.6,1.9.0-DEV,428070c0f9ad,4.16.0,1.3.11,ctbllib-fs2-q3-findall,2397,595,2026-08-10T07:28:13.654Z
2^(1+22).Co2,354883595661213696000,false,0,true,2026-08-10T07:01:47.947Z,1.12.6,1.9.0-DEV,428070c0f9ad,4.16.0,1.3.11,ctbllib-fs2-q3-findall,2397,596,2026-08-10T07:28:40.161Z
2^(1+3):L3(2),2688,false,0,true,2026-08-10T07:01:47.947Z,1.12.6,1.9.0-DEV,428070c0f9ad,4.16.0,1.3.11,ctbllib-fs2-q3-findall,2397,597,2026-08-10T07:28:40.236Z
2^(1+4)+.(S3xS3),1152,true,0,true,2026-08-10T07:01:47.947Z,1.12.6,1.9.0-DEV,428070c0f9ad,4.16.0,1.3.11,ctbllib-fs2-q3-findall,2397,598,2026-08-10T07:28:40.3Z
2^(1+4)+:3^2.2,576,true,0,true,2026-08-10T07:01:47.947Z,1.12.6,1.9.0-DEV,428070c0f9ad,4.16.0,1.3.11,ctbllib-fs2-q3-findall,2397,599,2026-08-10T07:28:40.336Z
2^(1+4).S3,192,true,0,true,2026-08-10T07:01:47.947Z,1.12.6,1.9.0-DEV,428070c0f9ad,4.16.0,1.3.11,ctbllib-fs2-q3-findall,2397,600,2026-08-10T07:28:40.417Z
2^(1+4).S3^2,1152,true,0,true,2026-08-10T07:01:47.947Z,1.12.6,1.9.0-DEV,428070c0f9ad,4.16.0,1.3.11,ctbllib-fs2-q3-findall,2397,601,2026-08-10T07:28:40.76Z
2^(1+4).S5,3840,false,0,true,2026-08-10T07:01:47.947Z,1.12.6,1.9.0-DEV,428070c0f9ad,4.16.0,1.3.11,ctbllib-fs2-q3-findall,2397,602,2026-08-10T07:28:40.816Z
2^(1+4)_+.(S3x3^2:2),3456,true,0,true,2026-08-10T07:01:47.947Z,1.12.6,1.9.0-DEV,428070c0f9ad,4.16.0,1.3.11,ctbllib-fs2-q3-findall,2397,603,2026-08-10T07:28:41.251Z
2^(1+5+8).(S3xA6),35389440,false,0,true,2026-08-10T07:01:47.947Z,1.12.6,1.9.0-DEV,428070c0f9ad,4.16.0,1.3.11,ctbllib-fs2-q3-findall,2397,604,2026-08-10T07:28:45.485Z
2^(1+6).3^(1+2).2S4,165888,true,0,true,2026-08-10T07:01:47.947Z,1.12.6,1.9.0-DEV,428070c0f9ad,4.16.0,1.3.11,ctbllib-fs2-q3-findall,2397,605,2026-08-10T07:28:45.993Z
2^(1+6)_+.A8,2580480,false,0,true,2026-08-10T07:01:47.947Z,1.12.6,1.9.0-DEV,428070c0f9ad,4.16.0,1.3.11,ctbllib-fs2-q3-findall,2397,606,2026-08-10T07:28:47.482Z
2^(1+6)_+.L3(2).2,43008,false,0,true,2026-08-10T07:01:47.947Z,1.12.6,1.9.0-DEV,428070c0f9ad,4.16.0,1.3.11,ctbllib-fs2-q3-findall,2397,607,2026-08-10T07:28:47.602Z
2^(1+6)_+:3A7,967680,false,0,true,2026-08-10T07:01:47.947Z,1.12.6,1.9.0-DEV,428070c0f9ad,4.16.0,1.3.11,ctbllib-fs2-q3-findall,2397,608,2026-08-10T07:28:48.219Z
2^(1+6)_+:A7,322560,false,0,true,2026-08-10T07:01:47.947Z,1.12.6,1.9.0-DEV,428070c0f9ad,4.16.0,1.3.11,ctbllib-fs2-q3-findall,2397,609,2026-08-10T07:28:48.341Z
2^(1+6)_+:S5,15360,false,0,true,2026-08-10T07:01:47.947Z,1.12.6,1.9.0-DEV,428070c0f9ad,4.16.0,1.3.11,ctbllib-fs2-q3-findall,2397,610,2026-08-10T07:28:48.54Z
2^(1+6)_-.2^4.A5,122880,false,0,true,2026-08-10T07:01:47.947Z,1.12.6,1.9.0-DEV,428070c0f9ad,4.16.0,1.3.11,ctbllib-fs2-q3-findall,2397,611,2026-08-10T07:28:49.037Z
2^(1+6)_-.3^3.S4,82944,true,0,true,2026-08-10T07:01:47.947Z,1.12.6,1.9.0-DEV,428070c0f9ad,4.16.0,1.3.11,ctbllib-fs2-q3-findall,2397,612,2026-08-10T07:28:51.237Z
2^(1+6)_-.U4(2).2,6635520,false,0,true,2026-08-10T07:01:47.947Z,1.12.6,1.9.0-DEV,428070c0f9ad,4.16.0,1.3.11,ctbllib-fs2-q3-findall,2397,613,2026-08-10T07:28:51.655Z
2^(1+6)_-3.3.3^2:2,20736,true,0,true,2026-08-10T07:01:47.947Z,1.12.6,1.9.0-DEV,428070c0f9ad,4.16.0,1.3.11,ctbllib-fs2-q3-findall,2397,614,2026-08-10T07:28:51.8Z
2^(1+8)+.O8+(2),89181388800,false,0,true,2026-08-10T07:01:47.947Z,1.12.6,1.9.0-DEV,428070c0f9ad,4.16.0,1.3.11,ctbllib-fs2-q3-findall,2397,615,2026-08-10T07:28:54.483Z
2^(1+8)+:L2(8),258048,false,0,true,2026-08-10T07:01:47.947Z,1.12.6,1.9.0-DEV,428070c0f9ad,4.16.0,1.3.11,ctbllib-fs2-q3-findall,2397,616,2026-08-10T07:28:54.603Z
2^(1+8).(A5xA5).2,3686400,false,0,true,2026-08-10T07:01:47.947Z,1.12.6,1.9.0-DEV,428070c0f9ad,4.16.0,1.3.11,ctbllib-fs2-q3-findall,2397,617,2026-08-10T07:28:54.859Z
2^(1+8).2^(1+4).S3,98304,true,0,true,2026-08-10T07:01:47.947Z,1.12.6,1.9.0-DEV,428070c0f9ad,4.16.0,1.3.11,ctbllib-fs2-q3-findall,2397,618,2026-08-10T07:28:55.469Z
2^(1+8).2^2.(3xA5).2,737280,false,0,true,2026-08-10T07:01:47.947Z,1.12.6,1.9.0-DEV,428070c0f9ad,4.16.0,1.3.11,ctbllib-fs2-q3-findall,2397,619,2026-08-10T07:28:56.708Z
2^(1+8).2^2.S3^2,73728,true,0,true,2026-08-10T07:01:47.947Z,1.12.6,1.9.0-DEV,428070c0f9ad,4.16.0,1.3.11,ctbllib-fs2-q3-findall,2397,620,2026-08-10T07:28:56.93Z
2^(1+8).2^3.2^2.S3,98304,true,0,true,2026-08-10T07:01:47.947Z,1.12.6,1.9.0-DEV,428070c0f9ad,4.16.0,1.3.11,ctbllib-fs2-q3-findall,2397,621,2026-08-10T07:28:57.236Z
2^(1+8).2^4.2.S3,98304,true,0,true,2026-08-10T07:01:47.947Z,1.12.6,1.9.0-DEV,428070c0f9ad,4.16.0,1.3.11,ctbllib-fs2-q3-findall,2397,622,2026-08-10T07:28:57.605Z
2^(1+8).2^4.S3^2,294912,true,0,true,2026-08-10T07:01:47.947Z,1.12.6,1.9.0-DEV,428070c0f9ad,4.16.0,1.3.11,ctbllib-fs2-q3-findall,2397,623,2026-08-10T07:28:57.888Z
2^(1+8).D8.S3,24576,true,0,true,2026-08-10T07:01:47.947Z,1.12.6,1.9.0-DEV,428070c0f9ad,4.16.0,1.3.11,ctbllib-fs2-q3-findall,2397,624,2026-08-10T07:29:00.23Z
2^(1+8):S8,20643840,false,0,true,2026-08-10T07:01:47.947Z,1.12.6,1.9.0-DEV,428070c0f9ad,4.16.0,1.3.11,ctbllib-fs2-q3-findall,2397,625,2026-08-10T07:29:00.718Z
2^(1+8)_+.(2xA5),61440,false,0,true,2026-08-10T07:01:47.947Z,1.12.6,1.9.0-DEV,428070c0f9ad,4.16.0,1.3.11,ctbllib-fs2-q3-findall,2397,626,2026-08-10T07:29:01.169Z
2^(1+8)_+.(A4xA4).2,147456,true,0,true,2026-08-10T07:01:47.947Z,1.12.6,1.9.0-DEV,428070c0f9ad,4.16.0,1.3.11,ctbllib-fs2-q3-findall,2397,627,2026-08-10T07:29:01.364Z
2^(1+8)_+.(A4xA5),368640,false,0,true,2026-08-10T07:01:47.947Z,1.12.6,1.9.0-DEV,428070c0f9ad,4.16.0,1.3.11,ctbllib-fs2-q3-findall,2397,628,2026-08-10T07:29:01.548Z
2^(1+8)_+.(A5xA5).2^2,7372800,false,0,true,2026-08-10T07:01:47.947Z,1.12.6,1.9.0-DEV,428070c0f9ad,4.16.0,1.3.11,ctbllib-fs2-q3-findall,2397,629,2026-08-10T07:29:02.008Z
2^(1+8)_+.2^2.2^2.2^4.S3,786432,true,0,true,2026-08-10T07:01:47.947Z,1.12.6,1.9.0-DEV,428070c0f9ad,4.16.0,1.3.11,ctbllib-fs2-q3-findall,2397,630,2026-08-10T07:29:10.936Z
2^(1+8)_+.2^3.2^2.2^3.S3,786432,true,0,true,2026-08-10T07:01:47.947Z,1.12.6,1.9.0-DEV,428070c0f9ad,4.16.0,1.3.11,ctbllib-fs2-q3-findall,2397,631,2026-08-10T07:29:20.99Z
2^(1+8)_+.2^3.2^5.S3,786432,true,0,true,2026-08-10T07:01:47.947Z,1.12.6,1.9.0-DEV,428070c0f9ad,4.16.0,1.3.11,ctbllib-fs2-q3-findall,2397,632,2026-08-10T07:29:29.251Z
2^(1+8)_+.2^5.S4(2),11796480,false,0,true,2026-08-10T07:01:47.947Z,1.12.6,1.9.0-DEV,428070c0f9ad,4.16.0,1.3.11,ctbllib-fs2-q3-findall,2397,633,2026-08-10T07:29:30.652Z
2^(1+8)_+:(S3xS3xS3),110592,true,0,true,2026-08-10T07:01:47.947Z,1.12.6,1.9.0-DEV,428070c0f9ad,4.16.0,1.3.11,ctbllib-fs2-q3-findall,2397,634,2026-08-10T07:29:33.56Z
2^(1+8)_+:L2(8):3,774144,false,0,true,2026-08-10T07:01:47.947Z,1.12.6,1.9.0-DEV,428070c0f9ad,4.16.0,1.3.11,ctbllib-fs2-q3-findall,2397,635,2026-08-10T07:29:33.703Z
2^(1+8)_+:U4(2),13271040,false,0,true,2026-08-10T07:01:47.947Z,1.12.6,1.9.0-DEV,428070c0f9ad,4.16.0,1.3.11,ctbllib-fs2-q3-findall,2397,636,2026-08-10T07:29:34.04Z
2^(10+16).O10+(2),1577011055923770163200,false,0,true,2026-08-10T07:01:47.947Z,1.12.6,1.9.0-DEV,428070c0f9ad,4.16.0,1.3.11,ctbllib-fs2-q3-findall,2397,637,2026-08-10T07:30:03.131Z
2^(2+1+2).2^(1+1+2).2^2.S4,49152,true,0,true,2026-08-10T07:01:47.947Z,1.12.6,1.9.0-DEV,428070c0f9ad,4.16.0,1.3.11,ctbllib-fs2-q3-findall,2397,638,2026-08-10T07:30:04.569Z
2^(2+1+2+4+2).(3xS4),147456,true,0,true,2026-08-10T07:01:47.947Z,1.12.6,1.9.0-DEV,428070c0f9ad,4.16.0,1.3.11,ctbllib-fs2-q3-findall,2397,639,2026-08-10T07:30:05.05Z
2^(2+10+20).(M22.2xS3),22858846741463040,false,0,true,2026-08-10T07:01:47.947Z,1.12.6,1.9.0-DEV,428070c0f9ad,4.16.0,1.3.11,ctbllib-fs2-q3-findall,2397,640,2026-08-10T07:33:39.291Z
2^(2+11+22).(M24xS3),50472333605150392320,false,0,true,2026-08-10T07:01:47.947Z,1.12.6,1.9.0-DEV,428070c0f9ad,4.16.0,1.3.11,ctbllib-fs2-q3-findall,2397,641,2026-08-10T07:34:38.028Z
2^(2+12):(A8xS3),1981808640,false,0,true,2026-08-10T07:01:47.947Z,1.12.6,1.9.0-DEV,428070c0f9ad,4.16.0,1.3.11,ctbllib-fs2-q3-findall,2397,642,2026-08-10T07:34:41.896Z
2^(2+2+4).(S3xS3),9216,true,0,true,2026-08-10T07:01:47.947Z,1.12.6,1.9.0-DEV,428070c0f9ad,4.16.0,1.3.11,ctbllib-fs2-q3-findall,2397,643,2026-08-10T07:34:42.279Z
2^(2+4).(S3x2),768,true,0,true,2026-08-10T07:01:47.947Z,1.12.6,1.9.0-DEV,428070c0f9ad,4.16.0,1.3.11,ctbllib-fs2-q3-findall,2397,644,2026-08-10T07:34:42.371Z
2^(2+4):(3x3):2,1152,true,0,true,2026-08-10T07:01:47.947Z,1.12.6,1.9.0-DEV,428070c0f9ad,4.16.0,1.3.11,ctbllib-fs2-q3-findall,2397,645,2026-08-10T07:34:42.399Z
2^(2+4):(3xD10),1920,true,0,true,2026-08-10T07:01:47.947Z,1.12.6,1.9.0-DEV,428070c0f9ad,4.16.0,1.3.11,ctbllib-fs2-q3-findall,2397,646,2026-08-10T07:34:42.458Z
2^(2+4):(S3xS3),2304,true,0,true,2026-08-10T07:01:47.947Z,1.12.6,1.9.0-DEV,428070c0f9ad,4.16.0,1.3.11,ctbllib-fs2-q3-findall,2397,647,2026-08-10T07:34:42.514Z
2^(2+4):15,960,true,0,true,2026-08-10T07:01:47.947Z,1.12.6,1.9.0-DEV,428070c0f9ad,4.16.0,1.3.11,ctbllib-fs2-q3-findall,2397,648,2026-08-10T07:34:42.578Z
2^(2+6):3^3:S3,41472,true,0,true,2026-08-10T07:01:47.947Z,1.12.6,1.9.0-DEV,428070c0f9ad,4.16.0,1.3.11,ctbllib-fs2-q3-findall,2397,649,2026-08-10T07:34:42.902Z
2^(2+8).2^2.(3xS3),73728,true,0,true,2026-08-10T07:01:47.947Z,1.12.6,1.9.0-DEV,428070c0f9ad,4.16.0,1.3.11,ctbllib-fs2-q3-findall,2397,650,2026-08-10T07:34:43.37Z
2^(2+8):(3xA5),184320,false,0,true,2026-08-10T07:01:47.947Z,1.12.6,1.9.0-DEV,428070c0f9ad,4.16.0,1.3.11,ctbllib-fs2-q3-findall,2397,651,2026-08-10T07:34:43.51Z
2^(2+8):(3xA5):2,368640,false,0,true,2026-08-10T07:01:47.947Z,1.12.6,1.9.0-DEV,428070c0f9ad,4.16.0,1.3.11,ctbllib-fs2-q3-findall,2397,652,2026-08-10T07:34:43.904Z
2^(2+8):(S5xS3),737280,false,0,true,2026-08-10T07:01:47.947Z,1.12.6,1.9.0-DEV,428070c0f9ad,4.16.0,1.3.11,ctbllib-fs2-q3-findall,2397,653,2026-08-10T07:34:44.328Z
2^(3+1+3).L3(2),21504,false,0,true,2026-08-10T07:01:47.947Z,1.12.6,1.9.0-DEV,428070c0f9ad,4.16.0,1.3.11,ctbllib-fs2-q3-findall,2397,654,2026-08-10T07:34:44.694Z
2^(3+12).(L3(2)xA6),1981808640,false,0,true,2026-08-10T07:01:47.947Z,1.12.6,1.9.0-DEV,428070c0f9ad,4.16.0,1.3.11,ctbllib-fs2-q3-findall,2397,655,2026-08-10T07:34:47.294Z
2^(3+12).(L3(2)xS6),3963617280,false,0,true,2026-08-10T07:01:47.947Z,1.12.6,1.9.0-DEV,428070c0f9ad,4.16.0,1.3.11,ctbllib-fs2-q3-findall,2397,656,2026-08-10T07:34:56.175Z
2^(3+3):7,448,true,0,true,2026-08-10T07:01:47.947Z,1.12.6,1.9.0-DEV,428070c0f9ad,4.16.0,1.3.11,ctbllib-fs2-q3-findall,2397,657,2026-08-10T07:34:56.221Z
2^(3+3):7:3,1344,true,0,true,2026-08-10T07:01:47.947Z,1.12.6,1.9.0-DEV,428070c0f9ad,4.16.0,1.3.11,ctbllib-fs2-q3-findall,2397,658,2026-08-10T07:34:56.238Z
2^(3+3+3).L3(2),86016,false,0,true,2026-08-10T07:01:47.947Z,1.12.6,1.9.0-DEV,428070c0f9ad,4.16.0,1.3.11,ctbllib-fs2-q3-findall,2397,659,2026-08-10T07:34:56.652Z
2^(3+6):21,10752,true,0,true,2026-08-10T07:01:47.947Z,1.12.6,1.9.0-DEV,428070c0f9ad,4.16.0,1.3.11,ctbllib-fs2-q3-findall,2397,660,2026-08-10T07:34:56.728Z
2^(3+8):(S3xS6),8847360,false,0,true,2026-08-10T07:01:47.947Z,1.12.6,1.9.0-DEV,428070c0f9ad,4.16.0,1.3.11,ctbllib-fs2-q3-findall,2397,661,2026-08-10T07:35:00.173Z
2^(4+10)(S5xS3),11796480,false,0,true,2026-08-10T07:01:47.947Z,1.12.6,1.9.0-DEV,428070c0f9ad,4.16.0,1.3.11,ctbllib-fs2-q3-findall,2397,662,2026-08-10T07:35:02.963Z
2^(4+10).(S4xS3),2359296,true,0,true,2026-08-10T07:01:47.947Z,1.12.6,1.9.0-DEV,428070c0f9ad,4.16.0,1.3.11,ctbllib-fs2-q3-findall,2397,663,2026-08-10T07:35:09.199Z
2^(4+12).(S3x3S6),849346560,false,0,true,2026-08-10T07:01:47.947Z,1.12.6,1.9.0-DEV,428070c0f9ad,4.16.0,1.3.11,ctbllib-fs2-q3-findall,2397,664,2026-08-10T07:35:13.407Z
2^(4+12).(S3x3^(1+2)_+:D8),84934656,true,0,true,2026-08-10T07:01:47.947Z,1.12.6,1.9.0-DEV,428070c0f9ad,4.16.0,1.3.11,ctbllib-fs2-q3-findall,2397,665,2026-08-10T07:35:20.594Z
2^(4+4).(S3xS3).2,18432,true,0,true,2026-08-10T07:01:47.947Z,1.12.6,1.9.0-DEV,428070c0f9ad,4.16.0,1.3.11,ctbllib-fs2-q3-findall,2397,666,2026-08-10T07:35:20.685Z
2^(4+4):(3xA5),46080,false,0,true,2026-08-10T07:01:47.947Z,1.12.6,1.9.0-DEV,428070c0f9ad,4.16.0,1.3.11,ctbllib-fs2-q3-findall,2397,667,2026-08-10T07:35:20.804Z
2^(4+6).2^2.(3xS3),73728,true,0,true,2026-08-10T07:01:47.947Z,1.12.6,1.9.0-DEV,428070c0f9ad,4.16.0,1.3.11,ctbllib-fs2-q3-findall,2397,668,2026-08-10T07:35:21.384Z
2^(4+6):(A5x3),184320,false,0,true,2026-08-10T07:01:47.947Z,1.12.6,1.9.0-DEV,428070c0f9ad,4.16.0,1.3.11,ctbllib-fs2-q3-findall,2397,669,2026-08-10T07:35:21.558Z
2^(4+6):(A5x3):2,368640,false,0,true,2026-08-10T07:01:47.947Z,1.12.6,1.9.0-DEV,428070c0f9ad,4.16.0,1.3.11,ctbllib-fs2-q3-findall,2397,670,2026-08-10T07:35:24.275Z
2^(4+6):3S6,2211840,false,0,true,2026-08-10T07:01:47.947Z,1.12.6,1.9.0-DEV,428070c0f9ad,4.16.0,1.3.11,ctbllib-fs2-q3-findall,2397,671,2026-08-10T07:35:24.557Z
2^(4+8).(2xA4),98304,true,0,true,2026-08-10T07:01:47.947Z,1.12.6,1.9.0-DEV,428070c0f9ad,4.16.0,1.3.11,ctbllib-fs2-q3-findall,2397,672,2026-08-10T07:35:25.204Z
2^(4+8):(A4xS3),294912,true,0,true,2026-08-10T07:01:47.947Z,1.12.6,1.9.0-DEV,428070c0f9ad,4.16.0,1.3.11,ctbllib-fs2-q3-findall,2397,673,2026-08-10T07:35:25.694Z
2^(4+8):(S3xA5),1474560,false,0,true,2026-08-10T07:01:47.947Z,1.12.6,1.9.0-DEV,428070c0f9ad,4.16.0,1.3.11,ctbllib-fs2-q3-findall,2397,674,2026-08-10T07:35:26.049Z
2^(5+10+20).(S3xL5(2)),2061452360684666880,false,0,true,2026-08-10T07:01:47.947Z,1.12.6,1.9.0-DEV,428070c0f9ad,4.16.0,1.3.11,ctbllib-fs2-q3-findall,2397,675,2026-08-10T07:36:31.785Z
2^(5+5):31,31744,true,0,true,2026-08-10T07:01:47.947Z,1.12.6,1.9.0-DEV,428070c0f9ad,4.16.0,1.3.11,ctbllib-fs2-q3-findall,2397,676,2026-08-10T07:36:31.943Z
2^(5+8):(2x3.A6),17694720,false,0,true,2026-08-10T07:01:47.947Z,1.12.6,1.9.0-DEV,428070c0f9ad,4.16.0,1.3.11,ctbllib-fs2-q3-findall,2397,677,2026-08-10T07:36:37.274Z
2^(5+8):(2xA6),5898240,false,0,true,2026-08-10T07:01:47.947Z,1.12.6,1.9.0-DEV,428070c0f9ad,4.16.0,1.3.11,ctbllib-fs2-q3-findall,2397,678,2026-08-10T07:36:37.774Z
2^(5+8):(2xS4),393216,true,0,true,2026-08-10T07:01:47.947Z,1.12.6,1.9.0-DEV,428070c0f9ad,4.16.0,1.3.11,ctbllib-fs2-q3-findall,2397,679,2026-08-10T07:36:41.113Z
2^(5+8):(S3x3.A6),53084160,false,0,true,2026-08-10T07:01:47.947Z,1.12.6,1.9.0-DEV,428070c0f9ad,4.16.0,1.3.11,ctbllib-fs2-q3-findall,2397,680,2026-08-10T07:36:49.481Z
2^(5+8):(S3xA6),17694720,false,0,true,2026-08-10T07:01:47.947Z,1.12.6,1.9.0-DEV,428070c0f9ad,4.16.0,1.3.11,ctbllib-fs2-q3-findall,2397,681,2026-08-10T07:36:50.241Z
2^(5+8):(S3xD8),393216,true,0,true,2026-08-10T07:01:47.947Z,1.12.6,1.9.0-DEV,428070c0f9ad,4.16.0,1.3.11,ctbllib-fs2-q3-findall,2397,682,2026-08-10T07:36:56.686Z
2^(5+8):(S3xS4),1179648,true,0,true,2026-08-10T07:01:47.947Z,1.12.6,1.9.0-DEV,428070c0f9ad,4.16.0,1.3.11,ctbllib-fs2-q3-findall,2397,683,2026-08-10T07:36:57.811Z
2^(5+8):(S3xS6),35389440,false,0,true,2026-08-10T07:01:47.947Z,1.12.6,1.9.0-DEV,428070c0f9ad,4.16.0,1.3.11,ctbllib-fs2-q3-findall,2397,684,2026-08-10T07:37:02.378Z
2^(6+6):(S3xL3(2)),4128768,false,0,true,2026-08-10T07:01:47.947Z,1.12.6,1.9.0-DEV,428070c0f9ad,4.16.0,1.3.11,ctbllib-fs2-q3-findall,2397,685,2026-08-10T07:37:05.396Z
2^(6+8).(S3xA8),1981808640,false,0,true,2026-08-10T07:01:47.947Z,1.12.6,1.9.0-DEV,428070c0f9ad,4.16.0,1.3.11,ctbllib-fs2-q3-findall,2397,686,2026-08-10T07:37:09.384Z
2^(6+8):(A7xS3),247726080,false,0,true,2026-08-10T07:01:47.947Z,1.12.6,1.9.0-DEV,428070c0f9ad,4.16.0,1.3.11,ctbllib-fs2-q3-findall,2397,687,2026-08-10T07:37:10.548Z
2^(7+8).(S3xA8),3963617280,false,0,true,2026-08-10T07:01:47.947Z,1.12.6,1.9.0-DEV,428070c0f9ad,4.16.0,1.3.11,ctbllib-fs2-q3-findall,2397,688,2026-08-10T07:37:21.927Z
2^(9+16).S8(2),1589728887019929600,false,0,true,2026-08-10T07:01:47.947Z,1.12.6,1.9.0-DEV,428070c0f9ad,4.16.0,1.3.11,ctbllib-fs2-q3-findall,2397,689,2026-08-10T07:38:31.799Z
2^1+24.2.Co1,279023678252672656343040000,false,0,true,2026-08-10T07:01:47.947Z,1.12.6,1.9.0-DEV,428070c0f9ad,4.16.0,1.3.11,ctbllib-fs2-q3-findall,2397,690,2026-08-10T07:39:26.873Z
2^1+24.Co1,139511839126336328171520000,false,0,true,2026-08-10T07:01:47.947Z,1.12.6,1.9.0-DEV,428070c0f9ad,4.16.0,1.3.11,ctbllib-fs2-q3-findall,2397,691,2026-08-10T07:39:40.523Z
2^1+4+6.a8,41287680,false,0,true,2026-08-10T07:01:47.947Z,1.12.6,1.9.0-DEV,428070c0f9ad,4.16.0,1.3.11,ctbllib-fs2-q3-findall,2397,692,2026-08-10T07:39:43.615Z
2^1+4b:a5,1920,false,0,true,2026-08-10T07:01:47.947Z,1.12.6,1.9.0-DEV,428070c0f9ad,4.16.0,1.3.11,ctbllib-fs2-q3-findall,2397,693,2026-08-10T07:39:43.654Z
"2^1+6.psl(3,2)",21504,false,0,true,2026-08-10T07:01:47.947Z,1.12.6,1.9.0-DEV,428070c0f9ad,4.16.0,1.3.11,ctbllib-fs2-q3-findall,2397,694,2026-08-10T07:39:43.773Z
2^1+6.u4q2,3317760,false,0,true,2026-08-10T07:01:47.947Z,1.12.6,1.9.0-DEV,428070c0f9ad,4.16.0,1.3.11,ctbllib-fs2-q3-findall,2397,695,2026-08-10T07:39:43.952Z
2^1+8.2.A9,185794560,false,0,true,2026-08-10T07:01:47.947Z,1.12.6,1.9.0-DEV,428070c0f9ad,4.16.0,1.3.11,ctbllib-fs2-q3-findall,2397,696,2026-08-10T07:39:44.476Z
2^1+8.a9,92897280,false,0,true,2026-08-10T07:01:47.947Z,1.12.6,1.9.0-DEV,428070c0f9ad,4.16.0,1.3.11,ctbllib-fs2-q3-findall,2397,697,2026-08-10T07:39:44.642Z
2^1+8:s6f2,743178240,false,0,true,2026-08-10T07:01:47.947Z,1.12.6,1.9.0-DEV,428070c0f9ad,4.16.0,1.3.11,ctbllib-fs2-q3-findall,2397,698,2026-08-10T07:39:46.826Z
2^10.2^2.2^2.S4,393216,true,0,true,2026-08-10T07:01:47.947Z,1.12.6,1.9.0-DEV,428070c0f9ad,4.16.0,1.3.11,ctbllib-fs2-q3-findall,2397,699,2026-08-10T07:39:49.496Z
2^10.2^3.2^3.S3,393216,true,0,true,2026-08-10T07:01:47.947Z,1.12.6,1.9.0-DEV,428070c0f9ad,4.16.0,1.3.11,ctbllib-fs2-q3-findall,2397,700,2026-08-10T07:40:04.926Z
2^10.2^3.L3(2),1376256,false,0,true,2026-08-10T07:01:47.947Z,1.12.6,1.9.0-DEV,428070c0f9ad,4.16.0,1.3.11,ctbllib-fs2-q3-findall,2397,701,2026-08-10T07:40:08.048Z
2^10.2^3.S4,196608,true,0,true,2026-08-10T07:01:47.947Z,1.12.6,1.9.0-DEV,428070c0f9ad,4.16.0,1.3.11,ctbllib-fs2-q3-findall,2397,702,2026-08-10T07:40:12.143Z
2^10.2^4.S5,1966080,false,0,true,2026-08-10T07:01:47.947Z,1.12.6,1.9.0-DEV,428070c0f9ad,4.16.0,1.3.11,ctbllib-fs2-q3-findall,2397,703,2026-08-10T07:40:12.691Z
2^10.A8,20643840,false,0,true,2026-08-10T07:01:47.947Z,1.12.6,1.9.0-DEV,428070c0f9ad,4.16.0,1.3.11,ctbllib-fs2-q3-findall,2397,704,2026-08-10T07:40:13.24Z
2^10:(2^5:s5),3932160,false,0,true,2026-08-10T07:01:47.947Z,1.12.6,1.9.0-DEV,428070c0f9ad,4.16.0,1.3.11,ctbllib-fs2-q3-findall,2397,705,2026-08-10T07:40:17.615Z
2^10:(L5(2)xS3),61436067840,false,0,true,2026-08-10T07:01:47.947Z,1.12.6,1.9.0-DEV,428070c0f9ad,4.16.0,1.3.11,ctbllib-fs2-q3-findall,2397,706,2026-08-10T07:40:21.198Z
2^10:L5(2),10239344640,false,0,true,2026-08-10T07:01:47.947Z,1.12.6,1.9.0-DEV,428070c0f9ad,4.16.0,1.3.11,ctbllib-fs2-q3-findall,2397,707,2026-08-10T07:40:22.816Z
2^10:M22',454164480,false,0,true,2026-08-10T07:01:47.947Z,1.12.6,1.9.0-DEV,428070c0f9ad,4.16.0,1.3.11,ctbllib-fs2-q3-findall,2397,708,2026-08-10T07:40:22.974Z
2^10:m22,454164480,false,0,true,2026-08-10T07:01:47.947Z,1.12.6,1.9.0-DEV,428070c0f9ad,4.16.0,1.3.11,ctbllib-fs2-q3-findall,2397,709,2026-08-10T07:40:23.121Z
2^10:m22:2,908328960,false,0,true,2026-08-10T07:01:47.947Z,1.12.6,1.9.0-DEV,428070c0f9ad,4.16.0,1.3.11,ctbllib-fs2-q3-findall,2397,710,2026-08-10T07:40:23.6Z
2^11.2^6.3^(1+2).D8,28311552,true,0,true,2026-08-10T07:01:47.947Z,1.12.6,1.9.0-DEV,428070c0f9ad,4.16.0,1.3.11,ctbllib-fs2-q3-findall,2397,711,2026-08-10T07:40:29.095Z
2^11:M24,501397585920,false,0,true,2026-08-10T07:01:47.947Z,1.12.6,1.9.0-DEV,428070c0f9ad,4.16.0,1.3.11,ctbllib-fs2-q3-findall,2397,712,2026-08-10T07:40:29.629Z
2^12.(2^2xD8),131072,true,0,true,2026-08-10T07:01:47.947Z,1.12.6,1.9.0-DEV,428070c0f9ad,4.16.0,1.3.11,ctbllib-fs2-q3-findall,2397,713,2026-08-10T07:41:13.164Z
2^12.(S3x3S6),53084160,false,0,true,2026-08-10T07:01:47.947Z,1.12.6,1.9.0-DEV,428070c0f9ad,4.16.0,1.3.11,ctbllib-fs2-q3-findall,2397,714,2026-08-10T07:41:15.872Z
2^12.3^2.U4(3).2_2',240789749760,false,0,true,2026-08-10T07:01:47.947Z,1.12.6,1.9.0-DEV,428070c0f9ad,4.16.0,1.3.11,ctbllib-fs2-q3-findall,2397,715,2026-08-10T07:41:27.0Z
2^12.3_1.U4(3).2_2',80263249920,false,0,true,2026-08-10T07:01:47.947Z,1.12.6,1.9.0-DEV,428070c0f9ad,4.16.0,1.3.11,ctbllib-fs2-q3-findall,2397,716,2026-08-10T07:41:29.57Z
2^12.M24,1002795171840,false,0,true,2026-08-10T07:01:47.947Z,1.12.6,1.9.0-DEV,428070c0f9ad,4.16.0,1.3.11,ctbllib-fs2-q3-findall,2397,717,2026-08-10T07:41:30.555Z
2^12:(L4(2)xL3(2)),13872660480,false,0,true,2026-08-10T07:01:47.947Z,1.12.6,1.9.0-DEV,428070c0f9ad,4.16.0,1.3.11,ctbllib-fs2-q3-findall,2397,718,2026-08-10T07:41:34.032Z
2^12:J2,2477260800,false,0,true,2026-08-10T07:01:47.947Z,1.12.6,1.9.0-DEV,428070c0f9ad,4.16.0,1.3.11,ctbllib-fs2-q3-findall,2397,719,2026-08-10T07:41:34.245Z
2^12:Sz(8),119275520,false,0,true,2026-08-10T07:01:47.947Z,1.12.6,1.9.0-DEV,428070c0f9ad,4.16.0,1.3.11,ctbllib-fs2-q3-findall,2397,720,2026-08-10T07:41:34.346Z
2^2+4.3xs3,1152,true,0,true,2026-08-10T07:01:47.947Z,1.12.6,1.9.0-DEV,428070c0f9ad,4.16.0,1.3.11,ctbllib-fs2-q3-findall,2397,721,2026-08-10T07:41:34.39Z
2^2+8(a5xs3),368640,false,0,true,2026-08-10T07:01:47.947Z,1.12.6,1.9.0-DEV,428070c0f9ad,4.16.0,1.3.11,ctbllib-fs2-q3-findall,2397,722,2026-08-10T07:41:34.62Z
2^2.(2^(1+8)_+:(S3xS3xS3)),442368,true,0,true,2026-08-10T07:01:47.947Z,1.12.6,1.9.0-DEV,428070c0f9ad,4.16.0,1.3.11,ctbllib-fs2-q3-findall,2397,723,2026-08-10T07:41:40.297Z
2^2.(3^2:2A4),864,true,0,true,2026-08-10T07:01:47.947Z,1.12.6,1.9.0-DEV,428070c0f9ad,4.16.0,1.3.11,ctbllib-fs2-q3-findall,2397,724,2026-08-10T07:41:40.321Z
2^2.(3^2:Q8),288,true,0,true,2026-08-10T07:01:47.947Z,1.12.6,1.9.0-DEV,428070c0f9ad,4.16.0,1.3.11,ctbllib-fs2-q3-findall,2397,725,2026-08-10T07:41:40.37Z
2^2.(3^2:Q8.2),576,true,0,true,2026-08-10T07:01:47.947Z,1.12.6,1.9.0-DEV,428070c0f9ad,4.16.0,1.3.11,ctbllib-fs2-q3-findall,2397,726,2026-08-10T07:41:40.405Z
2^2.(U3(3).2xS4),1161216,false,0,true,2026-08-10T07:01:47.947Z,1.12.6,1.9.0-DEV,428070c0f9ad,4.16.0,1.3.11,ctbllib-fs2-q3-findall,2397,727,2026-08-10T07:41:41.48Z
2^2.2E6(2),306129918735099415756800,false,0,true,2026-08-10T07:01:47.947Z,1.12.6,1.9.0-DEV,428070c0f9ad,4.16.0,1.3.11,ctbllib-fs2-q3-findall,2397,728,2026-08-10T07:41:59.325Z
2^2.2E6(2).2,612259837470198831513600,false,0,true,2026-08-10T07:01:47.947Z,1.12.6,1.9.0-DEV,428070c0f9ad,4.16.0,1.3.11,ctbllib-fs2-q3-findall,2397,729,2026-08-10T07:42:19.777Z
2^2.2E6(2).3,918389756205298247270400,false,0,true,2026-08-10T07:01:47.947Z,1.12.6,1.9.0-DEV,428070c0f9ad,4.16.0,1.3.11,ctbllib-fs2-q3-findall,2397,730,2026-08-10T07:42:30.822Z
2^2.2E6(2).3.2,1836779512410596494540800,false,0,true,2026-08-10T07:01:47.947Z,1.12.6,1.9.0-DEV,428070c0f9ad,4.16.0,1.3.11,ctbllib-fs2-q3-findall,2397,731,2026-08-10T07:42:51.219Z
2^2.2^(1+8)_+:U4(2),53084160,false,0,true,2026-08-10T07:01:47.947Z,1.12.6,1.9.0-DEV,428070c0f9ad,4.16.0,1.3.11,ctbllib-fs2-q3-findall,2397,732,2026-08-10T07:42:55.866Z
2^2.2^(3+3):7,1792,true,0,true,2026-08-10T07:01:47.947Z,1.12.6,1.9.0-DEV,428070c0f9ad,4.16.0,1.3.11,ctbllib-fs2-q3-findall,2397,733,2026-08-10T07:42:56.015Z
2^2.2^(4+8):(S3xA5),5898240,false,0,true,2026-08-10T07:01:47.947Z,1.12.6,1.9.0-DEV,428070c0f9ad,4.16.0,1.3.11,ctbllib-fs2-q3-findall,2397,734,2026-08-10T07:42:59.64Z
2^2.2^8:s3,6144,true,0,true,2026-08-10T07:01:47.947Z,1.12.6,1.9.0-DEV,428070c0f9ad,4.16.0,1.3.11,ctbllib-fs2-q3-findall,2397,735,2026-08-10T07:43:02.143Z
2^2.Fi22.2,516494013235200,false,0,true,2026-08-10T07:01:47.947Z,1.12.6,1.9.0-DEV,428070c0f9ad,4.16.0,1.3.11,ctbllib-fs2-q3-findall,2397,736,2026-08-10T07:43:11.509Z
2^2.L3(4),80640,false,0,true,2026-08-10T07:01:47.947Z,1.12.6,1.9.0-DEV,428070c0f9ad,4.16.0,1.3.11,ctbllib-fs2-q3-findall,2397,737,2026-08-10T07:43:11.639Z
2^2.L3(4).2^2,322560,false,0,true,2026-08-10T07:01:47.947Z,1.12.6,1.9.0-DEV,428070c0f9ad,4.16.0,1.3.11,ctbllib-fs2-q3-findall,2397,738,2026-08-10T07:43:11.793Z
2^2.L3(4).2_1,161280,false,0,true,2026-08-10T07:01:47.947Z,1.12.6,1.9.0-DEV,428070c0f9ad,4.16.0,1.3.11,ctbllib-fs2-q3-findall,2397,739,2026-08-10T07:43:11.908Z
2^2.L3(4).2_2,161280,false,0,true,2026-08-10T07:01:47.947Z,1.12.6,1.9.0-DEV,428070c0f9ad,4.16.0,1.3.11,ctbllib-fs2-q3-findall,2397,740,2026-08-10T07:43:12.018Z
2^2.L3(4).2_3,161280,false,0,true,2026-08-10T07:01:47.947Z,1.12.6,1.9.0-DEV,428070c0f9ad,4.16.0,1.3.11,ctbllib-fs2-q3-findall,2397,741,2026-08-10T07:43:12.122Z
2^2.L3(4).3,241920,false,0,true,2026-08-10T07:01:47.947Z,1.12.6,1.9.0-DEV,428070c0f9ad,4.16.0,1.3.11,ctbllib-fs2-q3-findall,2397,742,2026-08-10T07:43:13.927Z
2^2.L3(4).3.2_2,483840,false,0,true,2026-08-10T07:01:47.947Z,1.12.6,1.9.0-DEV,428070c0f9ad,4.16.0,1.3.11,ctbllib-fs2-q3-findall,2397,743,2026-08-10T07:43:14.021Z
2^2.L3(4).3.2_3,483840,false,0,true,2026-08-10T07:01:47.947Z,1.12.6,1.9.0-DEV,428070c0f9ad,4.16.0,1.3.11,ctbllib-fs2-q3-findall,2397,744,2026-08-10T07:43:14.104Z
2^2.L3(4).6,483840,false,0,true,2026-08-10T07:01:47.947Z,1.12.6,1.9.0-DEV,428070c0f9ad,4.16.0,1.3.11,ctbllib-fs2-q3-findall,2397,745,2026-08-10T07:43:14.182Z
2^2.L3(4).D12,967680,false,0,true,2026-08-10T07:01:47.947Z,1.12.6,1.9.0-DEV,428070c0f9ad,4.16.0,1.3.11,ctbllib-fs2-q3-findall,2397,746,2026-08-10T07:43:14.311Z
2^2.O8+(2),696729600,false,0,true,2026-08-10T07:01:47.947Z,1.12.6,1.9.0-DEV,428070c0f9ad,4.16.0,1.3.11,ctbllib-fs2-q3-findall,2397,747,2026-08-10T07:43:15.64Z
2^2.O8+(2).2,1393459200,false,0,true,2026-08-10T07:01:47.947Z,1.12.6,1.9.0-DEV,428070c0f9ad,4.16.0,1.3.11,ctbllib-fs2-q3-findall,2397,748,2026-08-10T07:43:19.447Z
2^2.O8+(2).3,2090188800,false,0,true,2026-08-10T07:01:47.947Z,1.12.6,1.9.0-DEV,428070c0f9ad,4.16.0,1.3.11,ctbllib-fs2-q3-findall,2397,749,2026-08-10T07:43:19.859Z
2^2.O8+(2).3.2,4180377600,false,0,true,2026-08-10T07:01:47.947Z,1.12.6,1.9.0-DEV,428070c0f9ad,4.16.0,1.3.11,ctbllib-fs2-q3-findall,2397,750,2026-08-10T07:43:20.73Z
2^2.O8+(3),19808719257600,false,0,true,2026-08-10T07:01:47.947Z,1.12.6,1.9.0-DEV,428070c0f9ad,4.16.0,1.3.11,ctbllib-fs2-q3-findall,2397,751,2026-08-10T07:43:39.277Z
2^2.O8+(3).3,59426157772800,false,0,true,2026-08-10T07:01:47.947Z,1.12.6,1.9.0-DEV,428070c0f9ad,4.16.0,1.3.11,ctbllib-fs2-q3-findall,2397,752,2026-08-10T07:43:43.392Z
2^2.S6,2880,false,0,true,2026-08-10T07:01:47.947Z,1.12.6,1.9.0-DEV,428070c0f9ad,4.16.0,1.3.11,ctbllib-fs2-q3-findall,2397,753,2026-08-10T07:43:43.485Z
2^2.Sz(8),116480,false,0,true,2026-08-10T07:01:47.947Z,1.12.6,1.9.0-DEV,428070c0f9ad,4.16.0,1.3.11,ctbllib-fs2-q3-findall,2397,754,2026-08-10T07:43:43.638Z
2^2.Sz(8).3,349440,false,0,true,2026-08-10T07:01:47.947Z,1.12.6,1.9.0-DEV,428070c0f9ad,4.16.0,1.3.11,ctbllib-fs2-q3-findall,2397,755,2026-08-10T07:43:43.683Z
2^2.U4(3).(2^2)_{122},52254720,false,0,true,2026-08-10T07:01:47.947Z,1.12.6,1.9.0-DEV,428070c0f9ad,4.16.0,1.3.11,ctbllib-fs2-q3-findall,2397,756,2026-08-10T07:43:47.078Z
2^2.U6(2),36787322880,false,0,true,2026-08-10T07:01:47.947Z,1.12.6,1.9.0-DEV,428070c0f9ad,4.16.0,1.3.11,ctbllib-fs2-q3-findall,2397,757,2026-08-10T07:43:50.462Z
2^2.U6(2).2,73574645760,false,0,true,2026-08-10T07:01:47.947Z,1.12.6,1.9.0-DEV,428070c0f9ad,4.16.0,1.3.11,ctbllib-fs2-q3-findall,2397,758,2026-08-10T07:43:51.714Z
2^2.U6(2).3,110361968640,false,0,true,2026-08-10T07:01:47.947Z,1.12.6,1.9.0-DEV,428070c0f9ad,4.16.0,1.3.11,ctbllib-fs2-q3-findall,2397,759,2026-08-10T07:43:54.364Z
2^2.U6(2).3.2,220723937280,false,0,true,2026-08-10T07:01:47.947Z,1.12.6,1.9.0-DEV,428070c0f9ad,4.16.0,1.3.11,ctbllib-fs2-q3-findall,2397,760,2026-08-10T07:43:57.005Z
2^2.U6(2):S3x2,441447874560,false,0,true,2026-08-10T07:01:47.947Z,1.12.6,1.9.0-DEV,428070c0f9ad,4.16.0,1.3.11,ctbllib-fs2-q3-findall,2397,761,2026-08-10T07:44:09.132Z
2^2.U6(2)M3,41287680,false,0,true,2026-08-10T07:01:47.947Z,1.12.6,1.9.0-DEV,428070c0f9ad,4.16.0,1.3.11,ctbllib-fs2-q3-findall,2397,762,2026-08-10T07:44:09.758Z
2^2.[2^6].(S3xS3),9216,true,0,true,2026-08-10T07:01:47.947Z,1.12.6,1.9.0-DEV,428070c0f9ad,4.16.0,1.3.11,ctbllib-fs2-q3-findall,2397,763,2026-08-10T07:44:09.997Z
2^2.[2^7*3^2].S3,27648,true,0,true,2026-08-10T07:01:47.947Z,1.12.6,1.9.0-DEV,428070c0f9ad,4.16.0,1.3.11,ctbllib-fs2-q3-findall,2397,764,2026-08-10T07:44:10.184Z
2^2.[2^9]:(7:3xS3),258048,true,0,true,2026-08-10T07:01:47.947Z,1.12.6,1.9.0-DEV,428070c0f9ad,4.16.0,1.3.11,ctbllib-fs2-q3-findall,2397,765,2026-08-10T07:44:12.121Z
2^2.[2^9]:(7xS3),86016,true,0,true,2026-08-10T07:01:47.947Z,1.12.6,1.9.0-DEV,428070c0f9ad,4.16.0,1.3.11,ctbllib-fs2-q3-findall,2397,766,2026-08-10T07:44:12.248Z
2^2.[2^9]:S3,12288,true,0,true,2026-08-10T07:01:47.947Z,1.12.6,1.9.0-DEV,428070c0f9ad,4.16.0,1.3.11,ctbllib-fs2-q3-findall,2397,767,2026-08-10T07:44:12.362Z
2^24.Co1,69755919563168164085760000,false,0,true,2026-08-10T07:01:47.947Z,1.12.6,1.9.0-DEV,428070c0f9ad,4.16.0,1.3.11,ctbllib-fs2-q3-findall,2397,768,2026-08-10T07:44:21.574Z
2^2:S4,96,true,0,true,2026-08-10T07:01:47.947Z,1.12.6,1.9.0-DEV,428070c0f9ad,4.16.0,1.3.11,ctbllib-fs2-q3-findall,2397,769,2026-08-10T07:44:21.592Z
2^2x11:5,220,true,0,true,2026-08-10T07:01:47.947Z,1.12.6,1.9.0-DEV,428070c0f9ad,4.16.0,1.3.11,ctbllib-fs2-q3-findall,2397,770,2026-08-10T07:44:22.01Z
2^2x13:4,208,true,0,true,2026-08-10T07:01:47.947Z,1.12.6,1.9.0-DEV,428070c0f9ad,4.16.0,1.3.11,ctbllib-fs2-q3-findall,2397,771,2026-08-10T07:44:23.838Z
2^2x3^2.2.S4,1728,true,0,true,2026-08-10T07:01:47.947Z,1.12.6,1.9.0-DEV,428070c0f9ad,4.16.0,1.3.11,ctbllib-fs2-q3-findall,2397,772,2026-08-10T07:44:24.252Z
2^2x3xS3xU4(2),1866240,false,0,true,2026-08-10T07:01:47.947Z,1.12.6,1.9.0-DEV,428070c0f9ad,4.16.0,1.3.11,ctbllib-fs2-q3-findall,2397,773,2026-08-10T07:45:19.63Z
2^2x3xS6(2),17418240,false,0,true,2026-08-10T07:01:47.947Z,1.12.6,1.9.0-DEV,428070c0f9ad,4.16.0,1.3.11,ctbllib-fs2-q3-findall,2397,774,2026-08-10T07:45:36.279Z
2^2x3xU5(2),164229120,false,0,true,2026-08-10T07:01:47.947Z,1.12.6,1.9.0-DEV,428070c0f9ad,4.16.0,1.3.11,ctbllib-fs2-q3-findall,2397,775,2026-08-10T07:46:10.094Z
2^2xA6,1440,false,0,true,2026-08-10T07:01:47.947Z,1.12.6,1.9.0-DEV,428070c0f9ad,4.16.0,1.3.11,ctbllib-fs2-q3-findall,2397,776,2026-08-10T07:46:10.222Z
2^2xD14,56,true,0,true,2026-08-10T07:01:47.947Z,1.12.6,1.9.0-DEV,428070c0f9ad,4.16.0,1.3.11,ctbllib-fs2-q3-findall,2397,777,2026-08-10T07:46:10.364Z
2^2xF4(2),13244506413465600,false,0,true,2026-08-10T07:01:47.947Z,1.12.6,1.9.0-DEV,428070c0f9ad,4.16.0,1.3.11,ctbllib-fs2-q3-findall,2397,778,2026-08-10T07:46:32.672Z
2^2xL2(7),672,false,0,true,2026-08-10T07:01:47.947Z,1.12.6,1.9.0-DEV,428070c0f9ad,4.16.0,1.3.11,ctbllib-fs2-q3-findall,2397,779,2026-08-10T07:46:32.763Z
2^2xS3xU4(2),622080,false,0,true,2026-08-10T07:01:47.947Z,1.12.6,1.9.0-DEV,428070c0f9ad,4.16.0,1.3.11,ctbllib-fs2-q3-findall,2397,780,2026-08-10T07:46:38.786Z
2^2xS6(2),5806080,false,0,true,2026-08-10T07:01:47.947Z,1.12.6,1.9.0-DEV,428070c0f9ad,4.16.0,1.3.11,ctbllib-fs2-q3-findall,2397,781,2026-08-10T07:46:41.95Z
2^2xU5(2),54743040,false,0,true,2026-08-10T07:01:47.947Z,1.12.6,1.9.0-DEV,428070c0f9ad,4.16.0,1.3.11,ctbllib-fs2-q3-findall,2397,782,2026-08-10T07:46:46.373Z
2^3,8,true,0,true,2026-08-10T07:01:47.947Z,1.12.6,1.9.0-DEV,428070c0f9ad,4.16.0,1.3.11,ctbllib-fs2-q3-findall,2397,783,2026-08-10T07:46:46.387Z
2^3+8:L3(2),344064,false,0,true,2026-08-10T07:01:47.947Z,1.12.6,1.9.0-DEV,428070c0f9ad,4.16.0,1.3.11,ctbllib-fs2-q3-findall,2397,784,2026-08-10T07:46:46.518Z
2^3.(2x2^(1+3+3+3).L3(2)),2752512,false,0,true,2026-08-10T07:01:47.947Z,1.12.6,1.9.0-DEV,428070c0f9ad,4.16.0,1.3.11,ctbllib-fs2-q3-findall,2397,785,2026-08-10T07:46:50.786Z
2^3.(2x2^3.L3(2)),21504,false,0,true,2026-08-10T07:01:47.947Z,1.12.6,1.9.0-DEV,428070c0f9ad,4.16.0,1.3.11,ctbllib-fs2-q3-findall,2397,786,2026-08-10T07:46:50.874Z
2^3.(S4x2),384,true,0,true,2026-08-10T07:01:47.947Z,1.12.6,1.9.0-DEV,428070c0f9ad,4.16.0,1.3.11,ctbllib-fs2-q3-findall,2397,787,2026-08-10T07:46:50.915Z
2^3.2^2.2^6.(3xL3(2)),1032192,false,0,true,2026-08-10T07:01:47.947Z,1.12.6,1.9.0-DEV,428070c0f9ad,4.16.0,1.3.11,ctbllib-fs2-q3-findall,2397,788,2026-08-10T07:46:51.114Z
2^3.2^2.2^6.(S3xL3(2)),2064384,false,0,true,2026-08-10T07:01:47.947Z,1.12.6,1.9.0-DEV,428070c0f9ad,4.16.0,1.3.11,ctbllib-fs2-q3-findall,2397,789,2026-08-10T07:46:53.708Z
2^3.7.3,168,true,0,true,2026-08-10T07:01:47.947Z,1.12.6,1.9.0-DEV,428070c0f9ad,4.16.0,1.3.11,ctbllib-fs2-q3-findall,2397,790,2026-08-10T07:46:53.755Z
2^3.D8,64,true,0,true,2026-08-10T07:01:47.947Z,1.12.6,1.9.0-DEV,428070c0f9ad,4.16.0,1.3.11,ctbllib-fs2-q3-findall,2397,791,2026-08-10T07:46:53.782Z
2^3.L3(2),1344,false,0,true,2026-08-10T07:01:47.947Z,1.12.6,1.9.0-DEV,428070c0f9ad,4.16.0,1.3.11,ctbllib-fs2-q3-findall,2397,792,2026-08-10T07:46:53.901Z
2^3.L3(2):2,2688,false,0,true,2026-08-10T07:01:47.947Z,1.12.6,1.9.0-DEV,428070c0f9ad,4.16.0,1.3.11,ctbllib-fs2-q3-findall,2397,793,2026-08-10T07:46:53.957Z
2^3.S4v1,192,true,0,true,2026-08-10T07:01:47.947Z,1.12.6,1.9.0-DEV,428070c0f9ad,4.16.0,1.3.11,ctbllib-fs2-q3-findall,2397,794,2026-08-10T07:46:53.98Z
2^3.S4v2,192,true,0,true,2026-08-10T07:01:47.947Z,1.12.6,1.9.0-DEV,428070c0f9ad,4.16.0,1.3.11,ctbllib-fs2-q3-findall,2397,795,2026-08-10T07:46:53.999Z
2^3:7,56,true,0,true,2026-08-10T07:01:47.947Z,1.12.6,1.9.0-DEV,428070c0f9ad,4.16.0,1.3.11,ctbllib-fs2-q3-findall,2397,796,2026-08-10T07:46:54.009Z
2^3:L3(2)xS3,8064,false,0,true,2026-08-10T07:01:47.947Z,1.12.6,1.9.0-DEV,428070c0f9ad,4.16.0,1.3.11,ctbllib-fs2-q3-findall,2397,797,2026-08-10T07:46:54.114Z
"2^3:sl(3,2)",1344,false,0,true,2026-08-10T07:01:47.947Z,1.12.6,1.9.0-DEV,428070c0f9ad,4.16.0,1.3.11,ctbllib-fs2-q3-findall,2397,798,2026-08-10T07:46:54.138Z
2^4+6:3a6,1105920,false,0,true,2026-08-10T07:01:47.947Z,1.12.6,1.9.0-DEV,428070c0f9ad,4.16.0,1.3.11,ctbllib-fs2-q3-findall,2397,799,2026-08-10T07:46:54.317Z
2^4.(S4x2),768,true,0,true,2026-08-10T07:01:47.947Z,1.12.6,1.9.0-DEV,428070c0f9ad,4.16.0,1.3.11,ctbllib-fs2-q3-findall,2397,800,2026-08-10T07:46:54.367Z
2^4.a8,322560,false,0,true,2026-08-10T07:01:47.947Z,1.12.6,1.9.0-DEV,428070c0f9ad,4.16.0,1.3.11,ctbllib-fs2-q3-findall,2397,801,2026-08-10T07:46:54.454Z
2^4.s6,11520,false,0,true,2026-08-10T07:01:47.947Z,1.12.6,1.9.0-DEV,428070c0f9ad,4.16.0,1.3.11,ctbllib-fs2-q3-findall,2397,802,2026-08-10T07:46:54.541Z
2^4:(3x3):2,288,true,0,true,2026-08-10T07:01:47.947Z,1.12.6,1.9.0-DEV,428070c0f9ad,4.16.0,1.3.11,ctbllib-fs2-q3-findall,2397,803,2026-08-10T07:46:54.564Z
2^4:(3xA5).2,5760,false,0,true,2026-08-10T07:01:47.947Z,1.12.6,1.9.0-DEV,428070c0f9ad,4.16.0,1.3.11,ctbllib-fs2-q3-findall,2397,804,2026-08-10T07:46:54.6Z
2^4:(S3xS3),576,true,0,true,2026-08-10T07:01:47.947Z,1.12.6,1.9.0-DEV,428070c0f9ad,4.16.0,1.3.11,ctbllib-fs2-q3-findall,2397,805,2026-08-10T07:46:54.638Z
2^4:3.S6,34560,false,0,true,2026-08-10T07:01:47.947Z,1.12.6,1.9.0-DEV,428070c0f9ad,4.16.0,1.3.11,ctbllib-fs2-q3-findall,2397,806,2026-08-10T07:46:54.722Z
2^4:3^2:4,576,true,0,true,2026-08-10T07:01:47.947Z,1.12.6,1.9.0-DEV,428070c0f9ad,4.16.0,1.3.11,ctbllib-fs2-q3-findall,2397,807,2026-08-10T07:46:54.794Z
2^4:A4,192,true,0,true,2026-08-10T07:01:47.947Z,1.12.6,1.9.0-DEV,428070c0f9ad,4.16.0,1.3.11,ctbllib-fs2-q3-findall,2397,808,2026-08-10T07:46:55.089Z
2^4:A4b,192,true,0,true,2026-08-10T07:01:47.947Z,1.12.6,1.9.0-DEV,428070c0f9ad,4.16.0,1.3.11,ctbllib-fs2-q3-findall,2397,809,2026-08-10T07:46:55.102Z
2^4:A5,960,false,0,true,2026-08-10T07:01:47.947Z,1.12.6,1.9.0-DEV,428070c0f9ad,4.16.0,1.3.11,ctbllib-fs2-q3-findall,2397,810,2026-08-10T07:46:55.118Z
2^4:D8,128,true,0,true,2026-08-10T07:01:47.947Z,1.12.6,1.9.0-DEV,428070c0f9ad,4.16.0,1.3.11,ctbllib-fs2-q3-findall,2397,811,2026-08-10T07:46:55.181Z
2^4:a6,5760,false,0,true,2026-08-10T07:01:47.947Z,1.12.6,1.9.0-DEV,428070c0f9ad,4.16.0,1.3.11,ctbllib-fs2-q3-findall,2397,812,2026-08-10T07:46:55.206Z
2^4:a7,40320,false,0,true,2026-08-10T07:01:47.947Z,1.12.6,1.9.0-DEV,428070c0f9ad,4.16.0,1.3.11,ctbllib-fs2-q3-findall,2397,813,2026-08-10T07:46:55.235Z
2^4:a8,322560,false,0,true,2026-08-10T07:01:47.947Z,1.12.6,1.9.0-DEV,428070c0f9ad,4.16.0,1.3.11,ctbllib-fs2-q3-findall,2397,814,2026-08-10T07:46:55.293Z
2^4:s5,1920,false,0,true,2026-08-10T07:01:47.947Z,1.12.6,1.9.0-DEV,428070c0f9ad,4.16.0,1.3.11,ctbllib-fs2-q3-findall,2397,815,2026-08-10T07:46:55.311Z
2^5.2^4.L4(2),10321920,false,0,true,2026-08-10T07:01:47.947Z,1.12.6,1.9.0-DEV,428070c0f9ad,4.16.0,1.3.11,ctbllib-fs2-q3-findall,2397,816,2026-08-10T07:46:55.747Z
2^5.2^6.(2xL3(2)),688128,false,0,true,2026-08-10T07:01:47.947Z,1.12.6,1.9.0-DEV,428070c0f9ad,4.16.0,1.3.11,ctbllib-fs2-q3-findall,2397,817,2026-08-10T07:46:55.96Z
2^5.2^6.D8.S3,98304,true,0,true,2026-08-10T07:01:47.947Z,1.12.6,1.9.0-DEV,428070c0f9ad,4.16.0,1.3.11,ctbllib-fs2-q3-findall,2397,818,2026-08-10T07:46:57.362Z
2^5.S6,23040,false,0,true,2026-08-10T07:01:47.947Z,1.12.6,1.9.0-DEV,428070c0f9ad,4.16.0,1.3.11,ctbllib-fs2-q3-findall,2397,819,2026-08-10T07:46:57.55Z
"2^5.psl(5,2)",319979520,false,0,true,2026-08-10T07:01:47.947Z,1.12.6,1.9.0-DEV,428070c0f9ad,4.16.0,1.3.11,ctbllib-fs2-q3-findall,2397,820,2026-08-10T07:46:57.74Z
2^5:A6,11520,false,0,true,2026-08-10T07:01:47.947Z,1.12.6,1.9.0-DEV,428070c0f9ad,4.16.0,1.3.11,ctbllib-fs2-q3-findall,2397,821,2026-08-10T07:46:58.056Z
2^5:L5(2),319979520,false,0,true,2026-08-10T07:01:47.947Z,1.12.6,1.9.0-DEV,428070c0f9ad,4.16.0,1.3.11,ctbllib-fs2-q3-findall,2397,822,2026-08-10T07:46:58.391Z
2^5:S6,23040,false,0,true,2026-08-10T07:01:47.947Z,1.12.6,1.9.0-DEV,428070c0f9ad,4.16.0,1.3.11,ctbllib-fs2-q3-findall,2397,823,2026-08-10T07:46:58.526Z
2^6.2^5.S6,1474560,false,0,true,2026-08-10T07:01:47.947Z,1.12.6,1.9.0-DEV,428070c0f9ad,4.16.0,1.3.11,ctbllib-fs2-q3-findall,2397,824,2026-08-10T07:47:00.791Z
2^6.U4(2),1658880,false,0,true,2026-08-10T07:01:47.947Z,1.12.6,1.9.0-DEV,428070c0f9ad,4.16.0,1.3.11,ctbllib-fs2-q3-findall,2397,825,2026-08-10T07:47:00.963Z
2^6.U4(2).2,3317760,false,0,true,2026-08-10T07:01:47.947Z,1.12.6,1.9.0-DEV,428070c0f9ad,4.16.0,1.3.11,ctbllib-fs2-q3-findall,2397,826,2026-08-10T07:47:03.408Z
2^6:(3xA5),11520,false,0,true,2026-08-10T07:01:47.947Z,1.12.6,1.9.0-DEV,428070c0f9ad,4.16.0,1.3.11,ctbllib-fs2-q3-findall,2397,827,2026-08-10T07:47:03.488Z
2^6:(3xA5):2,23040,false,0,true,2026-08-10T07:01:47.947Z,1.12.6,1.9.0-DEV,428070c0f9ad,4.16.0,1.3.11,ctbllib-fs2-q3-findall,2397,828,2026-08-10T07:47:03.546Z
2^6:(7xL2(8)),225792,false,0,true,2026-08-10T07:01:47.947Z,1.12.6,1.9.0-DEV,428070c0f9ad,4.16.0,1.3.11,ctbllib-fs2-q3-findall,2397,829,2026-08-10T07:47:03.842Z
"2^6:(psl(3,2)xs3)",64512,false,0,true,2026-08-10T07:01:47.947Z,1.12.6,1.9.0-DEV,428070c0f9ad,4.16.0,1.3.11,ctbllib-fs2-q3-findall,2397,830,2026-08-10T07:47:03.936Z
2^6:3.s6,138240,false,0,true,2026-08-10T07:01:47.947Z,1.12.6,1.9.0-DEV,428070c0f9ad,4.16.0,1.3.11,ctbllib-fs2-q3-findall,2397,831,2026-08-10T07:47:04.025Z
2^6:3A7,483840,false,0,true,2026-08-10T07:01:47.947Z,1.12.6,1.9.0-DEV,428070c0f9ad,4.16.0,1.3.11,ctbllib-fs2-q3-findall,2397,832,2026-08-10T07:47:04.473Z
2^6:3^(1+2).D8,13824,true,0,true,2026-08-10T07:01:47.947Z,1.12.6,1.9.0-DEV,428070c0f9ad,4.16.0,1.3.11,ctbllib-fs2-q3-findall,2397,833,2026-08-10T07:47:04.594Z
2^6:3^3:S4,41472,true,0,true,2026-08-10T07:01:47.947Z,1.12.6,1.9.0-DEV,428070c0f9ad,4.16.0,1.3.11,ctbllib-fs2-q3-findall,2397,834,2026-08-10T07:47:04.738Z
2^6:A8,1290240,false,0,true,2026-08-10T07:01:47.947Z,1.12.6,1.9.0-DEV,428070c0f9ad,4.16.0,1.3.11,ctbllib-fs2-q3-findall,2397,835,2026-08-10T07:47:04.893Z
2^6:L6(2),1290157424640,false,0,true,2026-08-10T07:01:47.947Z,1.12.6,1.9.0-DEV,428070c0f9ad,4.16.0,1.3.11,ctbllib-fs2-q3-findall,2397,836,2026-08-10T07:47:07.027Z
2^6:S4a,1536,true,0,true,2026-08-10T07:01:47.947Z,1.12.6,1.9.0-DEV,428070c0f9ad,4.16.0,1.3.11,ctbllib-fs2-q3-findall,2397,837,2026-08-10T07:47:07.409Z
2^6:S4b,1536,true,0,true,2026-08-10T07:01:47.947Z,1.12.6,1.9.0-DEV,428070c0f9ad,4.16.0,1.3.11,ctbllib-fs2-q3-findall,2397,838,2026-08-10T07:47:07.527Z
2^6:S5,7680,false,0,true,2026-08-10T07:01:47.947Z,1.12.6,1.9.0-DEV,428070c0f9ad,4.16.0,1.3.11,ctbllib-fs2-q3-findall,2397,839,2026-08-10T07:47:07.712Z
2^6:S6,46080,false,0,true,2026-08-10T07:01:47.947Z,1.12.6,1.9.0-DEV,428070c0f9ad,4.16.0,1.3.11,ctbllib-fs2-q3-findall,2397,840,2026-08-10T07:47:08.963Z
2^6:S7,322560,false,0,true,2026-08-10T07:01:47.947Z,1.12.6,1.9.0-DEV,428070c0f9ad,4.16.0,1.3.11,ctbllib-fs2-q3-findall,2397,841,2026-08-10T07:47:09.451Z
2^6:S8,2580480,false,0,true,2026-08-10T07:01:47.947Z,1.12.6,1.9.0-DEV,428070c0f9ad,4.16.0,1.3.11,ctbllib-fs2-q3-findall,2397,842,2026-08-10T07:47:09.787Z
2^6:U4(2).2,3317760,false,0,true,2026-08-10T07:01:47.947Z,1.12.6,1.9.0-DEV,428070c0f9ad,4.16.0,1.3.11,ctbllib-fs2-q3-findall,2397,843,2026-08-10T07:47:10.143Z
2^6:s6f2,92897280,false,0,true,2026-08-10T07:01:47.947Z,1.12.6,1.9.0-DEV,428070c0f9ad,4.16.0,1.3.11,ctbllib-fs2-q3-findall,2397,844,2026-08-10T07:47:12.557Z
2^6:u3(3),387072,false,0,true,2026-08-10T07:01:47.947Z,1.12.6,1.9.0-DEV,428070c0f9ad,4.16.0,1.3.11,ctbllib-fs2-q3-findall,2397,845,2026-08-10T07:47:12.614Z
2^6:u3(3):2,774144,false,0,true,2026-08-10T07:01:47.947Z,1.12.6,1.9.0-DEV,428070c0f9ad,4.16.0,1.3.11,ctbllib-fs2-q3-findall,2397,846,2026-08-10T07:47:12.731Z
2^7:S6(2),185794560,false,0,true,2026-08-10T07:01:47.947Z,1.12.6,1.9.0-DEV,428070c0f9ad,4.16.0,1.3.11,ctbllib-fs2-q3-findall,2397,847,2026-08-10T07:47:14.142Z
2^8.A9,46448640,false,0,true,2026-08-10T07:01:47.947Z,1.12.6,1.9.0-DEV,428070c0f9ad,4.16.0,1.3.11,ctbllib-fs2-q3-findall,2397,848,2026-08-10T07:47:15.919Z
2^8:O8+(2),44590694400,false,0,true,2026-08-10T07:01:47.947Z,1.12.6,1.9.0-DEV,428070c0f9ad,4.16.0,1.3.11,ctbllib-fs2-q3-findall,2397,849,2026-08-10T07:47:17.073Z
2^8:O8+(2):2,89181388800,false,0,true,2026-08-10T07:01:47.947Z,1.12.6,1.9.0-DEV,428070c0f9ad,4.16.0,1.3.11,ctbllib-fs2-q3-findall,2397,850,2026-08-10T07:47:23.091Z
2^8:O8-(2),50536120320,false,0,true,2026-08-10T07:01:47.947Z,1.12.6,1.9.0-DEV,428070c0f9ad,4.16.0,1.3.11,ctbllib-fs2-q3-findall,2397,851,2026-08-10T07:47:23.986Z
2^8:O8-(2):2,101072240640,false,0,true,2026-08-10T07:01:47.947Z,1.12.6,1.9.0-DEV,428070c0f9ad,4.16.0,1.3.11,ctbllib-fs2-q3-findall,2397,852,2026-08-10T07:47:27.947Z
2^8:S6(2),371589120,false,0,true,2026-08-10T07:01:47.947Z,1.12.6,1.9.0-DEV,428070c0f9ad,4.16.0,1.3.11,ctbllib-fs2-q3-findall,2397,853,2026-08-10T07:47:31.106Z
2^8:S8,10321920,false,0,true,2026-08-10T07:01:47.947Z,1.12.6,1.9.0-DEV,428070c0f9ad,4.16.0,1.3.11,ctbllib-fs2-q3-findall,2397,854,2026-08-10T07:47:31.358Z
2^8:S8(2),12128668876800,false,0,true,2026-08-10T07:01:47.947Z,1.12.6,1.9.0-DEV,428070c0f9ad,4.16.0,1.3.11,ctbllib-fs2-q3-findall,2397,855,2026-08-10T07:47:35.925Z
2^9.2^4.A5a,491520,false,0,true,2026-08-10T07:01:47.947Z,1.12.6,1.9.0-DEV,428070c0f9ad,4.16.0,1.3.11,ctbllib-fs2-q3-findall,2397,856,2026-08-10T07:47:36.379Z
2^9.2^4.A5b,491520,false,0,true,2026-08-10T07:01:47.947Z,1.12.6,1.9.0-DEV,428070c0f9ad,4.16.0,1.3.11,ctbllib-fs2-q3-findall,2397,857,2026-08-10T07:47:36.622Z
2^9.L3(4),10321920,false,0,true,2026-08-10T07:01:47.947Z,1.12.6,1.9.0-DEV,428070c0f9ad,4.16.0,1.3.11,ctbllib-fs2-q3-findall,2397,858,2026-08-10T07:47:36.787Z
2^[39].(L3(2)x3.S6),199495389743677440,false,0,true,2026-08-10T07:01:47.947Z,1.12.6,1.9.0-DEV,428070c0f9ad,4.16.0,1.3.11,ctbllib-fs2-q3-findall,2397,859,2026-08-10T07:51:52.776Z
2^{1+4}_-:2A5,3840,false,0,true,2026-08-10T07:01:47.947Z,1.12.6,1.9.0-DEV,428070c0f9ad,4.16.0,1.3.11,ctbllib-fs2-q3-findall,2397,860,2026-08-10T07:51:52.874Z
2^{1+6}:3^{1+2}:2A4,82944,true,0,true,2026-08-10T07:01:47.947Z,1.12.6,1.9.0-DEV,428070c0f9ad,4.16.0,1.3.11,ctbllib-fs2-q3-findall,2397,861,2026-08-10T07:51:53.122Z
2^{1+8}_+:(S3xA5),184320,false,0,true,2026-08-10T07:01:47.947Z,1.12.6,1.9.0-DEV,428070c0f9ad,4.16.0,1.3.11,ctbllib-fs2-q3-findall,2397,862,2026-08-10T07:51:53.354Z
2^{3+4}:(3xS3),2304,true,0,true,2026-08-10T07:01:47.947Z,1.12.6,1.9.0-DEV,428070c0f9ad,4.16.0,1.3.11,ctbllib-fs2-q3-findall,2397,863,2026-08-10T07:51:53.45Z
2^{3+6}:(L3(2)x3),258048,false,0,true,2026-08-10T07:01:47.947Z,1.12.6,1.9.0-DEV,428070c0f9ad,4.16.0,1.3.11,ctbllib-fs2-q3-findall,2397,864,2026-08-10T07:51:53.614Z
2_1.O12+(3),13525689401217540476505921945600,false,0,true,2026-08-10T07:01:47.947Z,1.12.6,1.9.0-DEV,428070c0f9ad,4.16.0,1.3.11,ctbllib-fs2-q3-findall,2397,865,2026-08-10T07:59:01.911Z
2x(3.A7),15120,false,0,true,2026-08-10T07:01:47.947Z,1.12.6,1.9.0-DEV,428070c0f9ad,4.16.0,1.3.11,ctbllib-fs2-q3-findall,2397,866,2026-08-10T07:59:02.114Z
2x(3^(1+6).3)a.2.S4,629856,true,0,true,2026-08-10T07:01:47.947Z,1.12.6,1.9.0-DEV,428070c0f9ad,4.16.0,1.3.11,ctbllib-fs2-q3-findall,2397,867,2026-08-10T07:59:04.207Z
2x(3^2.QD16),288,true,0,true,2026-08-10T07:01:47.947Z,1.12.6,1.9.0-DEV,428070c0f9ad,4.16.0,1.3.11,ctbllib-fs2-q3-findall,2397,868,2026-08-10T07:59:04.27Z
2x(3x2.U4(2)):2,622080,false,0,true,2026-08-10T07:01:47.947Z,1.12.6,1.9.0-DEV,428070c0f9ad,4.16.0,1.3.11,ctbllib-fs2-q3-findall,2397,869,2026-08-10T07:59:07.171Z
2x(3xU4(2)):2,311040,false,0,true,2026-08-10T07:01:47.947Z,1.12.6,1.9.0-DEV,428070c0f9ad,4.16.0,1.3.11,ctbllib-fs2-q3-findall,2397,870,2026-08-10T07:59:07.863Z
2x(7:3xL2(7)):2,14112,false,0,true,2026-08-10T07:01:47.947Z,1.12.6,1.9.0-DEV,428070c0f9ad,4.16.0,1.3.11,ctbllib-fs2-q3-findall,2397,871,2026-08-10T07:59:10.608Z
2x(A4x3):2,144,true,0,true,2026-08-10T07:01:47.947Z,1.12.6,1.9.0-DEV,428070c0f9ad,4.16.0,1.3.11,ctbllib-fs2-q3-findall,2397,872,2026-08-10T07:59:10.656Z
2x11:10,220,true,0,true,2026-08-10T07:01:47.947Z,1.12.6,1.9.0-DEV,428070c0f9ad,4.16.0,1.3.11,ctbllib-fs2-q3-findall,2397,873,2026-08-10T07:59:10.985Z
2x11:5,110,true,0,true,2026-08-10T07:01:47.947Z,1.12.6,1.9.0-DEV,428070c0f9ad,4.16.0,1.3.11,ctbllib-fs2-q3-findall,2397,874,2026-08-10T07:59:11.054Z
2x13:4,104,true,0,true,2026-08-10T07:01:47.947Z,1.12.6,1.9.0-DEV,428070c0f9ad,4.16.0,1.3.11,ctbllib-fs2-q3-findall,2397,875,2026-08-10T07:59:11.209Z
2x13:6,156,true,0,true,2026-08-10T07:01:47.947Z,1.12.6,1.9.0-DEV,428070c0f9ad,4.16.0,1.3.11,ctbllib-fs2-q3-findall,2397,876,2026-08-10T07:59:11.539Z
2x19:9,342,true,0,true,2026-08-10T07:01:47.947Z,1.12.6,1.9.0-DEV,428070c0f9ad,4.16.0,1.3.11,ctbllib-fs2-q3-findall,2397,877,2026-08-10T07:59:11.66Z
2x2.(3^3:(S4x2)),5184,true,0,true,2026-08-10T07:01:47.947Z,1.12.6,1.9.0-DEV,428070c0f9ad,4.16.0,1.3.11,ctbllib-fs2-q3-findall,2397,878,2026-08-10T07:59:12.271Z
2x2.A4xS3,288,true,0,true,2026-08-10T07:01:47.947Z,1.12.6,1.9.0-DEV,428070c0f9ad,4.16.0,1.3.11,ctbllib-fs2-q3-findall,2397,879,2026-08-10T07:59:12.698Z
2x2.A9,725760,false,0,true,2026-08-10T07:01:47.947Z,1.12.6,1.9.0-DEV,428070c0f9ad,4.16.0,1.3.11,ctbllib-fs2-q3-findall,2397,880,2026-08-10T07:59:13.022Z
2x2.F4(2),13244506413465600,false,0,true,2026-08-10T07:01:47.947Z,1.12.6,1.9.0-DEV,428070c0f9ad,4.16.0,1.3.11,ctbllib-fs2-q3-findall,2397,881,2026-08-10T07:59:33.537Z
2x2.Fi22,258247006617600,false,0,true,2026-08-10T07:01:47.947Z,1.12.6,1.9.0-DEV,428070c0f9ad,4.16.0,1.3.11,ctbllib-fs2-q3-findall,2397,882,2026-08-10T07:59:40.707Z
2x2.M12,380160,false,0,true,2026-08-10T07:01:47.947Z,1.12.6,1.9.0-DEV,428070c0f9ad,4.16.0,1.3.11,ctbllib-fs2-q3-findall,2397,883,2026-08-10T07:59:41.178Z
2x2.M22,1774080,false,0,true,2026-08-10T07:01:47.947Z,1.12.6,1.9.0-DEV,428070c0f9ad,4.16.0,1.3.11,ctbllib-fs2-q3-findall,2397,884,2026-08-10T07:59:41.452Z
2x2.S6(2),5806080,false,0,true,2026-08-10T07:01:47.947Z,1.12.6,1.9.0-DEV,428070c0f9ad,4.16.0,1.3.11,ctbllib-fs2-q3-findall,2397,885,2026-08-10T07:59:42.014Z
2x2.U4(2).2,207360,false,0,true,2026-08-10T07:01:47.947Z,1.12.6,1.9.0-DEV,428070c0f9ad,4.16.0,1.3.11,ctbllib-fs2-q3-findall,2397,886,2026-08-10T07:59:42.648Z
2x2.U4(3).2_2,26127360,false,0,true,2026-08-10T07:01:47.947Z,1.12.6,1.9.0-DEV,428070c0f9ad,4.16.0,1.3.11,ctbllib-fs2-q3-findall,2397,887,2026-08-10T07:59:46.04Z
2x23:11,506,true,0,true,2026-08-10T07:01:47.947Z,1.12.6,1.9.0-DEV,428070c0f9ad,4.16.0,1.3.11,ctbllib-fs2-q3-findall,2397,888,2026-08-10T07:59:46.164Z
2x2F4(2)',35942400,false,0,true,2026-08-10T07:01:47.947Z,1.12.6,1.9.0-DEV,428070c0f9ad,4.16.0,1.3.11,ctbllib-fs2-q3-findall,2397,889,2026-08-10T07:59:46.371Z
2x2^3:L3(2),2688,false,0,true,2026-08-10T07:01:47.947Z,1.12.6,1.9.0-DEV,428070c0f9ad,4.16.0,1.3.11,ctbllib-fs2-q3-findall,2397,890,2026-08-10T07:59:46.43Z
2x2^3:L3(2)x2,5376,false,0,true,2026-08-10T07:01:47.947Z,1.12.6,1.9.0-DEV,428070c0f9ad,4.16.0,1.3.11,ctbllib-fs2-q3-findall,2397,891,2026-08-10T07:59:46.61Z
2x3.(3^(3+3):L3(3)),24564384,false,0,true,2026-08-10T07:01:47.947Z,1.12.6,1.9.0-DEV,428070c0f9ad,4.16.0,1.3.11,ctbllib-fs2-q3-findall,2397,892,2026-08-10T07:59:49.059Z
2x3.(A4x3):2,432,true,0,true,2026-08-10T07:01:47.947Z,1.12.6,1.9.0-DEV,428070c0f9ad,4.16.0,1.3.11,ctbllib-fs2-q3-findall,2397,893,2026-08-10T07:59:49.438Z
2x3.3^5:(3^2:SD16),209952,true,0,true,2026-08-10T07:01:47.947Z,1.12.6,1.9.0-DEV,428070c0f9ad,4.16.0,1.3.11,ctbllib-fs2-q3-findall,2397,894,2026-08-10T07:59:55.023Z
2x3.A6,2160,false,0,true,2026-08-10T07:01:47.947Z,1.12.6,1.9.0-DEV,428070c0f9ad,4.16.0,1.3.11,ctbllib-fs2-q3-findall,2397,895,2026-08-10T07:59:55.212Z
2x3.Fi22,387370509926400,false,0,true,2026-08-10T07:01:47.947Z,1.12.6,1.9.0-DEV,428070c0f9ad,4.16.0,1.3.11,ctbllib-fs2-q3-findall,2397,896,2026-08-10T08:00:06.572Z
2x3.Fi22N3,472392,true,0,true,2026-08-10T07:01:47.947Z,1.12.6,1.9.0-DEV,428070c0f9ad,4.16.0,1.3.11,ctbllib-fs2-q3-findall,2397,897,2026-08-10T08:00:14.722Z
2x3.G2(3),25474176,false,0,true,2026-08-10T07:01:47.947Z,1.12.6,1.9.0-DEV,428070c0f9ad,4.16.0,1.3.11,ctbllib-fs2-q3-findall,2397,898,2026-08-10T08:00:15.321Z
2x3.M22,2661120,false,0,true,2026-08-10T07:01:47.947Z,1.12.6,1.9.0-DEV,428070c0f9ad,4.16.0,1.3.11,ctbllib-fs2-q3-findall,2397,899,2026-08-10T08:00:17.176Z
2x3.O7(3),27512110080,false,0,true,2026-08-10T07:01:47.947Z,1.12.6,1.9.0-DEV,428070c0f9ad,4.16.0,1.3.11,ctbllib-fs2-q3-findall,2397,900,2026-08-10T08:00:24.807Z
2x3.S6,4320,false,0,true,2026-08-10T07:01:47.947Z,1.12.6,1.9.0-DEV,428070c0f9ad,4.16.0,1.3.11,ctbllib-fs2-q3-findall,2397,901,2026-08-10T08:00:25.195Z
2x31:15,930,true,0,true,2026-08-10T07:01:47.947Z,1.12.6,1.9.0-DEV,428070c0f9ad,4.16.0,1.3.11,ctbllib-fs2-q3-findall,2397,902,2026-08-10T08:00:25.431Z
2x3^(1+2)+:2A4,1296,true,0,true,2026-08-10T07:01:47.947Z,1.12.6,1.9.0-DEV,428070c0f9ad,4.16.0,1.3.11,ctbllib-fs2-q3-findall,2397,903,2026-08-10T08:00:25.646Z
2x3^(1+2)_+:2S4,2592,true,0,true,2026-08-10T07:01:47.947Z,1.12.6,1.9.0-DEV,428070c0f9ad,4.16.0,1.3.11,ctbllib-fs2-q3-findall,2397,904,2026-08-10T08:00:25.803Z
2x3^(1+4).2U4(2).2,50388480,false,0,true,2026-08-10T07:01:47.947Z,1.12.6,1.9.0-DEV,428070c0f9ad,4.16.0,1.3.11,ctbllib-fs2-q3-findall,2397,905,2026-08-10T08:00:30.184Z
2x3^(3+3):L3(3),8188128,false,0,true,2026-08-10T07:01:47.947Z,1.12.6,1.9.0-DEV,428070c0f9ad,4.16.0,1.3.11,ctbllib-fs2-q3-findall,2397,906,2026-08-10T08:00:30.921Z
2x3^2.2.S4,864,true,0,true,2026-08-10T07:01:47.947Z,1.12.6,1.9.0-DEV,428070c0f9ad,4.16.0,1.3.11,ctbllib-fs2-q3-findall,2397,907,2026-08-10T08:00:30.979Z
2x3^2:2A4,432,true,0,true,2026-08-10T07:01:47.947Z,1.12.6,1.9.0-DEV,428070c0f9ad,4.16.0,1.3.11,ctbllib-fs2-q3-findall,2397,908,2026-08-10T08:00:31.026Z
2x3^3:(S3x2),648,true,0,true,2026-08-10T07:01:47.947Z,1.12.6,1.9.0-DEV,428070c0f9ad,4.16.0,1.3.11,ctbllib-fs2-q3-findall,2397,909,2026-08-10T08:00:32.91Z
2x3^3:13,702,true,0,true,2026-08-10T07:01:47.947Z,1.12.6,1.9.0-DEV,428070c0f9ad,4.16.0,1.3.11,ctbllib-fs2-q3-findall,2397,910,2026-08-10T08:00:33.003Z
2x3^3:S3,324,true,0,true,2026-08-10T07:01:47.947Z,1.12.6,1.9.0-DEV,428070c0f9ad,4.16.0,1.3.11,ctbllib-fs2-q3-findall,2397,911,2026-08-10T08:00:33.388Z
2x3^4:(2xA6),116640,false,0,true,2026-08-10T07:01:47.947Z,1.12.6,1.9.0-DEV,428070c0f9ad,4.16.0,1.3.11,ctbllib-fs2-q3-findall,2397,912,2026-08-10T08:00:33.677Z
2x3^4:A6,58320,false,0,true,2026-08-10T07:01:47.947Z,1.12.6,1.9.0-DEV,428070c0f9ad,4.16.0,1.3.11,ctbllib-fs2-q3-findall,2397,913,2026-08-10T08:00:33.936Z
2x3^5.3^(1+2).2.S4,629856,true,0,true,2026-08-10T07:01:47.947Z,1.12.6,1.9.0-DEV,428070c0f9ad,4.16.0,1.3.11,ctbllib-fs2-q3-findall,2397,914,2026-08-10T08:00:36.747Z
2x3^5.3^3.(2xS4),629856,true,0,true,2026-08-10T07:01:47.947Z,1.12.6,1.9.0-DEV,428070c0f9ad,4.16.0,1.3.11,ctbllib-fs2-q3-findall,2397,915,2026-08-10T08:00:43.304Z
2x3^5:(3^2:SD16),69984,true,0,true,2026-08-10T07:01:47.947Z,1.12.6,1.9.0-DEV,428070c0f9ad,4.16.0,1.3.11,ctbllib-fs2-q3-findall,2397,916,2026-08-10T08:00:43.951Z
2x3^5:M11,3849120,false,0,true,2026-08-10T07:01:47.947Z,1.12.6,1.9.0-DEV,428070c0f9ad,4.16.0,1.3.11,ctbllib-fs2-q3-findall,2397,917,2026-08-10T08:00:44.218Z
2x3^5:U4(2):2,25194240,false,0,true,2026-08-10T07:01:47.947Z,1.12.6,1.9.0-DEV,428070c0f9ad,4.16.0,1.3.11,ctbllib-fs2-q3-findall,2397,918,2026-08-10T08:00:47.27Z
2x3^6.M11,11547360,false,0,true,2026-08-10T07:01:47.947Z,1.12.6,1.9.0-DEV,428070c0f9ad,4.16.0,1.3.11,ctbllib-fs2-q3-findall,2397,919,2026-08-10T08:00:50.696Z
2x3^6:2.M12,277136640,false,0,true,2026-08-10T07:01:47.947Z,1.12.6,1.9.0-DEV,428070c0f9ad,4.16.0,1.3.11,ctbllib-fs2-q3-findall,2397,920,2026-08-10T08:00:51.529Z
2x3_1.U4(3).2_2,39191040,false,0,true,2026-08-10T07:01:47.947Z,1.12.6,1.9.0-DEV,428070c0f9ad,4.16.0,1.3.11,ctbllib-fs2-q3-findall,2397,921,2026-08-10T08:00:54.734Z
2x47:23,2162,true,0,true,2026-08-10T07:01:47.947Z,1.12.6,1.9.0-DEV,428070c0f9ad,4.16.0,1.3.11,ctbllib-fs2-q3-findall,2397,922,2026-08-10T08:00:56.799Z
2x5:4,40,true,0,true,2026-08-10T07:01:47.947Z,1.12.6,1.9.0-DEV,428070c0f9ad,4.16.0,1.3.11,ctbllib-fs2-q3-findall,2397,923,2026-08-10T08:00:56.892Z
2x5^(1+2):GL2(5),120000,false,0,true,2026-08-10T07:01:47.947Z,1.12.6,1.9.0-DEV,428070c0f9ad,4.16.0,1.3.11,ctbllib-fs2-q3-findall,2397,924,2026-08-10T08:00:57.463Z
2x5^2:2A5,6000,false,0,true,2026-08-10T07:01:47.947Z,1.12.6,1.9.0-DEV,428070c0f9ad,4.16.0,1.3.11,ctbllib-fs2-q3-findall,2397,925,2026-08-10T08:00:57.576Z
2x5^2:4S5,24000,false,0,true,2026-08-10T07:01:47.947Z,1.12.6,1.9.0-DEV,428070c0f9ad,4.16.0,1.3.11,ctbllib-fs2-q3-findall,2397,926,2026-08-10T08:00:57.778Z
2x6.Fi22,774741019852800,false,0,true,2026-08-10T07:01:47.947Z,1.12.6,1.9.0-DEV,428070c0f9ad,4.16.0,1.3.11,ctbllib-fs2-q3-findall,2397,927,2026-08-10T08:01:31.851Z
2x6.M22,5322240,false,0,true,2026-08-10T07:01:47.947Z,1.12.6,1.9.0-DEV,428070c0f9ad,4.16.0,1.3.11,ctbllib-fs2-q3-findall,2397,928,2026-08-10T08:01:35.567Z
2x6_1.U4(3).2_2,78382080,false,0,true,2026-08-10T07:01:47.947Z,1.12.6,1.9.0-DEV,428070c0f9ad,4.16.0,1.3.11,ctbllib-fs2-q3-findall,2397,929,2026-08-10T08:01:47.991Z
2x6x11:5,660,true,0,true,2026-08-10T07:01:47.947Z,1.12.6,1.9.0-DEV,428070c0f9ad,4.16.0,1.3.11,ctbllib-fs2-q3-findall,2397,930,2026-08-10T08:01:48.841Z
2x7:3,42,true,0,true,2026-08-10T07:01:47.947Z,1.12.6,1.9.0-DEV,428070c0f9ad,4.16.0,1.3.11,ctbllib-fs2-q3-findall,2397,931,2026-08-10T08:01:48.866Z
2x7:6,84,true,0,true,2026-08-10T07:01:47.947Z,1.12.6,1.9.0-DEV,428070c0f9ad,4.16.0,1.3.11,ctbllib-fs2-q3-findall,2397,932,2026-08-10T08:01:49.181Z
2x7^2:(3x2A4),7056,true,0,true,2026-08-10T07:01:47.947Z,1.12.6,1.9.0-DEV,428070c0f9ad,4.16.0,1.3.11,ctbllib-fs2-q3-findall,2397,933,2026-08-10T08:01:50.908Z
2xA5,120,false,0,true,2026-08-10T07:01:47.947Z,1.12.6,1.9.0-DEV,428070c0f9ad,4.16.0,1.3.11,ctbllib-fs2-q3-findall,2397,934,2026-08-10T08:01:50.979Z
2xA6,720,false,0,true,2026-08-10T07:01:47.947Z,1.12.6,1.9.0-DEV,428070c0f9ad,4.16.0,1.3.11,ctbllib-fs2-q3-findall,2397,935,2026-08-10T08:01:51.043Z
2xA7,5040,false,0,true,2026-08-10T07:01:47.947Z,1.12.6,1.9.0-DEV,428070c0f9ad,4.16.0,1.3.11,ctbllib-fs2-q3-findall,2397,936,2026-08-10T08:01:51.124Z
2xA8,40320,false,0,true,2026-08-10T07:01:47.947Z,1.12.6,1.9.0-DEV,428070c0f9ad,4.16.0,1.3.11,ctbllib-fs2-q3-findall,2397,937,2026-08-10T08:01:51.281Z
2xA9,362880,false,0,true,2026-08-10T07:01:47.947Z,1.12.6,1.9.0-DEV,428070c0f9ad,4.16.0,1.3.11,ctbllib-fs2-q3-findall,2397,938,2026-08-10T08:01:51.451Z
2xBN5,500000,true,0,true,2026-08-10T07:01:47.947Z,1.12.6,1.9.0-DEV,428070c0f9ad,4.16.0,1.3.11,ctbllib-fs2-q3-findall,2397,939,2026-08-10T08:01:52.445Z
2xCo1N3,314928,true,0,true,2026-08-10T07:01:47.947Z,1.12.6,1.9.0-DEV,428070c0f9ad,4.16.0,1.3.11,ctbllib-fs2-q3-findall,2397,940,2026-08-10T08:02:01.528Z
2xCo1N5,20000,true,0,true,2026-08-10T07:01:47.947Z,1.12.6,1.9.0-DEV,428070c0f9ad,4.16.0,1.3.11,ctbllib-fs2-q3-findall,2397,941,2026-08-10T08:02:04.573Z
2xCo2,84610842624000,false,0,true,2026-08-10T07:01:47.947Z,1.12.6,1.9.0-DEV,428070c0f9ad,4.16.0,1.3.11,ctbllib-fs2-q3-findall,2397,942,2026-08-10T08:02:05.638Z
2xCo3,991533312000,false,0,true,2026-08-10T07:01:47.947Z,1.12.6,1.9.0-DEV,428070c0f9ad,4.16.0,1.3.11,ctbllib-fs2-q3-findall,2397,943,2026-08-10T08:02:06.22Z
2xF4(2),6622253206732800,false,0,true,2026-08-10T07:01:47.947Z,1.12.6,1.9.0-DEV,428070c0f9ad,4.16.0,1.3.11,ctbllib-fs2-q3-findall,2397,944,2026-08-10T08:02:11.823Z
2xF4(2).2,13244506413465600,false,0,true,2026-08-10T07:01:47.947Z,1.12.6,1.9.0-DEV,428070c0f9ad,4.16.0,1.3.11,ctbllib-fs2-q3-findall,2397,945,2026-08-10T08:02:16.617Z
2xFi22,129123503308800,false,0,true,2026-08-10T07:01:47.947Z,1.12.6,1.9.0-DEV,428070c0f9ad,4.16.0,1.3.11,ctbllib-fs2-q3-findall,2397,946,2026-08-10T08:02:17.915Z
2xFi22.2,258247006617600,false,0,true,2026-08-10T07:01:47.947Z,1.12.6,1.9.0-DEV,428070c0f9ad,4.16.0,1.3.11,ctbllib-fs2-q3-findall,2397,947,2026-08-10T08:02:26.015Z
2xFi22N3,157464,true,0,true,2026-08-10T07:01:47.947Z,1.12.6,1.9.0-DEV,428070c0f9ad,4.16.0,1.3.11,ctbllib-fs2-q3-findall,2397,948,2026-08-10T08:02:30.754Z
2xFi22N5,4800,true,0,true,2026-08-10T07:01:47.947Z,1.12.6,1.9.0-DEV,428070c0f9ad,4.16.0,1.3.11,ctbllib-fs2-q3-findall,2397,949,2026-08-10T08:02:31.155Z
2xFi23,8178940946586009600,false,0,true,2026-08-10T07:01:47.947Z,1.12.6,1.9.0-DEV,428070c0f9ad,4.16.0,1.3.11,ctbllib-fs2-q3-findall,2397,950,2026-08-10T08:02:38.632Z
2xG2(3),8491392,false,0,true,2026-08-10T07:01:47.947Z,1.12.6,1.9.0-DEV,428070c0f9ad,4.16.0,1.3.11,ctbllib-fs2-q3-findall,2397,951,2026-08-10T08:02:38.887Z
2xL2(11),1320,false,0,true,2026-08-10T07:01:47.947Z,1.12.6,1.9.0-DEV,428070c0f9ad,4.16.0,1.3.11,ctbllib-fs2-q3-findall,2397,952,2026-08-10T08:02:38.947Z
2xL2(11).2,2640,false,0,true,2026-08-10T07:01:47.947Z,1.12.6,1.9.0-DEV,428070c0f9ad,4.16.0,1.3.11,ctbllib-fs2-q3-findall,2397,953,2026-08-10T08:02:39.025Z
2xL3(2),336,false,0,true,2026-08-10T07:01:47.947Z,1.12.6,1.9.0-DEV,428070c0f9ad,4.16.0,1.3.11,ctbllib-fs2-q3-findall,2397,954,2026-08-10T08:02:39.062Z
2xM11,15840,false,0,true,2026-08-10T07:01:47.947Z,1.12.6,1.9.0-DEV,428070c0f9ad,4.16.0,1.3.11,ctbllib-fs2-q3-findall,2397,955,2026-08-10T08:02:39.118Z
2xM12N3,216,true,0,true,2026-08-10T07:01:47.947Z,1.12.6,1.9.0-DEV,428070c0f9ad,4.16.0,1.3.11,ctbllib-fs2-q3-findall,2397,956,2026-08-10T08:02:39.461Z
2xM22,887040,false,0,true,2026-08-10T07:01:47.947Z,1.12.6,1.9.0-DEV,428070c0f9ad,4.16.0,1.3.11,ctbllib-fs2-q3-findall,2397,957,2026-08-10T08:02:39.624Z
2xO7(3),9170703360,false,0,true,2026-08-10T07:01:47.947Z,1.12.6,1.9.0-DEV,428070c0f9ad,4.16.0,1.3.11,ctbllib-fs2-q3-findall,2397,958,2026-08-10T08:02:40.63Z
2xS3x2.S4,576,true,0,true,2026-08-10T07:01:47.947Z,1.12.6,1.9.0-DEV,428070c0f9ad,4.16.0,1.3.11,ctbllib-fs2-q3-findall,2397,959,2026-08-10T08:02:43.501Z
2xS3x2.U4(3).2_2,156764160,false,0,true,2026-08-10T07:01:47.947Z,1.12.6,1.9.0-DEV,428070c0f9ad,4.16.0,1.3.11,ctbllib-fs2-q3-findall,2397,960,2026-08-10T08:03:00.596Z
2xS3x7:6,504,true,0,true,2026-08-10T07:01:47.947Z,1.12.6,1.9.0-DEV,428070c0f9ad,4.16.0,1.3.11,ctbllib-fs2-q3-findall,2397,961,2026-08-10T08:03:01.027Z
2xS3xS6(2),17418240,false,0,true,2026-08-10T07:01:47.947Z,1.12.6,1.9.0-DEV,428070c0f9ad,4.16.0,1.3.11,ctbllib-fs2-q3-findall,2397,962,2026-08-10T08:03:04.697Z
2xS3xU4(2),311040,false,0,true,2026-08-10T07:01:47.947Z,1.12.6,1.9.0-DEV,428070c0f9ad,4.16.0,1.3.11,ctbllib-fs2-q3-findall,2397,963,2026-08-10T08:03:08.442Z
2xS3xU4(3).(2^2)_{122},156764160,false,0,true,2026-08-10T07:01:47.947Z,1.12.6,1.9.0-DEV,428070c0f9ad,4.16.0,1.3.11,ctbllib-fs2-q3-findall,2397,964,2026-08-10T08:03:26.726Z
2xS3xU4(3).2_2,78382080,false,0,true,2026-08-10T07:01:47.947Z,1.12.6,1.9.0-DEV,428070c0f9ad,4.16.0,1.3.11,ctbllib-fs2-q3-findall,2397,965,2026-08-10T08:03:31.526Z
2xS5,240,false,0,true,2026-08-10T07:01:47.947Z,1.12.6,1.9.0-DEV,428070c0f9ad,4.16.0,1.3.11,ctbllib-fs2-q3-findall,2397,966,2026-08-10T08:03:31.592Z
2xS6(2),2903040,false,0,true,2026-08-10T07:01:47.947Z,1.12.6,1.9.0-DEV,428070c0f9ad,4.16.0,1.3.11,ctbllib-fs2-q3-findall,2397,967,2026-08-10T08:03:31.958Z
2xSymm(4),48,true,0,true,2026-08-10T07:01:47.947Z,1.12.6,1.9.0-DEV,428070c0f9ad,4.16.0,1.3.11,ctbllib-fs2-q3-findall,2397,968,2026-08-10T08:03:31.976Z
2xTh,181491887775744000,false,0,true,2026-08-10T07:01:47.947Z,1.12.6,1.9.0-DEV,428070c0f9ad,4.16.0,1.3.11,ctbllib-fs2-q3-findall,2397,969,2026-08-10T08:03:34.76Z
2xU3(3),12096,false,0,true,2026-08-10T07:01:47.947Z,1.12.6,1.9.0-DEV,428070c0f9ad,4.16.0,1.3.11,ctbllib-fs2-q3-findall,2397,970,2026-08-10T08:03:34.852Z
2xU3(3).2,24192,false,0,true,2026-08-10T07:01:47.947Z,1.12.6,1.9.0-DEV,428070c0f9ad,4.16.0,1.3.11,ctbllib-fs2-q3-findall,2397,971,2026-08-10T08:03:34.969Z
2xU3(5).2,504000,false,0,true,2026-08-10T07:01:47.947Z,1.12.6,1.9.0-DEV,428070c0f9ad,4.16.0,1.3.11,ctbllib-fs2-q3-findall,2397,972,2026-08-10T08:03:35.141Z
2xU4(3).(2^2)_{122},26127360,false,0,true,2026-08-10T07:01:47.947Z,1.12.6,1.9.0-DEV,428070c0f9ad,4.16.0,1.3.11,ctbllib-fs2-q3-findall,2397,973,2026-08-10T08:03:36.293Z
2xU4(3).2_2,13063680,false,0,true,2026-08-10T07:01:47.947Z,1.12.6,1.9.0-DEV,428070c0f9ad,4.16.0,1.3.11,ctbllib-fs2-q3-findall,2397,974,2026-08-10T08:03:39.321Z
2xU5(2),27371520,false,0,true,2026-08-10T07:01:47.947Z,1.12.6,1.9.0-DEV,428070c0f9ad,4.16.0,1.3.11,ctbllib-fs2-q3-findall,2397,975,2026-08-10T08:03:39.885Z
2xU5(2).2,54743040,false,0,true,2026-08-10T07:01:47.947Z,1.12.6,1.9.0-DEV,428070c0f9ad,4.16.0,1.3.11,ctbllib-fs2-q3-findall,2397,976,2026-08-10T08:03:40.4Z
2xU6(2).3.2,110361968640,false,0,true,2026-08-10T07:01:47.947Z,1.12.6,1.9.0-DEV,428070c0f9ad,4.16.0,1.3.11,ctbllib-fs2-q3-findall,2397,977,2026-08-10T08:03:45.755Z
2xa6.2^2,2880,false,0,true,2026-08-10T07:01:47.947Z,1.12.6,1.9.0-DEV,428070c0f9ad,4.16.0,1.3.11,ctbllib-fs2-q3-findall,2397,978,2026-08-10T08:03:45.861Z
2xm12,190080,false,0,true,2026-08-10T07:01:47.947Z,1.12.6,1.9.0-DEV,428070c0f9ad,4.16.0,1.3.11,ctbllib-fs2-q3-findall,2397,979,2026-08-10T08:03:45.987Z
3.(2x2^(1+8)):(U4(2):2x2),318504960,false,0,true,2026-08-10T07:01:47.947Z,1.12.6,1.9.0-DEV,428070c0f9ad,4.16.0,1.3.11,ctbllib-fs2-q3-findall,2397,980,2026-08-10T08:03:57.889Z
3.(3^(1+2)+x3^2):2S4,34992,true,0,true,2026-08-10T07:01:47.947Z,1.12.6,1.9.0-DEV,428070c0f9ad,4.16.0,1.3.11,ctbllib-fs2-q3-findall,2397,981,2026-08-10T08:03:58.082Z
3.(3^(1+4).[2^7.3]),279936,true,0,true,2026-08-10T07:01:47.947Z,1.12.6,1.9.0-DEV,428070c0f9ad,4.16.0,1.3.11,ctbllib-fs2-q3-findall,2397,982,2026-08-10T08:04:01.813Z
3.(3^(3+3):L3(3)),12282192,false,0,true,2026-08-10T07:01:47.947Z,1.12.6,1.9.0-DEV,428070c0f9ad,4.16.0,1.3.11,ctbllib-fs2-q3-findall,2397,983,2026-08-10T08:04:02.169Z
3.(3xM10):2,12960,false,0,true,2026-08-10T07:01:47.947Z,1.12.6,1.9.0-DEV,428070c0f9ad,4.16.0,1.3.11,ctbllib-fs2-q3-findall,2397,984,2026-08-10T08:04:02.619Z
3.(A4x2(A4xA4).2).2,41472,true,0,true,2026-08-10T07:01:47.947Z,1.12.6,1.9.0-DEV,428070c0f9ad,4.16.0,1.3.11,ctbllib-fs2-q3-findall,2397,985,2026-08-10T08:04:05.791Z
3.(A4x3):2,216,true,0,true,2026-08-10T07:01:47.947Z,1.12.6,1.9.0-DEV,428070c0f9ad,4.16.0,1.3.11,ctbllib-fs2-q3-findall,2397,986,2026-08-10T08:04:05.828Z
3.2E6(2),229597439051324561817600,false,0,true,2026-08-10T07:01:47.947Z,1.12.6,1.9.0-DEV,428070c0f9ad,4.16.0,1.3.11,ctbllib-fs2-q3-findall,2397,987,2026-08-10T08:04:18.962Z
3.2E6(2).2,459194878102649123635200,false,0,true,2026-08-10T07:01:47.947Z,1.12.6,1.9.0-DEV,428070c0f9ad,4.16.0,1.3.11,ctbllib-fs2-q3-findall,2397,988,2026-08-10T08:04:31.068Z
3.2^(1+12).3U4(3).2,481579499520,false,0,true,2026-08-10T07:01:47.947Z,1.12.6,1.9.0-DEV,428070c0f9ad,4.16.0,1.3.11,ctbllib-fs2-q3-findall,2397,989,2026-08-10T08:04:47.899Z
3.2^(1+4)+:3^2.2,1728,true,0,true,2026-08-10T07:01:47.947Z,1.12.6,1.9.0-DEV,428070c0f9ad,4.16.0,1.3.11,ctbllib-fs2-q3-findall,2397,990,2026-08-10T08:04:48.095Z
3.2^(2+4):(3x3):2,3456,true,0,true,2026-08-10T07:01:47.947Z,1.12.6,1.9.0-DEV,428070c0f9ad,4.16.0,1.3.11,ctbllib-fs2-q3-findall,2397,991,2026-08-10T08:04:48.258Z
3.2^(2+4):(S3xS3),6912,true,0,true,2026-08-10T07:01:47.947Z,1.12.6,1.9.0-DEV,428070c0f9ad,4.16.0,1.3.11,ctbllib-fs2-q3-findall,2397,992,2026-08-10T08:04:48.416Z
3.2^4:a7,120960,false,0,true,2026-08-10T07:01:47.947Z,1.12.6,1.9.0-DEV,428070c0f9ad,4.16.0,1.3.11,ctbllib-fs2-q3-findall,2397,993,2026-08-10T08:04:48.549Z
3.3^(1+4):2S5,174960,false,0,true,2026-08-10T07:01:47.947Z,1.12.6,1.9.0-DEV,428070c0f9ad,4.16.0,1.3.11,ctbllib-fs2-q3-findall,2397,994,2026-08-10T08:04:50.194Z
3.3^(1+4):4S5,349920,false,0,true,2026-08-10T07:01:47.947Z,1.12.6,1.9.0-DEV,428070c0f9ad,4.16.0,1.3.11,ctbllib-fs2-q3-findall,2397,995,2026-08-10T08:04:50.371Z
3.3^(1+6):2^(3+4):3^2:2,15116544,true,0,true,2026-08-10T07:01:47.947Z,1.12.6,1.9.0-DEV,428070c0f9ad,4.16.0,1.3.11,ctbllib-fs2-q3-findall,2397,996,2026-08-10T08:04:51.964Z
3.3^(2+4):2(A4x2^2).2,419904,true,0,true,2026-08-10T07:01:47.947Z,1.12.6,1.9.0-DEV,428070c0f9ad,4.16.0,1.3.11,ctbllib-fs2-q3-findall,2397,997,2026-08-10T08:04:55.378Z
3.3^(2+4):2(S4xD8),839808,true,0,true,2026-08-10T07:01:47.947Z,1.12.6,1.9.0-DEV,428070c0f9ad,4.16.0,1.3.11,ctbllib-fs2-q3-findall,2397,998,2026-08-10T08:04:56.141Z
3.3^4.3^2.Q8,17496,true,0,true,2026-08-10T07:01:47.947Z,1.12.6,1.9.0-DEV,428070c0f9ad,4.16.0,1.3.11,ctbllib-fs2-q3-findall,2397,999,2026-08-10T08:04:56.273Z
3.3^5.U4(2),18895680,false,0,true,2026-08-10T07:01:47.947Z,1.12.6,1.9.0-DEV,428070c0f9ad,4.16.0,1.3.11,ctbllib-fs2-q3-findall,2397,1000,2026-08-10T08:04:58.165Z
3.3^5:(3^2:SD16),104976,true,0,true,2026-08-10T07:01:47.947Z,1.12.6,1.9.0-DEV,428070c0f9ad,4.16.0,1.3.11,ctbllib-fs2-q3-findall,2397,1001,2026-08-10T08:04:59.011Z
3.3^5:U4(2):2,37791360,false,0,true,2026-08-10T07:01:47.947Z,1.12.6,1.9.0-DEV,428070c0f9ad,4.16.0,1.3.11,ctbllib-fs2-q3-findall,2397,1002,2026-08-10T08:05:01.351Z
3.A6,1080,false,0,true,2026-08-10T07:01:47.947Z,1.12.6,1.9.0-DEV,428070c0f9ad,4.16.0,1.3.11,ctbllib-fs2-q3-findall,2397,1003,2026-08-10T08:05:01.413Z
3.A6.(2x4),8640,false,0,true,2026-08-10T07:01:47.947Z,1.12.6,1.9.0-DEV,428070c0f9ad,4.16.0,1.3.11,ctbllib-fs2-q3-findall,2397,1004,2026-08-10T08:05:01.599Z
3.A6.2^2,4320,false,0,true,2026-08-10T07:01:47.947Z,1.12.6,1.9.0-DEV,428070c0f9ad,4.16.0,1.3.11,ctbllib-fs2-q3-findall,2397,1005,2026-08-10T08:05:01.665Z
3.A6.2_1,2160,false,0,true,2026-08-10T07:01:47.947Z,1.12.6,1.9.0-DEV,428070c0f9ad,4.16.0,1.3.11,ctbllib-fs2-q3-findall,2397,1006,2026-08-10T08:05:01.695Z
3.A6.2_2,2160,false,0,true,2026-08-10T07:01:47.947Z,1.12.6,1.9.0-DEV,428070c0f9ad,4.16.0,1.3.11,ctbllib-fs2-q3-findall,2397,1007,2026-08-10T08:05:01.724Z
3.A6.2_3,2160,false,0,true,2026-08-10T07:01:47.947Z,1.12.6,1.9.0-DEV,428070c0f9ad,4.16.0,1.3.11,ctbllib-fs2-q3-findall,2397,1008,2026-08-10T08:05:01.755Z
3.A7,7560,false,0,true,2026-08-10T07:01:47.947Z,1.12.6,1.9.0-DEV,428070c0f9ad,4.16.0,1.3.11,ctbllib-fs2-q3-findall,2397,1009,2026-08-10T08:05:01.799Z
3.A7.2,15120,false,0,true,2026-08-10T07:01:47.947Z,1.12.6,1.9.0-DEV,428070c0f9ad,4.16.0,1.3.11,ctbllib-fs2-q3-findall,2397,1010,2026-08-10T08:05:01.844Z
3.F3+,3765617127571985163878400,false,0,true,2026-08-10T07:01:47.947Z,1.12.6,1.9.0-DEV,428070c0f9ad,4.16.0,1.3.11,ctbllib-fs2-q3-findall,2397,1011,2026-08-10T08:05:08.895Z
3.F3+.2,7531234255143970327756800,false,0,true,2026-08-10T07:01:47.947Z,1.12.6,1.9.0-DEV,428070c0f9ad,4.16.0,1.3.11,ctbllib-fs2-q3-findall,2397,1012,2026-08-10T08:05:18.619Z
3.F3+.2N5,172800,true,0,true,2026-08-10T07:01:47.947Z,1.12.6,1.9.0-DEV,428070c0f9ad,4.16.0,1.3.11,ctbllib-fs2-q3-findall,2397,1013,2026-08-10T08:05:20.072Z
3.F3+.2N7,74088,true,0,true,2026-08-10T07:01:47.947Z,1.12.6,1.9.0-DEV,428070c0f9ad,4.16.0,1.3.11,ctbllib-fs2-q3-findall,2397,1014,2026-08-10T08:05:21.905Z
3.F3+N5,86400,true,0,true,2026-08-10T07:01:47.947Z,1.12.6,1.9.0-DEV,428070c0f9ad,4.16.0,1.3.11,ctbllib-fs2-q3-findall,2397,1015,2026-08-10T08:05:22.857Z
3.Fi22,193685254963200,false,0,true,2026-08-10T07:01:47.947Z,1.12.6,1.9.0-DEV,428070c0f9ad,4.16.0,1.3.11,ctbllib-fs2-q3-findall,2397,1016,2026-08-10T08:05:26.634Z
3.Fi22.2,387370509926400,false,0,true,2026-08-10T07:01:47.947Z,1.12.6,1.9.0-DEV,428070c0f9ad,4.16.0,1.3.11,ctbllib-fs2-q3-findall,2397,1017,2026-08-10T08:05:29.77Z
3.Fi22M5,1362493440,false,0,true,2026-08-10T07:01:47.947Z,1.12.6,1.9.0-DEV,428070c0f9ad,4.16.0,1.3.11,ctbllib-fs2-q3-findall,2397,1018,2026-08-10T08:05:30.574Z
3.Fi22N3,236196,true,0,true,2026-08-10T07:01:47.947Z,1.12.6,1.9.0-DEV,428070c0f9ad,4.16.0,1.3.11,ctbllib-fs2-q3-findall,2397,1019,2026-08-10T08:05:32.971Z
3.G2(3),12737088,false,0,true,2026-08-10T07:01:47.947Z,1.12.6,1.9.0-DEV,428070c0f9ad,4.16.0,1.3.11,ctbllib-fs2-q3-findall,2397,1020,2026-08-10T08:05:33.12Z
3.G2(3).2,25474176,false,0,true,2026-08-10T07:01:47.947Z,1.12.6,1.9.0-DEV,428070c0f9ad,4.16.0,1.3.11,ctbllib-fs2-q3-findall,2397,1021,2026-08-10T08:05:33.217Z
3.J3,150698880,false,0,true,2026-08-10T07:01:47.947Z,1.12.6,1.9.0-DEV,428070c0f9ad,4.16.0,1.3.11,ctbllib-fs2-q3-findall,2397,1022,2026-08-10T08:05:33.485Z
3.J3.2,301397760,false,0,true,2026-08-10T07:01:47.947Z,1.12.6,1.9.0-DEV,428070c0f9ad,4.16.0,1.3.11,ctbllib-fs2-q3-findall,2397,1023,2026-08-10T08:05:33.696Z
3.L3(4),60480,false,0,true,2026-08-10T07:01:47.947Z,1.12.6,1.9.0-DEV,428070c0f9ad,4.16.0,1.3.11,ctbllib-fs2-q3-findall,2397,1024,2026-08-10T08:05:33.779Z
3.L3(4).2^2,241920,false,0,true,2026-08-10T07:01:47.947Z,1.12.6,1.9.0-DEV,428070c0f9ad,4.16.0,1.3.11,ctbllib-fs2-q3-findall,2397,1025,2026-08-10T08:05:33.871Z
3.L3(4).2_1,120960,false,0,true,2026-08-10T07:01:47.947Z,1.12.6,1.9.0-DEV,428070c0f9ad,4.16.0,1.3.11,ctbllib-fs2-q3-findall,2397,1026,2026-08-10T08:05:36.305Z
3.L3(4).2_2,120960,false,0,true,2026-08-10T07:01:47.947Z,1.12.6,1.9.0-DEV,428070c0f9ad,4.16.0,1.3.11,ctbllib-fs2-q3-findall,2397,1027,2026-08-10T08:05:36.362Z
3.L3(4).2_3,120960,false,0,true,2026-08-10T07:01:47.947Z,1.12.6,1.9.0-DEV,428070c0f9ad,4.16.0,1.3.11,ctbllib-fs2-q3-findall,2397,1028,2026-08-10T08:05:36.414Z
3.L3(4).3,181440,false,1,true,2026-08-10T07:01:47.947Z,1.12.6,1.9.0-DEV,428070c0f9ad,4.16.0,1.3.11,ctbllib-fs2-q3-findall,2397,1029,2026-08-10T08:05:37.801Z
3.L3(4).3.2_2,362880,false,0,true,2026-08-10T07:01:47.947Z,1.12.6,1.9.0-DEV,428070c0f9ad,4.16.0,1.3.11,ctbllib-fs2-q3-findall,2397,1030,2026-08-10T08:05:37.95Z
3.L3(4).3.2_3,362880,false,0,true,2026-08-10T07:01:47.947Z,1.12.6,1.9.0-DEV,428070c0f9ad,4.16.0,1.3.11,ctbllib-fs2-q3-findall,2397,1031,2026-08-10T08:05:38.085Z
3.L3(4).6,362880,false,1,true,2026-08-10T07:01:47.947Z,1.12.6,1.9.0-DEV,428070c0f9ad,4.16.0,1.3.11,ctbllib-fs2-q3-findall,2397,1032,2026-08-10T08:05:38.896Z
3.L3(7),5630688,false,0,true,2026-08-10T07:01:47.947Z,1.12.6,1.9.0-DEV,428070c0f9ad,4.16.0,1.3.11,ctbllib-fs2-q3-findall,2397,1033,2026-08-10T08:05:39.154Z
3.L3(7).2,11261376,false,0,true,2026-08-10T07:01:47.947Z,1.12.6,1.9.0-DEV,428070c0f9ad,4.16.0,1.3.11,ctbllib-fs2-q3-findall,2397,1034,2026-08-10T08:05:39.372Z
3.L3(7).3,16892064,false,1,true,2026-08-10T07:01:47.947Z,1.12.6,1.9.0-DEV,428070c0f9ad,4.16.0,1.3.11,ctbllib-fs2-q3-findall,2397,1035,2026-08-10T08:05:45.066Z
3.L3(7).S3,33784128,false,0,true,2026-08-10T07:01:47.947Z,1.12.6,1.9.0-DEV,428070c0f9ad,4.16.0,1.3.11,ctbllib-fs2-q3-findall,2397,1036,2026-08-10T08:05:48.181Z
3.M22,1330560,false,0,true,2026-08-10T07:01:47.947Z,1.12.6,1.9.0-DEV,428070c0f9ad,4.16.0,1.3.11,ctbllib-fs2-q3-findall,2397,1037,2026-08-10T08:05:48.28Z
3.M22.2,2661120,false,0,true,2026-08-10T07:01:47.947Z,1.12.6,1.9.0-DEV,428070c0f9ad,4.16.0,1.3.11,ctbllib-fs2-q3-findall,2397,1038,2026-08-10T08:05:48.372Z
3.M22M2,17280,false,0,true,2026-08-10T07:01:47.947Z,1.12.6,1.9.0-DEV,428070c0f9ad,4.16.0,1.3.11,ctbllib-fs2-q3-findall,2397,1039,2026-08-10T08:05:48.45Z
3.McL,2694384000,false,0,true,2026-08-10T07:01:47.947Z,1.12.6,1.9.0-DEV,428070c0f9ad,4.16.0,1.3.11,ctbllib-fs2-q3-findall,2397,1040,2026-08-10T08:05:48.746Z
3.McL.2,5388768000,false,0,true,2026-08-10T07:01:47.947Z,1.12.6,1.9.0-DEV,428070c0f9ad,4.16.0,1.3.11,ctbllib-fs2-q3-findall,2397,1041,2026-08-10T08:05:48.955Z
3.McL.2N3,34992,true,0,true,2026-08-10T07:01:47.947Z,1.12.6,1.9.0-DEV,428070c0f9ad,4.16.0,1.3.11,ctbllib-fs2-q3-findall,2397,1042,2026-08-10T08:05:49.396Z
3.McL.2N5,18000,true,0,true,2026-08-10T07:01:47.947Z,1.12.6,1.9.0-DEV,428070c0f9ad,4.16.0,1.3.11,ctbllib-fs2-q3-findall,2397,1043,2026-08-10T08:05:50.671Z
3.O7(3),13756055040,false,0,true,2026-08-10T07:01:47.947Z,1.12.6,1.9.0-DEV,428070c0f9ad,4.16.0,1.3.11,ctbllib-fs2-q3-findall,2397,1044,2026-08-10T08:05:51.573Z
3.O7(3).2,27512110080,false,0,true,2026-08-10T07:01:47.947Z,1.12.6,1.9.0-DEV,428070c0f9ad,4.16.0,1.3.11,ctbllib-fs2-q3-findall,2397,1045,2026-08-10T08:05:53.428Z
3.O7(3)M9,3779136,true,0,true,2026-08-10T07:01:47.947Z,1.12.6,1.9.0-DEV,428070c0f9ad,4.16.0,1.3.11,ctbllib-fs2-q3-findall,2397,1046,2026-08-10T08:05:55.548Z
3.ON,1382446517760,false,0,true,2026-08-10T07:01:47.947Z,1.12.6,1.9.0-DEV,428070c0f9ad,4.16.0,1.3.11,ctbllib-fs2-q3-findall,2397,1047,2026-08-10T08:05:55.994Z
3.ON.2,2764893035520,false,0,true,2026-08-10T07:01:47.947Z,1.12.6,1.9.0-DEV,428070c0f9ad,4.16.0,1.3.11,ctbllib-fs2-q3-findall,2397,1048,2026-08-10T08:05:58.532Z
3.ON.2M4,155520,false,0,true,2026-08-10T07:01:47.947Z,1.12.6,1.9.0-DEV,428070c0f9ad,4.16.0,1.3.11,ctbllib-fs2-q3-findall,2397,1049,2026-08-10T08:05:59.091Z
3.ON.2N3,155520,true,0,true,2026-08-10T07:01:47.947Z,1.12.6,1.9.0-DEV,428070c0f9ad,4.16.0,1.3.11,ctbllib-fs2-q3-findall,2397,1050,2026-08-10T08:05:59.53Z
3.ON.2N7,49392,true,0,true,2026-08-10T07:01:47.947Z,1.12.6,1.9.0-DEV,428070c0f9ad,4.16.0,1.3.11,ctbllib-fs2-q3-findall,2397,1051,2026-08-10T08:06:00.315Z
3.ONM5,77760,false,0,true,2026-08-10T07:01:47.947Z,1.12.6,1.9.0-DEV,428070c0f9ad,4.16.0,1.3.11,ctbllib-fs2-q3-findall,2397,1052,2026-08-10T08:06:00.645Z
3.ONM6,77760,true,0,true,2026-08-10T07:01:47.947Z,1.12.6,1.9.0-DEV,428070c0f9ad,4.16.0,1.3.11,ctbllib-fs2-q3-findall,2397,1053,2026-08-10T08:06:00.838Z
3.Suz,1345036492800,false,0,true,2026-08-10T07:01:47.947Z,1.12.6,1.9.0-DEV,428070c0f9ad,4.16.0,1.3.11,ctbllib-fs2-q3-findall,2397,1054,2026-08-10T08:06:02.662Z
3.Suz.2,2690072985600,false,0,true,2026-08-10T07:01:47.947Z,1.12.6,1.9.0-DEV,428070c0f9ad,4.16.0,1.3.11,ctbllib-fs2-q3-findall,2397,1055,2026-08-10T08:06:03.387Z
3.U3(11),212747040,false,0,true,2026-08-10T07:01:47.947Z,1.12.6,1.9.0-DEV,428070c0f9ad,4.16.0,1.3.11,ctbllib-fs2-q3-findall,2397,1056,2026-08-10T08:06:05.78Z
3.U3(11).2,425494080,false,0,true,2026-08-10T07:01:47.947Z,1.12.6,1.9.0-DEV,428070c0f9ad,4.16.0,1.3.11,ctbllib-fs2-q3-findall,2397,1057,2026-08-10T08:06:08.666Z
3.U3(11).3,638241120,false,1,true,2026-08-10T07:01:47.947Z,1.12.6,1.9.0-DEV,428070c0f9ad,4.16.0,1.3.11,ctbllib-fs2-q3-findall,2397,1058,2026-08-10T08:07:14.877Z
3.U3(11).S3,1276482240,false,0,true,2026-08-10T07:01:47.947Z,1.12.6,1.9.0-DEV,428070c0f9ad,4.16.0,1.3.11,ctbllib-fs2-q3-findall,2397,1059,2026-08-10T08:07:37.126Z
3.U3(5),378000,false,0,true,2026-08-10T07:01:47.947Z,1.12.6,1.9.0-DEV,428070c0f9ad,4.16.0,1.3.11,ctbllib-fs2-q3-findall,2397,1060,2026-08-10T08:07:37.271Z
3.U3(5).2,756000,false,0,true,2026-08-10T07:01:47.947Z,1.12.6,1.9.0-DEV,428070c0f9ad,4.16.0,1.3.11,ctbllib-fs2-q3-findall,2397,1061,2026-08-10T08:07:37.346Z
3.U3(5).3,1134000,false,1,true,2026-08-10T07:01:47.947Z,1.12.6,1.9.0-DEV,428070c0f9ad,4.16.0,1.3.11,ctbllib-fs2-q3-findall,2397,1062,2026-08-10T08:07:37.821Z
3.U3(5).S3,2268000,false,0,true,2026-08-10T07:01:47.947Z,1.12.6,1.9.0-DEV,428070c0f9ad,4.16.0,1.3.11,ctbllib-fs2-q3-findall,2397,1063,2026-08-10T08:07:38.043Z
3.U3(8),16547328,false,0,true,2026-08-10T07:01:47.947Z,1.12.6,1.9.0-DEV,428070c0f9ad,4.16.0,1.3.11,ctbllib-fs2-q3-findall,2397,1064,2026-08-10T08:07:39.003Z
3.U3(8).2,33094656,false,0,true,2026-08-10T07:01:47.947Z,1.12.6,1.9.0-DEV,428070c0f9ad,4.16.0,1.3.11,ctbllib-fs2-q3-findall,2397,1065,2026-08-10T08:07:39.282Z
3.U3(8).3_1,49641984,false,1,true,2026-08-10T07:01:47.947Z,1.12.6,1.9.0-DEV,428070c0f9ad,4.16.0,1.3.11,ctbllib-fs2-q3-findall,2397,1066,2026-08-10T08:07:39.587Z
3.U3(8).3_2,49641984,false,1,true,2026-08-10T07:01:47.947Z,1.12.6,1.9.0-DEV,428070c0f9ad,4.16.0,1.3.11,ctbllib-fs2-q3-findall,2397,1067,2026-08-10T08:07:49.207Z
3.U3(8).6,99283968,false,0,true,2026-08-10T07:01:47.947Z,1.12.6,1.9.0-DEV,428070c0f9ad,4.16.0,1.3.11,ctbllib-fs2-q3-findall,2397,1068,2026-08-10T08:07:49.38Z
3.U3(8).S3,99283968,false,0,true,2026-08-10T07:01:47.947Z,1.12.6,1.9.0-DEV,428070c0f9ad,4.16.0,1.3.11,ctbllib-fs2-q3-findall,2397,1069,2026-08-10T08:07:52.39Z
3.U6(2),27590492160,false,0,true,2026-08-10T07:01:47.947Z,1.12.6,1.9.0-DEV,428070c0f9ad,4.16.0,1.3.11,ctbllib-fs2-q3-findall,2397,1070,2026-08-10T08:07:53.31Z
3.U6(2).2,55180984320,false,0,true,2026-08-10T07:01:47.947Z,1.12.6,1.9.0-DEV,428070c0f9ad,4.16.0,1.3.11,ctbllib-fs2-q3-findall,2397,1071,2026-08-10T08:07:54.746Z
3.U6(2).3,82771476480,false,1,true,2026-08-10T07:01:47.947Z,1.12.6,1.9.0-DEV,428070c0f9ad,4.16.0,1.3.11,ctbllib-fs2-q3-findall,2397,1072,2026-08-10T08:08:04.792Z
3.U6(2).3.2,165542952960,false,0,true,2026-08-10T07:01:47.947Z,1.12.6,1.9.0-DEV,428070c0f9ad,4.16.0,1.3.11,ctbllib-fs2-q3-findall,2397,1073,2026-08-10T08:08:11.943Z
3.U6(2)M3,30965760,false,0,true,2026-08-10T07:01:47.947Z,1.12.6,1.9.0-DEV,428070c0f9ad,4.16.0,1.3.11,ctbllib-fs2-q3-findall,2397,1074,2026-08-10T08:08:12.581Z
3.s7x2,30240,false,0,true,2026-08-10T07:01:47.947Z,1.12.6,1.9.0-DEV,428070c0f9ad,4.16.0,1.3.11,ctbllib-fs2-q3-findall,2397,1075,2026-08-10T08:08:12.775Z
31:10,310,true,0,true,2026-08-10T07:01:47.947Z,1.12.6,1.9.0-DEV,428070c0f9ad,4.16.0,1.3.11,ctbllib-fs2-q3-findall,2397,1076,2026-08-10T08:08:13.112Z
31:15,465,true,0,true,2026-08-10T07:01:47.947Z,1.12.6,1.9.0-DEV,428070c0f9ad,4.16.0,1.3.11,ctbllib-fs2-q3-findall,2397,1077,2026-08-10T08:08:13.232Z
31:3,93,true,0,true,2026-08-10T07:01:47.947Z,1.12.6,1.9.0-DEV,428070c0f9ad,4.16.0,1.3.11,ctbllib-fs2-q3-findall,2397,1078,2026-08-10T08:08:13.358Z
31:30,930,true,0,true,2026-08-10T07:01:47.947Z,1.12.6,1.9.0-DEV,428070c0f9ad,4.16.0,1.3.11,ctbllib-fs2-q3-findall,2397,1079,2026-08-10T08:08:13.485Z
31:5,155,true,0,true,2026-08-10T07:01:47.947Z,1.12.6,1.9.0-DEV,428070c0f9ad,4.16.0,1.3.11,ctbllib-fs2-q3-findall,2397,1080,2026-08-10T08:08:13.569Z
31:6,186,true,0,true,2026-08-10T07:01:47.947Z,1.12.6,1.9.0-DEV,428070c0f9ad,4.16.0,1.3.11,ctbllib-fs2-q3-findall,2397,1081,2026-08-10T08:08:13.914Z
37:12,444,true,0,true,2026-08-10T07:01:47.947Z,1.12.6,1.9.0-DEV,428070c0f9ad,4.16.0,1.3.11,ctbllib-fs2-q3-findall,2397,1082,2026-08-10T08:08:15.404Z
37:18,666,true,0,true,2026-08-10T07:01:47.947Z,1.12.6,1.9.0-DEV,428070c0f9ad,4.16.0,1.3.11,ctbllib-fs2-q3-findall,2397,1083,2026-08-10T08:08:15.551Z
37:3,111,true,0,true,2026-08-10T07:01:47.947Z,1.12.6,1.9.0-DEV,428070c0f9ad,4.16.0,1.3.11,ctbllib-fs2-q3-findall,2397,1084,2026-08-10T08:08:15.747Z
3D4(2),211341312,false,0,true,2026-08-10T07:01:47.947Z,1.12.6,1.9.0-DEV,428070c0f9ad,4.16.0,1.3.11,ctbllib-fs2-q3-findall,2397,1085,2026-08-10T08:08:15.873Z
3D4(2).3,634023936,false,0,true,2026-08-10T07:01:47.947Z,1.12.6,1.9.0-DEV,428070c0f9ad,4.16.0,1.3.11,ctbllib-fs2-q3-findall,2397,1086,2026-08-10T08:08:16.014Z
3D4(3),20560831566912,false,0,true,2026-08-10T07:01:47.947Z,1.12.6,1.9.0-DEV,428070c0f9ad,4.16.0,1.3.11,ctbllib-fs2-q3-findall,2397,1087,2026-08-10T08:08:20.151Z
3D4(4),67802350642790400,false,0,true,2026-08-10T07:01:47.947Z,1.12.6,1.9.0-DEV,428070c0f9ad,4.16.0,1.3.11,ctbllib-fs2-q3-findall,2397,1088,2026-08-10T08:11:02.752Z
3^(1+10):(2xU5(2):2),9697565306880,false,0,true,2026-08-10T07:01:47.947Z,1.12.6,1.9.0-DEV,428070c0f9ad,4.16.0,1.3.11,ctbllib-fs2-q3-findall,2397,1089,2026-08-10T08:11:15.691Z
3^(1+10):U5(2):2,4848782653440,false,0,true,2026-08-10T07:01:47.947Z,1.12.6,1.9.0-DEV,428070c0f9ad,4.16.0,1.3.11,ctbllib-fs2-q3-findall,2397,1090,2026-08-10T08:11:19.919Z
3^(1+10)_+:(2x2^(1+6)_-:3^(1+2)_+:2S4),58773123072,true,0,true,2026-08-10T07:01:47.947Z,1.12.6,1.9.0-DEV,428070c0f9ad,4.16.0,1.3.11,ctbllib-fs2-q3-findall,2397,1091,2026-08-10T08:11:50.935Z
3^(1+10)_+:2^(1+6)_-:3^(1+2)_+:2S4,29386561536,true,0,true,2026-08-10T07:01:47.947Z,1.12.6,1.9.0-DEV,428070c0f9ad,4.16.0,1.3.11,ctbllib-fs2-q3-findall,2397,1092,2026-08-10T08:11:58.984Z
3^(1+12).(2xU5(2).2),87278087761920,false,0,true,2026-08-10T07:01:47.947Z,1.12.6,1.9.0-DEV,428070c0f9ad,4.16.0,1.3.11,ctbllib-fs2-q3-findall,2397,1093,2026-08-10T08:12:27.918Z
3^(1+12).2.Suz.2,2859230155080499200,false,0,true,2026-08-10T07:01:47.947Z,1.12.6,1.9.0-DEV,428070c0f9ad,4.16.0,1.3.11,ctbllib-fs2-q3-findall,2397,1094,2026-08-10T08:12:33.306Z
3^(1+12):6.Suz.2,8577690465241497600,false,0,true,2026-08-10T07:01:47.947Z,1.12.6,1.9.0-DEV,428070c0f9ad,4.16.0,1.3.11,ctbllib-fs2-q3-findall,2397,1095,2026-08-10T08:13:06.743Z
3^(1+2)+.2S4,1296,true,0,true,2026-08-10T07:01:47.947Z,1.12.6,1.9.0-DEV,428070c0f9ad,4.16.0,1.3.11,ctbllib-fs2-q3-findall,2397,1096,2026-08-10T08:13:06.801Z
3^(1+2)+:2A4,648,true,0,true,2026-08-10T07:01:47.947Z,1.12.6,1.9.0-DEV,428070c0f9ad,4.16.0,1.3.11,ctbllib-fs2-q3-findall,2397,1097,2026-08-10T08:13:06.85Z
3^(1+2)+:2S4,1296,true,0,true,2026-08-10T07:01:47.947Z,1.12.6,1.9.0-DEV,428070c0f9ad,4.16.0,1.3.11,ctbllib-fs2-q3-findall,2397,1098,2026-08-10T08:13:06.91Z
3^(1+2):4,108,true,0,true,2026-08-10T07:01:47.947Z,1.12.6,1.9.0-DEV,428070c0f9ad,4.16.0,1.3.11,ctbllib-fs2-q3-findall,2397,1099,2026-08-10T08:13:06.935Z
3^(1+2):8,216,true,0,true,2026-08-10T07:01:47.947Z,1.12.6,1.9.0-DEV,428070c0f9ad,4.16.0,1.3.11,ctbllib-fs2-q3-findall,2397,1100,2026-08-10T08:13:06.988Z
3^(1+2):8:4,864,true,0,true,2026-08-10T07:01:47.947Z,1.12.6,1.9.0-DEV,428070c0f9ad,4.16.0,1.3.11,ctbllib-fs2-q3-findall,2397,1101,2026-08-10T08:13:07.317Z
3^(1+2):D8,216,true,0,true,2026-08-10T07:01:47.947Z,1.12.6,1.9.0-DEV,428070c0f9ad,4.16.0,1.3.11,ctbllib-fs2-q3-findall,2397,1102,2026-08-10T08:13:07.371Z
3^(1+2):SD16,432,true,0,true,2026-08-10T07:01:47.947Z,1.12.6,1.9.0-DEV,428070c0f9ad,4.16.0,1.3.11,ctbllib-fs2-q3-findall,2397,1103,2026-08-10T08:13:07.392Z
3^(1+2)_+,27,true,0,true,2026-08-10T07:01:47.947Z,1.12.6,1.9.0-DEV,428070c0f9ad,4.16.0,1.3.11,ctbllib-fs2-q3-findall,2397,1104,2026-08-10T08:13:07.41Z
3^(1+2)_+.(2S4x3),3888,true,0,true,2026-08-10T07:01:47.947Z,1.12.6,1.9.0-DEV,428070c0f9ad,4.16.0,1.3.11,ctbllib-fs2-q3-findall,2397,1105,2026-08-10T08:13:07.5Z
3^(1+2)_+:2,54,true,0,true,2026-08-10T07:01:47.947Z,1.12.6,1.9.0-DEV,428070c0f9ad,4.16.0,1.3.11,ctbllib-fs2-q3-findall,2397,1106,2026-08-10T08:13:07.517Z
3^(1+2)_+:Q8,216,true,0,true,2026-08-10T07:01:47.947Z,1.12.6,1.9.0-DEV,428070c0f9ad,4.16.0,1.3.11,ctbllib-fs2-q3-findall,2397,1107,2026-08-10T08:13:07.58Z
3^(1+4)+.2^(1+4)-.S3,46656,true,0,true,2026-08-10T07:01:47.947Z,1.12.6,1.9.0-DEV,428070c0f9ad,4.16.0,1.3.11,ctbllib-fs2-q3-findall,2397,1108,2026-08-10T08:13:07.745Z
3^(1+4)+.4S4,23328,true,0,true,2026-08-10T07:01:47.947Z,1.12.6,1.9.0-DEV,428070c0f9ad,4.16.0,1.3.11,ctbllib-fs2-q3-findall,2397,1109,2026-08-10T08:13:07.834Z
3^(1+4).2U4(2),12597120,false,0,true,2026-08-10T07:01:47.947Z,1.12.6,1.9.0-DEV,428070c0f9ad,4.16.0,1.3.11,ctbllib-fs2-q3-findall,2397,1110,2026-08-10T08:13:08.694Z
3^(1+4).2U4(2).2,25194240,false,0,true,2026-08-10T07:01:47.947Z,1.12.6,1.9.0-DEV,428070c0f9ad,4.16.0,1.3.11,ctbllib-fs2-q3-findall,2397,1111,2026-08-10T08:13:11.27Z
3^(1+4).2^(1+1+2+2).S3,93312,true,0,true,2026-08-10T07:01:47.947Z,1.12.6,1.9.0-DEV,428070c0f9ad,4.16.0,1.3.11,ctbllib-fs2-q3-findall,2397,1112,2026-08-10T08:13:11.487Z
3^(1+4):2S5,58320,false,0,true,2026-08-10T07:01:47.947Z,1.12.6,1.9.0-DEV,428070c0f9ad,4.16.0,1.3.11,ctbllib-fs2-q3-findall,2397,1113,2026-08-10T08:13:11.582Z
3^(1+4):4A5,58320,false,0,true,2026-08-10T07:01:47.947Z,1.12.6,1.9.0-DEV,428070c0f9ad,4.16.0,1.3.11,ctbllib-fs2-q3-findall,2397,1114,2026-08-10T08:13:11.66Z
3^(1+4):4S4,23328,true,0,true,2026-08-10T07:01:47.947Z,1.12.6,1.9.0-DEV,428070c0f9ad,4.16.0,1.3.11,ctbllib-fs2-q3-findall,2397,1115,2026-08-10T08:13:11.757Z
3^(1+4):4S5,116640,false,0,true,2026-08-10T07:01:47.947Z,1.12.6,1.9.0-DEV,428070c0f9ad,4.16.0,1.3.11,ctbllib-fs2-q3-findall,2397,1116,2026-08-10T08:13:11.876Z
3^(1+4)_+.2S4,11664,true,0,true,2026-08-10T07:01:47.947Z,1.12.6,1.9.0-DEV,428070c0f9ad,4.16.0,1.3.11,ctbllib-fs2-q3-findall,2397,1117,2026-08-10T08:13:11.916Z
3^(1+4)_+:(S3xQD16),23328,true,0,true,2026-08-10T07:01:47.947Z,1.12.6,1.9.0-DEV,428070c0f9ad,4.16.0,1.3.11,ctbllib-fs2-q3-findall,2397,1118,2026-08-10T08:13:12.075Z
3^(1+6):2^(3+4):3^2:2,5038848,true,0,true,2026-08-10T07:01:47.947Z,1.12.6,1.9.0-DEV,428070c0f9ad,4.16.0,1.3.11,ctbllib-fs2-q3-findall,2397,1119,2026-08-10T08:13:12.58Z
3^(1+6)_+:2^(3+4):(S3xS3),10077696,true,0,true,2026-08-10T07:01:47.947Z,1.12.6,1.9.0-DEV,428070c0f9ad,4.16.0,1.3.11,ctbllib-fs2-q3-findall,2397,1120,2026-08-10T08:13:13.49Z
3^(1+8).2^(1+6).3^(1+2).2S4,3265173504,true,0,true,2026-08-10T07:01:47.947Z,1.12.6,1.9.0-DEV,428070c0f9ad,4.16.0,1.3.11,ctbllib-fs2-q3-findall,2397,1121,2026-08-10T08:13:17.118Z
3^(1+8).2^(1+6).U4(2).2,130606940160,false,0,true,2026-08-10T07:01:47.947Z,1.12.6,1.9.0-DEV,428070c0f9ad,4.16.0,1.3.11,ctbllib-fs2-q3-findall,2397,1122,2026-08-10T08:13:24.544Z
3^(2+4):2(S4xD8),279936,true,0,true,2026-08-10T07:01:47.947Z,1.12.6,1.9.0-DEV,428070c0f9ad,4.16.0,1.3.11,ctbllib-fs2-q3-findall,2397,1123,2026-08-10T08:13:24.888Z
3^(2+4):2A5.D8,699840,false,0,true,2026-08-10T07:01:47.947Z,1.12.6,1.9.0-DEV,428070c0f9ad,4.16.0,1.3.11,ctbllib-fs2-q3-findall,2397,1124,2026-08-10T08:13:25.064Z
3^(2+4):80,58320,true,0,true,2026-08-10T07:01:47.947Z,1.12.6,1.9.0-DEV,428070c0f9ad,4.16.0,1.3.11,ctbllib-fs2-q3-findall,2397,1125,2026-08-10T08:13:26.676Z
3^(2+5+10).(M11x2S4),49093924366080,false,0,true,2026-08-10T07:01:47.947Z,1.12.6,1.9.0-DEV,428070c0f9ad,4.16.0,1.3.11,ctbllib-fs2-q3-findall,2397,1126,2026-08-10T08:13:38.483Z
3^(3+2+6+6):(L3(3)xSD16),11604018486528,false,0,true,2026-08-10T07:01:47.947Z,1.12.6,1.9.0-DEV,428070c0f9ad,4.16.0,1.3.11,ctbllib-fs2-q3-findall,2397,1127,2026-08-10T08:13:50.187Z
3^(3+3):L3(3),4094064,false,0,true,2026-08-10T07:01:47.947Z,1.12.6,1.9.0-DEV,428070c0f9ad,4.16.0,1.3.11,ctbllib-fs2-q3-findall,2397,1128,2026-08-10T08:13:50.428Z
3^(3+4):(2.S4)^2,5038848,true,0,true,2026-08-10T07:01:47.947Z,1.12.6,1.9.0-DEV,428070c0f9ad,4.16.0,1.3.11,ctbllib-fs2-q3-findall,2397,1129,2026-08-10T08:13:56.966Z
3^(3+4):2(S4xA4),1259712,true,0,true,2026-08-10T07:01:47.947Z,1.12.6,1.9.0-DEV,428070c0f9ad,4.16.0,1.3.11,ctbllib-fs2-q3-findall,2397,1130,2026-08-10T08:13:57.803Z
3^(3+4):2(S4xS4),2519424,true,0,true,2026-08-10T07:01:47.947Z,1.12.6,1.9.0-DEV,428070c0f9ad,4.16.0,1.3.11,ctbllib-fs2-q3-findall,2397,1131,2026-08-10T08:13:58.535Z
3^(3+6):(L3(3)x2),221079456,false,0,true,2026-08-10T07:01:47.947Z,1.12.6,1.9.0-DEV,428070c0f9ad,4.16.0,1.3.11,ctbllib-fs2-q3-findall,2397,1132,2026-08-10T08:14:01.489Z
3^(3+6):(L3(3)xD8),884317824,false,0,true,2026-08-10T07:01:47.947Z,1.12.6,1.9.0-DEV,428070c0f9ad,4.16.0,1.3.11,ctbllib-fs2-q3-findall,2397,1133,2026-08-10T08:14:05.778Z
3^(3+6):26,511758,true,0,true,2026-08-10T07:01:47.947Z,1.12.6,1.9.0-DEV,428070c0f9ad,4.16.0,1.3.11,ctbllib-fs2-q3-findall,2397,1134,2026-08-10T08:14:05.868Z
3^1+4:2^1+4.s5,933120,false,0,true,2026-08-10T07:01:47.947Z,1.12.6,1.9.0-DEV,428070c0f9ad,4.16.0,1.3.11,ctbllib-fs2-q3-findall,2397,1135,2026-08-10T08:14:06.047Z
3^1+4:4s6,699840,false,0,true,2026-08-10T07:01:47.947Z,1.12.6,1.9.0-DEV,428070c0f9ad,4.16.0,1.3.11,ctbllib-fs2-q3-findall,2397,1136,2026-08-10T08:14:06.238Z
3^12.6.Suz.2,2859230155080499200,false,0,true,2026-08-10T07:01:47.947Z,1.12.6,1.9.0-DEV,428070c0f9ad,4.16.0,1.3.11,ctbllib-fs2-q3-findall,2397,1137,2026-08-10T08:14:18.251Z
3^2,9,true,0,true,2026-08-10T07:01:47.947Z,1.12.6,1.9.0-DEV,428070c0f9ad,4.16.0,1.3.11,ctbllib-fs2-q3-findall,2397,1138,2026-08-10T08:14:18.266Z
3^2+4:2(2^2xa4)2,139968,true,0,true,2026-08-10T07:01:47.947Z,1.12.6,1.9.0-DEV,428070c0f9ad,4.16.0,1.3.11,ctbllib-fs2-q3-findall,2397,1139,2026-08-10T08:14:18.459Z
3^2.(3^(1+4)_+.2S4),104976,true,0,true,2026-08-10T07:01:47.947Z,1.12.6,1.9.0-DEV,428070c0f9ad,4.16.0,1.3.11,ctbllib-fs2-q3-findall,2397,1140,2026-08-10T08:14:19.563Z
3^2.(3^4:A6),262440,false,0,true,2026-08-10T07:01:47.947Z,1.12.6,1.9.0-DEV,428070c0f9ad,4.16.0,1.3.11,ctbllib-fs2-q3-findall,2397,1141,2026-08-10T08:14:22.06Z
3^2.(3x3^(1+2)+):2^2,2916,true,0,true,2026-08-10T07:01:47.947Z,1.12.6,1.9.0-DEV,428070c0f9ad,4.16.0,1.3.11,ctbllib-fs2-q3-findall,2397,1142,2026-08-10T08:14:22.433Z
3^2.(3x3^(1+2)+):D8,5832,true,0,true,2026-08-10T07:01:47.947Z,1.12.6,1.9.0-DEV,428070c0f9ad,4.16.0,1.3.11,ctbllib-fs2-q3-findall,2397,1143,2026-08-10T08:14:22.538Z
3^2.2.S4,432,true,0,true,2026-08-10T07:01:47.947Z,1.12.6,1.9.0-DEV,428070c0f9ad,4.16.0,1.3.11,ctbllib-fs2-q3-findall,2397,1144,2026-08-10T08:14:22.558Z
3^2.3^(1+2):8,1944,true,0,true,2026-08-10T07:01:47.947Z,1.12.6,1.9.0-DEV,428070c0f9ad,4.16.0,1.3.11,ctbllib-fs2-q3-findall,2397,1145,2026-08-10T08:14:22.614Z
3^2.3^(1+2):8.2,3888,true,0,true,2026-08-10T07:01:47.947Z,1.12.6,1.9.0-DEV,428070c0f9ad,4.16.0,1.3.11,ctbllib-fs2-q3-findall,2397,1146,2026-08-10T08:14:22.654Z
3^2.3^3.3^6.(S4x2S4),204073344,true,0,true,2026-08-10T07:01:47.947Z,1.12.6,1.9.0-DEV,428070c0f9ad,4.16.0,1.3.11,ctbllib-fs2-q3-findall,2397,1147,2026-08-10T08:14:26.923Z
3^2.3^4.3^8.(A5x2A4).2,13774950720,false,0,true,2026-08-10T07:01:47.947Z,1.12.6,1.9.0-DEV,428070c0f9ad,4.16.0,1.3.11,ctbllib-fs2-q3-findall,2397,1148,2026-08-10T08:14:35.248Z
3^2.3^4.3^8.(S5x2S4),27549901440,false,0,true,2026-08-10T07:01:47.947Z,1.12.6,1.9.0-DEV,428070c0f9ad,4.16.0,1.3.11,ctbllib-fs2-q3-findall,2397,1149,2026-08-10T08:14:58.964Z
3^2.U4(3),29393280,false,0,true,2026-08-10T07:01:47.947Z,1.12.6,1.9.0-DEV,428070c0f9ad,4.16.0,1.3.11,ctbllib-fs2-q3-findall,2397,1150,2026-08-10T08:14:59.933Z
3^2.U4(3).(2^2)_{133},117573120,false,0,true,2026-08-10T07:01:47.947Z,1.12.6,1.9.0-DEV,428070c0f9ad,4.16.0,1.3.11,ctbllib-fs2-q3-findall,2397,1151,2026-08-10T08:15:00.572Z
3^2.U4(3).2_3',58786560,false,0,true,2026-08-10T07:01:47.947Z,1.12.6,1.9.0-DEV,428070c0f9ad,4.16.0,1.3.11,ctbllib-fs2-q3-findall,2397,1152,2026-08-10T08:15:04.169Z
3^2.U4(3).D8,235146240,false,0,true,2026-08-10T07:01:47.947Z,1.12.6,1.9.0-DEV,428070c0f9ad,4.16.0,1.3.11,ctbllib-fs2-q3-findall,2397,1153,2026-08-10T08:15:04.902Z
3^2:2,18,true,0,true,2026-08-10T07:01:47.947Z,1.12.6,1.9.0-DEV,428070c0f9ad,4.16.0,1.3.11,ctbllib-fs2-q3-findall,2397,1154,2026-08-10T08:15:04.914Z
3^2:2A4,216,true,0,true,2026-08-10T07:01:47.947Z,1.12.6,1.9.0-DEV,428070c0f9ad,4.16.0,1.3.11,ctbllib-fs2-q3-findall,2397,1155,2026-08-10T08:15:04.933Z
3^2:2A4x3,648,true,0,true,2026-08-10T07:01:47.947Z,1.12.6,1.9.0-DEV,428070c0f9ad,4.16.0,1.3.11,ctbllib-fs2-q3-findall,2397,1156,2026-08-10T08:15:05.004Z
3^2:4,36,true,0,true,2026-08-10T07:01:47.947Z,1.12.6,1.9.0-DEV,428070c0f9ad,4.16.0,1.3.11,ctbllib-fs2-q3-findall,2397,1157,2026-08-10T08:15:05.015Z
3^2:8,72,true,0,true,2026-08-10T07:01:47.947Z,1.12.6,1.9.0-DEV,428070c0f9ad,4.16.0,1.3.11,ctbllib-fs2-q3-findall,2397,1158,2026-08-10T08:15:05.039Z
3^2:Q8,72,true,0,true,2026-08-10T07:01:47.947Z,1.12.6,1.9.0-DEV,428070c0f9ad,4.16.0,1.3.11,ctbllib-fs2-q3-findall,2397,1159,2026-08-10T08:15:05.08Z
3^2:Q8.2,144,true,0,true,2026-08-10T07:01:47.947Z,1.12.6,1.9.0-DEV,428070c0f9ad,4.16.0,1.3.11,ctbllib-fs2-q3-findall,2397,1160,2026-08-10T08:15:05.091Z
3^3.(3x3^(1+2)+):2^2,8748,true,0,true,2026-08-10T07:01:47.947Z,1.12.6,1.9.0-DEV,428070c0f9ad,4.16.0,1.3.11,ctbllib-fs2-q3-findall,2397,1161,2026-08-10T08:15:05.498Z
3^3.3^(1+2):8,5832,true,0,true,2026-08-10T07:01:47.947Z,1.12.6,1.9.0-DEV,428070c0f9ad,4.16.0,1.3.11,ctbllib-fs2-q3-findall,2397,1162,2026-08-10T08:15:05.593Z
3^3.3^(1+2):8.2,11664,true,0,true,2026-08-10T07:01:47.947Z,1.12.6,1.9.0-DEV,428070c0f9ad,4.16.0,1.3.11,ctbllib-fs2-q3-findall,2397,1163,2026-08-10T08:15:05.65Z
3^3.S4,648,true,0,true,2026-08-10T07:01:47.947Z,1.12.6,1.9.0-DEV,428070c0f9ad,4.16.0,1.3.11,ctbllib-fs2-q3-findall,2397,1164,2026-08-10T08:15:05.727Z
3^3.[3^10].(L3(3)x2^2),35814871872,false,0,true,2026-08-10T07:01:47.947Z,1.12.6,1.9.0-DEV,428070c0f9ad,4.16.0,1.3.11,ctbllib-fs2-q3-findall,2397,1165,2026-08-10T08:15:28.204Z
3^3.[3^10].GL3(3),17907435936,false,0,true,2026-08-10T07:01:47.947Z,1.12.6,1.9.0-DEV,428070c0f9ad,4.16.0,1.3.11,ctbllib-fs2-q3-findall,2397,1166,2026-08-10T08:15:35.477Z
3^3:(S3x2),324,true,0,true,2026-08-10T07:01:47.947Z,1.12.6,1.9.0-DEV,428070c0f9ad,4.16.0,1.3.11,ctbllib-fs2-q3-findall,2397,1167,2026-08-10T08:15:35.771Z
3^3:13,351,true,0,true,2026-08-10T07:01:47.947Z,1.12.6,1.9.0-DEV,428070c0f9ad,4.16.0,1.3.11,ctbllib-fs2-q3-findall,2397,1168,2026-08-10T08:15:35.803Z
3^3:A4,324,true,0,true,2026-08-10T07:01:47.947Z,1.12.6,1.9.0-DEV,428070c0f9ad,4.16.0,1.3.11,ctbllib-fs2-q3-findall,2397,1169,2026-08-10T08:15:35.881Z
3^3:L3(3),151632,false,0,true,2026-08-10T07:01:47.947Z,1.12.6,1.9.0-DEV,428070c0f9ad,4.16.0,1.3.11,ctbllib-fs2-q3-findall,2397,1170,2026-08-10T08:15:35.958Z
3^3:S3,162,true,0,true,2026-08-10T07:01:47.947Z,1.12.6,1.9.0-DEV,428070c0f9ad,4.16.0,1.3.11,ctbllib-fs2-q3-findall,2397,1171,2026-08-10T08:15:36.27Z
3^3:S4`,648,true,0,true,2026-08-10T07:01:47.947Z,1.12.6,1.9.0-DEV,428070c0f9ad,4.16.0,1.3.11,ctbllib-fs2-q3-findall,2397,1172,2026-08-10T08:15:36.327Z
"3^4.(3xSL(2,3)).2",11664,true,0,true,2026-08-10T07:01:47.947Z,1.12.6,1.9.0-DEV,428070c0f9ad,4.16.0,1.3.11,ctbllib-fs2-q3-findall,2397,1173,2026-08-10T08:15:36.673Z
3^4.2U4(2),4199040,false,0,true,2026-08-10T07:01:47.947Z,1.12.6,1.9.0-DEV,428070c0f9ad,4.16.0,1.3.11,ctbllib-fs2-q3-findall,2397,1174,2026-08-10T08:15:36.929Z
3^4.2U4(2).2,8398080,false,0,true,2026-08-10T07:01:47.947Z,1.12.6,1.9.0-DEV,428070c0f9ad,4.16.0,1.3.11,ctbllib-fs2-q3-findall,2397,1175,2026-08-10T08:15:37.135Z
3^4.3^2.Q8,5832,true,0,true,2026-08-10T07:01:47.947Z,1.12.6,1.9.0-DEV,428070c0f9ad,4.16.0,1.3.11,ctbllib-fs2-q3-findall,2397,1176,2026-08-10T08:15:37.225Z
3^4.3^2:4,2916,true,0,true,2026-08-10T07:01:47.947Z,1.12.6,1.9.0-DEV,428070c0f9ad,4.16.0,1.3.11,ctbllib-fs2-q3-findall,2397,1177,2026-08-10T08:15:37.557Z
3^4.A6.D8,233280,false,0,true,2026-08-10T07:01:47.947Z,1.12.6,1.9.0-DEV,428070c0f9ad,4.16.0,1.3.11,ctbllib-fs2-q3-findall,2397,1178,2026-08-10T08:15:37.681Z
3^4:(2xA5),9720,false,0,true,2026-08-10T07:01:47.947Z,1.12.6,1.9.0-DEV,428070c0f9ad,4.16.0,1.3.11,ctbllib-fs2-q3-findall,2397,1179,2026-08-10T08:15:37.793Z
3^4:(2xA6),58320,false,0,true,2026-08-10T07:01:47.947Z,1.12.6,1.9.0-DEV,428070c0f9ad,4.16.0,1.3.11,ctbllib-fs2-q3-findall,2397,1180,2026-08-10T08:15:37.9Z
3^4:(M10x2),116640,false,0,true,2026-08-10T07:01:47.947Z,1.12.6,1.9.0-DEV,428070c0f9ad,4.16.0,1.3.11,ctbllib-fs2-q3-findall,2397,1181,2026-08-10T08:15:38.009Z
3^4:2(A4xA4).2,46656,true,0,true,2026-08-10T07:01:47.947Z,1.12.6,1.9.0-DEV,428070c0f9ad,4.16.0,1.3.11,ctbllib-fs2-q3-findall,2397,1182,2026-08-10T08:15:38.144Z
3^4:2(A4xA4).4,93312,true,0,true,2026-08-10T07:01:47.947Z,1.12.6,1.9.0-DEV,428070c0f9ad,4.16.0,1.3.11,ctbllib-fs2-q3-findall,2397,1183,2026-08-10T08:15:40.76Z
3^4:2(S4xS4).2,186624,true,0,true,2026-08-10T07:01:47.947Z,1.12.6,1.9.0-DEV,428070c0f9ad,4.16.0,1.3.11,ctbllib-fs2-q3-findall,2397,1184,2026-08-10T08:15:40.902Z
3^4:2.A6,58320,false,0,true,2026-08-10T07:01:47.947Z,1.12.6,1.9.0-DEV,428070c0f9ad,4.16.0,1.3.11,ctbllib-fs2-q3-findall,2397,1185,2026-08-10T08:15:41.053Z
3^4:2^(1+4).(5:4),51840,true,0,true,2026-08-10T07:01:47.947Z,1.12.6,1.9.0-DEV,428070c0f9ad,4.16.0,1.3.11,ctbllib-fs2-q3-findall,2397,1186,2026-08-10T08:15:41.124Z
3^4:2^(1+4)D10,25920,true,0,true,2026-08-10T07:01:47.947Z,1.12.6,1.9.0-DEV,428070c0f9ad,4.16.0,1.3.11,ctbllib-fs2-q3-findall,2397,1187,2026-08-10T08:15:41.155Z
3^4:2^3.S4,15552,true,0,true,2026-08-10T07:01:47.947Z,1.12.6,1.9.0-DEV,428070c0f9ad,4.16.0,1.3.11,ctbllib-fs2-q3-findall,2397,1188,2026-08-10T08:15:41.25Z
3^4:2^3.S4(a),15552,true,0,true,2026-08-10T07:01:47.947Z,1.12.6,1.9.0-DEV,428070c0f9ad,4.16.0,1.3.11,ctbllib-fs2-q3-findall,2397,1189,2026-08-10T08:15:41.362Z
3^4:3^2:D8,5832,true,0,true,2026-08-10T07:01:47.947Z,1.12.6,1.9.0-DEV,428070c0f9ad,4.16.0,1.3.11,ctbllib-fs2-q3-findall,2397,1190,2026-08-10T08:15:41.721Z
3^4:40,3240,true,0,true,2026-08-10T07:01:47.947Z,1.12.6,1.9.0-DEV,428070c0f9ad,4.16.0,1.3.11,ctbllib-fs2-q3-findall,2397,1191,2026-08-10T08:15:41.896Z
3^4:A6,29160,false,0,true,2026-08-10T07:01:47.947Z,1.12.6,1.9.0-DEV,428070c0f9ad,4.16.0,1.3.11,ctbllib-fs2-q3-findall,2397,1192,2026-08-10T08:15:41.992Z
3^4:GL2(9),466560,false,0,true,2026-08-10T07:01:47.947Z,1.12.6,1.9.0-DEV,428070c0f9ad,4.16.0,1.3.11,ctbllib-fs2-q3-findall,2397,1193,2026-08-10T08:15:42.342Z
3^4:S5,9720,false,0,true,2026-08-10T07:01:47.947Z,1.12.6,1.9.0-DEV,428070c0f9ad,4.16.0,1.3.11,ctbllib-fs2-q3-findall,2397,1194,2026-08-10T08:15:42.438Z
3^4:S6,58320,false,0,true,2026-08-10T07:01:47.947Z,1.12.6,1.9.0-DEV,428070c0f9ad,4.16.0,1.3.11,ctbllib-fs2-q3-findall,2397,1195,2026-08-10T08:15:42.793Z
3^4:m10,58320,false,0,true,2026-08-10T07:01:47.947Z,1.12.6,1.9.0-DEV,428070c0f9ad,4.16.0,1.3.11,ctbllib-fs2-q3-findall,2397,1196,2026-08-10T08:15:42.869Z
3^5.3^(1+2).2.S4,314928,true,0,true,2026-08-10T07:01:47.947Z,1.12.6,1.9.0-DEV,428070c0f9ad,4.16.0,1.3.11,ctbllib-fs2-q3-findall,2397,1197,2026-08-10T08:15:44.655Z
3^5.3^3.(2xS4),314928,true,0,true,2026-08-10T07:01:47.947Z,1.12.6,1.9.0-DEV,428070c0f9ad,4.16.0,1.3.11,ctbllib-fs2-q3-findall,2397,1198,2026-08-10T08:15:45.255Z
3^5.U4(2),6298560,false,0,true,2026-08-10T07:01:47.947Z,1.12.6,1.9.0-DEV,428070c0f9ad,4.16.0,1.3.11,ctbllib-fs2-q3-findall,2397,1199,2026-08-10T08:15:45.565Z
3^5:(2xU4(2).2),25194240,false,0,true,2026-08-10T07:01:47.947Z,1.12.6,1.9.0-DEV,428070c0f9ad,4.16.0,1.3.11,ctbllib-fs2-q3-findall,2397,1200,2026-08-10T08:15:47.671Z
3^5:(2xm11),3849120,false,0,true,2026-08-10T07:01:47.947Z,1.12.6,1.9.0-DEV,428070c0f9ad,4.16.0,1.3.11,ctbllib-fs2-q3-findall,2397,1201,2026-08-10T08:15:47.799Z
3^5:(3^2:SD16),34992,true,0,true,2026-08-10T07:01:47.947Z,1.12.6,1.9.0-DEV,428070c0f9ad,4.16.0,1.3.11,ctbllib-fs2-q3-findall,2397,1202,2026-08-10T08:15:47.92Z
3^5:(M10x2),349920,false,0,true,2026-08-10T07:01:47.947Z,1.12.6,1.9.0-DEV,428070c0f9ad,4.16.0,1.3.11,ctbllib-fs2-q3-findall,2397,1203,2026-08-10T08:15:48.067Z
3^5:(M11x2),3849120,false,0,true,2026-08-10T07:01:47.947Z,1.12.6,1.9.0-DEV,428070c0f9ad,4.16.0,1.3.11,ctbllib-fs2-q3-findall,2397,1204,2026-08-10T08:15:48.164Z
3^5:2S6,349920,false,0,true,2026-08-10T07:01:47.947Z,1.12.6,1.9.0-DEV,428070c0f9ad,4.16.0,1.3.11,ctbllib-fs2-q3-findall,2397,1205,2026-08-10T08:15:48.305Z
3^5:M10,174960,false,0,true,2026-08-10T07:01:47.947Z,1.12.6,1.9.0-DEV,428070c0f9ad,4.16.0,1.3.11,ctbllib-fs2-q3-findall,2397,1206,2026-08-10T08:15:48.393Z
3^5:M11,1924560,false,0,true,2026-08-10T07:01:47.947Z,1.12.6,1.9.0-DEV,428070c0f9ad,4.16.0,1.3.11,ctbllib-fs2-q3-findall,2397,1207,2026-08-10T08:15:48.444Z
3^5:U4(2),6298560,false,0,true,2026-08-10T07:01:47.947Z,1.12.6,1.9.0-DEV,428070c0f9ad,4.16.0,1.3.11,ctbllib-fs2-q3-findall,2397,1208,2026-08-10T08:15:48.816Z
3^5:U4(2):2,12597120,false,0,true,2026-08-10T07:01:47.947Z,1.12.6,1.9.0-DEV,428070c0f9ad,4.16.0,1.3.11,ctbllib-fs2-q3-findall,2397,1209,2026-08-10T08:15:51.567Z
3^6.L4(3).D8,35372712960,false,0,true,2026-08-10T07:01:47.947Z,1.12.6,1.9.0-DEV,428070c0f9ad,4.16.0,1.3.11,ctbllib-fs2-q3-findall,2397,1210,2026-08-10T08:15:55.473Z
3^6.M11,5773680,false,0,true,2026-08-10T07:01:47.947Z,1.12.6,1.9.0-DEV,428070c0f9ad,4.16.0,1.3.11,ctbllib-fs2-q3-findall,2397,1211,2026-08-10T08:15:55.785Z
3^6:(L4(3)x2),8843178240,false,0,true,2026-08-10T07:01:47.947Z,1.12.6,1.9.0-DEV,428070c0f9ad,4.16.0,1.3.11,ctbllib-fs2-q3-findall,2397,1212,2026-08-10T08:15:58.531Z
3^6:(M11x2),11547360,false,0,true,2026-08-10T07:01:47.947Z,1.12.6,1.9.0-DEV,428070c0f9ad,4.16.0,1.3.11,ctbllib-fs2-q3-findall,2397,1213,2026-08-10T08:15:58.802Z
3^6:2M12,138568320,false,0,true,2026-08-10T07:01:47.947Z,1.12.6,1.9.0-DEV,428070c0f9ad,4.16.0,1.3.11,ctbllib-fs2-q3-findall,2397,1214,2026-08-10T08:15:59.04Z
3^6:2U4(3).2_1,9523422720,false,0,true,2026-08-10T07:01:47.947Z,1.12.6,1.9.0-DEV,428070c0f9ad,4.16.0,1.3.11,ctbllib-fs2-q3-findall,2397,1215,2026-08-10T08:16:02.924Z
3^6:L3(3),4094064,false,0,true,2026-08-10T07:01:47.947Z,1.12.6,1.9.0-DEV,428070c0f9ad,4.16.0,1.3.11,ctbllib-fs2-q3-findall,2397,1216,2026-08-10T08:16:03.142Z
3^6:L4(3),4421589120,false,0,true,2026-08-10T07:01:47.947Z,1.12.6,1.9.0-DEV,428070c0f9ad,4.16.0,1.3.11,ctbllib-fs2-q3-findall,2397,1217,2026-08-10T08:16:04.012Z
3^6:L4(3):2_2,8843178240,false,0,true,2026-08-10T07:01:47.947Z,1.12.6,1.9.0-DEV,428070c0f9ad,4.16.0,1.3.11,ctbllib-fs2-q3-findall,2397,1218,2026-08-10T08:16:07.514Z
3^7.O7(3),10028164124160,false,0,true,2026-08-10T07:01:47.947Z,1.12.6,1.9.0-DEV,428070c0f9ad,4.16.0,1.3.11,ctbllib-fs2-q3-findall,2397,1219,2026-08-10T08:16:11.104Z
3^7.O7(3):2,20056328248320,false,0,true,2026-08-10T07:01:47.947Z,1.12.6,1.9.0-DEV,428070c0f9ad,4.16.0,1.3.11,ctbllib-fs2-q3-findall,2397,1220,2026-08-10T08:16:23.003Z
3^7:O7(3),10028164124160,false,0,true,2026-08-10T07:01:47.947Z,1.12.6,1.9.0-DEV,428070c0f9ad,4.16.0,1.3.11,ctbllib-fs2-q3-findall,2397,1221,2026-08-10T08:16:28.469Z
3^8.O8-(3).2_3,133214132225341440,false,0,true,2026-08-10T07:01:47.947Z,1.12.6,1.9.0-DEV,428070c0f9ad,4.16.0,1.3.11,ctbllib-fs2-q3-findall,2397,1222,2026-08-10T08:16:33.001Z
3_1.U4(3),9797760,false,0,true,2026-08-10T07:01:47.947Z,1.12.6,1.9.0-DEV,428070c0f9ad,4.16.0,1.3.11,ctbllib-fs2-q3-findall,2397,1223,2026-08-10T08:16:33.25Z
3_1.U4(3).(2^2)_{122},39191040,false,0,true,2026-08-10T07:01:47.947Z,1.12.6,1.9.0-DEV,428070c0f9ad,4.16.0,1.3.11,ctbllib-fs2-q3-findall,2397,1224,2026-08-10T08:16:33.792Z
3_1.U4(3).2_1,19595520,false,0,true,2026-08-10T07:01:47.947Z,1.12.6,1.9.0-DEV,428070c0f9ad,4.16.0,1.3.11,ctbllib-fs2-q3-findall,2397,1225,2026-08-10T08:16:35.247Z
3_1.U4(3).2_2,19595520,false,0,true,2026-08-10T07:01:47.947Z,1.12.6,1.9.0-DEV,428070c0f9ad,4.16.0,1.3.11,ctbllib-fs2-q3-findall,2397,1226,2026-08-10T08:16:35.695Z
3_1.U4(3).2_2',19595520,false,0,true,2026-08-10T07:01:47.947Z,1.12.6,1.9.0-DEV,428070c0f9ad,4.16.0,1.3.11,ctbllib-fs2-q3-findall,2397,1227,2026-08-10T08:16:35.864Z
3_2.U4(3),9797760,false,0,true,2026-08-10T07:01:47.947Z,1.12.6,1.9.0-DEV,428070c0f9ad,4.16.0,1.3.11,ctbllib-fs2-q3-findall,2397,1228,2026-08-10T08:16:35.988Z
3_2.U4(3).(2^2)_{133},39191040,false,0,true,2026-08-10T07:01:47.947Z,1.12.6,1.9.0-DEV,428070c0f9ad,4.16.0,1.3.11,ctbllib-fs2-q3-findall,2397,1229,2026-08-10T08:16:36.259Z
3_2.U4(3).2_1,19595520,false,0,true,2026-08-10T07:01:47.947Z,1.12.6,1.9.0-DEV,428070c0f9ad,4.16.0,1.3.11,ctbllib-fs2-q3-findall,2397,1230,2026-08-10T08:16:36.412Z
3_2.U4(3).2_3,19595520,false,0,true,2026-08-10T07:01:47.947Z,1.12.6,1.9.0-DEV,428070c0f9ad,4.16.0,1.3.11,ctbllib-fs2-q3-findall,2397,1231,2026-08-10T08:16:36.632Z
3_2.U4(3).2_3',19595520,false,0,true,2026-08-10T07:01:47.947Z,1.12.6,1.9.0-DEV,428070c0f9ad,4.16.0,1.3.11,ctbllib-fs2-q3-findall,2397,1232,2026-08-10T08:16:36.734Z
3x(2.A5xD10).2,7200,false,0,true,2026-08-10T07:01:47.947Z,1.12.6,1.9.0-DEV,428070c0f9ad,4.16.0,1.3.11,ctbllib-fs2-q3-findall,2397,1233,2026-08-10T08:16:39.934Z
3x(2^2xU4(2)):2,622080,false,0,true,2026-08-10T07:01:47.947Z,1.12.6,1.9.0-DEV,428070c0f9ad,4.16.0,1.3.11,ctbllib-fs2-q3-findall,2397,1234,2026-08-10T08:16:43.899Z
3x(2x13).6,468,true,0,true,2026-08-10T07:01:47.947Z,1.12.6,1.9.0-DEV,428070c0f9ad,4.16.0,1.3.11,ctbllib-fs2-q3-findall,2397,1235,2026-08-10T08:16:44.36Z
3x(2x2^(1+8)):U4(2):2,159252480,false,0,true,2026-08-10T07:01:47.947Z,1.12.6,1.9.0-DEV,428070c0f9ad,4.16.0,1.3.11,ctbllib-fs2-q3-findall,2397,1236,2026-08-10T08:16:55.598Z
3x(2x2^(1+8)_+).2.2^4.(S3xS3),3538944,true,0,true,2026-08-10T07:01:47.947Z,1.12.6,1.9.0-DEV,428070c0f9ad,4.16.0,1.3.11,ctbllib-fs2-q3-findall,2397,1237,2026-08-10T08:17:19.84Z
3x(2xL3(3)).2,67392,false,0,true,2026-08-10T07:01:47.947Z,1.12.6,1.9.0-DEV,428070c0f9ad,4.16.0,1.3.11,ctbllib-fs2-q3-findall,2397,1238,2026-08-10T08:17:20.38Z
3x(3xA6):2_2,6480,false,0,true,2026-08-10T07:01:47.947Z,1.12.6,1.9.0-DEV,428070c0f9ad,4.16.0,1.3.11,ctbllib-fs2-q3-findall,2397,1239,2026-08-10T08:17:20.884Z
3x(4^2x2).2^3.S3,4608,true,0,true,2026-08-10T07:01:47.947Z,1.12.6,1.9.0-DEV,428070c0f9ad,4.16.0,1.3.11,ctbllib-fs2-q3-findall,2397,1240,2026-08-10T08:17:21.727Z
3x(4x2^2).2^4.S3,4608,true,0,true,2026-08-10T07:01:47.947Z,1.12.6,1.9.0-DEV,428070c0f9ad,4.16.0,1.3.11,ctbllib-fs2-q3-findall,2397,1241,2026-08-10T08:17:22.246Z
3x(A4x11:5).2,3960,true,0,true,2026-08-10T07:01:47.947Z,1.12.6,1.9.0-DEV,428070c0f9ad,4.16.0,1.3.11,ctbllib-fs2-q3-findall,2397,1242,2026-08-10T08:17:23.965Z
3x(A4x7:3):2,1512,true,0,true,2026-08-10T07:01:47.947Z,1.12.6,1.9.0-DEV,428070c0f9ad,4.16.0,1.3.11,ctbllib-fs2-q3-findall,2397,1243,2026-08-10T08:17:24.474Z
3x(A5xD10).2,3600,false,0,true,2026-08-10T07:01:47.947Z,1.12.6,1.9.0-DEV,428070c0f9ad,4.16.0,1.3.11,ctbllib-fs2-q3-findall,2397,1244,2026-08-10T08:17:25.012Z
3x(D10xA9).2,10886400,false,0,true,2026-08-10T07:01:47.947Z,1.12.6,1.9.0-DEV,428070c0f9ad,4.16.0,1.3.11,ctbllib-fs2-q3-findall,2397,1245,2026-08-10T08:17:29.566Z
"3x(SL(2,3)x7:3).2",3024,true,0,true,2026-08-10T07:01:47.947Z,1.12.6,1.9.0-DEV,428070c0f9ad,4.16.0,1.3.11,ctbllib-fs2-q3-findall,2397,1246,2026-08-10T08:17:31.663Z
3x11:10,330,true,0,true,2026-08-10T07:01:47.947Z,1.12.6,1.9.0-DEV,428070c0f9ad,4.16.0,1.3.11,ctbllib-fs2-q3-findall,2397,1247,2026-08-10T08:17:32.018Z
3x11:20,660,true,0,true,2026-08-10T07:01:47.947Z,1.12.6,1.9.0-DEV,428070c0f9ad,4.16.0,1.3.11,ctbllib-fs2-q3-findall,2397,1248,2026-08-10T08:17:32.586Z
3x11:5,165,true,0,true,2026-08-10T07:01:47.947Z,1.12.6,1.9.0-DEV,428070c0f9ad,4.16.0,1.3.11,ctbllib-fs2-q3-findall,2397,1249,2026-08-10T08:17:32.947Z
3x13:6,234,true,0,true,2026-08-10T07:01:47.947Z,1.12.6,1.9.0-DEV,428070c0f9ad,4.16.0,1.3.11,ctbllib-fs2-q3-findall,2397,1250,2026-08-10T08:17:33.297Z
3x17:16,816,true,0,true,2026-08-10T07:01:47.947Z,1.12.6,1.9.0-DEV,428070c0f9ad,4.16.0,1.3.11,ctbllib-fs2-q3-findall,2397,1251,2026-08-10T08:17:33.797Z
3x17:8,408,true,0,true,2026-08-10T07:01:47.947Z,1.12.6,1.9.0-DEV,428070c0f9ad,4.16.0,1.3.11,ctbllib-fs2-q3-findall,2397,1252,2026-08-10T08:17:34.837Z
3x19:3,171,true,0,true,2026-08-10T07:01:47.947Z,1.12.6,1.9.0-DEV,428070c0f9ad,4.16.0,1.3.11,ctbllib-fs2-q3-findall,2397,1253,2026-08-10T08:17:35.045Z
3x19:6,342,true,0,true,2026-08-10T07:01:47.947Z,1.12.6,1.9.0-DEV,428070c0f9ad,4.16.0,1.3.11,ctbllib-fs2-q3-findall,2397,1254,2026-08-10T08:17:35.419Z
3x19:9,513,true,0,true,2026-08-10T07:01:47.947Z,1.12.6,1.9.0-DEV,428070c0f9ad,4.16.0,1.3.11,ctbllib-fs2-q3-findall,2397,1255,2026-08-10T08:17:35.828Z
3x2(A4xA4).2^2,3456,true,0,true,2026-08-10T07:01:47.947Z,1.12.6,1.9.0-DEV,428070c0f9ad,4.16.0,1.3.11,ctbllib-fs2-q3-findall,2397,1256,2026-08-10T08:17:36.067Z
3x2.(2^2xU4(2)).2,1244160,false,0,true,2026-08-10T07:01:47.947Z,1.12.6,1.9.0-DEV,428070c0f9ad,4.16.0,1.3.11,ctbllib-fs2-q3-findall,2397,1257,2026-08-10T08:17:42.16Z
3x2.(2xL2(11)),7920,false,0,true,2026-08-10T07:01:47.947Z,1.12.6,1.9.0-DEV,428070c0f9ad,4.16.0,1.3.11,ctbllib-fs2-q3-findall,2397,1258,2026-08-10T08:17:42.613Z
3x2.(S6xS4),103680,false,0,true,2026-08-10T07:01:47.947Z,1.12.6,1.9.0-DEV,428070c0f9ad,4.16.0,1.3.11,ctbllib-fs2-q3-findall,2397,1259,2026-08-10T08:17:48.317Z
3x2.2^(1+8)_+:U4(2),79626240,false,0,true,2026-08-10T07:01:47.947Z,1.12.6,1.9.0-DEV,428070c0f9ad,4.16.0,1.3.11,ctbllib-fs2-q3-findall,2397,1260,2026-08-10T08:17:56.808Z
3x2.2^(4+8):(S3xA5),8847360,false,0,true,2026-08-10T07:01:47.947Z,1.12.6,1.9.0-DEV,428070c0f9ad,4.16.0,1.3.11,ctbllib-fs2-q3-findall,2397,1261,2026-08-10T08:18:08.364Z
3x2.A5,360,false,0,true,2026-08-10T07:01:47.947Z,1.12.6,1.9.0-DEV,428070c0f9ad,4.16.0,1.3.11,ctbllib-fs2-q3-findall,2397,1262,2026-08-10T08:18:08.476Z
3x2.A8,120960,false,0,true,2026-08-10T07:01:47.947Z,1.12.6,1.9.0-DEV,428070c0f9ad,4.16.0,1.3.11,ctbllib-fs2-q3-findall,2397,1263,2026-08-10T08:18:08.867Z
3x2.D10,60,true,0,true,2026-08-10T07:01:47.947Z,1.12.6,1.9.0-DEV,428070c0f9ad,4.16.0,1.3.11,ctbllib-fs2-q3-findall,2397,1264,2026-08-10T08:18:09.198Z
3x2.F4(2),19866759620198400,false,0,true,2026-08-10T07:01:47.947Z,1.12.6,1.9.0-DEV,428070c0f9ad,4.16.0,1.3.11,ctbllib-fs2-q3-findall,2397,1265,2026-08-10T08:18:39.739Z
3x2.Fi22.2,774741019852800,false,0,true,2026-08-10T07:01:47.947Z,1.12.6,1.9.0-DEV,428070c0f9ad,4.16.0,1.3.11,ctbllib-fs2-q3-findall,2397,1266,2026-08-10T08:18:59.428Z
3x2.Fi22N2,786432,true,0,true,2026-08-10T07:01:47.947Z,1.12.6,1.9.0-DEV,428070c0f9ad,4.16.0,1.3.11,ctbllib-fs2-q3-findall,2397,1267,2026-08-10T08:20:22.371Z
3x2.G2(4),1509580800,false,0,true,2026-08-10T07:01:47.947Z,1.12.6,1.9.0-DEV,428070c0f9ad,4.16.0,1.3.11,ctbllib-fs2-q3-findall,2397,1268,2026-08-10T08:20:23.981Z
3x2.J2.2,7257600,false,0,true,2026-08-10T07:01:47.947Z,1.12.6,1.9.0-DEV,428070c0f9ad,4.16.0,1.3.11,ctbllib-fs2-q3-findall,2397,1269,2026-08-10T08:20:27.661Z
3x2.J2.2N5,3600,true,0,true,2026-08-10T07:01:47.947Z,1.12.6,1.9.0-DEV,428070c0f9ad,4.16.0,1.3.11,ctbllib-fs2-q3-findall,2397,1270,2026-08-10T08:20:28.35Z
3x2.L2(25),46800,false,0,true,2026-08-10T07:01:47.947Z,1.12.6,1.9.0-DEV,428070c0f9ad,4.16.0,1.3.11,ctbllib-fs2-q3-findall,2397,1271,2026-08-10T08:20:28.824Z
3x2.L3(2),1008,false,0,true,2026-08-10T07:01:47.947Z,1.12.6,1.9.0-DEV,428070c0f9ad,4.16.0,1.3.11,ctbllib-fs2-q3-findall,2397,1272,2026-08-10T08:20:28.93Z
3x2.L4(3).2_2,72783360,false,0,true,2026-08-10T07:01:47.947Z,1.12.6,1.9.0-DEV,428070c0f9ad,4.16.0,1.3.11,ctbllib-fs2-q3-findall,2397,1273,2026-08-10T08:20:33.108Z
3x2.M22M5,11520,false,0,true,2026-08-10T07:01:47.947Z,1.12.6,1.9.0-DEV,428070c0f9ad,4.16.0,1.3.11,ctbllib-fs2-q3-findall,2397,1274,2026-08-10T08:20:33.361Z
3x2.M22N2,768,true,0,true,2026-08-10T07:01:47.947Z,1.12.6,1.9.0-DEV,428070c0f9ad,4.16.0,1.3.11,ctbllib-fs2-q3-findall,2397,1275,2026-08-10T08:20:34.064Z
3x2.S6(2),8709120,false,0,true,2026-08-10T07:01:47.947Z,1.12.6,1.9.0-DEV,428070c0f9ad,4.16.0,1.3.11,ctbllib-fs2-q3-findall,2397,1276,2026-08-10T08:20:37.23Z
3x2.SuzM4,19906560,false,0,true,2026-08-10T07:01:47.947Z,1.12.6,1.9.0-DEV,428070c0f9ad,4.16.0,1.3.11,ctbllib-fs2-q3-findall,2397,1277,2026-08-10T08:20:44.546Z
3x2.SuzM7,6635520,false,0,true,2026-08-10T07:01:47.947Z,1.12.6,1.9.0-DEV,428070c0f9ad,4.16.0,1.3.11,ctbllib-fs2-q3-findall,2397,1278,2026-08-10T08:20:49.802Z
3x2.SuzM9,2211840,false,0,true,2026-08-10T07:01:47.947Z,1.12.6,1.9.0-DEV,428070c0f9ad,4.16.0,1.3.11,ctbllib-fs2-q3-findall,2397,1279,2026-08-10T08:20:54.447Z
3x2.SuzN2,147456,true,0,true,2026-08-10T07:01:47.947Z,1.12.6,1.9.0-DEV,428070c0f9ad,4.16.0,1.3.11,ctbllib-fs2-q3-findall,2397,1280,2026-08-10T08:21:08.3Z
3x2.Symm(4),144,true,0,true,2026-08-10T07:01:47.947Z,1.12.6,1.9.0-DEV,428070c0f9ad,4.16.0,1.3.11,ctbllib-fs2-q3-findall,2397,1281,2026-08-10T08:21:08.37Z
3x2.U4(3).(2^2)_{122},78382080,false,0,true,2026-08-10T07:01:47.947Z,1.12.6,1.9.0-DEV,428070c0f9ad,4.16.0,1.3.11,ctbllib-fs2-q3-findall,2397,1282,2026-08-10T08:21:14.593Z
3x23:11,759,true,0,true,2026-08-10T07:01:47.947Z,1.12.6,1.9.0-DEV,428070c0f9ad,4.16.0,1.3.11,ctbllib-fs2-q3-findall,2397,1283,2026-08-10T08:21:15.039Z
3x29:14,1218,true,0,true,2026-08-10T07:01:47.947Z,1.12.6,1.9.0-DEV,428070c0f9ad,4.16.0,1.3.11,ctbllib-fs2-q3-findall,2397,1284,2026-08-10T08:21:17.429Z
3x2F4(2)',53913600,false,0,true,2026-08-10T07:01:47.947Z,1.12.6,1.9.0-DEV,428070c0f9ad,4.16.0,1.3.11,ctbllib-fs2-q3-findall,2397,1285,2026-08-10T08:21:17.733Z
3x2S5,720,false,0,true,2026-08-10T07:01:47.947Z,1.12.6,1.9.0-DEV,428070c0f9ad,4.16.0,1.3.11,ctbllib-fs2-q3-findall,2397,1286,2026-08-10T08:21:17.846Z
3x2^(1+4)_-:A5,5760,false,0,true,2026-08-10T07:01:47.947Z,1.12.6,1.9.0-DEV,428070c0f9ad,4.16.0,1.3.11,ctbllib-fs2-q3-findall,2397,1287,2026-08-10T08:21:18.264Z
3x2^(1+6)_-.2^4.A5,368640,false,0,true,2026-08-10T07:01:47.947Z,1.12.6,1.9.0-DEV,428070c0f9ad,4.16.0,1.3.11,ctbllib-fs2-q3-findall,2397,1288,2026-08-10T08:21:21.329Z
3x2^(1+6)_-.U4(2),9953280,false,0,true,2026-08-10T07:01:47.947Z,1.12.6,1.9.0-DEV,428070c0f9ad,4.16.0,1.3.11,ctbllib-fs2-q3-findall,2397,1289,2026-08-10T08:21:22.723Z
3x2^(1+8)_+:U4(2),39813120,false,0,true,2026-08-10T07:01:47.947Z,1.12.6,1.9.0-DEV,428070c0f9ad,4.16.0,1.3.11,ctbllib-fs2-q3-findall,2397,1290,2026-08-10T08:21:27.372Z
3x2^(2+4):(3xS3),3456,true,0,true,2026-08-10T07:01:47.947Z,1.12.6,1.9.0-DEV,428070c0f9ad,4.16.0,1.3.11,ctbllib-fs2-q3-findall,2397,1291,2026-08-10T08:21:27.859Z
3x2^(2+8).2^2.(3xS3),221184,true,0,true,2026-08-10T07:01:47.947Z,1.12.6,1.9.0-DEV,428070c0f9ad,4.16.0,1.3.11,ctbllib-fs2-q3-findall,2397,1292,2026-08-10T08:21:31.121Z
3x2^(2+8):(A5xS3),1105920,false,0,true,2026-08-10T07:01:47.947Z,1.12.6,1.9.0-DEV,428070c0f9ad,4.16.0,1.3.11,ctbllib-fs2-q3-findall,2397,1293,2026-08-10T08:21:33.757Z
3x2^(4+6).2^2.(3xS3),221184,true,0,true,2026-08-10T07:01:47.947Z,1.12.6,1.9.0-DEV,428070c0f9ad,4.16.0,1.3.11,ctbllib-fs2-q3-findall,2397,1294,2026-08-10T08:21:39.073Z
3x2^(4+6).3A6,3317760,false,0,true,2026-08-10T07:01:47.947Z,1.12.6,1.9.0-DEV,428070c0f9ad,4.16.0,1.3.11,ctbllib-fs2-q3-findall,2397,1295,2026-08-10T08:21:40.118Z
3x2^(4+8):(S3xA5),4423680,false,0,true,2026-08-10T07:01:47.947Z,1.12.6,1.9.0-DEV,428070c0f9ad,4.16.0,1.3.11,ctbllib-fs2-q3-findall,2397,1296,2026-08-10T08:21:43.746Z
3x2^(5+8):(2xS4),1179648,true,0,true,2026-08-10T07:01:47.947Z,1.12.6,1.9.0-DEV,428070c0f9ad,4.16.0,1.3.11,ctbllib-fs2-q3-findall,2397,1297,2026-08-10T08:22:04.136Z
3x2^(5+8):(S3xD8),1179648,true,0,true,2026-08-10T07:01:47.947Z,1.12.6,1.9.0-DEV,428070c0f9ad,4.16.0,1.3.11,ctbllib-fs2-q3-findall,2397,1298,2026-08-10T08:22:35.264Z
3x2^(5+8):(S3xS4),3538944,true,0,true,2026-08-10T07:01:47.947Z,1.12.6,1.9.0-DEV,428070c0f9ad,4.16.0,1.3.11,ctbllib-fs2-q3-findall,2397,1299,2026-08-10T08:22:52.868Z
3x2^10.2^2.2^2.S4,1179648,true,0,true,2026-08-10T07:01:47.947Z,1.12.6,1.9.0-DEV,428070c0f9ad,4.16.0,1.3.11,ctbllib-fs2-q3-findall,2397,1300,2026-08-10T08:23:10.359Z
3x2^10.2^3.L3(2),4128768,false,0,true,2026-08-10T07:01:47.947Z,1.12.6,1.9.0-DEV,428070c0f9ad,4.16.0,1.3.11,ctbllib-fs2-q3-findall,2397,1301,2026-08-10T08:23:20.783Z
3x2^10.2^3.S4,589824,true,0,true,2026-08-10T07:01:47.947Z,1.12.6,1.9.0-DEV,428070c0f9ad,4.16.0,1.3.11,ctbllib-fs2-q3-findall,2397,1302,2026-08-10T08:23:58.764Z
3x2^10.2^4.S5,5898240,false,0,true,2026-08-10T07:01:47.947Z,1.12.6,1.9.0-DEV,428070c0f9ad,4.16.0,1.3.11,ctbllib-fs2-q3-findall,2397,1303,2026-08-10T08:24:04.765Z
3x2^2.2^(1+8)_+:U4(2),159252480,false,0,true,2026-08-10T07:01:47.947Z,1.12.6,1.9.0-DEV,428070c0f9ad,4.16.0,1.3.11,ctbllib-fs2-q3-findall,2397,1304,2026-08-10T08:24:42.774Z
3x2^2.2^(4+8):(S3xA5),17694720,false,0,true,2026-08-10T07:01:47.947Z,1.12.6,1.9.0-DEV,428070c0f9ad,4.16.0,1.3.11,ctbllib-fs2-q3-findall,2397,1305,2026-08-10T08:25:16.477Z
3x2^3.L3(2),4032,false,0,true,2026-08-10T07:01:47.947Z,1.12.6,1.9.0-DEV,428070c0f9ad,4.16.0,1.3.11,ctbllib-fs2-q3-findall,2397,1306,2026-08-10T08:25:16.735Z
3x2^3.S4v1,576,true,0,true,2026-08-10T07:01:47.947Z,1.12.6,1.9.0-DEV,428070c0f9ad,4.16.0,1.3.11,ctbllib-fs2-q3-findall,2397,1307,2026-08-10T08:25:17.12Z
3x2^3:L3(2),4032,false,0,true,2026-08-10T07:01:47.947Z,1.12.6,1.9.0-DEV,428070c0f9ad,4.16.0,1.3.11,ctbllib-fs2-q3-findall,2397,1308,2026-08-10T08:25:17.211Z
3x2^4:(3xA5),8640,false,0,true,2026-08-10T07:01:47.947Z,1.12.6,1.9.0-DEV,428070c0f9ad,4.16.0,1.3.11,ctbllib-fs2-q3-findall,2397,1309,2026-08-10T08:25:17.432Z
3x2^4:A5,2880,false,0,true,2026-08-10T07:01:47.947Z,1.12.6,1.9.0-DEV,428070c0f9ad,4.16.0,1.3.11,ctbllib-fs2-q3-findall,2397,1310,2026-08-10T08:25:17.497Z
3x2^4:s5,5760,false,0,true,2026-08-10T07:01:47.947Z,1.12.6,1.9.0-DEV,428070c0f9ad,4.16.0,1.3.11,ctbllib-fs2-q3-findall,2397,1311,2026-08-10T08:25:17.592Z
3x2^5.A5,5760,false,0,true,2026-08-10T07:01:47.947Z,1.12.6,1.9.0-DEV,428070c0f9ad,4.16.0,1.3.11,ctbllib-fs2-q3-findall,2397,1312,2026-08-10T08:25:17.85Z
3x2^6.2^5.S6,4423680,false,0,true,2026-08-10T07:01:47.947Z,1.12.6,1.9.0-DEV,428070c0f9ad,4.16.0,1.3.11,ctbllib-fs2-q3-findall,2397,1313,2026-08-10T08:25:38.245Z
3x2^6:S6(2),278691840,false,0,true,2026-08-10T07:01:47.947Z,1.12.6,1.9.0-DEV,428070c0f9ad,4.16.0,1.3.11,ctbllib-fs2-q3-findall,2397,1314,2026-08-10T08:25:42.455Z
3x31:15,1395,true,0,true,2026-08-10T07:01:47.947Z,1.12.6,1.9.0-DEV,428070c0f9ad,4.16.0,1.3.11,ctbllib-fs2-q3-findall,2397,1315,2026-08-10T08:25:43.036Z
3x4.M22M5,23040,false,0,true,2026-08-10T07:01:47.947Z,1.12.6,1.9.0-DEV,428070c0f9ad,4.16.0,1.3.11,ctbllib-fs2-q3-findall,2397,1316,2026-08-10T08:25:43.427Z
3x4.M22M6,16128,false,0,true,2026-08-10T07:01:47.947Z,1.12.6,1.9.0-DEV,428070c0f9ad,4.16.0,1.3.11,ctbllib-fs2-q3-findall,2397,1317,2026-08-10T08:25:43.881Z
3x4.M22N2,1536,true,0,true,2026-08-10T07:01:47.947Z,1.12.6,1.9.0-DEV,428070c0f9ad,4.16.0,1.3.11,ctbllib-fs2-q3-findall,2397,1318,2026-08-10T08:25:44.658Z
3x4^2:D12,576,true,0,true,2026-08-10T07:01:47.947Z,1.12.6,1.9.0-DEV,428070c0f9ad,4.16.0,1.3.11,ctbllib-fs2-q3-findall,2397,1319,2026-08-10T08:25:47.702Z
3x4^3.L3(2),32256,false,0,true,2026-08-10T07:01:47.947Z,1.12.6,1.9.0-DEV,428070c0f9ad,4.16.0,1.3.11,ctbllib-fs2-q3-findall,2397,1320,2026-08-10T08:25:47.9Z
3x4_1.2^4:A5,11520,false,0,true,2026-08-10T07:01:47.947Z,1.12.6,1.9.0-DEV,428070c0f9ad,4.16.0,1.3.11,ctbllib-fs2-q3-findall,2397,1321,2026-08-10T08:25:48.155Z
3x4_2.2^4:A5,11520,false,0,true,2026-08-10T07:01:47.947Z,1.12.6,1.9.0-DEV,428070c0f9ad,4.16.0,1.3.11,ctbllib-fs2-q3-findall,2397,1322,2026-08-10T08:25:48.427Z
3x5:4xS5,7200,false,0,true,2026-08-10T07:01:47.947Z,1.12.6,1.9.0-DEV,428070c0f9ad,4.16.0,1.3.11,ctbllib-fs2-q3-findall,2397,1323,2026-08-10T08:25:49.299Z
3x5:8,120,true,0,true,2026-08-10T07:01:47.947Z,1.12.6,1.9.0-DEV,428070c0f9ad,4.16.0,1.3.11,ctbllib-fs2-q3-findall,2397,1324,2026-08-10T08:25:49.651Z
3x5^(1+2):3:8,9000,true,0,true,2026-08-10T07:01:47.947Z,1.12.6,1.9.0-DEV,428070c0f9ad,4.16.0,1.3.11,ctbllib-fs2-q3-findall,2397,1325,2026-08-10T08:25:49.93Z
3x5^(1+2)_+:8,3000,true,0,true,2026-08-10T07:01:47.947Z,1.12.6,1.9.0-DEV,428070c0f9ad,4.16.0,1.3.11,ctbllib-fs2-q3-findall,2397,1326,2026-08-10T08:25:50.133Z
3x5^2:(4xS3),1800,true,0,true,2026-08-10T07:01:47.947Z,1.12.6,1.9.0-DEV,428070c0f9ad,4.16.0,1.3.11,ctbllib-fs2-q3-findall,2397,1327,2026-08-10T08:25:51.677Z
3x7:6,126,true,0,true,2026-08-10T07:01:47.947Z,1.12.6,1.9.0-DEV,428070c0f9ad,4.16.0,1.3.11,ctbllib-fs2-q3-findall,2397,1328,2026-08-10T08:25:51.992Z
3x7^(1+2):(D8x3),24696,true,0,true,2026-08-10T07:01:47.947Z,1.12.6,1.9.0-DEV,428070c0f9ad,4.16.0,1.3.11,ctbllib-fs2-q3-findall,2397,1329,2026-08-10T08:25:52.562Z
3x7^2:2.L2(7).2,98784,false,0,true,2026-08-10T07:01:47.947Z,1.12.6,1.9.0-DEV,428070c0f9ad,4.16.0,1.3.11,ctbllib-fs2-q3-findall,2397,1330,2026-08-10T08:25:52.878Z
3xA10.2,10886400,false,0,true,2026-08-10T07:01:47.947Z,1.12.6,1.9.0-DEV,428070c0f9ad,4.16.0,1.3.11,ctbllib-fs2-q3-findall,2397,1331,2026-08-10T08:25:54.746Z
3xA5,180,false,0,true,2026-08-10T07:01:47.947Z,1.12.6,1.9.0-DEV,428070c0f9ad,4.16.0,1.3.11,ctbllib-fs2-q3-findall,2397,1332,2026-08-10T08:25:54.814Z
3xA5.2,360,false,0,true,2026-08-10T07:01:47.947Z,1.12.6,1.9.0-DEV,428070c0f9ad,4.16.0,1.3.11,ctbllib-fs2-q3-findall,2397,1333,2026-08-10T08:25:54.892Z
3xD10,30,true,0,true,2026-08-10T07:01:47.947Z,1.12.6,1.9.0-DEV,428070c0f9ad,4.16.0,1.3.11,ctbllib-fs2-q3-findall,2397,1334,2026-08-10T08:25:55.183Z
3xD6xD10,180,true,0,true,2026-08-10T07:01:47.947Z,1.12.6,1.9.0-DEV,428070c0f9ad,4.16.0,1.3.11,ctbllib-fs2-q3-findall,2397,1335,2026-08-10T08:25:55.576Z
3xD8,24,true,0,true,2026-08-10T07:01:47.947Z,1.12.6,1.9.0-DEV,428070c0f9ad,4.16.0,1.3.11,ctbllib-fs2-q3-findall,2397,1336,2026-08-10T08:25:55.611Z
3xF3+N7,37044,true,0,true,2026-08-10T07:01:47.947Z,1.12.6,1.9.0-DEV,428070c0f9ad,4.16.0,1.3.11,ctbllib-fs2-q3-findall,2397,1337,2026-08-10T08:25:56.378Z
3xF4(2),9933379810099200,false,0,true,2026-08-10T07:01:47.947Z,1.12.6,1.9.0-DEV,428070c0f9ad,4.16.0,1.3.11,ctbllib-fs2-q3-findall,2397,1338,2026-08-10T08:26:06.172Z
3xFi22N2,393216,true,0,true,2026-08-10T07:01:47.947Z,1.12.6,1.9.0-DEV,428070c0f9ad,4.16.0,1.3.11,ctbllib-fs2-q3-findall,2397,1339,2026-08-10T08:26:43.556Z
3xFi22N5,7200,true,0,true,2026-08-10T07:01:47.947Z,1.12.6,1.9.0-DEV,428070c0f9ad,4.16.0,1.3.11,ctbllib-fs2-q3-findall,2397,1340,2026-08-10T08:26:44.029Z
3xFi23,12268411419879014400,false,0,true,2026-08-10T07:01:47.947Z,1.12.6,1.9.0-DEV,428070c0f9ad,4.16.0,1.3.11,ctbllib-fs2-q3-findall,2397,1341,2026-08-10T08:26:52.965Z
3xG2(4),754790400,false,0,true,2026-08-10T07:01:47.947Z,1.12.6,1.9.0-DEV,428070c0f9ad,4.16.0,1.3.11,ctbllib-fs2-q3-findall,2397,1342,2026-08-10T08:26:53.587Z
3xIsoclinic(2.A5.2),720,false,0,true,2026-08-10T07:01:47.947Z,1.12.6,1.9.0-DEV,428070c0f9ad,4.16.0,1.3.11,ctbllib-fs2-q3-findall,2397,1343,2026-08-10T08:26:53.699Z
3xIsoclinic(2.A9.2),2177280,false,0,true,2026-08-10T07:01:47.947Z,1.12.6,1.9.0-DEV,428070c0f9ad,4.16.0,1.3.11,ctbllib-fs2-q3-findall,2397,1344,2026-08-10T08:26:57.556Z
3xIsoclinic(2.M12.2),1140480,false,0,true,2026-08-10T07:01:47.947Z,1.12.6,1.9.0-DEV,428070c0f9ad,4.16.0,1.3.11,ctbllib-fs2-q3-findall,2397,1345,2026-08-10T08:26:58.02Z
3xIsoclinic(2x5:8),240,true,0,true,2026-08-10T07:01:47.947Z,1.12.6,1.9.0-DEV,428070c0f9ad,4.16.0,1.3.11,ctbllib-fs2-q3-findall,2397,1346,2026-08-10T08:26:58.774Z
3xJ1,526680,false,0,true,2026-08-10T07:01:47.947Z,1.12.6,1.9.0-DEV,428070c0f9ad,4.16.0,1.3.11,ctbllib-fs2-q3-findall,2397,1347,2026-08-10T08:26:58.98Z
3xJ2.2,3628800,false,0,true,2026-08-10T07:01:47.947Z,1.12.6,1.9.0-DEV,428070c0f9ad,4.16.0,1.3.11,ctbllib-fs2-q3-findall,2397,1348,2026-08-10T08:26:59.38Z
3xJ3N2,1152,true,0,true,2026-08-10T07:01:47.947Z,1.12.6,1.9.0-DEV,428070c0f9ad,4.16.0,1.3.11,ctbllib-fs2-q3-findall,2397,1349,2026-08-10T08:27:01.326Z
3xL2(11),1980,false,0,true,2026-08-10T07:01:47.947Z,1.12.6,1.9.0-DEV,428070c0f9ad,4.16.0,1.3.11,ctbllib-fs2-q3-findall,2397,1350,2026-08-10T08:27:01.407Z
3xL2(13),3276,false,0,true,2026-08-10T07:01:47.947Z,1.12.6,1.9.0-DEV,428070c0f9ad,4.16.0,1.3.11,ctbllib-fs2-q3-findall,2397,1351,2026-08-10T08:27:01.57Z
3xL2(16).2,24480,false,0,true,2026-08-10T07:01:47.947Z,1.12.6,1.9.0-DEV,428070c0f9ad,4.16.0,1.3.11,ctbllib-fs2-q3-findall,2397,1352,2026-08-10T08:27:01.794Z
3xL2(17),7344,false,0,true,2026-08-10T07:01:47.947Z,1.12.6,1.9.0-DEV,428070c0f9ad,4.16.0,1.3.11,ctbllib-fs2-q3-findall,2397,1353,2026-08-10T08:27:01.909Z
3xL2(19),10260,false,0,true,2026-08-10T07:01:47.947Z,1.12.6,1.9.0-DEV,428070c0f9ad,4.16.0,1.3.11,ctbllib-fs2-q3-findall,2397,1354,2026-08-10T08:27:02.06Z
3xL2(25),23400,false,0,true,2026-08-10T07:01:47.947Z,1.12.6,1.9.0-DEV,428070c0f9ad,4.16.0,1.3.11,ctbllib-fs2-q3-findall,2397,1355,2026-08-10T08:27:02.258Z
3xL2(31),44640,false,0,true,2026-08-10T07:01:47.947Z,1.12.6,1.9.0-DEV,428070c0f9ad,4.16.0,1.3.11,ctbllib-fs2-q3-findall,2397,1356,2026-08-10T08:27:02.524Z
3xL2(8),1512,false,0,true,2026-08-10T07:01:47.947Z,1.12.6,1.9.0-DEV,428070c0f9ad,4.16.0,1.3.11,ctbllib-fs2-q3-findall,2397,1357,2026-08-10T08:27:02.592Z
3xL2(8).3,4536,false,0,true,2026-08-10T07:01:47.947Z,1.12.6,1.9.0-DEV,428070c0f9ad,4.16.0,1.3.11,ctbllib-fs2-q3-findall,2397,1358,2026-08-10T08:27:02.748Z
3xL3(2),504,false,0,true,2026-08-10T07:01:47.947Z,1.12.6,1.9.0-DEV,428070c0f9ad,4.16.0,1.3.11,ctbllib-fs2-q3-findall,2397,1359,2026-08-10T08:27:02.801Z
3xL3(2).2,1008,false,0,true,2026-08-10T07:01:47.947Z,1.12.6,1.9.0-DEV,428070c0f9ad,4.16.0,1.3.11,ctbllib-fs2-q3-findall,2397,1360,2026-08-10T08:27:02.938Z
3xL3(3).2,33696,false,0,true,2026-08-10T07:01:47.947Z,1.12.6,1.9.0-DEV,428070c0f9ad,4.16.0,1.3.11,ctbllib-fs2-q3-findall,2397,1361,2026-08-10T08:27:03.128Z
3xL3(4).2_2,120960,false,0,true,2026-08-10T07:01:47.947Z,1.12.6,1.9.0-DEV,428070c0f9ad,4.16.0,1.3.11,ctbllib-fs2-q3-findall,2397,1362,2026-08-10T08:27:04.01Z
3xL3(7).2,11261376,false,0,true,2026-08-10T07:01:47.947Z,1.12.6,1.9.0-DEV,428070c0f9ad,4.16.0,1.3.11,ctbllib-fs2-q3-findall,2397,1363,2026-08-10T08:27:04.323Z
3xL4(3).2_2,36391680,false,0,true,2026-08-10T07:01:47.947Z,1.12.6,1.9.0-DEV,428070c0f9ad,4.16.0,1.3.11,ctbllib-fs2-q3-findall,2397,1364,2026-08-10T08:27:08.055Z
3xM11,23760,false,0,true,2026-08-10T07:01:47.947Z,1.12.6,1.9.0-DEV,428070c0f9ad,4.16.0,1.3.11,ctbllib-fs2-q3-findall,2397,1365,2026-08-10T08:27:08.18Z
3xM12,285120,false,0,true,2026-08-10T07:01:47.947Z,1.12.6,1.9.0-DEV,428070c0f9ad,4.16.0,1.3.11,ctbllib-fs2-q3-findall,2397,1366,2026-08-10T08:27:08.391Z
3xM12.2,570240,false,0,true,2026-08-10T07:01:47.947Z,1.12.6,1.9.0-DEV,428070c0f9ad,4.16.0,1.3.11,ctbllib-fs2-q3-findall,2397,1367,2026-08-10T08:27:08.653Z
3xM12N2,192,true,0,true,2026-08-10T07:01:47.947Z,1.12.6,1.9.0-DEV,428070c0f9ad,4.16.0,1.3.11,ctbllib-fs2-q3-findall,2397,1368,2026-08-10T08:27:09.092Z
3xM22C2A,1152,true,0,true,2026-08-10T07:01:47.947Z,1.12.6,1.9.0-DEV,428070c0f9ad,4.16.0,1.3.11,ctbllib-fs2-q3-findall,2397,1369,2026-08-10T08:27:09.263Z
3xMcLN2,384,true,0,true,2026-08-10T07:01:47.947Z,1.12.6,1.9.0-DEV,428070c0f9ad,4.16.0,1.3.11,ctbllib-fs2-q3-findall,2397,1370,2026-08-10T08:27:09.738Z
"3xNRS(M22,[2^6])",1152,true,0,true,2026-08-10T07:01:47.947Z,1.12.6,1.9.0-DEV,428070c0f9ad,4.16.0,1.3.11,ctbllib-fs2-q3-findall,2397,1371,2026-08-10T08:27:10.379Z
3xO8+(2),522547200,false,0,true,2026-08-10T07:01:47.947Z,1.12.6,1.9.0-DEV,428070c0f9ad,4.16.0,1.3.11,ctbllib-fs2-q3-findall,2397,1372,2026-08-10T08:27:12.807Z
3xO8+(2):S3,3135283200,false,0,true,2026-08-10T07:01:47.947Z,1.12.6,1.9.0-DEV,428070c0f9ad,4.16.0,1.3.11,ctbllib-fs2-q3-findall,2397,1373,2026-08-10T08:27:16.205Z
3xONN2,1536,true,0,true,2026-08-10T07:01:47.947Z,1.12.6,1.9.0-DEV,428070c0f9ad,4.16.0,1.3.11,ctbllib-fs2-q3-findall,2397,1374,2026-08-10T08:27:19.883Z
3xS3x7:6,756,true,0,true,2026-08-10T07:01:47.947Z,1.12.6,1.9.0-DEV,428070c0f9ad,4.16.0,1.3.11,ctbllib-fs2-q3-findall,2397,1375,2026-08-10T08:27:20.41Z
3xS3xU4(2),466560,false,0,true,2026-08-10T07:01:47.947Z,1.12.6,1.9.0-DEV,428070c0f9ad,4.16.0,1.3.11,ctbllib-fs2-q3-findall,2397,1376,2026-08-10T08:27:22.14Z
3xS6(2),4354560,false,0,true,2026-08-10T07:01:47.947Z,1.12.6,1.9.0-DEV,428070c0f9ad,4.16.0,1.3.11,ctbllib-fs2-q3-findall,2397,1377,2026-08-10T08:27:24.412Z
3xS6xS4,51840,false,0,true,2026-08-10T07:01:47.947Z,1.12.6,1.9.0-DEV,428070c0f9ad,4.16.0,1.3.11,ctbllib-fs2-q3-findall,2397,1378,2026-08-10T08:27:25.952Z
3xS9,1088640,false,0,true,2026-08-10T07:01:47.947Z,1.12.6,1.9.0-DEV,428070c0f9ad,4.16.0,1.3.11,ctbllib-fs2-q3-findall,2397,1379,2026-08-10T08:27:26.526Z
3xSuzN2,73728,true,0,true,2026-08-10T07:01:47.947Z,1.12.6,1.9.0-DEV,428070c0f9ad,4.16.0,1.3.11,ctbllib-fs2-q3-findall,2397,1380,2026-08-10T08:27:33.775Z
3xSymm(4),72,true,0,true,2026-08-10T07:01:47.947Z,1.12.6,1.9.0-DEV,428070c0f9ad,4.16.0,1.3.11,ctbllib-fs2-q3-findall,2397,1381,2026-08-10T08:27:33.831Z
3xU3(3).2,36288,false,0,true,2026-08-10T07:01:47.947Z,1.12.6,1.9.0-DEV,428070c0f9ad,4.16.0,1.3.11,ctbllib-fs2-q3-findall,2397,1382,2026-08-10T08:27:34.064Z
3xU4(2),77760,false,0,true,2026-08-10T07:01:47.947Z,1.12.6,1.9.0-DEV,428070c0f9ad,4.16.0,1.3.11,ctbllib-fs2-q3-findall,2397,1383,2026-08-10T08:27:34.285Z
3xU5(2),41057280,false,0,true,2026-08-10T07:01:47.947Z,1.12.6,1.9.0-DEV,428070c0f9ad,4.16.0,1.3.11,ctbllib-fs2-q3-findall,2397,1384,2026-08-10T08:27:35.38Z
4(A4xA4).4,2304,true,0,true,2026-08-10T07:01:47.947Z,1.12.6,1.9.0-DEV,428070c0f9ad,4.16.0,1.3.11,ctbllib-fs2-q3-findall,2397,1385,2026-08-10T08:27:35.523Z
4.2^2,16,true,0,true,2026-08-10T07:01:47.947Z,1.12.6,1.9.0-DEV,428070c0f9ad,4.16.0,1.3.11,ctbllib-fs2-q3-findall,2397,1386,2026-08-10T08:27:35.595Z
4.2^4,64,true,0,true,2026-08-10T07:01:47.947Z,1.12.6,1.9.0-DEV,428070c0f9ad,4.16.0,1.3.11,ctbllib-fs2-q3-findall,2397,1387,2026-08-10T08:27:35.696Z
4.2^4.S5,7680,false,0,true,2026-08-10T07:01:47.947Z,1.12.6,1.9.0-DEV,428070c0f9ad,4.16.0,1.3.11,ctbllib-fs2-q3-findall,2397,1388,2026-08-10T08:27:35.758Z
4.2^4:(2xS3),768,true,0,true,2026-08-10T07:01:47.947Z,1.12.6,1.9.0-DEV,428070c0f9ad,4.16.0,1.3.11,ctbllib-fs2-q3-findall,2397,1389,2026-08-10T08:27:37.537Z
4.2^4:S4,1536,true,0,true,2026-08-10T07:01:47.947Z,1.12.6,1.9.0-DEV,428070c0f9ad,4.16.0,1.3.11,ctbllib-fs2-q3-findall,2397,1390,2026-08-10T08:27:37.591Z
4.3^(1+4)_+.2S4,46656,true,0,true,2026-08-10T07:01:47.947Z,1.12.6,1.9.0-DEV,428070c0f9ad,4.16.0,1.3.11,ctbllib-fs2-q3-findall,2397,1391,2026-08-10T08:27:37.965Z
4.A6.2_3,2880,false,0,true,2026-08-10T07:01:47.947Z,1.12.6,1.9.0-DEV,428070c0f9ad,4.16.0,1.3.11,ctbllib-fs2-q3-findall,2397,1392,2026-08-10T08:27:38.071Z
4.HS.2,354816000,false,0,true,2026-08-10T07:01:47.947Z,1.12.6,1.9.0-DEV,428070c0f9ad,4.16.0,1.3.11,ctbllib-fs2-q3-findall,2397,1393,2026-08-10T08:27:38.705Z
4.L2(25).2_3,62400,false,0,true,2026-08-10T07:01:47.947Z,1.12.6,1.9.0-DEV,428070c0f9ad,4.16.0,1.3.11,ctbllib-fs2-q3-findall,2397,1394,2026-08-10T08:27:38.852Z
4.L2(49).2_3,470400,false,0,true,2026-08-10T07:01:47.947Z,1.12.6,1.9.0-DEV,428070c0f9ad,4.16.0,1.3.11,ctbllib-fs2-q3-findall,2397,1395,2026-08-10T08:27:39.283Z
4.L2(81).2_3,2125440,false,0,true,2026-08-10T07:01:47.947Z,1.12.6,1.9.0-DEV,428070c0f9ad,4.16.0,1.3.11,ctbllib-fs2-q3-findall,2397,1396,2026-08-10T08:27:42.253Z
4.L2(81).4_2,4250880,false,0,true,2026-08-10T07:01:47.947Z,1.12.6,1.9.0-DEV,428070c0f9ad,4.16.0,1.3.11,ctbllib-fs2-q3-findall,2397,1397,2026-08-10T08:27:44.75Z
4.L4(5),29016000000,false,0,true,2026-08-10T07:01:47.947Z,1.12.6,1.9.0-DEV,428070c0f9ad,4.16.0,1.3.11,ctbllib-fs2-q3-findall,2397,1398,2026-08-10T08:27:46.697Z
4.M22,1774080,false,0,true,2026-08-10T07:01:47.947Z,1.12.6,1.9.0-DEV,428070c0f9ad,4.16.0,1.3.11,ctbllib-fs2-q3-findall,2397,1399,2026-08-10T08:27:47.691Z
4.M22.2,3548160,false,0,true,2026-08-10T07:01:47.947Z,1.12.6,1.9.0-DEV,428070c0f9ad,4.16.0,1.3.11,ctbllib-fs2-q3-findall,2397,1400,2026-08-10T08:27:47.849Z
4.M22M2,23040,false,0,true,2026-08-10T07:01:47.947Z,1.12.6,1.9.0-DEV,428070c0f9ad,4.16.0,1.3.11,ctbllib-fs2-q3-findall,2397,1401,2026-08-10T08:27:47.927Z
4.M22M5,7680,false,0,true,2026-08-10T07:01:47.947Z,1.12.6,1.9.0-DEV,428070c0f9ad,4.16.0,1.3.11,ctbllib-fs2-q3-findall,2397,1402,2026-08-10T08:27:47.989Z
4.M22M6,5376,false,0,true,2026-08-10T07:01:47.947Z,1.12.6,1.9.0-DEV,428070c0f9ad,4.16.0,1.3.11,ctbllib-fs2-q3-findall,2397,1403,2026-08-10T08:27:48.065Z
4.M22N2,512,true,0,true,2026-08-10T07:01:47.947Z,1.12.6,1.9.0-DEV,428070c0f9ad,4.16.0,1.3.11,ctbllib-fs2-q3-findall,2397,1404,2026-08-10T08:27:48.407Z
4.U4(3),13063680,false,0,true,2026-08-10T07:01:47.947Z,1.12.6,1.9.0-DEV,428070c0f9ad,4.16.0,1.3.11,ctbllib-fs2-q3-findall,2397,1405,2026-08-10T08:27:48.696Z
4.U4(3).2_1,26127360,false,0,true,2026-08-10T07:01:47.947Z,1.12.6,1.9.0-DEV,428070c0f9ad,4.16.0,1.3.11,ctbllib-fs2-q3-findall,2397,1406,2026-08-10T08:27:49.167Z
4.U4(3).2_2,26127360,false,0,true,2026-08-10T07:01:47.947Z,1.12.6,1.9.0-DEV,428070c0f9ad,4.16.0,1.3.11,ctbllib-fs2-q3-findall,2397,1407,2026-08-10T08:27:49.555Z
4.U4(3).2_3,26127360,false,0,true,2026-08-10T07:01:47.947Z,1.12.6,1.9.0-DEV,428070c0f9ad,4.16.0,1.3.11,ctbllib-fs2-q3-findall,2397,1408,2026-08-10T08:27:50.638Z
4.U4(3).4,52254720,false,0,true,2026-08-10T07:01:47.947Z,1.12.6,1.9.0-DEV,428070c0f9ad,4.16.0,1.3.11,ctbllib-fs2-q3-findall,2397,1409,2026-08-10T08:27:51.613Z
4.s4,96,true,0,true,2026-08-10T07:01:47.947Z,1.12.6,1.9.0-DEV,428070c0f9ad,4.16.0,1.3.11,ctbllib-fs2-q3-findall,2397,1410,2026-08-10T08:27:51.646Z
41:4,164,true,0,true,2026-08-10T07:01:47.947Z,1.12.6,1.9.0-DEV,428070c0f9ad,4.16.0,1.3.11,ctbllib-fs2-q3-findall,2397,1411,2026-08-10T08:27:51.862Z
41:40,1640,true,0,true,2026-08-10T07:01:47.947Z,1.12.6,1.9.0-DEV,428070c0f9ad,4.16.0,1.3.11,ctbllib-fs2-q3-findall,2397,1412,2026-08-10T08:27:52.861Z
43:14,602,true,0,true,2026-08-10T07:01:47.947Z,1.12.6,1.9.0-DEV,428070c0f9ad,4.16.0,1.3.11,ctbllib-fs2-q3-findall,2397,1413,2026-08-10T08:27:53.011Z
43:3,129,true,0,true,2026-08-10T07:01:47.947Z,1.12.6,1.9.0-DEV,428070c0f9ad,4.16.0,1.3.11,ctbllib-fs2-q3-findall,2397,1414,2026-08-10T08:27:53.325Z
47:23,1081,true,0,true,2026-08-10T07:01:47.947Z,1.12.6,1.9.0-DEV,428070c0f9ad,4.16.0,1.3.11,ctbllib-fs2-q3-findall,2397,1415,2026-08-10T08:27:53.581Z
4^2.L3(4),322560,false,0,true,2026-08-10T07:01:47.947Z,1.12.6,1.9.0-DEV,428070c0f9ad,4.16.0,1.3.11,ctbllib-fs2-q3-findall,2397,1416,2026-08-10T08:27:54.086Z
4^2:3,48,true,0,true,2026-08-10T07:01:47.947Z,1.12.6,1.9.0-DEV,428070c0f9ad,4.16.0,1.3.11,ctbllib-fs2-q3-findall,2397,1417,2026-08-10T08:27:54.1Z
4^2:D12,192,true,0,true,2026-08-10T07:01:47.947Z,1.12.6,1.9.0-DEV,428070c0f9ad,4.16.0,1.3.11,ctbllib-fs2-q3-findall,2397,1418,2026-08-10T08:27:54.127Z
4^2:D12.2,384,true,0,true,2026-08-10T07:01:47.947Z,1.12.6,1.9.0-DEV,428070c0f9ad,4.16.0,1.3.11,ctbllib-fs2-q3-findall,2397,1419,2026-08-10T08:27:54.152Z
4^2:s3,96,true,0,true,2026-08-10T07:01:47.947Z,1.12.6,1.9.0-DEV,428070c0f9ad,4.16.0,1.3.11,ctbllib-fs2-q3-findall,2397,1420,2026-08-10T08:27:54.174Z
4^3.(L3(2)x2),21504,false,0,true,2026-08-10T07:01:47.947Z,1.12.6,1.9.0-DEV,428070c0f9ad,4.16.0,1.3.11,ctbllib-fs2-q3-findall,2397,1421,2026-08-10T08:27:54.261Z
4^3.D8,512,true,0,true,2026-08-10T07:01:47.947Z,1.12.6,1.9.0-DEV,428070c0f9ad,4.16.0,1.3.11,ctbllib-fs2-q3-findall,2397,1422,2026-08-10T08:27:54.361Z
4^3.L3(2),10752,false,0,true,2026-08-10T07:01:47.947Z,1.12.6,1.9.0-DEV,428070c0f9ad,4.16.0,1.3.11,ctbllib-fs2-q3-findall,2397,1423,2026-08-10T08:27:55.052Z
4^3:(L3(2)x2),21504,false,0,true,2026-08-10T07:01:47.947Z,1.12.6,1.9.0-DEV,428070c0f9ad,4.16.0,1.3.11,ctbllib-fs2-q3-findall,2397,1424,2026-08-10T08:27:55.14Z
4^3:S4,1536,true,0,true,2026-08-10T07:01:47.947Z,1.12.6,1.9.0-DEV,428070c0f9ad,4.16.0,1.3.11,ctbllib-fs2-q3-findall,2397,1425,2026-08-10T08:27:55.197Z
"4^3:psl(3,2)",10752,false,0,true,2026-08-10T07:01:47.947Z,1.12.6,1.9.0-DEV,428070c0f9ad,4.16.0,1.3.11,ctbllib-fs2-q3-findall,2397,1426,2026-08-10T08:27:55.232Z
4_1.2^4:A5,3840,false,0,true,2026-08-10T07:01:47.947Z,1.12.6,1.9.0-DEV,428070c0f9ad,4.16.0,1.3.11,ctbllib-fs2-q3-findall,2397,1427,2026-08-10T08:27:55.277Z
4_1.L3(4),80640,false,0,true,2026-08-10T07:01:47.947Z,1.12.6,1.9.0-DEV,428070c0f9ad,4.16.0,1.3.11,ctbllib-fs2-q3-findall,2397,1428,2026-08-10T08:27:55.356Z
4_1.L3(4).(2^2)_{1*2*3*},322560,false,0,true,2026-08-10T07:01:47.947Z,1.12.6,1.9.0-DEV,428070c0f9ad,4.16.0,1.3.11,ctbllib-fs2-q3-findall,2397,1429,2026-08-10T08:27:55.463Z
4_1.L3(4).(2^2)_{1*2*3},322560,false,0,true,2026-08-10T07:01:47.947Z,1.12.6,1.9.0-DEV,428070c0f9ad,4.16.0,1.3.11,ctbllib-fs2-q3-findall,2397,1430,2026-08-10T08:27:55.601Z
4_1.L3(4).(2^2)_{1*23*},322560,false,0,true,2026-08-10T07:01:47.947Z,1.12.6,1.9.0-DEV,428070c0f9ad,4.16.0,1.3.11,ctbllib-fs2-q3-findall,2397,1431,2026-08-10T08:27:55.697Z
4_1.L3(4).(2^2)_{1*23},322560,false,0,true,2026-08-10T07:01:47.947Z,1.12.6,1.9.0-DEV,428070c0f9ad,4.16.0,1.3.11,ctbllib-fs2-q3-findall,2397,1432,2026-08-10T08:27:55.825Z
4_1.L3(4).(2^2)_{12*3*},322560,false,0,true,2026-08-10T07:01:47.947Z,1.12.6,1.9.0-DEV,428070c0f9ad,4.16.0,1.3.11,ctbllib-fs2-q3-findall,2397,1433,2026-08-10T08:27:55.92Z
4_1.L3(4).(2^2)_{12*3},322560,false,0,true,2026-08-10T07:01:47.947Z,1.12.6,1.9.0-DEV,428070c0f9ad,4.16.0,1.3.11,ctbllib-fs2-q3-findall,2397,1434,2026-08-10T08:27:56.048Z
4_1.L3(4).(2^2)_{123*},322560,false,0,true,2026-08-10T07:01:47.947Z,1.12.6,1.9.0-DEV,428070c0f9ad,4.16.0,1.3.11,ctbllib-fs2-q3-findall,2397,1435,2026-08-10T08:27:56.143Z
4_1.L3(4).(2^2)_{123},322560,false,0,true,2026-08-10T07:01:47.947Z,1.12.6,1.9.0-DEV,428070c0f9ad,4.16.0,1.3.11,ctbllib-fs2-q3-findall,2397,1436,2026-08-10T08:27:58.628Z
4_1.L3(4).2_1,161280,false,0,true,2026-08-10T07:01:47.947Z,1.12.6,1.9.0-DEV,428070c0f9ad,4.16.0,1.3.11,ctbllib-fs2-q3-findall,2397,1437,2026-08-10T08:27:58.687Z
4_1.L3(4).2_2,161280,false,0,true,2026-08-10T07:01:47.947Z,1.12.6,1.9.0-DEV,428070c0f9ad,4.16.0,1.3.11,ctbllib-fs2-q3-findall,2397,1438,2026-08-10T08:27:58.779Z
4_1.L3(4).2_3,161280,false,0,true,2026-08-10T07:01:47.947Z,1.12.6,1.9.0-DEV,428070c0f9ad,4.16.0,1.3.11,ctbllib-fs2-q3-findall,2397,1439,2026-08-10T08:27:58.888Z
4_1.L3(4).2_3*,161280,false,0,true,2026-08-10T07:01:47.947Z,1.12.6,1.9.0-DEV,428070c0f9ad,4.16.0,1.3.11,ctbllib-fs2-q3-findall,2397,1440,2026-08-10T08:27:58.977Z
4_2.2^4:A5,3840,false,0,true,2026-08-10T07:01:47.947Z,1.12.6,1.9.0-DEV,428070c0f9ad,4.16.0,1.3.11,ctbllib-fs2-q3-findall,2397,1441,2026-08-10T08:27:59.024Z
4_2.L3(4),80640,false,0,true,2026-08-10T07:01:47.947Z,1.12.6,1.9.0-DEV,428070c0f9ad,4.16.0,1.3.11,ctbllib-fs2-q3-findall,2397,1442,2026-08-10T08:27:59.106Z
4_2.L3(4).(2^2)_{1*2*3*},322560,false,0,true,2026-08-10T07:01:47.947Z,1.12.6,1.9.0-DEV,428070c0f9ad,4.16.0,1.3.11,ctbllib-fs2-q3-findall,2397,1443,2026-08-10T08:27:59.221Z
4_2.L3(4).(2^2)_{1*2*3},322560,false,0,true,2026-08-10T07:01:47.947Z,1.12.6,1.9.0-DEV,428070c0f9ad,4.16.0,1.3.11,ctbllib-fs2-q3-findall,2397,1444,2026-08-10T08:27:59.322Z
4_2.L3(4).(2^2)_{1*23*},322560,false,0,true,2026-08-10T07:01:47.947Z,1.12.6,1.9.0-DEV,428070c0f9ad,4.16.0,1.3.11,ctbllib-fs2-q3-findall,2397,1445,2026-08-10T08:27:59.472Z
4_2.L3(4).(2^2)_{1*23},322560,false,0,true,2026-08-10T07:01:47.947Z,1.12.6,1.9.0-DEV,428070c0f9ad,4.16.0,1.3.11,ctbllib-fs2-q3-findall,2397,1446,2026-08-10T08:27:59.607Z
4_2.L3(4).(2^2)_{12*3*},322560,false,0,true,2026-08-10T07:01:47.947Z,1.12.6,1.9.0-DEV,428070c0f9ad,4.16.0,1.3.11,ctbllib-fs2-q3-findall,2397,1447,2026-08-10T08:27:59.711Z
4_2.L3(4).(2^2)_{12*3},322560,false,0,true,2026-08-10T07:01:47.947Z,1.12.6,1.9.0-DEV,428070c0f9ad,4.16.0,1.3.11,ctbllib-fs2-q3-findall,2397,1448,2026-08-10T08:27:59.818Z
4_2.L3(4).(2^2)_{123*},322560,false,0,true,2026-08-10T07:01:47.947Z,1.12.6,1.9.0-DEV,428070c0f9ad,4.16.0,1.3.11,ctbllib-fs2-q3-findall,2397,1449,2026-08-10T08:27:59.964Z
4_2.L3(4).(2^2)_{123},322560,false,0,true,2026-08-10T07:01:47.947Z,1.12.6,1.9.0-DEV,428070c0f9ad,4.16.0,1.3.11,ctbllib-fs2-q3-findall,2397,1450,2026-08-10T08:28:00.126Z
4_2.L3(4).2_1,161280,false,0,true,2026-08-10T07:01:47.947Z,1.12.6,1.9.0-DEV,428070c0f9ad,4.16.0,1.3.11,ctbllib-fs2-q3-findall,2397,1451,2026-08-10T08:28:00.191Z
4_2.L3(4).2_2,161280,false,0,true,2026-08-10T07:01:47.947Z,1.12.6,1.9.0-DEV,428070c0f9ad,4.16.0,1.3.11,ctbllib-fs2-q3-findall,2397,1452,2026-08-10T08:28:00.33Z
4_2.L3(4).2_2*,161280,false,0,true,2026-08-10T07:01:47.947Z,1.12.6,1.9.0-DEV,428070c0f9ad,4.16.0,1.3.11,ctbllib-fs2-q3-findall,2397,1453,2026-08-10T08:28:00.445Z
4_2.L3(4).2_3,161280,false,0,true,2026-08-10T07:01:47.947Z,1.12.6,1.9.0-DEV,428070c0f9ad,4.16.0,1.3.11,ctbllib-fs2-q3-findall,2397,1454,2026-08-10T08:28:00.535Z
4x11:5,220,true,0,true,2026-08-10T07:01:47.947Z,1.12.6,1.9.0-DEV,428070c0f9ad,4.16.0,1.3.11,ctbllib-fs2-q3-findall,2397,1455,2026-08-10T08:28:00.961Z
4x7:3,84,true,0,true,2026-08-10T07:01:47.947Z,1.12.6,1.9.0-DEV,428070c0f9ad,4.16.0,1.3.11,ctbllib-fs2-q3-findall,2397,1456,2026-08-10T08:28:02.646Z
59:29,1711,true,0,true,2026-08-10T07:01:47.947Z,1.12.6,1.9.0-DEV,428070c0f9ad,4.16.0,1.3.11,ctbllib-fs2-q3-findall,2397,1457,2026-08-10T08:28:03.194Z
5:4,20,true,0,true,2026-08-10T07:01:47.947Z,1.12.6,1.9.0-DEV,428070c0f9ad,4.16.0,1.3.11,ctbllib-fs2-q3-findall,2397,1458,2026-08-10T08:28:03.241Z
5:4x2.A5,2400,false,0,true,2026-08-10T07:01:47.947Z,1.12.6,1.9.0-DEV,428070c0f9ad,4.16.0,1.3.11,ctbllib-fs2-q3-findall,2397,1459,2026-08-10T08:28:03.488Z
5:4x2^2,80,true,0,true,2026-08-10T07:01:47.947Z,1.12.6,1.9.0-DEV,428070c0f9ad,4.16.0,1.3.11,ctbllib-fs2-q3-findall,2397,1460,2026-08-10T08:28:03.599Z
5:4x3,60,true,0,true,2026-08-10T07:01:47.947Z,1.12.6,1.9.0-DEV,428070c0f9ad,4.16.0,1.3.11,ctbllib-fs2-q3-findall,2397,1461,2026-08-10T08:28:03.662Z
5:4xA4,240,true,0,true,2026-08-10T07:01:47.947Z,1.12.6,1.9.0-DEV,428070c0f9ad,4.16.0,1.3.11,ctbllib-fs2-q3-findall,2397,1462,2026-08-10T08:28:03.75Z
5:4xHS.2,1774080000,false,0,true,2026-08-10T07:01:47.947Z,1.12.6,1.9.0-DEV,428070c0f9ad,4.16.0,1.3.11,ctbllib-fs2-q3-findall,2397,1463,2026-08-10T08:28:06.672Z
5:4xS4,480,true,0,true,2026-08-10T07:01:47.947Z,1.12.6,1.9.0-DEV,428070c0f9ad,4.16.0,1.3.11,ctbllib-fs2-q3-findall,2397,1464,2026-08-10T08:28:07.049Z
5:4xS5,2400,false,0,true,2026-08-10T07:01:47.947Z,1.12.6,1.9.0-DEV,428070c0f9ad,4.16.0,1.3.11,ctbllib-fs2-q3-findall,2397,1465,2026-08-10T08:28:07.223Z
5:4xS5x2,4800,false,0,true,2026-08-10T07:01:47.947Z,1.12.6,1.9.0-DEV,428070c0f9ad,4.16.0,1.3.11,ctbllib-fs2-q3-findall,2397,1466,2026-08-10T08:28:09.066Z
5:4xS6,14400,false,0,true,2026-08-10T07:01:47.947Z,1.12.6,1.9.0-DEV,428070c0f9ad,4.16.0,1.3.11,ctbllib-fs2-q3-findall,2397,1467,2026-08-10T08:28:09.595Z
5:4xS7,100800,false,0,true,2026-08-10T07:01:47.947Z,1.12.6,1.9.0-DEV,428070c0f9ad,4.16.0,1.3.11,ctbllib-fs2-q3-findall,2397,1468,2026-08-10T08:28:10.281Z
5:4xU3(5).2N2,640,true,0,true,2026-08-10T07:01:47.947Z,1.12.6,1.9.0-DEV,428070c0f9ad,4.16.0,1.3.11,ctbllib-fs2-q3-findall,2397,1469,2026-08-10T08:28:13.148Z
5:4xU3(5):2,5040000,false,0,true,2026-08-10T07:01:47.947Z,1.12.6,1.9.0-DEV,428070c0f9ad,4.16.0,1.3.11,ctbllib-fs2-q3-findall,2397,1470,2026-08-10T08:28:13.707Z
5:4xa5,1200,false,0,true,2026-08-10T07:01:47.947Z,1.12.6,1.9.0-DEV,428070c0f9ad,4.16.0,1.3.11,ctbllib-fs2-q3-findall,2397,1471,2026-08-10T08:28:13.821Z
5:8,40,true,0,true,2026-08-10T07:01:47.947Z,1.12.6,1.9.0-DEV,428070c0f9ad,4.16.0,1.3.11,ctbllib-fs2-q3-findall,2397,1472,2026-08-10T08:28:14.099Z
5^(1+2)+:24,3000,true,0,true,2026-08-10T07:01:47.947Z,1.12.6,1.9.0-DEV,428070c0f9ad,4.16.0,1.3.11,ctbllib-fs2-q3-findall,2397,1473,2026-08-10T08:28:14.195Z
5^(1+2)+:4A5,30000,false,0,true,2026-08-10T07:01:47.947Z,1.12.6,1.9.0-DEV,428070c0f9ad,4.16.0,1.3.11,ctbllib-fs2-q3-findall,2397,1474,2026-08-10T08:28:14.331Z
5^(1+2)+:8,1000,true,0,true,2026-08-10T07:01:47.947Z,1.12.6,1.9.0-DEV,428070c0f9ad,4.16.0,1.3.11,ctbllib-fs2-q3-findall,2397,1475,2026-08-10T08:28:14.352Z
5^(1+2):(24:2),6000,true,0,true,2026-08-10T07:01:47.947Z,1.12.6,1.9.0-DEV,428070c0f9ad,4.16.0,1.3.11,ctbllib-fs2-q3-findall,2397,1476,2026-08-10T08:28:14.426Z
5^(1+2):(4x4):4,8000,true,0,true,2026-08-10T07:01:47.947Z,1.12.6,1.9.0-DEV,428070c0f9ad,4.16.0,1.3.11,ctbllib-fs2-q3-findall,2397,1477,2026-08-10T08:28:14.831Z
5^(1+2):(8.2),2000,true,0,true,2026-08-10T07:01:47.947Z,1.12.6,1.9.0-DEV,428070c0f9ad,4.16.0,1.3.11,ctbllib-fs2-q3-findall,2397,1478,2026-08-10T08:28:14.89Z
5^(1+2):3:8,3000,true,0,true,2026-08-10T07:01:47.947Z,1.12.6,1.9.0-DEV,428070c0f9ad,4.16.0,1.3.11,ctbllib-fs2-q3-findall,2397,1479,2026-08-10T08:28:14.926Z
5^(1+2):4S4,12000,true,0,true,2026-08-10T07:01:47.947Z,1.12.6,1.9.0-DEV,428070c0f9ad,4.16.0,1.3.11,ctbllib-fs2-q3-findall,2397,1480,2026-08-10T08:28:14.977Z
5^(1+2):8:4,4000,true,0,true,2026-08-10T07:01:47.947Z,1.12.6,1.9.0-DEV,428070c0f9ad,4.16.0,1.3.11,ctbllib-fs2-q3-findall,2397,1481,2026-08-10T08:28:15.326Z
5^(1+2):GL2(5),60000,false,0,true,2026-08-10T07:01:47.947Z,1.12.6,1.9.0-DEV,428070c0f9ad,4.16.0,1.3.11,ctbllib-fs2-q3-findall,2397,1482,2026-08-10T08:28:15.438Z
5^(1+4).2^(1+4).A5.4,24000000,false,0,true,2026-08-10T07:01:47.947Z,1.12.6,1.9.0-DEV,428070c0f9ad,4.16.0,1.3.11,ctbllib-fs2-q3-findall,2397,1483,2026-08-10T08:28:17.159Z
5^(1+4):2^(1+4).5.4,2000000,true,0,true,2026-08-10T07:01:47.947Z,1.12.6,1.9.0-DEV,428070c0f9ad,4.16.0,1.3.11,ctbllib-fs2-q3-findall,2397,1484,2026-08-10T08:28:17.37Z
5^(1+4):4.3^2:D8,900000,true,0,true,2026-08-10T07:01:47.947Z,1.12.6,1.9.0-DEV,428070c0f9ad,4.16.0,1.3.11,ctbllib-fs2-q3-findall,2397,1485,2026-08-10T08:28:17.535Z
5^(1+4):4S6,9000000,false,0,true,2026-08-10T07:01:47.947Z,1.12.6,1.9.0-DEV,428070c0f9ad,4.16.0,1.3.11,ctbllib-fs2-q3-findall,2397,1486,2026-08-10T08:28:17.734Z
"5^(1+4):GL(2,5)",1500000,false,0,true,2026-08-10T07:01:47.947Z,1.12.6,1.9.0-DEV,428070c0f9ad,4.16.0,1.3.11,ctbllib-fs2-q3-findall,2397,1487,2026-08-10T08:28:17.912Z
5^(1+4)_+:(4Y2^(1+4)_-.5.4),4000000,true,0,true,2026-08-10T07:01:47.947Z,1.12.6,1.9.0-DEV,428070c0f9ad,4.16.0,1.3.11,ctbllib-fs2-q3-findall,2397,1488,2026-08-10T08:28:18.212Z
5^(1+6):2.J2.4,378000000000,false,0,true,2026-08-10T07:01:47.947Z,1.12.6,1.9.0-DEV,428070c0f9ad,4.16.0,1.3.11,ctbllib-fs2-q3-findall,2397,1489,2026-08-10T08:28:20.318Z
5^(2+2+4):(S3xGL2(5)),1125000000,false,0,true,2026-08-10T07:01:47.947Z,1.12.6,1.9.0-DEV,428070c0f9ad,4.16.0,1.3.11,ctbllib-fs2-q3-findall,2397,1490,2026-08-10T08:28:22.704Z
5^(3+3).(2xL3(5)),11625000000,false,0,true,2026-08-10T07:01:47.947Z,1.12.6,1.9.0-DEV,428070c0f9ad,4.16.0,1.3.11,ctbllib-fs2-q3-findall,2397,1491,2026-08-10T08:28:23.622Z
5^1+2.2A4,3000,true,0,true,2026-08-10T07:01:47.947Z,1.12.6,1.9.0-DEV,428070c0f9ad,4.16.0,1.3.11,ctbllib-fs2-q3-findall,2397,1492,2026-08-10T08:28:23.762Z
5^1+2:(2^5),4000,true,0,true,2026-08-10T07:01:47.947Z,1.12.6,1.9.0-DEV,428070c0f9ad,4.16.0,1.3.11,ctbllib-fs2-q3-findall,2397,1493,2026-08-10T08:28:23.838Z
5^2.5.5^2.4A5,750000,false,0,true,2026-08-10T07:01:47.947Z,1.12.6,1.9.0-DEV,428070c0f9ad,4.16.0,1.3.11,ctbllib-fs2-q3-findall,2397,1494,2026-08-10T08:28:24.184Z
5^2.5.5^2.4S5,1500000,false,0,true,2026-08-10T07:01:47.947Z,1.12.6,1.9.0-DEV,428070c0f9ad,4.16.0,1.3.11,ctbllib-fs2-q3-findall,2397,1495,2026-08-10T08:28:24.313Z
5^2:(4xS3),600,true,0,true,2026-08-10T07:01:47.947Z,1.12.6,1.9.0-DEV,428070c0f9ad,4.16.0,1.3.11,ctbllib-fs2-q3-findall,2397,1496,2026-08-10T08:28:24.373Z
5^2:12,300,true,0,true,2026-08-10T07:01:47.947Z,1.12.6,1.9.0-DEV,428070c0f9ad,4.16.0,1.3.11,ctbllib-fs2-q3-findall,2397,1497,2026-08-10T08:28:24.4Z
5^2:2A5,3000,false,0,true,2026-08-10T07:01:47.947Z,1.12.6,1.9.0-DEV,428070c0f9ad,4.16.0,1.3.11,ctbllib-fs2-q3-findall,2397,1498,2026-08-10T08:28:24.46Z
5^2:4A4,1200,true,0,true,2026-08-10T07:01:47.947Z,1.12.6,1.9.0-DEV,428070c0f9ad,4.16.0,1.3.11,ctbllib-fs2-q3-findall,2397,1499,2026-08-10T08:28:27.02Z
5^2:4S4xS5,288000,false,0,true,2026-08-10T07:01:47.947Z,1.12.6,1.9.0-DEV,428070c0f9ad,4.16.0,1.3.11,ctbllib-fs2-q3-findall,2397,1500,2026-08-10T08:28:28.061Z
5^2:4s5,12000,false,0,true,2026-08-10T07:01:47.947Z,1.12.6,1.9.0-DEV,428070c0f9ad,4.16.0,1.3.11,ctbllib-fs2-q3-findall,2397,1501,2026-08-10T08:28:28.152Z
5^2:D12,300,true,0,true,2026-08-10T07:01:47.947Z,1.12.6,1.9.0-DEV,428070c0f9ad,4.16.0,1.3.11,ctbllib-fs2-q3-findall,2397,1502,2026-08-10T08:28:28.194Z
5^2:S3,150,true,0,true,2026-08-10T07:01:47.947Z,1.12.6,1.9.0-DEV,428070c0f9ad,4.16.0,1.3.11,ctbllib-fs2-q3-findall,2397,1503,2026-08-10T08:28:28.244Z
"5^3.psl(3,5)",46500000,false,0,true,2026-08-10T07:01:47.947Z,1.12.6,1.9.0-DEV,428070c0f9ad,4.16.0,1.3.11,ctbllib-fs2-q3-findall,2397,1504,2026-08-10T08:28:28.472Z
5^3:(2xA5).2,30000,false,0,true,2026-08-10T07:01:47.947Z,1.12.6,1.9.0-DEV,428070c0f9ad,4.16.0,1.3.11,ctbllib-fs2-q3-findall,2397,1505,2026-08-10T08:28:28.574Z
5^3:(4x(2xA5).2),120000,false,0,true,2026-08-10T07:01:47.947Z,1.12.6,1.9.0-DEV,428070c0f9ad,4.16.0,1.3.11,ctbllib-fs2-q3-findall,2397,1506,2026-08-10T08:28:29.244Z
5^3:(4xS5),60000,false,0,true,2026-08-10T07:01:47.947Z,1.12.6,1.9.0-DEV,428070c0f9ad,4.16.0,1.3.11,ctbllib-fs2-q3-findall,2397,1507,2026-08-10T08:28:29.405Z
5^3:62,7750,true,0,true,2026-08-10T07:01:47.947Z,1.12.6,1.9.0-DEV,428070c0f9ad,4.16.0,1.3.11,ctbllib-fs2-q3-findall,2397,1508,2026-08-10T08:28:31.267Z
5^4:(3x2.L2(25)).2,58500000,false,0,true,2026-08-10T07:01:47.947Z,1.12.6,1.9.0-DEV,428070c0f9ad,4.16.0,1.3.11,ctbllib-fs2-q3-findall,2397,1509,2026-08-10T08:28:31.727Z
5xA5,300,false,0,true,2026-08-10T07:01:47.947Z,1.12.6,1.9.0-DEV,428070c0f9ad,4.16.0,1.3.11,ctbllib-fs2-q3-findall,2397,1510,2026-08-10T08:28:31.83Z
5xIsoclinic(2.A6.2_2),7200,false,0,true,2026-08-10T07:01:47.947Z,1.12.6,1.9.0-DEV,428070c0f9ad,4.16.0,1.3.11,ctbllib-fs2-q3-findall,2397,1511,2026-08-10T08:28:32.518Z
6.(3^(1+4).[2^7.3]),559872,true,0,true,2026-08-10T07:01:47.947Z,1.12.6,1.9.0-DEV,428070c0f9ad,4.16.0,1.3.11,ctbllib-fs2-q3-findall,2397,1512,2026-08-10T08:28:36.966Z
6.(3^5:U4(2):2),75582720,false,0,true,2026-08-10T07:01:47.947Z,1.12.6,1.9.0-DEV,428070c0f9ad,4.16.0,1.3.11,ctbllib-fs2-q3-findall,2397,1513,2026-08-10T08:28:41.779Z
6.(A4x2(A4xA4).2).2,82944,true,0,true,2026-08-10T07:01:47.947Z,1.12.6,1.9.0-DEV,428070c0f9ad,4.16.0,1.3.11,ctbllib-fs2-q3-findall,2397,1514,2026-08-10T08:28:45.641Z
6.(A4x3).2,432,true,0,true,2026-08-10T07:01:47.947Z,1.12.6,1.9.0-DEV,428070c0f9ad,4.16.0,1.3.11,ctbllib-fs2-q3-findall,2397,1515,2026-08-10T08:28:45.705Z
6.2E6(2),459194878102649123635200,false,0,true,2026-08-10T07:01:47.947Z,1.12.6,1.9.0-DEV,428070c0f9ad,4.16.0,1.3.11,ctbllib-fs2-q3-findall,2397,1516,2026-08-10T08:29:17.11Z
6.2E6(2).2,918389756205298247270400,false,0,true,2026-08-10T07:01:47.947Z,1.12.6,1.9.0-DEV,428070c0f9ad,4.16.0,1.3.11,ctbllib-fs2-q3-findall,2397,1517,2026-08-10T08:29:50.735Z
6.A6,2160,false,0,true,2026-08-10T07:01:47.947Z,1.12.6,1.9.0-DEV,428070c0f9ad,4.16.0,1.3.11,ctbllib-fs2-q3-findall,2397,1518,2026-08-10T08:29:50.84Z
6.A6.2_1,4320,false,0,true,2026-08-10T07:01:47.947Z,1.12.6,1.9.0-DEV,428070c0f9ad,4.16.0,1.3.11,ctbllib-fs2-q3-findall,2397,1519,2026-08-10T08:29:50.893Z
6.A6.2_2,4320,false,0,true,2026-08-10T07:01:47.947Z,1.12.6,1.9.0-DEV,428070c0f9ad,4.16.0,1.3.11,ctbllib-fs2-q3-findall,2397,1520,2026-08-10T08:29:50.952Z
6.A6M3,216,true,0,true,2026-08-10T07:01:47.947Z,1.12.6,1.9.0-DEV,428070c0f9ad,4.16.0,1.3.11,ctbllib-fs2-q3-findall,2397,1521,2026-08-10T08:29:51.015Z
6.A6N2,48,true,0,true,2026-08-10T07:01:47.947Z,1.12.6,1.9.0-DEV,428070c0f9ad,4.16.0,1.3.11,ctbllib-fs2-q3-findall,2397,1522,2026-08-10T08:29:51.306Z
6.A7,15120,false,0,true,2026-08-10T07:01:47.947Z,1.12.6,1.9.0-DEV,428070c0f9ad,4.16.0,1.3.11,ctbllib-fs2-q3-findall,2397,1523,2026-08-10T08:29:51.444Z
6.A7.2,30240,false,0,true,2026-08-10T07:01:47.947Z,1.12.6,1.9.0-DEV,428070c0f9ad,4.16.0,1.3.11,ctbllib-fs2-q3-findall,2397,1524,2026-08-10T08:29:51.531Z
6.Fi22,387370509926400,false,0,true,2026-08-10T07:01:47.947Z,1.12.6,1.9.0-DEV,428070c0f9ad,4.16.0,1.3.11,ctbllib-fs2-q3-findall,2397,1525,2026-08-10T08:29:59.775Z
6.Fi22.2,774741019852800,false,0,true,2026-08-10T07:01:47.947Z,1.12.6,1.9.0-DEV,428070c0f9ad,4.16.0,1.3.11,ctbllib-fs2-q3-findall,2397,1526,2026-08-10T08:30:06.618Z
6.Fi22M5,2724986880,false,0,true,2026-08-10T07:01:47.947Z,1.12.6,1.9.0-DEV,428070c0f9ad,4.16.0,1.3.11,ctbllib-fs2-q3-findall,2397,1527,2026-08-10T08:30:10.432Z
6.L3(4),120960,false,0,true,2026-08-10T07:01:47.947Z,1.12.6,1.9.0-DEV,428070c0f9ad,4.16.0,1.3.11,ctbllib-fs2-q3-findall,2397,1528,2026-08-10T08:30:10.63Z
6.L3(4).(2^2)_{1*2*3*},483840,false,0,true,2026-08-10T07:01:47.947Z,1.12.6,1.9.0-DEV,428070c0f9ad,4.16.0,1.3.11,ctbllib-fs2-q3-findall,2397,1529,2026-08-10T08:30:10.784Z
6.L3(4).(2^2)_{1*2*3},483840,false,0,true,2026-08-10T07:01:47.947Z,1.12.6,1.9.0-DEV,428070c0f9ad,4.16.0,1.3.11,ctbllib-fs2-q3-findall,2397,1530,2026-08-10T08:30:10.949Z
6.L3(4).(2^2)_{1*23*},483840,false,0,true,2026-08-10T07:01:47.947Z,1.12.6,1.9.0-DEV,428070c0f9ad,4.16.0,1.3.11,ctbllib-fs2-q3-findall,2397,1531,2026-08-10T08:30:11.112Z
6.L3(4).(2^2)_{1*23},483840,false,0,true,2026-08-10T07:01:47.947Z,1.12.6,1.9.0-DEV,428070c0f9ad,4.16.0,1.3.11,ctbllib-fs2-q3-findall,2397,1532,2026-08-10T08:30:11.27Z
6.L3(4).(2^2)_{12*3*},483840,false,0,true,2026-08-10T07:01:47.947Z,1.12.6,1.9.0-DEV,428070c0f9ad,4.16.0,1.3.11,ctbllib-fs2-q3-findall,2397,1533,2026-08-10T08:30:11.435Z
6.L3(4).(2^2)_{12*3},483840,false,0,true,2026-08-10T07:01:47.947Z,1.12.6,1.9.0-DEV,428070c0f9ad,4.16.0,1.3.11,ctbllib-fs2-q3-findall,2397,1534,2026-08-10T08:30:11.595Z
6.L3(4).(2^2)_{123*},483840,false,0,true,2026-08-10T07:01:47.947Z,1.12.6,1.9.0-DEV,428070c0f9ad,4.16.0,1.3.11,ctbllib-fs2-q3-findall,2397,1535,2026-08-10T08:30:11.755Z
6.L3(4).(2^2)_{123},483840,false,0,true,2026-08-10T07:01:47.947Z,1.12.6,1.9.0-DEV,428070c0f9ad,4.16.0,1.3.11,ctbllib-fs2-q3-findall,2397,1536,2026-08-10T08:30:11.962Z
6.L3(4).2_1,241920,false,0,true,2026-08-10T07:01:47.947Z,1.12.6,1.9.0-DEV,428070c0f9ad,4.16.0,1.3.11,ctbllib-fs2-q3-findall,2397,1537,2026-08-10T08:30:12.161Z
6.L3(4).2_2,241920,false,0,true,2026-08-10T07:01:47.947Z,1.12.6,1.9.0-DEV,428070c0f9ad,4.16.0,1.3.11,ctbllib-fs2-q3-findall,2397,1538,2026-08-10T08:30:12.317Z
6.L3(4).2_3,241920,false,0,true,2026-08-10T07:01:47.947Z,1.12.6,1.9.0-DEV,428070c0f9ad,4.16.0,1.3.11,ctbllib-fs2-q3-findall,2397,1539,2026-08-10T08:30:15.498Z
6.M22,2661120,false,0,true,2026-08-10T07:01:47.947Z,1.12.6,1.9.0-DEV,428070c0f9ad,4.16.0,1.3.11,ctbllib-fs2-q3-findall,2397,1540,2026-08-10T08:30:15.793Z
6.M22.2,5322240,false,0,true,2026-08-10T07:01:47.947Z,1.12.6,1.9.0-DEV,428070c0f9ad,4.16.0,1.3.11,ctbllib-fs2-q3-findall,2397,1541,2026-08-10T08:30:16.057Z
6.M22M2,34560,false,0,true,2026-08-10T07:01:47.947Z,1.12.6,1.9.0-DEV,428070c0f9ad,4.16.0,1.3.11,ctbllib-fs2-q3-findall,2397,1542,2026-08-10T08:30:16.272Z
6.O7(3),27512110080,false,0,true,2026-08-10T07:01:47.947Z,1.12.6,1.9.0-DEV,428070c0f9ad,4.16.0,1.3.11,ctbllib-fs2-q3-findall,2397,1543,2026-08-10T08:30:19.71Z
6.O7(3).2,55024220160,false,0,true,2026-08-10T07:01:47.947Z,1.12.6,1.9.0-DEV,428070c0f9ad,4.16.0,1.3.11,ctbllib-fs2-q3-findall,2397,1544,2026-08-10T08:30:21.497Z
6.O7(3)M9,7558272,true,0,true,2026-08-10T07:01:47.947Z,1.12.6,1.9.0-DEV,428070c0f9ad,4.16.0,1.3.11,ctbllib-fs2-q3-findall,2397,1545,2026-08-10T08:30:28.68Z
6.Suz,2690072985600,false,0,true,2026-08-10T07:01:47.947Z,1.12.6,1.9.0-DEV,428070c0f9ad,4.16.0,1.3.11,ctbllib-fs2-q3-findall,2397,1546,2026-08-10T08:30:30.903Z
6.Suz.2,5380145971200,false,0,true,2026-08-10T07:01:47.947Z,1.12.6,1.9.0-DEV,428070c0f9ad,4.16.0,1.3.11,ctbllib-fs2-q3-findall,2397,1547,2026-08-10T08:30:34.381Z
6.SuzM11,839808,true,0,true,2026-08-10T07:01:47.947Z,1.12.6,1.9.0-DEV,428070c0f9ad,4.16.0,1.3.11,ctbllib-fs2-q3-findall,2397,1548,2026-08-10T08:30:38.79Z
6.SuzM8,2903040,false,0,true,2026-08-10T07:01:47.947Z,1.12.6,1.9.0-DEV,428070c0f9ad,4.16.0,1.3.11,ctbllib-fs2-q3-findall,2397,1549,2026-08-10T08:30:43.283Z
6.U6(2),55180984320,false,0,true,2026-08-10T07:01:47.947Z,1.12.6,1.9.0-DEV,428070c0f9ad,4.16.0,1.3.11,ctbllib-fs2-q3-findall,2397,1550,2026-08-10T08:30:47.715Z
6.U6(2).2,110361968640,false,0,true,2026-08-10T07:01:47.947Z,1.12.6,1.9.0-DEV,428070c0f9ad,4.16.0,1.3.11,ctbllib-fs2-q3-findall,2397,1551,2026-08-10T08:30:51.762Z
6.U6(2)M3,61931520,false,0,true,2026-08-10T07:01:47.947Z,1.12.6,1.9.0-DEV,428070c0f9ad,4.16.0,1.3.11,ctbllib-fs2-q3-findall,2397,1552,2026-08-10T08:30:53.045Z
67:22,1474,true,0,true,2026-08-10T07:01:47.947Z,1.12.6,1.9.0-DEV,428070c0f9ad,4.16.0,1.3.11,ctbllib-fs2-q3-findall,2397,1553,2026-08-10T08:30:53.491Z
6^2:D12,432,true,0,true,2026-08-10T07:01:47.947Z,1.12.6,1.9.0-DEV,428070c0f9ad,4.16.0,1.3.11,ctbllib-fs2-q3-findall,2397,1554,2026-08-10T08:30:53.56Z
6^2:S3,216,true,0,true,2026-08-10T07:01:47.947Z,1.12.6,1.9.0-DEV,428070c0f9ad,4.16.0,1.3.11,ctbllib-fs2-q3-findall,2397,1555,2026-08-10T08:30:53.592Z
6_1.U4(3),19595520,false,0,true,2026-08-10T07:01:47.947Z,1.12.6,1.9.0-DEV,428070c0f9ad,4.16.0,1.3.11,ctbllib-fs2-q3-findall,2397,1556,2026-08-10T08:30:57.226Z
6_1.U4(3).2_1,39191040,false,0,true,2026-08-10T07:01:47.947Z,1.12.6,1.9.0-DEV,428070c0f9ad,4.16.0,1.3.11,ctbllib-fs2-q3-findall,2397,1557,2026-08-10T08:30:57.717Z
6_1.U4(3).2_2,39191040,false,0,true,2026-08-10T07:01:47.947Z,1.12.6,1.9.0-DEV,428070c0f9ad,4.16.0,1.3.11,ctbllib-fs2-q3-findall,2397,1558,2026-08-10T08:30:59.185Z
6_1.U4(3).2_2',39191040,false,0,true,2026-08-10T07:01:47.947Z,1.12.6,1.9.0-DEV,428070c0f9ad,4.16.0,1.3.11,ctbllib-fs2-q3-findall,2397,1559,2026-08-10T08:31:01.656Z
6_2.U4(3),19595520,false,0,true,2026-08-10T07:01:47.947Z,1.12.6,1.9.0-DEV,428070c0f9ad,4.16.0,1.3.11,ctbllib-fs2-q3-findall,2397,1560,2026-08-10T08:31:02.07Z
6_2.U4(3).2_1,39191040,false,0,true,2026-08-10T07:01:47.947Z,1.12.6,1.9.0-DEV,428070c0f9ad,4.16.0,1.3.11,ctbllib-fs2-q3-findall,2397,1561,2026-08-10T08:31:02.491Z
6_2.U4(3).2_3,39191040,false,0,true,2026-08-10T07:01:47.947Z,1.12.6,1.9.0-DEV,428070c0f9ad,4.16.0,1.3.11,ctbllib-fs2-q3-findall,2397,1562,2026-08-10T08:31:03.089Z
6_2.U4(3).2_3',39191040,false,0,true,2026-08-10T07:01:47.947Z,1.12.6,1.9.0-DEV,428070c0f9ad,4.16.0,1.3.11,ctbllib-fs2-q3-findall,2397,1563,2026-08-10T08:31:03.383Z
6x11:5,330,true,0,true,2026-08-10T07:01:47.947Z,1.12.6,1.9.0-DEV,428070c0f9ad,4.16.0,1.3.11,ctbllib-fs2-q3-findall,2397,1564,2026-08-10T08:31:05.439Z
6x13:6,468,true,0,true,2026-08-10T07:01:47.947Z,1.12.6,1.9.0-DEV,428070c0f9ad,4.16.0,1.3.11,ctbllib-fs2-q3-findall,2397,1565,2026-08-10T08:31:05.91Z
6x2.F4(2),39733519240396800,false,0,true,2026-08-10T07:01:47.947Z,1.12.6,1.9.0-DEV,428070c0f9ad,4.16.0,1.3.11,ctbllib-fs2-q3-findall,2397,1566,2026-08-10T08:33:08.516Z
6x2^3:L3(2),8064,false,0,true,2026-08-10T07:01:47.947Z,1.12.6,1.9.0-DEV,428070c0f9ad,4.16.0,1.3.11,ctbllib-fs2-q3-findall,2397,1567,2026-08-10T08:33:08.799Z
6x5:4,120,true,0,true,2026-08-10T07:01:47.947Z,1.12.6,1.9.0-DEV,428070c0f9ad,4.16.0,1.3.11,ctbllib-fs2-q3-findall,2397,1568,2026-08-10T08:33:08.937Z
6x5:4xS5,14400,false,0,true,2026-08-10T07:01:47.947Z,1.12.6,1.9.0-DEV,428070c0f9ad,4.16.0,1.3.11,ctbllib-fs2-q3-findall,2397,1569,2026-08-10T08:33:11.322Z
6x7:3,126,true,0,true,2026-08-10T07:01:47.947Z,1.12.6,1.9.0-DEV,428070c0f9ad,4.16.0,1.3.11,ctbllib-fs2-q3-findall,2397,1570,2026-08-10T08:33:11.682Z
6xF4(2),19866759620198400,false,0,true,2026-08-10T07:01:47.947Z,1.12.6,1.9.0-DEV,428070c0f9ad,4.16.0,1.3.11,ctbllib-fs2-q3-findall,2397,1571,2026-08-10T08:33:48.436Z
6xFi22N5,14400,true,0,true,2026-08-10T07:01:47.947Z,1.12.6,1.9.0-DEV,428070c0f9ad,4.16.0,1.3.11,ctbllib-fs2-q3-findall,2397,1572,2026-08-10T08:33:51.756Z
6xL2(11),3960,false,0,true,2026-08-10T07:01:47.947Z,1.12.6,1.9.0-DEV,428070c0f9ad,4.16.0,1.3.11,ctbllib-fs2-q3-findall,2397,1573,2026-08-10T08:33:51.972Z
6xL3(2),1008,false,0,true,2026-08-10T07:01:47.947Z,1.12.6,1.9.0-DEV,428070c0f9ad,4.16.0,1.3.11,ctbllib-fs2-q3-findall,2397,1574,2026-08-10T08:33:52.092Z
6xO8+(2):S3,6270566400,false,0,true,2026-08-10T07:01:47.947Z,1.12.6,1.9.0-DEV,428070c0f9ad,4.16.0,1.3.11,ctbllib-fs2-q3-findall,2397,1575,2026-08-10T08:34:11.654Z
6xS3x7:6,1512,true,0,true,2026-08-10T07:01:47.947Z,1.12.6,1.9.0-DEV,428070c0f9ad,4.16.0,1.3.11,ctbllib-fs2-q3-findall,2397,1576,2026-08-10T08:34:12.842Z
6xS3xU4(2),933120,false,0,true,2026-08-10T07:01:47.947Z,1.12.6,1.9.0-DEV,428070c0f9ad,4.16.0,1.3.11,ctbllib-fs2-q3-findall,2397,1577,2026-08-10T08:34:27.905Z
6xS6(2),8709120,false,0,true,2026-08-10T07:01:47.947Z,1.12.6,1.9.0-DEV,428070c0f9ad,4.16.0,1.3.11,ctbllib-fs2-q3-findall,2397,1578,2026-08-10T08:34:29.704Z
6xU5(2),82114560,false,0,true,2026-08-10T07:01:47.947Z,1.12.6,1.9.0-DEV,428070c0f9ad,4.16.0,1.3.11,ctbllib-fs2-q3-findall,2397,1579,2026-08-10T08:34:38.32Z
73:3,219,true,0,true,2026-08-10T07:01:47.947Z,1.12.6,1.9.0-DEV,428070c0f9ad,4.16.0,1.3.11,ctbllib-fs2-q3-findall,2397,1580,2026-08-10T08:34:43.397Z
7:12,84,true,0,true,2026-08-10T07:01:47.947Z,1.12.6,1.9.0-DEV,428070c0f9ad,4.16.0,1.3.11,ctbllib-fs2-q3-findall,2397,1581,2026-08-10T08:34:43.684Z
7:3,21,true,0,true,2026-08-10T07:01:47.947Z,1.12.6,1.9.0-DEV,428070c0f9ad,4.16.0,1.3.11,ctbllib-fs2-q3-findall,2397,1582,2026-08-10T08:34:43.701Z
7:3x3,63,true,0,true,2026-08-10T07:01:47.947Z,1.12.6,1.9.0-DEV,428070c0f9ad,4.16.0,1.3.11,ctbllib-fs2-q3-findall,2397,1583,2026-08-10T08:34:43.74Z
7:3xS3,126,true,0,true,2026-08-10T07:01:47.947Z,1.12.6,1.9.0-DEV,428070c0f9ad,4.16.0,1.3.11,ctbllib-fs2-q3-findall,2397,1584,2026-08-10T08:34:43.811Z
7:3xS4,504,true,0,true,2026-08-10T07:01:47.947Z,1.12.6,1.9.0-DEV,428070c0f9ad,4.16.0,1.3.11,ctbllib-fs2-q3-findall,2397,1585,2026-08-10T08:34:43.928Z
7:3xS5,2520,false,0,true,2026-08-10T07:01:47.947Z,1.12.6,1.9.0-DEV,428070c0f9ad,4.16.0,1.3.11,ctbllib-fs2-q3-findall,2397,1586,2026-08-10T08:34:44.341Z
"7:3xpsl(3,2)",3528,false,0,true,2026-08-10T07:01:47.947Z,1.12.6,1.9.0-DEV,428070c0f9ad,4.16.0,1.3.11,ctbllib-fs2-q3-findall,2397,1587,2026-08-10T08:34:44.491Z
7:6,42,true,0,true,2026-08-10T07:01:47.947Z,1.12.6,1.9.0-DEV,428070c0f9ad,4.16.0,1.3.11,ctbllib-fs2-q3-findall,2397,1588,2026-08-10T08:34:44.52Z
7:6xA5.2,5040,false,0,true,2026-08-10T07:01:47.947Z,1.12.6,1.9.0-DEV,428070c0f9ad,4.16.0,1.3.11,ctbllib-fs2-q3-findall,2397,1589,2026-08-10T08:34:44.755Z
7:6xA7,105840,false,0,true,2026-08-10T07:01:47.947Z,1.12.6,1.9.0-DEV,428070c0f9ad,4.16.0,1.3.11,ctbllib-fs2-q3-findall,2397,1590,2026-08-10T08:34:45.114Z
7:6xL3(2),7056,false,0,true,2026-08-10T07:01:47.947Z,1.12.6,1.9.0-DEV,428070c0f9ad,4.16.0,1.3.11,ctbllib-fs2-q3-findall,2397,1591,2026-08-10T08:34:46.182Z
7:6xS7,211680,false,0,true,2026-08-10T07:01:47.947Z,1.12.6,1.9.0-DEV,428070c0f9ad,4.16.0,1.3.11,ctbllib-fs2-q3-findall,2397,1592,2026-08-10T08:34:46.95Z
"7^(1+2).Sp(2,7)",115248,false,0,true,2026-08-10T07:01:47.947Z,1.12.6,1.9.0-DEV,428070c0f9ad,4.16.0,1.3.11,ctbllib-fs2-q3-findall,2397,1593,2026-08-10T08:34:47.389Z
7^(1+2):(D8x3),8232,true,0,true,2026-08-10T07:01:47.947Z,1.12.6,1.9.0-DEV,428070c0f9ad,4.16.0,1.3.11,ctbllib-fs2-q3-findall,2397,1594,2026-08-10T08:34:47.465Z
7^(1+2):(S3x3),6174,true,0,true,2026-08-10T07:01:47.947Z,1.12.6,1.9.0-DEV,428070c0f9ad,4.16.0,1.3.11,ctbllib-fs2-q3-findall,2397,1595,2026-08-10T08:34:47.52Z
7^(1+2):(S3x6),12348,true,0,true,2026-08-10T07:01:47.947Z,1.12.6,1.9.0-DEV,428070c0f9ad,4.16.0,1.3.11,ctbllib-fs2-q3-findall,2397,1596,2026-08-10T08:34:47.593Z
7^(1+2):48,16464,true,0,true,2026-08-10T07:01:47.947Z,1.12.6,1.9.0-DEV,428070c0f9ad,4.16.0,1.3.11,ctbllib-fs2-q3-findall,2397,1597,2026-08-10T08:34:48.708Z
7^(1+2)_+:(3xD16),16464,true,0,true,2026-08-10T07:01:47.947Z,1.12.6,1.9.0-DEV,428070c0f9ad,4.16.0,1.3.11,ctbllib-fs2-q3-findall,2397,1598,2026-08-10T08:34:48.815Z
7^(1+2)_+:(6xS3).2,24696,true,0,true,2026-08-10T07:01:47.947Z,1.12.6,1.9.0-DEV,428070c0f9ad,4.16.0,1.3.11,ctbllib-fs2-q3-findall,2397,1599,2026-08-10T08:34:49.005Z
7^(1+4):(3x2.S7),508243680,false,0,true,2026-08-10T07:01:47.947Z,1.12.6,1.9.0-DEV,428070c0f9ad,4.16.0,1.3.11,ctbllib-fs2-q3-findall,2397,1600,2026-08-10T08:34:49.647Z
7^(2+1+2):GL2(7),33882912,false,0,true,2026-08-10T07:01:47.947Z,1.12.6,1.9.0-DEV,428070c0f9ad,4.16.0,1.3.11,ctbllib-fs2-q3-findall,2397,1601,2026-08-10T08:34:50.092Z
7^1+2.6,2058,true,0,true,2026-08-10T07:01:47.947Z,1.12.6,1.9.0-DEV,428070c0f9ad,4.16.0,1.3.11,ctbllib-fs2-q3-findall,2397,1602,2026-08-10T08:34:50.307Z
7^1+4.2A7,84707280,false,0,true,2026-08-10T07:01:47.947Z,1.12.6,1.9.0-DEV,428070c0f9ad,4.16.0,1.3.11,ctbllib-fs2-q3-findall,2397,1603,2026-08-10T08:34:52.095Z
7^2:(3x2A4),3528,true,0,true,2026-08-10T07:01:47.947Z,1.12.6,1.9.0-DEV,428070c0f9ad,4.16.0,1.3.11,ctbllib-fs2-q3-findall,2397,1604,2026-08-10T08:34:52.179Z
7^2:(3x2S4),7056,true,0,true,2026-08-10T07:01:47.947Z,1.12.6,1.9.0-DEV,428070c0f9ad,4.16.0,1.3.11,ctbllib-fs2-q3-findall,2397,1605,2026-08-10T08:34:52.27Z
7^2:2.L2(7).2,32928,false,0,true,2026-08-10T07:01:47.947Z,1.12.6,1.9.0-DEV,428070c0f9ad,4.16.0,1.3.11,ctbllib-fs2-q3-findall,2397,1606,2026-08-10T08:34:52.355Z
7^2:24,1176,true,0,true,2026-08-10T07:01:47.947Z,1.12.6,1.9.0-DEV,428070c0f9ad,4.16.0,1.3.11,ctbllib-fs2-q3-findall,2397,1607,2026-08-10T08:34:52.411Z
7^2:2A4,1176,true,0,true,2026-08-10T07:01:47.947Z,1.12.6,1.9.0-DEV,428070c0f9ad,4.16.0,1.3.11,ctbllib-fs2-q3-findall,2397,1608,2026-08-10T08:34:52.471Z
"7^2:2psl(2,7)",16464,false,0,true,2026-08-10T07:01:47.947Z,1.12.6,1.9.0-DEV,428070c0f9ad,4.16.0,1.3.11,ctbllib-fs2-q3-findall,2397,1609,2026-08-10T08:34:52.564Z
7^2:S3,294,true,0,true,2026-08-10T07:01:47.947Z,1.12.6,1.9.0-DEV,428070c0f9ad,4.16.0,1.3.11,ctbllib-fs2-q3-findall,2397,1610,2026-08-10T08:34:52.638Z
7xL2(8),3528,false,0,true,2026-08-10T07:01:47.947Z,1.12.6,1.9.0-DEV,428070c0f9ad,4.16.0,1.3.11,ctbllib-fs2-q3-findall,2397,1611,2026-08-10T08:34:52.963Z
8^2:S3,384,true,0,true,2026-08-10T07:01:47.947Z,1.12.6,1.9.0-DEV,428070c0f9ad,4.16.0,1.3.11,ctbllib-fs2-q3-findall,2397,1612,2026-08-10T08:34:53.036Z
9.U3(8).3_3,148925952,false,4,true,2026-08-10T07:01:47.947Z,1.12.6,1.9.0-DEV,428070c0f9ad,4.16.0,1.3.11,ctbllib-fs2-q3-findall,2397,1613,2026-08-10T08:34:59.376Z
91:3,273,true,0,true,2026-08-10T07:01:47.947Z,1.12.6,1.9.0-DEV,428070c0f9ad,4.16.0,1.3.11,ctbllib-fs2-q3-findall,2397,1614,2026-08-10T08:35:02.784Z
9:6,54,true,0,true,2026-08-10T07:01:47.947Z,1.12.6,1.9.0-DEV,428070c0f9ad,4.16.0,1.3.11,ctbllib-fs2-q3-findall,2397,1615,2026-08-10T08:35:02.805Z
A10,1814400,false,0,true,2026-08-10T07:01:47.947Z,1.12.6,1.9.0-DEV,428070c0f9ad,4.16.0,1.3.11,ctbllib-fs2-q3-findall,2397,1616,2026-08-10T08:35:02.892Z
A10.2,3628800,false,0,true,2026-08-10T07:01:47.947Z,1.12.6,1.9.0-DEV,428070c0f9ad,4.16.0,1.3.11,ctbllib-fs2-q3-findall,2397,1617,2026-08-10T08:35:03.03Z
A11,19958400,false,0,true,2026-08-10T07:01:47.947Z,1.12.6,1.9.0-DEV,428070c0f9ad,4.16.0,1.3.11,ctbllib-fs2-q3-findall,2397,1618,2026-08-10T08:35:03.117Z
A11.2,39916800,false,0,true,2026-08-10T07:01:47.947Z,1.12.6,1.9.0-DEV,428070c0f9ad,4.16.0,1.3.11,ctbllib-fs2-q3-findall,2397,1619,2026-08-10T08:35:03.347Z
A11Syl2,128,true,0,true,2026-08-10T07:01:47.947Z,1.12.6,1.9.0-DEV,428070c0f9ad,4.16.0,1.3.11,ctbllib-fs2-q3-findall,2397,1620,2026-08-10T08:35:03.392Z
A12,239500800,false,0,true,2026-08-10T07:01:47.947Z,1.12.6,1.9.0-DEV,428070c0f9ad,4.16.0,1.3.11,ctbllib-fs2-q3-findall,2397,1621,2026-08-10T08:35:03.593Z
A12.2,479001600,false,0,true,2026-08-10T07:01:47.947Z,1.12.6,1.9.0-DEV,428070c0f9ad,4.16.0,1.3.11,ctbllib-fs2-q3-findall,2397,1622,2026-08-10T08:35:03.995Z
A13,3113510400,false,0,true,2026-08-10T07:01:47.947Z,1.12.6,1.9.0-DEV,428070c0f9ad,4.16.0,1.3.11,ctbllib-fs2-q3-findall,2397,1623,2026-08-10T08:35:04.248Z
A13.2,6227020800,false,0,true,2026-08-10T07:01:47.947Z,1.12.6,1.9.0-DEV,428070c0f9ad,4.16.0,1.3.11,ctbllib-fs2-q3-findall,2397,1624,2026-08-10T08:35:06.062Z
A14,43589145600,false,0,true,2026-08-10T07:01:47.947Z,1.12.6,1.9.0-DEV,428070c0f9ad,4.16.0,1.3.11,ctbllib-fs2-q3-findall,2397,1625,2026-08-10T08:35:06.479Z
A14.2,87178291200,false,0,true,2026-08-10T07:01:47.947Z,1.12.6,1.9.0-DEV,428070c0f9ad,4.16.0,1.3.11,ctbllib-fs2-q3-findall,2397,1626,2026-08-10T08:35:08.835Z
A15,653837184000,false,0,true,2026-08-10T07:01:47.947Z,1.12.6,1.9.0-DEV,428070c0f9ad,4.16.0,1.3.11,ctbllib-fs2-q3-findall,2397,1627,2026-08-10T08:35:09.582Z
A15.2,1307674368000,false,0,true,2026-08-10T07:01:47.947Z,1.12.6,1.9.0-DEV,428070c0f9ad,4.16.0,1.3.11,ctbllib-fs2-q3-findall,2397,1628,2026-08-10T08:35:16.214Z
A16,10461394944000,false,0,true,2026-08-10T07:01:47.947Z,1.12.6,1.9.0-DEV,428070c0f9ad,4.16.0,1.3.11,ctbllib-fs2-q3-findall,2397,1629,2026-08-10T08:35:17.489Z
A16.2,20922789888000,false,0,true,2026-08-10T07:01:47.947Z,1.12.6,1.9.0-DEV,428070c0f9ad,4.16.0,1.3.11,ctbllib-fs2-q3-findall,2397,1630,2026-08-10T08:35:25.483Z
A17,177843714048000,false,0,true,2026-08-10T07:01:47.947Z,1.12.6,1.9.0-DEV,428070c0f9ad,4.16.0,1.3.11,ctbllib-fs2-q3-findall,2397,1631,2026-08-10T08:35:27.417Z
A17.2,355687428096000,false,0,true,2026-08-10T07:01:47.947Z,1.12.6,1.9.0-DEV,428070c0f9ad,4.16.0,1.3.11,ctbllib-fs2-q3-findall,2397,1632,2026-08-10T08:35:42.032Z
A18,3201186852864000,false,0,true,2026-08-10T07:01:47.947Z,1.12.6,1.9.0-DEV,428070c0f9ad,4.16.0,1.3.11,ctbllib-fs2-q3-findall,2397,1633,2026-08-10T08:35:49.185Z
A18.2,6402373705728000,false,0,true,2026-08-10T07:01:47.947Z,1.12.6,1.9.0-DEV,428070c0f9ad,4.16.0,1.3.11,ctbllib-fs2-q3-findall,2397,1634,2026-08-10T08:36:10.321Z
A19,60822550204416000,false,0,true,2026-08-10T07:01:47.947Z,1.12.6,1.9.0-DEV,428070c0f9ad,4.16.0,1.3.11,ctbllib-fs2-q3-findall,2397,1635,2026-08-10T08:36:21.482Z
A19.2,121645100408832000,false,0,true,2026-08-10T07:01:47.947Z,1.12.6,1.9.0-DEV,428070c0f9ad,4.16.0,1.3.11,ctbllib-fs2-q3-findall,2397,1636,2026-08-10T08:37:00.772Z
A4x7:3,252,true,0,true,2026-08-10T07:01:47.947Z,1.12.6,1.9.0-DEV,428070c0f9ad,4.16.0,1.3.11,ctbllib-fs2-q3-findall,2397,1637,2026-08-10T08:37:00.829Z
A4xC4,48,true,0,true,2026-08-10T07:01:47.947Z,1.12.6,1.9.0-DEV,428070c0f9ad,4.16.0,1.3.11,ctbllib-fs2-q3-findall,2397,1638,2026-08-10T08:37:00.907Z
A4xS3,72,true,0,true,2026-08-10T07:01:47.947Z,1.12.6,1.9.0-DEV,428070c0f9ad,4.16.0,1.3.11,ctbllib-fs2-q3-findall,2397,1639,2026-08-10T08:37:00.93Z
A4xU4(2),311040,false,0,true,2026-08-10T07:01:47.947Z,1.12.6,1.9.0-DEV,428070c0f9ad,4.16.0,1.3.11,ctbllib-fs2-q3-findall,2397,1640,2026-08-10T08:37:01.31Z
A5,60,false,0,true,2026-08-10T07:01:47.947Z,1.12.6,1.9.0-DEV,428070c0f9ad,4.16.0,1.3.11,ctbllib-fs2-q3-findall,2397,1641,2026-08-10T08:37:01.351Z
A5.2,120,false,0,true,2026-08-10T07:01:47.947Z,1.12.6,1.9.0-DEV,428070c0f9ad,4.16.0,1.3.11,ctbllib-fs2-q3-findall,2397,1642,2026-08-10T08:37:01.362Z
A5.2xM22.2,106444800,false,0,true,2026-08-10T07:01:47.947Z,1.12.6,1.9.0-DEV,428070c0f9ad,4.16.0,1.3.11,ctbllib-fs2-q3-findall,2397,1643,2026-08-10T08:37:05.87Z
A5xA5,3600,false,0,true,2026-08-10T07:01:47.947Z,1.12.6,1.9.0-DEV,428070c0f9ad,4.16.0,1.3.11,ctbllib-fs2-q3-findall,2397,1644,2026-08-10T08:37:05.969Z
A6,360,false,0,true,2026-08-10T07:01:47.947Z,1.12.6,1.9.0-DEV,428070c0f9ad,4.16.0,1.3.11,ctbllib-fs2-q3-findall,2397,1645,2026-08-10T08:37:05.981Z
A6.2^2,1440,false,0,true,2026-08-10T07:01:47.947Z,1.12.6,1.9.0-DEV,428070c0f9ad,4.16.0,1.3.11,ctbllib-fs2-q3-findall,2397,1646,2026-08-10T08:37:06.001Z
A6.2_1,720,false,0,true,2026-08-10T07:01:47.947Z,1.12.6,1.9.0-DEV,428070c0f9ad,4.16.0,1.3.11,ctbllib-fs2-q3-findall,2397,1647,2026-08-10T08:37:06.018Z
A6.2_2,720,false,0,true,2026-08-10T07:01:47.947Z,1.12.6,1.9.0-DEV,428070c0f9ad,4.16.0,1.3.11,ctbllib-fs2-q3-findall,2397,1648,2026-08-10T08:37:06.036Z
A6.2_3,720,false,0,true,2026-08-10T07:01:47.947Z,1.12.6,1.9.0-DEV,428070c0f9ad,4.16.0,1.3.11,ctbllib-fs2-q3-findall,2397,1649,2026-08-10T08:37:06.047Z
A6.D8,2880,false,0,true,2026-08-10T07:01:47.947Z,1.12.6,1.9.0-DEV,428070c0f9ad,4.16.0,1.3.11,ctbllib-fs2-q3-findall,2397,1650,2026-08-10T08:37:06.144Z
A6xL2(8):3,544320,false,0,true,2026-08-10T07:01:47.947Z,1.12.6,1.9.0-DEV,428070c0f9ad,4.16.0,1.3.11,ctbllib-fs2-q3-findall,2397,1651,2026-08-10T08:37:06.601Z
A7,2520,false,0,true,2026-08-10T07:01:47.947Z,1.12.6,1.9.0-DEV,428070c0f9ad,4.16.0,1.3.11,ctbllib-fs2-q3-findall,2397,1652,2026-08-10T08:37:06.648Z
A7.2,5040,false,0,true,2026-08-10T07:01:47.947Z,1.12.6,1.9.0-DEV,428070c0f9ad,4.16.0,1.3.11,ctbllib-fs2-q3-findall,2397,1653,2026-08-10T08:37:06.674Z
A7x3,7560,false,0,true,2026-08-10T07:01:47.947Z,1.12.6,1.9.0-DEV,428070c0f9ad,4.16.0,1.3.11,ctbllib-fs2-q3-findall,2397,1654,2026-08-10T08:37:06.781Z
A7xS3,15120,false,0,true,2026-08-10T07:01:47.947Z,1.12.6,1.9.0-DEV,428070c0f9ad,4.16.0,1.3.11,ctbllib-fs2-q3-findall,2397,1655,2026-08-10T08:37:07.158Z
A8,20160,false,0,true,2026-08-10T07:01:47.947Z,1.12.6,1.9.0-DEV,428070c0f9ad,4.16.0,1.3.11,ctbllib-fs2-q3-findall,2397,1656,2026-08-10T08:37:07.216Z
A8.2,40320,false,0,true,2026-08-10T07:01:47.947Z,1.12.6,1.9.0-DEV,428070c0f9ad,4.16.0,1.3.11,ctbllib-fs2-q3-findall,2397,1657,2026-08-10T08:37:07.262Z
A8x3,60480,false,0,true,2026-08-10T07:01:47.947Z,1.12.6,1.9.0-DEV,428070c0f9ad,4.16.0,1.3.11,ctbllib-fs2-q3-findall,2397,1658,2026-08-10T08:37:07.427Z
A8xS3,120960,false,0,true,2026-08-10T07:01:47.947Z,1.12.6,1.9.0-DEV,428070c0f9ad,4.16.0,1.3.11,ctbllib-fs2-q3-findall,2397,1659,2026-08-10T08:37:07.878Z
A9,181440,false,0,true,2026-08-10T07:01:47.947Z,1.12.6,1.9.0-DEV,428070c0f9ad,4.16.0,1.3.11,ctbllib-fs2-q3-findall,2397,1660,2026-08-10T08:37:07.948Z
A9.2,362880,false,0,true,2026-08-10T07:01:47.947Z,1.12.6,1.9.0-DEV,428070c0f9ad,4.16.0,1.3.11,ctbllib-fs2-q3-findall,2397,1661,2026-08-10T08:37:08.023Z
A9x3,544320,false,0,true,2026-08-10T07:01:47.947Z,1.12.6,1.9.0-DEV,428070c0f9ad,4.16.0,1.3.11,ctbllib-fs2-q3-findall,2397,1662,2026-08-10T08:37:09.903Z
A9xS3,1088640,false,0,true,2026-08-10T07:01:47.947Z,1.12.6,1.9.0-DEV,428070c0f9ad,4.16.0,1.3.11,ctbllib-fs2-q3-findall,2397,1663,2026-08-10T08:37:10.447Z
Alt(2),1,true,0,true,2026-08-10T07:01:47.947Z,1.12.6,1.9.0-DEV,428070c0f9ad,4.16.0,1.3.11,ctbllib-fs2-q3-findall,2397,1664,2026-08-10T08:37:10.458Z
B,4154781481226426191177580544000000,false,0,true,2026-08-10T07:01:47.947Z,1.12.6,1.9.0-DEV,428070c0f9ad,4.16.0,1.3.11,ctbllib-fs2-q3-findall,2397,1665,2026-08-10T08:37:16.128Z
BN7,28224,true,0,true,2026-08-10T07:01:47.947Z,1.12.6,1.9.0-DEV,428070c0f9ad,4.16.0,1.3.11,ctbllib-fs2-q3-findall,2397,1666,2026-08-10T08:37:16.578Z
C2,2,true,0,true,2026-08-10T07:01:47.947Z,1.12.6,1.9.0-DEV,428070c0f9ad,4.16.0,1.3.11,ctbllib-fs2-q3-findall,2397,1667,2026-08-10T08:37:16.591Z
C3,3,true,0,true,2026-08-10T07:01:47.947Z,1.12.6,1.9.0-DEV,428070c0f9ad,4.16.0,1.3.11,ctbllib-fs2-q3-findall,2397,1668,2026-08-10T08:37:16.604Z
C4,4,true,0,true,2026-08-10T07:01:47.947Z,1.12.6,1.9.0-DEV,428070c0f9ad,4.16.0,1.3.11,ctbllib-fs2-q3-findall,2397,1669,2026-08-10T08:37:16.613Z
C6,6,true,0,true,2026-08-10T07:01:47.947Z,1.12.6,1.9.0-DEV,428070c0f9ad,4.16.0,1.3.11,ctbllib-fs2-q3-findall,2397,1670,2026-08-10T08:37:16.622Z
C9Y3.3^5.U4(2),56687040,false,0,true,2026-08-10T07:01:47.947Z,1.12.6,1.9.0-DEV,428070c0f9ad,4.16.0,1.3.11,ctbllib-fs2-q3-findall,2397,1671,2026-08-10T08:37:20.924Z
Co1,4157776806543360000,false,0,true,2026-08-10T07:01:47.947Z,1.12.6,1.9.0-DEV,428070c0f9ad,4.16.0,1.3.11,ctbllib-fs2-q3-findall,2397,1672,2026-08-10T08:37:23.206Z
Co1N3,157464,true,0,true,2026-08-10T07:01:47.947Z,1.12.6,1.9.0-DEV,428070c0f9ad,4.16.0,1.3.11,ctbllib-fs2-q3-findall,2397,1673,2026-08-10T08:37:24.221Z
Co1N5,10000,true,0,true,2026-08-10T07:01:47.947Z,1.12.6,1.9.0-DEV,428070c0f9ad,4.16.0,1.3.11,ctbllib-fs2-q3-findall,2397,1674,2026-08-10T08:37:24.313Z
Co2,42305421312000,false,0,true,2026-08-10T07:01:47.947Z,1.12.6,1.9.0-DEV,428070c0f9ad,4.16.0,1.3.11,ctbllib-fs2-q3-findall,2397,1675,2026-08-10T08:37:24.61Z
Co2N2,262144,true,0,true,2026-08-10T07:01:47.947Z,1.12.6,1.9.0-DEV,428070c0f9ad,4.16.0,1.3.11,ctbllib-fs2-q3-findall,2397,1676,2026-08-10T08:37:46.106Z
Co2N7,336,true,0,true,2026-08-10T07:01:47.947Z,1.12.6,1.9.0-DEV,428070c0f9ad,4.16.0,1.3.11,ctbllib-fs2-q3-findall,2397,1677,2026-08-10T08:37:46.154Z
Co3,495766656000,false,0,true,2026-08-10T07:01:47.947Z,1.12.6,1.9.0-DEV,428070c0f9ad,4.16.0,1.3.11,ctbllib-fs2-q3-findall,2397,1678,2026-08-10T08:37:46.326Z
Co3N2,1024,true,0,true,2026-08-10T07:01:47.947Z,1.12.6,1.9.0-DEV,428070c0f9ad,4.16.0,1.3.11,ctbllib-fs2-q3-findall,2397,1679,2026-08-10T08:37:46.627Z
Co3N3,69984,true,0,true,2026-08-10T07:01:47.947Z,1.12.6,1.9.0-DEV,428070c0f9ad,4.16.0,1.3.11,ctbllib-fs2-q3-findall,2397,1680,2026-08-10T08:37:46.796Z
D10,10,true,0,true,2026-08-10T07:01:47.947Z,1.12.6,1.9.0-DEV,428070c0f9ad,4.16.0,1.3.11,ctbllib-fs2-q3-findall,2397,1681,2026-08-10T08:37:46.812Z
D108,108,true,0,true,2026-08-10T07:01:47.947Z,1.12.6,1.9.0-DEV,428070c0f9ad,4.16.0,1.3.11,ctbllib-fs2-q3-findall,2397,1682,2026-08-10T08:37:46.915Z
D110,110,true,0,true,2026-08-10T07:01:47.947Z,1.12.6,1.9.0-DEV,428070c0f9ad,4.16.0,1.3.11,ctbllib-fs2-q3-findall,2397,1683,2026-08-10T08:37:47.418Z
D112,112,true,0,true,2026-08-10T07:01:47.947Z,1.12.6,1.9.0-DEV,428070c0f9ad,4.16.0,1.3.11,ctbllib-fs2-q3-findall,2397,1684,2026-08-10T08:37:47.54Z
D114,114,true,0,true,2026-08-10T07:01:47.947Z,1.12.6,1.9.0-DEV,428070c0f9ad,4.16.0,1.3.11,ctbllib-fs2-q3-findall,2397,1685,2026-08-10T08:37:47.712Z
D120,120,true,0,true,2026-08-10T07:01:47.947Z,1.12.6,1.9.0-DEV,428070c0f9ad,4.16.0,1.3.11,ctbllib-fs2-q3-findall,2397,1686,2026-08-10T08:37:47.83Z
D122,122,true,0,true,2026-08-10T07:01:47.947Z,1.12.6,1.9.0-DEV,428070c0f9ad,4.16.0,1.3.11,ctbllib-fs2-q3-findall,2397,1687,2026-08-10T08:37:51.369Z
D126,126,true,0,true,2026-08-10T07:01:47.947Z,1.12.6,1.9.0-DEV,428070c0f9ad,4.16.0,1.3.11,ctbllib-fs2-q3-findall,2397,1688,2026-08-10T08:37:51.505Z
D14,14,true,0,true,2026-08-10T07:01:47.947Z,1.12.6,1.9.0-DEV,428070c0f9ad,4.16.0,1.3.11,ctbllib-fs2-q3-findall,2397,1689,2026-08-10T08:37:51.525Z
D16,16,true,0,true,2026-08-10T07:01:47.947Z,1.12.6,1.9.0-DEV,428070c0f9ad,4.16.0,1.3.11,ctbllib-fs2-q3-findall,2397,1690,2026-08-10T08:37:51.541Z
D18,18,true,0,true,2026-08-10T07:01:47.947Z,1.12.6,1.9.0-DEV,428070c0f9ad,4.16.0,1.3.11,ctbllib-fs2-q3-findall,2397,1691,2026-08-10T08:37:51.551Z
D20,20,true,0,true,2026-08-10T07:01:47.947Z,1.12.6,1.9.0-DEV,428070c0f9ad,4.16.0,1.3.11,ctbllib-fs2-q3-findall,2397,1692,2026-08-10T08:37:51.573Z
D22,22,true,0,true,2026-08-10T07:01:47.947Z,1.12.6,1.9.0-DEV,428070c0f9ad,4.16.0,1.3.11,ctbllib-fs2-q3-findall,2397,1693,2026-08-10T08:37:51.596Z
D24,24,true,0,true,2026-08-10T07:01:47.947Z,1.12.6,1.9.0-DEV,428070c0f9ad,4.16.0,1.3.11,ctbllib-fs2-q3-findall,2397,1694,2026-08-10T08:37:51.616Z
D26,26,true,0,true,2026-08-10T07:01:47.947Z,1.12.6,1.9.0-DEV,428070c0f9ad,4.16.0,1.3.11,ctbllib-fs2-q3-findall,2397,1695,2026-08-10T08:37:51.645Z
D28,28,true,0,true,2026-08-10T07:01:47.947Z,1.12.6,1.9.0-DEV,428070c0f9ad,4.16.0,1.3.11,ctbllib-fs2-q3-findall,2397,1696,2026-08-10T08:37:53.759Z
D30,30,true,0,true,2026-08-10T07:01:47.947Z,1.12.6,1.9.0-DEV,428070c0f9ad,4.16.0,1.3.11,ctbllib-fs2-q3-findall,2397,1697,2026-08-10T08:37:53.775Z
D32,32,true,0,true,2026-08-10T07:01:47.947Z,1.12.6,1.9.0-DEV,428070c0f9ad,4.16.0,1.3.11,ctbllib-fs2-q3-findall,2397,1698,2026-08-10T08:37:53.787Z
D62,62,true,0,true,2026-08-10T07:01:47.947Z,1.12.6,1.9.0-DEV,428070c0f9ad,4.16.0,1.3.11,ctbllib-fs2-q3-findall,2397,1699,2026-08-10T08:37:53.963Z
D62x2,124,true,0,true,2026-08-10T07:01:47.947Z,1.12.6,1.9.0-DEV,428070c0f9ad,4.16.0,1.3.11,ctbllib-fs2-q3-findall,2397,1700,2026-08-10T08:37:54.396Z
D6xD10,60,true,0,true,2026-08-10T07:01:47.947Z,1.12.6,1.9.0-DEV,428070c0f9ad,4.16.0,1.3.11,ctbllib-fs2-q3-findall,2397,1701,2026-08-10T08:37:54.439Z
D8,8,true,0,true,2026-08-10T07:01:47.947Z,1.12.6,1.9.0-DEV,428070c0f9ad,4.16.0,1.3.11,ctbllib-fs2-q3-findall,2397,1702,2026-08-10T08:37:54.449Z
D8x2,16,true,0,true,2026-08-10T07:01:47.947Z,1.12.6,1.9.0-DEV,428070c0f9ad,4.16.0,1.3.11,ctbllib-fs2-q3-findall,2397,1703,2026-08-10T08:37:54.464Z
D8x2F4(2)'.2,287539200,false,0,true,2026-08-10T07:01:47.947Z,1.12.6,1.9.0-DEV,428070c0f9ad,4.16.0,1.3.11,ctbllib-fs2-q3-findall,2397,1704,2026-08-10T08:37:57.064Z
D8x3^(1+2)_+:Q8,1728,true,0,true,2026-08-10T07:01:47.947Z,1.12.6,1.9.0-DEV,428070c0f9ad,4.16.0,1.3.11,ctbllib-fs2-q3-findall,2397,1705,2026-08-10T08:37:57.731Z
D8x3^2:Q8,576,true,0,true,2026-08-10T07:01:47.947Z,1.12.6,1.9.0-DEV,428070c0f9ad,4.16.0,1.3.11,ctbllib-fs2-q3-findall,2397,1706,2026-08-10T08:37:57.86Z
D8xL3(2),1344,false,0,true,2026-08-10T07:01:47.947Z,1.12.6,1.9.0-DEV,428070c0f9ad,4.16.0,1.3.11,ctbllib-fs2-q3-findall,2397,1707,2026-08-10T08:37:57.984Z
D8xL4(3).2_2,97044480,false,0,true,2026-08-10T07:01:47.947Z,1.12.6,1.9.0-DEV,428070c0f9ad,4.16.0,1.3.11,ctbllib-fs2-q3-findall,2397,1708,2026-08-10T08:38:04.596Z
D8xS3,48,true,0,true,2026-08-10T07:01:47.947Z,1.12.6,1.9.0-DEV,428070c0f9ad,4.16.0,1.3.11,ctbllib-fs2-q3-findall,2397,1709,2026-08-10T08:38:04.893Z
D8xS6(2),11612160,false,0,true,2026-08-10T07:01:47.947Z,1.12.6,1.9.0-DEV,428070c0f9ad,4.16.0,1.3.11,ctbllib-fs2-q3-findall,2397,1710,2026-08-10T08:38:09.786Z
D8xU3(3).2,96768,false,0,true,2026-08-10T07:01:47.947Z,1.12.6,1.9.0-DEV,428070c0f9ad,4.16.0,1.3.11,ctbllib-fs2-q3-findall,2397,1711,2026-08-10T08:38:10.498Z
D8xV4,32,true,0,true,2026-08-10T07:01:47.947Z,1.12.6,1.9.0-DEV,428070c0f9ad,4.16.0,1.3.11,ctbllib-fs2-q3-findall,2397,1712,2026-08-10T08:38:10.613Z
E6(2),214841575522005575270400,false,0,true,2026-08-10T07:01:47.947Z,1.12.6,1.9.0-DEV,428070c0f9ad,4.16.0,1.3.11,ctbllib-fs2-q3-findall,2397,1713,2026-08-10T08:38:17.302Z
F3+,1255205709190661721292800,false,0,true,2026-08-10T07:01:47.947Z,1.12.6,1.9.0-DEV,428070c0f9ad,4.16.0,1.3.11,ctbllib-fs2-q3-findall,2397,1714,2026-08-10T08:38:20.705Z
F3+.2,2510411418381323442585600,false,0,true,2026-08-10T07:01:47.947Z,1.12.6,1.9.0-DEV,428070c0f9ad,4.16.0,1.3.11,ctbllib-fs2-q3-findall,2397,1715,2026-08-10T08:38:24.672Z
F3+M7,501397585920,false,0,true,2026-08-10T07:01:47.947Z,1.12.6,1.9.0-DEV,428070c0f9ad,4.16.0,1.3.11,ctbllib-fs2-q3-findall,2397,1716,2026-08-10T08:38:25.063Z
F3+N5,28800,true,0,true,2026-08-10T07:01:47.947Z,1.12.6,1.9.0-DEV,428070c0f9ad,4.16.0,1.3.11,ctbllib-fs2-q3-findall,2397,1717,2026-08-10T08:38:25.253Z
F4(2),3311126603366400,false,0,true,2026-08-10T07:01:47.947Z,1.12.6,1.9.0-DEV,428070c0f9ad,4.16.0,1.3.11,ctbllib-fs2-q3-findall,2397,1718,2026-08-10T08:38:25.916Z
F4(2).2,6622253206732800,false,0,true,2026-08-10T07:01:47.947Z,1.12.6,1.9.0-DEV,428070c0f9ad,4.16.0,1.3.11,ctbllib-fs2-q3-findall,2397,1719,2026-08-10T08:38:27.857Z
F4(2).2M8,186624,true,0,true,2026-08-10T07:01:47.947Z,1.12.6,1.9.0-DEV,428070c0f9ad,4.16.0,1.3.11,ctbllib-fs2-q3-findall,2397,1720,2026-08-10T08:38:28.076Z
F4(2)M13,93312,true,0,true,2026-08-10T07:01:47.947Z,1.12.6,1.9.0-DEV,428070c0f9ad,4.16.0,1.3.11,ctbllib-fs2-q3-findall,2397,1721,2026-08-10T08:38:28.309Z
F4(3),5734420792816671844761600,false,0,true,2026-08-10T07:01:47.947Z,1.12.6,1.9.0-DEV,428070c0f9ad,4.16.0,1.3.11,ctbllib-fs2-q3-findall,2397,1722,2026-08-10T08:38:38.71Z
Fi22,64561751654400,false,0,true,2026-08-10T07:01:47.947Z,1.12.6,1.9.0-DEV,428070c0f9ad,4.16.0,1.3.11,ctbllib-fs2-q3-findall,2397,1723,2026-08-10T08:38:39.036Z
Fi22.2,129123503308800,false,0,true,2026-08-10T07:01:47.947Z,1.12.6,1.9.0-DEV,428070c0f9ad,4.16.0,1.3.11,ctbllib-fs2-q3-findall,2397,1724,2026-08-10T08:38:41.402Z
Fi22.2M4,908328960,false,0,true,2026-08-10T07:01:47.947Z,1.12.6,1.9.0-DEV,428070c0f9ad,4.16.0,1.3.11,ctbllib-fs2-q3-findall,2397,1725,2026-08-10T08:38:41.883Z
Fi22N3,78732,true,0,true,2026-08-10T07:01:47.947Z,1.12.6,1.9.0-DEV,428070c0f9ad,4.16.0,1.3.11,ctbllib-fs2-q3-findall,2397,1726,2026-08-10T08:38:42.542Z
Fi22N5,2400,true,0,true,2026-08-10T07:01:47.947Z,1.12.6,1.9.0-DEV,428070c0f9ad,4.16.0,1.3.11,ctbllib-fs2-q3-findall,2397,1727,2026-08-10T08:38:42.571Z
Fi23,4089470473293004800,false,0,true,2026-08-10T07:01:47.947Z,1.12.6,1.9.0-DEV,428070c0f9ad,4.16.0,1.3.11,ctbllib-fs2-q3-findall,2397,1728,2026-08-10T08:38:43.275Z
Fi23M8,663238368,false,0,true,2026-08-10T07:01:47.947Z,1.12.6,1.9.0-DEV,428070c0f9ad,4.16.0,1.3.11,ctbllib-fs2-q3-findall,2397,1729,2026-08-10T08:38:47.665Z
Fi23N3,12754584,true,0,true,2026-08-10T07:01:47.947Z,1.12.6,1.9.0-DEV,428070c0f9ad,4.16.0,1.3.11,ctbllib-fs2-q3-findall,2397,1730,2026-08-10T08:38:56.353Z
G2(3),4245696,false,0,true,2026-08-10T07:01:47.947Z,1.12.6,1.9.0-DEV,428070c0f9ad,4.16.0,1.3.11,ctbllib-fs2-q3-findall,2397,1731,2026-08-10T08:38:56.421Z
G2(3).2,8491392,false,0,true,2026-08-10T07:01:47.947Z,1.12.6,1.9.0-DEV,428070c0f9ad,4.16.0,1.3.11,ctbllib-fs2-q3-findall,2397,1732,2026-08-10T08:38:56.481Z
G2(3).2N2,128,true,0,true,2026-08-10T07:01:47.947Z,1.12.6,1.9.0-DEV,428070c0f9ad,4.16.0,1.3.11,ctbllib-fs2-q3-findall,2397,1733,2026-08-10T08:38:56.78Z
G2(4),251596800,false,0,true,2026-08-10T07:01:47.947Z,1.12.6,1.9.0-DEV,428070c0f9ad,4.16.0,1.3.11,ctbllib-fs2-q3-findall,2397,1734,2026-08-10T08:38:56.895Z
G2(4).2,503193600,false,0,true,2026-08-10T07:01:47.947Z,1.12.6,1.9.0-DEV,428070c0f9ad,4.16.0,1.3.11,ctbllib-fs2-q3-findall,2397,1735,2026-08-10T08:38:57.019Z
G2(4)N2,36864,true,0,true,2026-08-10T07:01:47.947Z,1.12.6,1.9.0-DEV,428070c0f9ad,4.16.0,1.3.11,ctbllib-fs2-q3-findall,2397,1736,2026-08-10T08:39:00.584Z
G2(5),5859000000,false,0,true,2026-08-10T07:01:47.947Z,1.12.6,1.9.0-DEV,428070c0f9ad,4.16.0,1.3.11,ctbllib-fs2-q3-findall,2397,1737,2026-08-10T08:39:00.785Z
G2(7),664376138496,false,0,true,2026-08-10T07:01:47.947Z,1.12.6,1.9.0-DEV,428070c0f9ad,4.16.0,1.3.11,ctbllib-fs2-q3-findall,2397,1738,2026-08-10T08:39:01.37Z
HN,273030912000000,false,0,true,2026-08-10T07:01:47.947Z,1.12.6,1.9.0-DEV,428070c0f9ad,4.16.0,1.3.11,ctbllib-fs2-q3-findall,2397,1739,2026-08-10T08:39:01.641Z
HN.2,546061824000000,false,0,true,2026-08-10T07:01:47.947Z,1.12.6,1.9.0-DEV,428070c0f9ad,4.16.0,1.3.11,ctbllib-fs2-q3-findall,2397,1740,2026-08-10T08:39:02.028Z
HN.2M13,116640,false,0,true,2026-08-10T07:01:47.947Z,1.12.6,1.9.0-DEV,428070c0f9ad,4.16.0,1.3.11,ctbllib-fs2-q3-findall,2397,1741,2026-08-10T08:39:02.193Z
HN.2N3,11664,true,0,true,2026-08-10T07:01:47.947Z,1.12.6,1.9.0-DEV,428070c0f9ad,4.16.0,1.3.11,ctbllib-fs2-q3-findall,2397,1742,2026-08-10T08:39:02.62Z
HNN2,49152,true,0,true,2026-08-10T07:01:47.947Z,1.12.6,1.9.0-DEV,428070c0f9ad,4.16.0,1.3.11,ctbllib-fs2-q3-findall,2397,1743,2026-08-10T08:39:02.964Z
HNN3,5832,true,0,true,2026-08-10T07:01:47.947Z,1.12.6,1.9.0-DEV,428070c0f9ad,4.16.0,1.3.11,ctbllib-fs2-q3-findall,2397,1744,2026-08-10T08:39:03.301Z
HNN5,125000,true,0,true,2026-08-10T07:01:47.947Z,1.12.6,1.9.0-DEV,428070c0f9ad,4.16.0,1.3.11,ctbllib-fs2-q3-findall,2397,1745,2026-08-10T08:39:05.145Z
HS,44352000,false,0,true,2026-08-10T07:01:47.947Z,1.12.6,1.9.0-DEV,428070c0f9ad,4.16.0,1.3.11,ctbllib-fs2-q3-findall,2397,1746,2026-08-10T08:39:05.21Z
HS.2,88704000,false,0,true,2026-08-10T07:01:47.947Z,1.12.6,1.9.0-DEV,428070c0f9ad,4.16.0,1.3.11,ctbllib-fs2-q3-findall,2397,1747,2026-08-10T08:39:05.325Z
HS.2x2,177408000,false,0,true,2026-08-10T07:01:47.947Z,1.12.6,1.9.0-DEV,428070c0f9ad,4.16.0,1.3.11,ctbllib-fs2-q3-findall,2397,1748,2026-08-10T08:39:05.743Z
HSN2,512,true,0,true,2026-08-10T07:01:47.947Z,1.12.6,1.9.0-DEV,428070c0f9ad,4.16.0,1.3.11,ctbllib-fs2-q3-findall,2397,1749,2026-08-10T08:39:05.857Z
He,4030387200,false,0,true,2026-08-10T07:01:47.947Z,1.12.6,1.9.0-DEV,428070c0f9ad,4.16.0,1.3.11,ctbllib-fs2-q3-findall,2397,1750,2026-08-10T08:39:05.984Z
He.2,8060774400,false,0,true,2026-08-10T07:01:47.947Z,1.12.6,1.9.0-DEV,428070c0f9ad,4.16.0,1.3.11,ctbllib-fs2-q3-findall,2397,1751,2026-08-10T08:39:06.115Z
Isoclinic((3^2x2).U4(3).2_3'),117573120,false,0,true,2026-08-10T07:01:47.947Z,1.12.6,1.9.0-DEV,428070c0f9ad,4.16.0,1.3.11,ctbllib-fs2-q3-findall,2397,1752,2026-08-10T08:39:09.235Z
Isoclinic(12.M22.2),10644480,false,0,true,2026-08-10T07:01:47.947Z,1.12.6,1.9.0-DEV,428070c0f9ad,4.16.0,1.3.11,ctbllib-fs2-q3-findall,2397,1753,2026-08-10T08:39:09.634Z
Isoclinic(12_1.L3(4).2_1),483840,false,0,true,2026-08-10T07:01:47.947Z,1.12.6,1.9.0-DEV,428070c0f9ad,4.16.0,1.3.11,ctbllib-fs2-q3-findall,2397,1754,2026-08-10T08:39:09.934Z
Isoclinic(12_1.L3(4).2_2),483840,false,0,true,2026-08-10T07:01:47.947Z,1.12.6,1.9.0-DEV,428070c0f9ad,4.16.0,1.3.11,ctbllib-fs2-q3-findall,2397,1755,2026-08-10T08:39:10.187Z
Isoclinic(12_1.U4(3).2_2'),78382080,false,0,true,2026-08-10T07:01:47.947Z,1.12.6,1.9.0-DEV,428070c0f9ad,4.16.0,1.3.11,ctbllib-fs2-q3-findall,2397,1756,2026-08-10T08:39:14.159Z
Isoclinic(12_1.U4(3).2_2),78382080,false,0,true,2026-08-10T07:01:47.947Z,1.12.6,1.9.0-DEV,428070c0f9ad,4.16.0,1.3.11,ctbllib-fs2-q3-findall,2397,1757,2026-08-10T08:39:18.345Z
Isoclinic(12_2.L3(4).2_1),483840,false,0,true,2026-08-10T07:01:47.947Z,1.12.6,1.9.0-DEV,428070c0f9ad,4.16.0,1.3.11,ctbllib-fs2-q3-findall,2397,1758,2026-08-10T08:39:18.654Z
Isoclinic(12_2.L3(4).2_3),483840,false,0,true,2026-08-10T07:01:47.947Z,1.12.6,1.9.0-DEV,428070c0f9ad,4.16.0,1.3.11,ctbllib-fs2-q3-findall,2397,1759,2026-08-10T08:39:18.886Z
Isoclinic(12_2.U4(3).2_3'),78382080,false,0,true,2026-08-10T07:01:47.947Z,1.12.6,1.9.0-DEV,428070c0f9ad,4.16.0,1.3.11,ctbllib-fs2-q3-findall,2397,1760,2026-08-10T08:39:19.472Z
Isoclinic(12_2.U4(3).2_3),78382080,false,0,true,2026-08-10T07:01:47.947Z,1.12.6,1.9.0-DEV,428070c0f9ad,4.16.0,1.3.11,ctbllib-fs2-q3-findall,2397,1761,2026-08-10T08:39:21.957Z
Isoclinic(2.A10.2),7257600,false,0,true,2026-08-10T07:01:47.947Z,1.12.6,1.9.0-DEV,428070c0f9ad,4.16.0,1.3.11,ctbllib-fs2-q3-findall,2397,1762,2026-08-10T08:39:22.196Z
Isoclinic(2.A11.2),79833600,false,0,true,2026-08-10T07:01:47.947Z,1.12.6,1.9.0-DEV,428070c0f9ad,4.16.0,1.3.11,ctbllib-fs2-q3-findall,2397,1763,2026-08-10T08:39:22.539Z
Isoclinic(2.A12.2),958003200,false,0,true,2026-08-10T07:01:47.947Z,1.12.6,1.9.0-DEV,428070c0f9ad,4.16.0,1.3.11,ctbllib-fs2-q3-findall,2397,1764,2026-08-10T08:39:23.125Z
Isoclinic(2.A13.2),12454041600,false,0,true,2026-08-10T07:01:47.947Z,1.12.6,1.9.0-DEV,428070c0f9ad,4.16.0,1.3.11,ctbllib-fs2-q3-findall,2397,1765,2026-08-10T08:39:27.484Z
Isoclinic(2.A14.2),174356582400,false,0,true,2026-08-10T07:01:47.947Z,1.12.6,1.9.0-DEV,428070c0f9ad,4.16.0,1.3.11,ctbllib-fs2-q3-findall,2397,1766,2026-08-10T08:39:29.276Z
Isoclinic(2.A5.2),240,false,0,true,2026-08-10T07:01:47.947Z,1.12.6,1.9.0-DEV,428070c0f9ad,4.16.0,1.3.11,ctbllib-fs2-q3-findall,2397,1767,2026-08-10T08:39:29.324Z
Isoclinic(2.A6.2_2),1440,false,0,true,2026-08-10T07:01:47.947Z,1.12.6,1.9.0-DEV,428070c0f9ad,4.16.0,1.3.11,ctbllib-fs2-q3-findall,2397,1768,2026-08-10T08:39:29.365Z
Isoclinic(2.A6x2),1440,false,0,true,2026-08-10T07:01:47.947Z,1.12.6,1.9.0-DEV,428070c0f9ad,4.16.0,1.3.11,ctbllib-fs2-q3-findall,2397,1769,2026-08-10T08:39:29.421Z
Isoclinic(2.A7.2),10080,false,0,true,2026-08-10T07:01:47.947Z,1.12.6,1.9.0-DEV,428070c0f9ad,4.16.0,1.3.11,ctbllib-fs2-q3-findall,2397,1770,2026-08-10T08:39:29.498Z
Isoclinic(2.A8.2),80640,false,0,true,2026-08-10T07:01:47.947Z,1.12.6,1.9.0-DEV,428070c0f9ad,4.16.0,1.3.11,ctbllib-fs2-q3-findall,2397,1771,2026-08-10T08:39:29.576Z
Isoclinic(2.A9.2),725760,false,0,true,2026-08-10T07:01:47.947Z,1.12.6,1.9.0-DEV,428070c0f9ad,4.16.0,1.3.11,ctbllib-fs2-q3-findall,2397,1772,2026-08-10T08:39:31.636Z
Isoclinic(2.F4(2).2),13244506413465600,false,0,true,2026-08-10T07:01:47.947Z,1.12.6,1.9.0-DEV,428070c0f9ad,4.16.0,1.3.11,ctbllib-fs2-q3-findall,2397,1773,2026-08-10T08:39:32.74Z
Isoclinic(2.Fi22.2),258247006617600,false,0,true,2026-08-10T07:01:47.947Z,1.12.6,1.9.0-DEV,428070c0f9ad,4.16.0,1.3.11,ctbllib-fs2-q3-findall,2397,1774,2026-08-10T08:39:35.831Z
Isoclinic(2.G2(4).2),1006387200,false,0,true,2026-08-10T07:01:47.947Z,1.12.6,1.9.0-DEV,428070c0f9ad,4.16.0,1.3.11,ctbllib-fs2-q3-findall,2397,1775,2026-08-10T08:39:36.049Z
Isoclinic(2.HS.2),177408000,false,0,true,2026-08-10T07:01:47.947Z,1.12.6,1.9.0-DEV,428070c0f9ad,4.16.0,1.3.11,ctbllib-fs2-q3-findall,2397,1776,2026-08-10T08:39:36.252Z
Isoclinic(2.HSx2),177408000,false,0,true,2026-08-10T07:01:47.947Z,1.12.6,1.9.0-DEV,428070c0f9ad,4.16.0,1.3.11,ctbllib-fs2-q3-findall,2397,1777,2026-08-10T08:39:36.568Z
Isoclinic(2.J2.2),2419200,false,0,true,2026-08-10T07:01:47.947Z,1.12.6,1.9.0-DEV,428070c0f9ad,4.16.0,1.3.11,ctbllib-fs2-q3-findall,2397,1778,2026-08-10T08:39:36.698Z
Isoclinic(2.L2(11).2),2640,false,0,true,2026-08-10T07:01:47.947Z,1.12.6,1.9.0-DEV,428070c0f9ad,4.16.0,1.3.11,ctbllib-fs2-q3-findall,2397,1779,2026-08-10T08:39:36.756Z
Isoclinic(2.L2(13).2),4368,false,0,true,2026-08-10T07:01:47.947Z,1.12.6,1.9.0-DEV,428070c0f9ad,4.16.0,1.3.11,ctbllib-fs2-q3-findall,2397,1780,2026-08-10T08:39:36.831Z
Isoclinic(2.L2(17).2),9792,false,0,true,2026-08-10T07:01:47.947Z,1.12.6,1.9.0-DEV,428070c0f9ad,4.16.0,1.3.11,ctbllib-fs2-q3-findall,2397,1781,2026-08-10T08:39:36.895Z
Isoclinic(2.L2(19).2),13680,false,0,true,2026-08-10T07:01:47.947Z,1.12.6,1.9.0-DEV,428070c0f9ad,4.16.0,1.3.11,ctbllib-fs2-q3-findall,2397,1782,2026-08-10T08:39:36.986Z
Isoclinic(2.L2(23).2),24288,false,0,true,2026-08-10T07:01:47.947Z,1.12.6,1.9.0-DEV,428070c0f9ad,4.16.0,1.3.11,ctbllib-fs2-q3-findall,2397,1783,2026-08-10T08:39:37.222Z
Isoclinic(2.L2(25).2_1),31200,false,0,true,2026-08-10T07:01:47.947Z,1.12.6,1.9.0-DEV,428070c0f9ad,4.16.0,1.3.11,ctbllib-fs2-q3-findall,2397,1784,2026-08-10T08:39:37.58Z
Isoclinic(2.L2(25)x2),31200,false,0,true,2026-08-10T07:01:47.947Z,1.12.6,1.9.0-DEV,428070c0f9ad,4.16.0,1.3.11,ctbllib-fs2-q3-findall,2397,1785,2026-08-10T08:39:37.775Z
Isoclinic(2.L2(27).2),39312,false,0,true,2026-08-10T07:01:47.947Z,1.12.6,1.9.0-DEV,428070c0f9ad,4.16.0,1.3.11,ctbllib-fs2-q3-findall,2397,1786,2026-08-10T08:39:41.054Z
Isoclinic(2.L2(27).6),117936,false,0,true,2026-08-10T07:01:47.947Z,1.12.6,1.9.0-DEV,428070c0f9ad,4.16.0,1.3.11,ctbllib-fs2-q3-findall,2397,1787,2026-08-10T08:39:41.235Z
Isoclinic(2.L2(29).2),48720,false,0,true,2026-08-10T07:01:47.947Z,1.12.6,1.9.0-DEV,428070c0f9ad,4.16.0,1.3.11,ctbllib-fs2-q3-findall,2397,1788,2026-08-10T08:39:41.479Z
Isoclinic(2.L2(31).2),59520,false,0,true,2026-08-10T07:01:47.947Z,1.12.6,1.9.0-DEV,428070c0f9ad,4.16.0,1.3.11,ctbllib-fs2-q3-findall,2397,1789,2026-08-10T08:39:41.743Z
Isoclinic(2.L2(49).2_1),235200,false,0,true,2026-08-10T07:01:47.947Z,1.12.6,1.9.0-DEV,428070c0f9ad,4.16.0,1.3.11,ctbllib-fs2-q3-findall,2397,1790,2026-08-10T08:39:43.668Z
Isoclinic(2.L2(49)x2),235200,false,0,true,2026-08-10T07:01:47.947Z,1.12.6,1.9.0-DEV,428070c0f9ad,4.16.0,1.3.11,ctbllib-fs2-q3-findall,2397,1791,2026-08-10T08:39:45.316Z
Isoclinic(2.L2(81).2_2),1062720,false,0,true,2026-08-10T07:01:47.947Z,1.12.6,1.9.0-DEV,428070c0f9ad,4.16.0,1.3.11,ctbllib-fs2-q3-findall,2397,1792,2026-08-10T08:40:15.627Z
Isoclinic(2.L2(81)x2),1062720,false,0,true,2026-08-10T07:01:47.947Z,1.12.6,1.9.0-DEV,428070c0f9ad,4.16.0,1.3.11,ctbllib-fs2-q3-findall,2397,1793,2026-08-10T08:40:19.526Z
Isoclinic(2.L3(2).2),672,false,0,true,2026-08-10T07:01:47.947Z,1.12.6,1.9.0-DEV,428070c0f9ad,4.16.0,1.3.11,ctbllib-fs2-q3-findall,2397,1794,2026-08-10T08:40:19.556Z
Isoclinic(2.L3(4).2_1),80640,false,0,true,2026-08-10T07:01:47.947Z,1.12.6,1.9.0-DEV,428070c0f9ad,4.16.0,1.3.11,ctbllib-fs2-q3-findall,2397,1795,2026-08-10T08:40:19.615Z
Isoclinic(2.L3(4).2_2),80640,false,0,true,2026-08-10T07:01:47.947Z,1.12.6,1.9.0-DEV,428070c0f9ad,4.16.0,1.3.11,ctbllib-fs2-q3-findall,2397,1796,2026-08-10T08:40:19.67Z
Isoclinic(2.L3(4).2_3),80640,false,0,true,2026-08-10T07:01:47.947Z,1.12.6,1.9.0-DEV,428070c0f9ad,4.16.0,1.3.11,ctbllib-fs2-q3-findall,2397,1797,2026-08-10T08:40:19.719Z
Isoclinic(2.L4(3).2_1),24261120,false,0,true,2026-08-10T07:01:47.947Z,1.12.6,1.9.0-DEV,428070c0f9ad,4.16.0,1.3.11,ctbllib-fs2-q3-findall,2397,1798,2026-08-10T08:40:19.997Z
Isoclinic(2.L4(3).2_2),24261120,false,0,true,2026-08-10T07:01:47.947Z,1.12.6,1.9.0-DEV,428070c0f9ad,4.16.0,1.3.11,ctbllib-fs2-q3-findall,2397,1799,2026-08-10T08:40:20.315Z
Isoclinic(2.L4(3).2_3),24261120,false,0,true,2026-08-10T07:01:47.947Z,1.12.6,1.9.0-DEV,428070c0f9ad,4.16.0,1.3.11,ctbllib-fs2-q3-findall,2397,1800,2026-08-10T08:40:21.023Z
Isoclinic(2.M12.2),380160,false,0,true,2026-08-10T07:01:47.947Z,1.12.6,1.9.0-DEV,428070c0f9ad,4.16.0,1.3.11,ctbllib-fs2-q3-findall,2397,1801,2026-08-10T08:40:21.101Z
Isoclinic(2.M22.2),1774080,false,0,true,2026-08-10T07:01:47.947Z,1.12.6,1.9.0-DEV,428070c0f9ad,4.16.0,1.3.11,ctbllib-fs2-q3-findall,2397,1802,2026-08-10T08:40:21.19Z
Isoclinic(2.O7(3).2),18341406720,false,0,true,2026-08-10T07:01:47.947Z,1.12.6,1.9.0-DEV,428070c0f9ad,4.16.0,1.3.11,ctbllib-fs2-q3-findall,2397,1803,2026-08-10T08:40:22.293Z
Isoclinic(2.O8+(2).2),696729600,false,0,true,2026-08-10T07:01:47.947Z,1.12.6,1.9.0-DEV,428070c0f9ad,4.16.0,1.3.11,ctbllib-fs2-q3-findall,2397,1804,2026-08-10T08:40:23.778Z
Isoclinic(2.S4(5).2),18720000,false,0,true,2026-08-10T07:01:47.947Z,1.12.6,1.9.0-DEV,428070c0f9ad,4.16.0,1.3.11,ctbllib-fs2-q3-findall,2397,1805,2026-08-10T08:40:24.137Z
Isoclinic(2.S6(3).2),18341406720,false,0,true,2026-08-10T07:01:47.947Z,1.12.6,1.9.0-DEV,428070c0f9ad,4.16.0,1.3.11,ctbllib-fs2-q3-findall,2397,1806,2026-08-10T08:40:25.867Z
Isoclinic(2.Suz.2),1793381990400,false,0,true,2026-08-10T07:01:47.947Z,1.12.6,1.9.0-DEV,428070c0f9ad,4.16.0,1.3.11,ctbllib-fs2-q3-findall,2397,1807,2026-08-10T08:40:27.737Z
Isoclinic(2.U4(2).2),103680,false,0,true,2026-08-10T07:01:47.947Z,1.12.6,1.9.0-DEV,428070c0f9ad,4.16.0,1.3.11,ctbllib-fs2-q3-findall,2397,1808,2026-08-10T08:40:27.848Z
Isoclinic(2.U4(3).2_1),13063680,false,0,true,2026-08-10T07:01:47.947Z,1.12.6,1.9.0-DEV,428070c0f9ad,4.16.0,1.3.11,ctbllib-fs2-q3-findall,2397,1809,2026-08-10T08:40:28.186Z
Isoclinic(2.U4(3).2_2),13063680,false,0,true,2026-08-10T07:01:47.947Z,1.12.6,1.9.0-DEV,428070c0f9ad,4.16.0,1.3.11,ctbllib-fs2-q3-findall,2397,1810,2026-08-10T08:40:28.371Z
Isoclinic(2.U4(3).2_3),13063680,false,0,true,2026-08-10T07:01:47.947Z,1.12.6,1.9.0-DEV,428070c0f9ad,4.16.0,1.3.11,ctbllib-fs2-q3-findall,2397,1811,2026-08-10T08:40:28.476Z
Isoclinic(2.U6(2).2),36787322880,false,0,true,2026-08-10T07:01:47.947Z,1.12.6,1.9.0-DEV,428070c0f9ad,4.16.0,1.3.11,ctbllib-fs2-q3-findall,2397,1812,2026-08-10T08:40:29.085Z
Isoclinic(2x(2.A4x3).2),288,true,0,true,2026-08-10T07:01:47.947Z,1.12.6,1.9.0-DEV,428070c0f9ad,4.16.0,1.3.11,ctbllib-fs2-q3-findall,2397,1813,2026-08-10T08:40:29.465Z
Isoclinic(2x2.F4(2).2),26489012826931200,false,0,true,2026-08-10T07:01:47.947Z,1.12.6,1.9.0-DEV,428070c0f9ad,4.16.0,1.3.11,ctbllib-fs2-q3-findall,2397,1814,2026-08-10T08:40:37.582Z
Isoclinic(2x3^(1+2)_+:Q8),432,true,0,true,2026-08-10T07:01:47.947Z,1.12.6,1.9.0-DEV,428070c0f9ad,4.16.0,1.3.11,ctbllib-fs2-q3-findall,2397,1815,2026-08-10T08:40:37.702Z
Isoclinic(2x3^2:Q8),144,true,0,true,2026-08-10T07:01:47.947Z,1.12.6,1.9.0-DEV,428070c0f9ad,4.16.0,1.3.11,ctbllib-fs2-q3-findall,2397,1816,2026-08-10T08:40:37.762Z
Isoclinic(2x5:8),80,true,0,true,2026-08-10T07:01:47.947Z,1.12.6,1.9.0-DEV,428070c0f9ad,4.16.0,1.3.11,ctbllib-fs2-q3-findall,2397,1817,2026-08-10T08:40:38.345Z
Isoclinic(2xU3(3).2),24192,false,0,true,2026-08-10T07:01:47.947Z,1.12.6,1.9.0-DEV,428070c0f9ad,4.16.0,1.3.11,ctbllib-fs2-q3-findall,2397,1818,2026-08-10T08:40:40.178Z
Isoclinic(2xU3(4).2),249600,false,0,true,2026-08-10T07:01:47.947Z,1.12.6,1.9.0-DEV,428070c0f9ad,4.16.0,1.3.11,ctbllib-fs2-q3-findall,2397,1819,2026-08-10T08:40:40.431Z
Isoclinic(3.A6.2_3x2),4320,false,0,true,2026-08-10T07:01:47.947Z,1.12.6,1.9.0-DEV,428070c0f9ad,4.16.0,1.3.11,ctbllib-fs2-q3-findall,2397,1820,2026-08-10T08:40:40.577Z
"Isoclinic(3.L3(4).3,1)",181440,false,1,true,2026-08-10T07:01:47.947Z,1.12.6,1.9.0-DEV,428070c0f9ad,4.16.0,1.3.11,ctbllib-fs2-q3-findall,2397,1821,2026-08-10T08:40:40.906Z
"Isoclinic(3.L3(4).3,2)",181440,false,1,true,2026-08-10T07:01:47.947Z,1.12.6,1.9.0-DEV,428070c0f9ad,4.16.0,1.3.11,ctbllib-fs2-q3-findall,2397,1822,2026-08-10T08:40:41.179Z
"Isoclinic(3.L3(4).6,1)",362880,false,1,true,2026-08-10T07:01:47.947Z,1.12.6,1.9.0-DEV,428070c0f9ad,4.16.0,1.3.11,ctbllib-fs2-q3-findall,2397,1823,2026-08-10T08:40:41.408Z
"Isoclinic(3.L3(4).6,2)",362880,false,1,true,2026-08-10T07:01:47.947Z,1.12.6,1.9.0-DEV,428070c0f9ad,4.16.0,1.3.11,ctbllib-fs2-q3-findall,2397,1824,2026-08-10T08:40:41.65Z
"Isoclinic(3.L3(7).3,1)",16892064,false,1,true,2026-08-10T07:01:47.947Z,1.12.6,1.9.0-DEV,428070c0f9ad,4.16.0,1.3.11,ctbllib-fs2-q3-findall,2397,1825,2026-08-10T08:40:50.818Z
"Isoclinic(3.L3(7).3,2)",16892064,false,1,true,2026-08-10T07:01:47.947Z,1.12.6,1.9.0-DEV,428070c0f9ad,4.16.0,1.3.11,ctbllib-fs2-q3-findall,2397,1826,2026-08-10T08:40:55.473Z
"Isoclinic(3.U3(11).3,1)",638241120,false,1,true,2026-08-10T07:01:47.947Z,1.12.6,1.9.0-DEV,428070c0f9ad,4.16.0,1.3.11,ctbllib-fs2-q3-findall,2397,1827,2026-08-10T08:43:25.995Z
"Isoclinic(3.U3(11).3,2)",638241120,false,1,true,2026-08-10T07:01:47.947Z,1.12.6,1.9.0-DEV,428070c0f9ad,4.16.0,1.3.11,ctbllib-fs2-q3-findall,2397,1828,2026-08-10T08:44:37.994Z
"Isoclinic(3.U3(5).3,1)",1134000,false,1,true,2026-08-10T07:01:47.947Z,1.12.6,1.9.0-DEV,428070c0f9ad,4.16.0,1.3.11,ctbllib-fs2-q3-findall,2397,1829,2026-08-10T08:44:38.515Z
"Isoclinic(3.U3(5).3,2)",1134000,false,1,true,2026-08-10T07:01:47.947Z,1.12.6,1.9.0-DEV,428070c0f9ad,4.16.0,1.3.11,ctbllib-fs2-q3-findall,2397,1830,2026-08-10T08:44:39.199Z
"Isoclinic(3.U3(8).3_2,1)",49641984,false,1,true,2026-08-10T07:01:47.947Z,1.12.6,1.9.0-DEV,428070c0f9ad,4.16.0,1.3.11,ctbllib-fs2-q3-findall,2397,1831,2026-08-10T08:44:50.182Z
"Isoclinic(3.U3(8).3_2,2)",49641984,false,1,true,2026-08-10T07:01:47.947Z,1.12.6,1.9.0-DEV,428070c0f9ad,4.16.0,1.3.11,ctbllib-fs2-q3-findall,2397,1832,2026-08-10T08:44:59.723Z
Isoclinic(3.U3(8)x3),49641984,false,0,true,2026-08-10T07:01:47.947Z,1.12.6,1.9.0-DEV,428070c0f9ad,4.16.0,1.3.11,ctbllib-fs2-q3-findall,2397,1833,2026-08-10T08:45:07.592Z
"Isoclinic(3.U6(2).3,1)",82771476480,false,1,true,2026-08-10T07:01:47.947Z,1.12.6,1.9.0-DEV,428070c0f9ad,4.16.0,1.3.11,ctbllib-fs2-q3-findall,2397,1834,2026-08-10T08:45:14.22Z
"Isoclinic(3.U6(2).3,2)",82771476480,false,1,true,2026-08-10T07:01:47.947Z,1.12.6,1.9.0-DEV,428070c0f9ad,4.16.0,1.3.11,ctbllib-fs2-q3-findall,2397,1835,2026-08-10T08:45:23.175Z
Isoclinic(4.M22.2),3548160,false,0,true,2026-08-10T07:01:47.947Z,1.12.6,1.9.0-DEV,428070c0f9ad,4.16.0,1.3.11,ctbllib-fs2-q3-findall,2397,1836,2026-08-10T08:45:23.34Z
Isoclinic(4.U4(3).2_2),26127360,false,0,true,2026-08-10T07:01:47.947Z,1.12.6,1.9.0-DEV,428070c0f9ad,4.16.0,1.3.11,ctbllib-fs2-q3-findall,2397,1837,2026-08-10T08:45:25.396Z
Isoclinic(4.U4(3).2_3),26127360,false,0,true,2026-08-10T07:01:47.947Z,1.12.6,1.9.0-DEV,428070c0f9ad,4.16.0,1.3.11,ctbllib-fs2-q3-findall,2397,1838,2026-08-10T08:45:25.588Z
Isoclinic(4_1.L3(4).2_1),161280,false,0,true,2026-08-10T07:01:47.947Z,1.12.6,1.9.0-DEV,428070c0f9ad,4.16.0,1.3.11,ctbllib-fs2-q3-findall,2397,1839,2026-08-10T08:45:25.664Z
Isoclinic(4_1.L3(4).2_2),161280,false,0,true,2026-08-10T07:01:47.947Z,1.12.6,1.9.0-DEV,428070c0f9ad,4.16.0,1.3.11,ctbllib-fs2-q3-findall,2397,1840,2026-08-10T08:45:25.756Z
Isoclinic(4_2.L3(4).2_1),161280,false,0,true,2026-08-10T07:01:47.947Z,1.12.6,1.9.0-DEV,428070c0f9ad,4.16.0,1.3.11,ctbllib-fs2-q3-findall,2397,1841,2026-08-10T08:45:25.817Z
Isoclinic(4_2.L3(4).2_3),161280,false,0,true,2026-08-10T07:01:47.947Z,1.12.6,1.9.0-DEV,428070c0f9ad,4.16.0,1.3.11,ctbllib-fs2-q3-findall,2397,1842,2026-08-10T08:45:25.902Z
Isoclinic(4x3^2:Q8),288,true,0,true,2026-08-10T07:01:47.947Z,1.12.6,1.9.0-DEV,428070c0f9ad,4.16.0,1.3.11,ctbllib-fs2-q3-findall,2397,1843,2026-08-10T08:45:26.242Z
Isoclinic(6.A6.2_2),4320,false,0,true,2026-08-10T07:01:47.947Z,1.12.6,1.9.0-DEV,428070c0f9ad,4.16.0,1.3.11,ctbllib-fs2-q3-findall,2397,1844,2026-08-10T08:45:26.345Z
Isoclinic(6.A6x2),4320,false,0,true,2026-08-10T07:01:47.947Z,1.12.6,1.9.0-DEV,428070c0f9ad,4.16.0,1.3.11,ctbllib-fs2-q3-findall,2397,1845,2026-08-10T08:45:26.543Z
Isoclinic(6.A7.2),30240,false,0,true,2026-08-10T07:01:47.947Z,1.12.6,1.9.0-DEV,428070c0f9ad,4.16.0,1.3.11,ctbllib-fs2-q3-findall,2397,1846,2026-08-10T08:45:26.662Z
Isoclinic(6.Fi22.2),774741019852800,false,0,true,2026-08-10T07:01:47.947Z,1.12.6,1.9.0-DEV,428070c0f9ad,4.16.0,1.3.11,ctbllib-fs2-q3-findall,2397,1847,2026-08-10T08:45:34.502Z
Isoclinic(6.L3(4).2_1),241920,false,0,true,2026-08-10T07:01:47.947Z,1.12.6,1.9.0-DEV,428070c0f9ad,4.16.0,1.3.11,ctbllib-fs2-q3-findall,2397,1848,2026-08-10T08:45:34.696Z
Isoclinic(6.L3(4).2_2),241920,false,0,true,2026-08-10T07:01:47.947Z,1.12.6,1.9.0-DEV,428070c0f9ad,4.16.0,1.3.11,ctbllib-fs2-q3-findall,2397,1849,2026-08-10T08:45:34.827Z
Isoclinic(6.L3(4).2_3),241920,false,0,true,2026-08-10T07:01:47.947Z,1.12.6,1.9.0-DEV,428070c0f9ad,4.16.0,1.3.11,ctbllib-fs2-q3-findall,2397,1850,2026-08-10T08:45:34.949Z
Isoclinic(6.M22.2),5322240,false,0,true,2026-08-10T07:01:47.947Z,1.12.6,1.9.0-DEV,428070c0f9ad,4.16.0,1.3.11,ctbllib-fs2-q3-findall,2397,1851,2026-08-10T08:45:35.175Z
Isoclinic(6.O7(3).2),55024220160,false,0,true,2026-08-10T07:01:47.947Z,1.12.6,1.9.0-DEV,428070c0f9ad,4.16.0,1.3.11,ctbllib-fs2-q3-findall,2397,1852,2026-08-10T08:45:38.726Z
Isoclinic(6.Suz.2),5380145971200,false,0,true,2026-08-10T07:01:47.947Z,1.12.6,1.9.0-DEV,428070c0f9ad,4.16.0,1.3.11,ctbllib-fs2-q3-findall,2397,1853,2026-08-10T08:45:43.706Z
Isoclinic(6.U6(2).2),110361968640,false,0,true,2026-08-10T07:01:47.947Z,1.12.6,1.9.0-DEV,428070c0f9ad,4.16.0,1.3.11,ctbllib-fs2-q3-findall,2397,1854,2026-08-10T08:45:45.467Z
Isoclinic(6_1.U4(3).2_1),39191040,false,0,true,2026-08-10T07:01:47.947Z,1.12.6,1.9.0-DEV,428070c0f9ad,4.16.0,1.3.11,ctbllib-fs2-q3-findall,2397,1855,2026-08-10T08:45:47.821Z
Isoclinic(6_1.U4(3).2_2'),39191040,false,0,true,2026-08-10T07:01:47.947Z,1.12.6,1.9.0-DEV,428070c0f9ad,4.16.0,1.3.11,ctbllib-fs2-q3-findall,2397,1856,2026-08-10T08:45:48.233Z
Isoclinic(6_1.U4(3).2_2),39191040,false,0,true,2026-08-10T07:01:47.947Z,1.12.6,1.9.0-DEV,428070c0f9ad,4.16.0,1.3.11,ctbllib-fs2-q3-findall,2397,1857,2026-08-10T08:45:49.256Z
Isoclinic(6_2.U4(3).2_1),39191040,false,0,true,2026-08-10T07:01:47.947Z,1.12.6,1.9.0-DEV,428070c0f9ad,4.16.0,1.3.11,ctbllib-fs2-q3-findall,2397,1858,2026-08-10T08:45:51.293Z
Isoclinic(6_2.U4(3).2_3'),39191040,false,0,true,2026-08-10T07:01:47.947Z,1.12.6,1.9.0-DEV,428070c0f9ad,4.16.0,1.3.11,ctbllib-fs2-q3-findall,2397,1859,2026-08-10T08:45:51.542Z
Isoclinic(6_2.U4(3).2_3),39191040,false,0,true,2026-08-10T07:01:47.947Z,1.12.6,1.9.0-DEV,428070c0f9ad,4.16.0,1.3.11,ctbllib-fs2-q3-findall,2397,1860,2026-08-10T08:45:52.027Z
Isoclinic(L2(13).2x2),4368,false,0,true,2026-08-10T07:01:47.947Z,1.12.6,1.9.0-DEV,428070c0f9ad,4.16.0,1.3.11,ctbllib-fs2-q3-findall,2397,1861,2026-08-10T08:45:52.15Z
Isoclinic(L2(25).2_3x2),31200,false,0,true,2026-08-10T07:01:47.947Z,1.12.6,1.9.0-DEV,428070c0f9ad,4.16.0,1.3.11,ctbllib-fs2-q3-findall,2397,1862,2026-08-10T08:45:52.234Z
Isoclinic(L2(49).2_3x2),235200,false,0,true,2026-08-10T07:01:47.947Z,1.12.6,1.9.0-DEV,428070c0f9ad,4.16.0,1.3.11,ctbllib-fs2-q3-findall,2397,1863,2026-08-10T08:45:52.419Z
Isoclinic(L2(81).2_3x2),1062720,false,0,true,2026-08-10T07:01:47.947Z,1.12.6,1.9.0-DEV,428070c0f9ad,4.16.0,1.3.11,ctbllib-fs2-q3-findall,2397,1864,2026-08-10T08:45:53.096Z
Isoclinic(S8x2),80640,false,0,true,2026-08-10T07:01:47.947Z,1.12.6,1.9.0-DEV,428070c0f9ad,4.16.0,1.3.11,ctbllib-fs2-q3-findall,2397,1865,2026-08-10T08:45:55.841Z
Isoclinic(U3(5).2x2),504000,false,0,true,2026-08-10T07:01:47.947Z,1.12.6,1.9.0-DEV,428070c0f9ad,4.16.0,1.3.11,ctbllib-fs2-q3-findall,2397,1866,2026-08-10T08:45:56.006Z
Isoclinic(U3(8).3_3x3),49641984,false,0,true,2026-08-10T07:01:47.947Z,1.12.6,1.9.0-DEV,428070c0f9ad,4.16.0,1.3.11,ctbllib-fs2-q3-findall,2397,1867,2026-08-10T08:45:56.363Z
J1,175560,false,0,true,2026-08-10T07:01:47.947Z,1.12.6,1.9.0-DEV,428070c0f9ad,4.16.0,1.3.11,ctbllib-fs2-q3-findall,2397,1868,2026-08-10T08:45:56.415Z
J1x2,351120,false,0,true,2026-08-10T07:01:47.947Z,1.12.6,1.9.0-DEV,428070c0f9ad,4.16.0,1.3.11,ctbllib-fs2-q3-findall,2397,1869,2026-08-10T08:45:56.593Z
J2,604800,false,0,true,2026-08-10T07:01:47.947Z,1.12.6,1.9.0-DEV,428070c0f9ad,4.16.0,1.3.11,ctbllib-fs2-q3-findall,2397,1870,2026-08-10T08:45:56.651Z
J2.2,1209600,false,0,true,2026-08-10T07:01:47.947Z,1.12.6,1.9.0-DEV,428070c0f9ad,4.16.0,1.3.11,ctbllib-fs2-q3-findall,2397,1871,2026-08-10T08:45:56.705Z
J2.2x2,2419200,false,0,true,2026-08-10T07:01:47.947Z,1.12.6,1.9.0-DEV,428070c0f9ad,4.16.0,1.3.11,ctbllib-fs2-q3-findall,2397,1872,2026-08-10T08:45:56.955Z
J2N2,384,true,0,true,2026-08-10T07:01:47.947Z,1.12.6,1.9.0-DEV,428070c0f9ad,4.16.0,1.3.11,ctbllib-fs2-q3-findall,2397,1873,2026-08-10T08:45:57.016Z
J3,50232960,false,0,true,2026-08-10T07:01:47.947Z,1.12.6,1.9.0-DEV,428070c0f9ad,4.16.0,1.3.11,ctbllib-fs2-q3-findall,2397,1874,2026-08-10T08:45:57.088Z
J3.2,100465920,false,0,true,2026-08-10T07:01:47.947Z,1.12.6,1.9.0-DEV,428070c0f9ad,4.16.0,1.3.11,ctbllib-fs2-q3-findall,2397,1875,2026-08-10T08:45:57.174Z
J4,86775571046077562880,false,0,true,2026-08-10T07:01:47.947Z,1.12.6,1.9.0-DEV,428070c0f9ad,4.16.0,1.3.11,ctbllib-fs2-q3-findall,2397,1876,2026-08-10T08:45:57.682Z
J4M4,660602880,false,0,true,2026-08-10T07:01:47.947Z,1.12.6,1.9.0-DEV,428070c0f9ad,4.16.0,1.3.11,ctbllib-fs2-q3-findall,2397,1877,2026-08-10T08:46:00.089Z
L2(101),515100,false,0,true,2026-08-10T07:01:47.947Z,1.12.6,1.9.0-DEV,428070c0f9ad,4.16.0,1.3.11,ctbllib-fs2-q3-findall,2397,1878,2026-08-10T08:46:01.467Z
L2(103),546312,false,0,true,2026-08-10T07:01:47.947Z,1.12.6,1.9.0-DEV,428070c0f9ad,4.16.0,1.3.11,ctbllib-fs2-q3-findall,2397,1879,2026-08-10T08:46:03.694Z
L2(107),612468,false,0,true,2026-08-10T07:01:47.947Z,1.12.6,1.9.0-DEV,428070c0f9ad,4.16.0,1.3.11,ctbllib-fs2-q3-findall,2397,1880,2026-08-10T08:46:06.647Z
L2(109),647460,false,0,true,2026-08-10T07:01:47.947Z,1.12.6,1.9.0-DEV,428070c0f9ad,4.16.0,1.3.11,ctbllib-fs2-q3-findall,2397,1881,2026-08-10T08:46:10.537Z
L2(11),660,false,0,true,2026-08-10T07:01:47.947Z,1.12.6,1.9.0-DEV,428070c0f9ad,4.16.0,1.3.11,ctbllib-fs2-q3-findall,2397,1882,2026-08-10T08:46:10.564Z
L2(11).2,1320,false,0,true,2026-08-10T07:01:47.947Z,1.12.6,1.9.0-DEV,428070c0f9ad,4.16.0,1.3.11,ctbllib-fs2-q3-findall,2397,1883,2026-08-10T08:46:10.586Z
L2(113),721392,false,0,true,2026-08-10T07:01:47.947Z,1.12.6,1.9.0-DEV,428070c0f9ad,4.16.0,1.3.11,ctbllib-fs2-q3-findall,2397,1884,2026-08-10T08:46:12.279Z
L2(121),885720,false,0,true,2026-08-10T07:01:47.947Z,1.12.6,1.9.0-DEV,428070c0f9ad,4.16.0,1.3.11,ctbllib-fs2-q3-findall,2397,1885,2026-08-10T08:46:15.312Z
L2(125),976500,false,0,true,2026-08-10T07:01:47.947Z,1.12.6,1.9.0-DEV,428070c0f9ad,4.16.0,1.3.11,ctbllib-fs2-q3-findall,2397,1886,2026-08-10T08:46:15.911Z
L2(13),1092,false,0,true,2026-08-10T07:01:47.947Z,1.12.6,1.9.0-DEV,428070c0f9ad,4.16.0,1.3.11,ctbllib-fs2-q3-findall,2397,1887,2026-08-10T08:46:15.942Z
L2(13).2,2184,false,0,true,2026-08-10T07:01:47.947Z,1.12.6,1.9.0-DEV,428070c0f9ad,4.16.0,1.3.11,ctbllib-fs2-q3-findall,2397,1888,2026-08-10T08:46:15.969Z
L2(16),4080,false,0,true,2026-08-10T07:01:47.947Z,1.12.6,1.9.0-DEV,428070c0f9ad,4.16.0,1.3.11,ctbllib-fs2-q3-findall,2397,1889,2026-08-10T08:46:16.02Z
L2(16).2,8160,false,0,true,2026-08-10T07:01:47.947Z,1.12.6,1.9.0-DEV,428070c0f9ad,4.16.0,1.3.11,ctbllib-fs2-q3-findall,2397,1890,2026-08-10T08:46:16.063Z
L2(16).4,16320,false,0,true,2026-08-10T07:01:47.947Z,1.12.6,1.9.0-DEV,428070c0f9ad,4.16.0,1.3.11,ctbllib-fs2-q3-findall,2397,1891,2026-08-10T08:46:16.098Z
L2(17),2448,false,0,true,2026-08-10T07:01:47.947Z,1.12.6,1.9.0-DEV,428070c0f9ad,4.16.0,1.3.11,ctbllib-fs2-q3-findall,2397,1892,2026-08-10T08:46:16.121Z
L2(17).2,4896,false,0,true,2026-08-10T07:01:47.947Z,1.12.6,1.9.0-DEV,428070c0f9ad,4.16.0,1.3.11,ctbllib-fs2-q3-findall,2397,1893,2026-08-10T08:46:16.144Z
L2(17)x2,4896,false,0,true,2026-08-10T07:01:47.947Z,1.12.6,1.9.0-DEV,428070c0f9ad,4.16.0,1.3.11,ctbllib-fs2-q3-findall,2397,1894,2026-08-10T08:46:16.228Z
L2(19),3420,false,0,true,2026-08-10T07:01:47.947Z,1.12.6,1.9.0-DEV,428070c0f9ad,4.16.0,1.3.11,ctbllib-fs2-q3-findall,2397,1895,2026-08-10T08:46:16.269Z
L2(19).2,6840,false,0,true,2026-08-10T07:01:47.947Z,1.12.6,1.9.0-DEV,428070c0f9ad,4.16.0,1.3.11,ctbllib-fs2-q3-findall,2397,1896,2026-08-10T08:46:16.305Z
L2(23),6072,false,0,true,2026-08-10T07:01:47.947Z,1.12.6,1.9.0-DEV,428070c0f9ad,4.16.0,1.3.11,ctbllib-fs2-q3-findall,2397,1897,2026-08-10T08:46:16.696Z
L2(23).2,12144,false,0,true,2026-08-10T07:01:47.947Z,1.12.6,1.9.0-DEV,428070c0f9ad,4.16.0,1.3.11,ctbllib-fs2-q3-findall,2397,1898,2026-08-10T08:46:16.75Z
L2(25),7800,false,0,true,2026-08-10T07:01:47.947Z,1.12.6,1.9.0-DEV,428070c0f9ad,4.16.0,1.3.11,ctbllib-fs2-q3-findall,2397,1899,2026-08-10T08:46:16.782Z
L2(25).(2x4),62400,false,0,true,2026-08-10T07:01:47.947Z,1.12.6,1.9.0-DEV,428070c0f9ad,4.16.0,1.3.11,ctbllib-fs2-q3-findall,2397,1900,2026-08-10T08:46:17.008Z
L2(25).2^2,31200,false,0,true,2026-08-10T07:01:47.947Z,1.12.6,1.9.0-DEV,428070c0f9ad,4.16.0,1.3.11,ctbllib-fs2-q3-findall,2397,1901,2026-08-10T08:46:17.079Z
L2(25).2_1,15600,false,0,true,2026-08-10T07:01:47.947Z,1.12.6,1.9.0-DEV,428070c0f9ad,4.16.0,1.3.11,ctbllib-fs2-q3-findall,2397,1902,2026-08-10T08:46:17.147Z
L2(25).2_2,15600,false,0,true,2026-08-10T07:01:47.947Z,1.12.6,1.9.0-DEV,428070c0f9ad,4.16.0,1.3.11,ctbllib-fs2-q3-findall,2397,1903,2026-08-10T08:46:17.185Z
L2(25).2_3,15600,false,0,true,2026-08-10T07:01:47.947Z,1.12.6,1.9.0-DEV,428070c0f9ad,4.16.0,1.3.11,ctbllib-fs2-q3-findall,2397,1904,2026-08-10T08:46:17.212Z
L2(27),9828,false,0,true,2026-08-10T07:01:47.947Z,1.12.6,1.9.0-DEV,428070c0f9ad,4.16.0,1.3.11,ctbllib-fs2-q3-findall,2397,1905,2026-08-10T08:46:17.25Z
L2(27).2,19656,false,0,true,2026-08-10T07:01:47.947Z,1.12.6,1.9.0-DEV,428070c0f9ad,4.16.0,1.3.11,ctbllib-fs2-q3-findall,2397,1906,2026-08-10T08:46:17.332Z
L2(27).3,29484,false,0,true,2026-08-10T07:01:47.947Z,1.12.6,1.9.0-DEV,428070c0f9ad,4.16.0,1.3.11,ctbllib-fs2-q3-findall,2397,1907,2026-08-10T08:46:17.36Z
L2(27).6,58968,false,0,true,2026-08-10T07:01:47.947Z,1.12.6,1.9.0-DEV,428070c0f9ad,4.16.0,1.3.11,ctbllib-fs2-q3-findall,2397,1908,2026-08-10T08:46:17.411Z
L2(29),12180,false,0,true,2026-08-10T07:01:47.947Z,1.12.6,1.9.0-DEV,428070c0f9ad,4.16.0,1.3.11,ctbllib-fs2-q3-findall,2397,1909,2026-08-10T08:46:17.482Z
L2(29).2,24360,false,0,true,2026-08-10T07:01:47.947Z,1.12.6,1.9.0-DEV,428070c0f9ad,4.16.0,1.3.11,ctbllib-fs2-q3-findall,2397,1910,2026-08-10T08:46:17.56Z
L2(31),14880,false,0,true,2026-08-10T07:01:47.947Z,1.12.6,1.9.0-DEV,428070c0f9ad,4.16.0,1.3.11,ctbllib-fs2-q3-findall,2397,1911,2026-08-10T08:46:17.63Z
L2(31).2,29760,false,0,true,2026-08-10T07:01:47.947Z,1.12.6,1.9.0-DEV,428070c0f9ad,4.16.0,1.3.11,ctbllib-fs2-q3-findall,2397,1912,2026-08-10T08:46:17.699Z
L2(32),32736,false,0,true,2026-08-10T07:01:47.947Z,1.12.6,1.9.0-DEV,428070c0f9ad,4.16.0,1.3.11,ctbllib-fs2-q3-findall,2397,1913,2026-08-10T08:46:17.972Z
L2(32).5,163680,false,0,true,2026-08-10T07:01:47.947Z,1.12.6,1.9.0-DEV,428070c0f9ad,4.16.0,1.3.11,ctbllib-fs2-q3-findall,2397,1914,2026-08-10T08:46:18.451Z
L2(37),25308,false,0,true,2026-08-10T07:01:47.947Z,1.12.6,1.9.0-DEV,428070c0f9ad,4.16.0,1.3.11,ctbllib-fs2-q3-findall,2397,1915,2026-08-10T08:46:18.583Z
L2(41),34440,false,0,true,2026-08-10T07:01:47.947Z,1.12.6,1.9.0-DEV,428070c0f9ad,4.16.0,1.3.11,ctbllib-fs2-q3-findall,2397,1916,2026-08-10T08:46:18.722Z
L2(43),39732,false,0,true,2026-08-10T07:01:47.947Z,1.12.6,1.9.0-DEV,428070c0f9ad,4.16.0,1.3.11,ctbllib-fs2-q3-findall,2397,1917,2026-08-10T08:46:18.887Z
L2(47),51888,false,0,true,2026-08-10T07:01:47.947Z,1.12.6,1.9.0-DEV,428070c0f9ad,4.16.0,1.3.11,ctbllib-fs2-q3-findall,2397,1918,2026-08-10T08:46:19.106Z
L2(49),58800,false,0,true,2026-08-10T07:01:47.947Z,1.12.6,1.9.0-DEV,428070c0f9ad,4.16.0,1.3.11,ctbllib-fs2-q3-findall,2397,1919,2026-08-10T08:46:19.208Z
L2(49).2^2,235200,false,0,true,2026-08-10T07:01:47.947Z,1.12.6,1.9.0-DEV,428070c0f9ad,4.16.0,1.3.11,ctbllib-fs2-q3-findall,2397,1920,2026-08-10T08:46:19.351Z
L2(49).2_1,117600,false,0,true,2026-08-10T07:01:47.947Z,1.12.6,1.9.0-DEV,428070c0f9ad,4.16.0,1.3.11,ctbllib-fs2-q3-findall,2397,1921,2026-08-10T08:46:19.836Z
L2(49).2_2,117600,false,0,true,2026-08-10T07:01:47.947Z,1.12.6,1.9.0-DEV,428070c0f9ad,4.16.0,1.3.11,ctbllib-fs2-q3-findall,2397,1922,2026-08-10T08:46:19.913Z
L2(49).2_3,117600,false,0,true,2026-08-10T07:01:47.947Z,1.12.6,1.9.0-DEV,428070c0f9ad,4.16.0,1.3.11,ctbllib-fs2-q3-findall,2397,1923,2026-08-10T08:46:19.974Z
L2(53),74412,false,0,true,2026-08-10T07:01:47.947Z,1.12.6,1.9.0-DEV,428070c0f9ad,4.16.0,1.3.11,ctbllib-fs2-q3-findall,2397,1924,2026-08-10T08:46:20.229Z
L2(59),102660,false,0,true,2026-08-10T07:01:47.947Z,1.12.6,1.9.0-DEV,428070c0f9ad,4.16.0,1.3.11,ctbllib-fs2-q3-findall,2397,1925,2026-08-10T08:46:20.644Z
L2(61),113460,false,0,true,2026-08-10T07:01:47.947Z,1.12.6,1.9.0-DEV,428070c0f9ad,4.16.0,1.3.11,ctbllib-fs2-q3-findall,2397,1926,2026-08-10T08:46:21.334Z
L2(64),262080,false,0,true,2026-08-10T07:01:47.947Z,1.12.6,1.9.0-DEV,428070c0f9ad,4.16.0,1.3.11,ctbllib-fs2-q3-findall,2397,1927,2026-08-10T08:46:22.791Z
L2(64).6,1572480,false,0,true,2026-08-10T07:01:47.947Z,1.12.6,1.9.0-DEV,428070c0f9ad,4.16.0,1.3.11,ctbllib-fs2-q3-findall,2397,1928,2026-08-10T08:46:23.051Z
L2(67),150348,false,0,true,2026-08-10T07:01:47.947Z,1.12.6,1.9.0-DEV,428070c0f9ad,4.16.0,1.3.11,ctbllib-fs2-q3-findall,2397,1929,2026-08-10T08:46:23.726Z
L2(71),178920,false,0,true,2026-08-10T07:01:47.947Z,1.12.6,1.9.0-DEV,428070c0f9ad,4.16.0,1.3.11,ctbllib-fs2-q3-findall,2397,1930,2026-08-10T08:46:24.296Z
L2(73),194472,false,0,true,2026-08-10T07:01:47.947Z,1.12.6,1.9.0-DEV,428070c0f9ad,4.16.0,1.3.11,ctbllib-fs2-q3-findall,2397,1931,2026-08-10T08:46:25.141Z
L2(79),246480,false,0,true,2026-08-10T07:01:47.947Z,1.12.6,1.9.0-DEV,428070c0f9ad,4.16.0,1.3.11,ctbllib-fs2-q3-findall,2397,1932,2026-08-10T08:46:25.9Z
L2(8),504,false,0,true,2026-08-10T07:01:47.947Z,1.12.6,1.9.0-DEV,428070c0f9ad,4.16.0,1.3.11,ctbllib-fs2-q3-findall,2397,1933,2026-08-10T08:46:25.925Z
L2(8).3,1512,false,0,true,2026-08-10T07:01:47.947Z,1.12.6,1.9.0-DEV,428070c0f9ad,4.16.0,1.3.11,ctbllib-fs2-q3-findall,2397,1934,2026-08-10T08:46:25.94Z
L2(8):3x2,3024,false,0,true,2026-08-10T07:01:47.947Z,1.12.6,1.9.0-DEV,428070c0f9ad,4.16.0,1.3.11,ctbllib-fs2-q3-findall,2397,1935,2026-08-10T08:46:25.999Z
L2(81),265680,false,0,true,2026-08-10T07:01:47.947Z,1.12.6,1.9.0-DEV,428070c0f9ad,4.16.0,1.3.11,ctbllib-fs2-q3-findall,2397,1936,2026-08-10T08:46:26.589Z
L2(81).(2x4),2125440,false,0,true,2026-08-10T07:01:47.947Z,1.12.6,1.9.0-DEV,428070c0f9ad,4.16.0,1.3.11,ctbllib-fs2-q3-findall,2397,1937,2026-08-10T08:46:27.11Z
L2(81).2^2,1062720,false,0,true,2026-08-10T07:01:47.947Z,1.12.6,1.9.0-DEV,428070c0f9ad,4.16.0,1.3.11,ctbllib-fs2-q3-findall,2397,1938,2026-08-10T08:46:27.724Z
L2(81).2_1,531360,false,0,true,2026-08-10T07:01:47.947Z,1.12.6,1.9.0-DEV,428070c0f9ad,4.16.0,1.3.11,ctbllib-fs2-q3-findall,2397,1939,2026-08-10T08:46:28.416Z
L2(81).2_2,531360,false,0,true,2026-08-10T07:01:47.947Z,1.12.6,1.9.0-DEV,428070c0f9ad,4.16.0,1.3.11,ctbllib-fs2-q3-findall,2397,1940,2026-08-10T08:46:31.561Z
L2(81).2_3,531360,false,0,true,2026-08-10T07:01:47.947Z,1.12.6,1.9.0-DEV,428070c0f9ad,4.16.0,1.3.11,ctbllib-fs2-q3-findall,2397,1941,2026-08-10T08:46:31.836Z
L2(81).4_1,1062720,false,0,true,2026-08-10T07:01:47.947Z,1.12.6,1.9.0-DEV,428070c0f9ad,4.16.0,1.3.11,ctbllib-fs2-q3-findall,2397,1942,2026-08-10T08:46:32.025Z
L2(81).4_2,1062720,false,0,true,2026-08-10T07:01:47.947Z,1.12.6,1.9.0-DEV,428070c0f9ad,4.16.0,1.3.11,ctbllib-fs2-q3-findall,2397,1943,2026-08-10T08:46:32.179Z
L2(83),285852,false,0,true,2026-08-10T07:01:47.947Z,1.12.6,1.9.0-DEV,428070c0f9ad,4.16.0,1.3.11,ctbllib-fs2-q3-findall,2397,1944,2026-08-10T08:46:33.235Z
L2(89),352440,false,0,true,2026-08-10T07:01:47.947Z,1.12.6,1.9.0-DEV,428070c0f9ad,4.16.0,1.3.11,ctbllib-fs2-q3-findall,2397,1945,2026-08-10T08:46:34.101Z
L2(97),456288,false,0,true,2026-08-10T07:01:47.947Z,1.12.6,1.9.0-DEV,428070c0f9ad,4.16.0,1.3.11,ctbllib-fs2-q3-findall,2397,1946,2026-08-10T08:46:36.336Z
L3(11),212427600,false,0,true,2026-08-10T07:01:47.947Z,1.12.6,1.9.0-DEV,428070c0f9ad,4.16.0,1.3.11,ctbllib-fs2-q3-findall,2397,1947,2026-08-10T08:46:51.286Z
L3(2),168,false,0,true,2026-08-10T07:01:47.947Z,1.12.6,1.9.0-DEV,428070c0f9ad,4.16.0,1.3.11,ctbllib-fs2-q3-findall,2397,1948,2026-08-10T08:46:51.306Z
L3(2).2,336,false,0,true,2026-08-10T07:01:47.947Z,1.12.6,1.9.0-DEV,428070c0f9ad,4.16.0,1.3.11,ctbllib-fs2-q3-findall,2397,1949,2026-08-10T08:46:51.318Z
L3(2).2x2,672,false,0,true,2026-08-10T07:01:47.947Z,1.12.6,1.9.0-DEV,428070c0f9ad,4.16.0,1.3.11,ctbllib-fs2-q3-findall,2397,1950,2026-08-10T08:46:51.372Z
L3(2)wr2,56448,false,0,true,2026-08-10T07:01:47.947Z,1.12.6,1.9.0-DEV,428070c0f9ad,4.16.0,1.3.11,ctbllib-fs2-q3-findall,2397,1951,2026-08-10T08:46:51.514Z
L3(2)xS3,1008,false,0,true,2026-08-10T07:01:47.947Z,1.12.6,1.9.0-DEV,428070c0f9ad,4.16.0,1.3.11,ctbllib-fs2-q3-findall,2397,1952,2026-08-10T08:46:51.826Z
L3(3),5616,false,0,true,2026-08-10T07:01:47.947Z,1.12.6,1.9.0-DEV,428070c0f9ad,4.16.0,1.3.11,ctbllib-fs2-q3-findall,2397,1953,2026-08-10T08:46:51.857Z
L3(3).2,11232,false,0,true,2026-08-10T07:01:47.947Z,1.12.6,1.9.0-DEV,428070c0f9ad,4.16.0,1.3.11,ctbllib-fs2-q3-findall,2397,1954,2026-08-10T08:46:52.063Z
L3(3)x2,11232,false,0,true,2026-08-10T07:01:47.947Z,1.12.6,1.9.0-DEV,428070c0f9ad,4.16.0,1.3.11,ctbllib-fs2-q3-findall,2397,1955,2026-08-10T08:46:52.398Z
L3(3)xD8,44928,false,0,true,2026-08-10T07:01:47.947Z,1.12.6,1.9.0-DEV,428070c0f9ad,4.16.0,1.3.11,ctbllib-fs2-q3-findall,2397,1956,2026-08-10T08:46:52.862Z
L3(4),20160,false,0,true,2026-08-10T07:01:47.947Z,1.12.6,1.9.0-DEV,428070c0f9ad,4.16.0,1.3.11,ctbllib-fs2-q3-findall,2397,1957,2026-08-10T08:46:52.896Z
L3(4).2^2,80640,false,0,true,2026-08-10T07:01:47.947Z,1.12.6,1.9.0-DEV,428070c0f9ad,4.16.0,1.3.11,ctbllib-fs2-q3-findall,2397,1958,2026-08-10T08:46:52.939Z
L3(4).2_1,40320,false,0,true,2026-08-10T07:01:47.947Z,1.12.6,1.9.0-DEV,428070c0f9ad,4.16.0,1.3.11,ctbllib-fs2-q3-findall,2397,1959,2026-08-10T08:46:53.224Z
L3(4).2_2,40320,false,0,true,2026-08-10T07:01:47.947Z,1.12.6,1.9.0-DEV,428070c0f9ad,4.16.0,1.3.11,ctbllib-fs2-q3-findall,2397,1960,2026-08-10T08:46:53.252Z
L3(4).2_3,40320,false,0,true,2026-08-10T07:01:47.947Z,1.12.6,1.9.0-DEV,428070c0f9ad,4.16.0,1.3.11,ctbllib-fs2-q3-findall,2397,1961,2026-08-10T08:46:53.277Z
L3(4).3,60480,false,0,true,2026-08-10T07:01:47.947Z,1.12.6,1.9.0-DEV,428070c0f9ad,4.16.0,1.3.11,ctbllib-fs2-q3-findall,2397,1962,2026-08-10T08:46:53.322Z
L3(4).3.2_2,120960,false,0,true,2026-08-10T07:01:47.947Z,1.12.6,1.9.0-DEV,428070c0f9ad,4.16.0,1.3.11,ctbllib-fs2-q3-findall,2397,1963,2026-08-10T08:46:53.366Z
L3(4).3.2_3,120960,false,0,true,2026-08-10T07:01:47.947Z,1.12.6,1.9.0-DEV,428070c0f9ad,4.16.0,1.3.11,ctbllib-fs2-q3-findall,2397,1964,2026-08-10T08:46:53.408Z
L3(4).6,120960,false,0,true,2026-08-10T07:01:47.947Z,1.12.6,1.9.0-DEV,428070c0f9ad,4.16.0,1.3.11,ctbllib-fs2-q3-findall,2397,1965,2026-08-10T08:46:53.454Z
L3(4).D12,241920,false,0,true,2026-08-10T07:01:47.947Z,1.12.6,1.9.0-DEV,428070c0f9ad,4.16.0,1.3.11,ctbllib-fs2-q3-findall,2397,1966,2026-08-10T08:46:53.517Z
L3(4)Syl2,64,true,0,true,2026-08-10T07:01:47.947Z,1.12.6,1.9.0-DEV,428070c0f9ad,4.16.0,1.3.11,ctbllib-fs2-q3-findall,2397,1967,2026-08-10T08:46:53.571Z
L3(5),372000,false,0,true,2026-08-10T07:01:47.947Z,1.12.6,1.9.0-DEV,428070c0f9ad,4.16.0,1.3.11,ctbllib-fs2-q3-findall,2397,1968,2026-08-10T08:46:53.726Z
L3(5).2,744000,false,0,true,2026-08-10T07:01:47.947Z,1.12.6,1.9.0-DEV,428070c0f9ad,4.16.0,1.3.11,ctbllib-fs2-q3-findall,2397,1969,2026-08-10T08:46:53.837Z
L3(7),1876896,false,0,true,2026-08-10T07:01:47.947Z,1.12.6,1.9.0-DEV,428070c0f9ad,4.16.0,1.3.11,ctbllib-fs2-q3-findall,2397,1970,2026-08-10T08:46:53.89Z
L3(7).2,3753792,false,0,true,2026-08-10T07:01:47.947Z,1.12.6,1.9.0-DEV,428070c0f9ad,4.16.0,1.3.11,ctbllib-fs2-q3-findall,2397,1971,2026-08-10T08:46:53.947Z
L3(7).3,5630688,false,0,true,2026-08-10T07:01:47.947Z,1.12.6,1.9.0-DEV,428070c0f9ad,4.16.0,1.3.11,ctbllib-fs2-q3-findall,2397,1972,2026-08-10T08:46:54.539Z
L3(7).S3,11261376,false,0,true,2026-08-10T07:01:47.947Z,1.12.6,1.9.0-DEV,428070c0f9ad,4.16.0,1.3.11,ctbllib-fs2-q3-findall,2397,1973,2026-08-10T08:46:54.832Z
L3(8),16482816,false,0,true,2026-08-10T07:01:47.947Z,1.12.6,1.9.0-DEV,428070c0f9ad,4.16.0,1.3.11,ctbllib-fs2-q3-findall,2397,1974,2026-08-10T08:46:57.6Z
L3(8).2,32965632,false,0,true,2026-08-10T07:01:47.947Z,1.12.6,1.9.0-DEV,428070c0f9ad,4.16.0,1.3.11,ctbllib-fs2-q3-findall,2397,1975,2026-08-10T08:47:01.171Z
L3(8).3,49448448,false,0,true,2026-08-10T07:01:47.947Z,1.12.6,1.9.0-DEV,428070c0f9ad,4.16.0,1.3.11,ctbllib-fs2-q3-findall,2397,1976,2026-08-10T08:47:02.001Z
L3(8).6,98896896,false,0,true,2026-08-10T07:01:47.947Z,1.12.6,1.9.0-DEV,428070c0f9ad,4.16.0,1.3.11,ctbllib-fs2-q3-findall,2397,1977,2026-08-10T08:47:02.548Z
L3(9),42456960,false,0,true,2026-08-10T07:01:47.947Z,1.12.6,1.9.0-DEV,428070c0f9ad,4.16.0,1.3.11,ctbllib-fs2-q3-findall,2397,1978,2026-08-10T08:47:06.471Z
L3(9).2^2,169827840,false,0,true,2026-08-10T07:01:47.947Z,1.12.6,1.9.0-DEV,428070c0f9ad,4.16.0,1.3.11,ctbllib-fs2-q3-findall,2397,1979,2026-08-10T08:47:07.409Z
L3(9).2_1,84913920,false,0,true,2026-08-10T07:01:47.947Z,1.12.6,1.9.0-DEV,428070c0f9ad,4.16.0,1.3.11,ctbllib-fs2-q3-findall,2397,1980,2026-08-10T08:47:09.168Z
L3(9).2_2,84913920,false,0,true,2026-08-10T07:01:47.947Z,1.12.6,1.9.0-DEV,428070c0f9ad,4.16.0,1.3.11,ctbllib-fs2-q3-findall,2397,1981,2026-08-10T08:47:10.553Z
L3(9).2_3,84913920,false,0,true,2026-08-10T07:01:47.947Z,1.12.6,1.9.0-DEV,428070c0f9ad,4.16.0,1.3.11,ctbllib-fs2-q3-findall,2397,1982,2026-08-10T08:47:12.28Z
L4(3),6065280,false,0,true,2026-08-10T07:01:47.947Z,1.12.6,1.9.0-DEV,428070c0f9ad,4.16.0,1.3.11,ctbllib-fs2-q3-findall,2397,1983,2026-08-10T08:47:12.358Z
L4(3).2^2,24261120,false,0,true,2026-08-10T07:01:47.947Z,1.12.6,1.9.0-DEV,428070c0f9ad,4.16.0,1.3.11,ctbllib-fs2-q3-findall,2397,1984,2026-08-10T08:47:12.59Z
L4(3).2_1,12130560,false,0,true,2026-08-10T07:01:47.947Z,1.12.6,1.9.0-DEV,428070c0f9ad,4.16.0,1.3.11,ctbllib-fs2-q3-findall,2397,1985,2026-08-10T08:47:12.707Z
L4(3).2_2,12130560,false,0,true,2026-08-10T07:01:47.947Z,1.12.6,1.9.0-DEV,428070c0f9ad,4.16.0,1.3.11,ctbllib-fs2-q3-findall,2397,1986,2026-08-10T08:47:12.888Z
L4(3).2_3,12130560,false,0,true,2026-08-10T07:01:47.947Z,1.12.6,1.9.0-DEV,428070c0f9ad,4.16.0,1.3.11,ctbllib-fs2-q3-findall,2397,1987,2026-08-10T08:47:12.969Z
L4(3)x2,12130560,false,0,true,2026-08-10T07:01:47.947Z,1.12.6,1.9.0-DEV,428070c0f9ad,4.16.0,1.3.11,ctbllib-fs2-q3-findall,2397,1988,2026-08-10T08:47:13.796Z
L4(4),987033600,false,1,true,2026-08-10T07:01:47.947Z,1.12.6,1.9.0-DEV,428070c0f9ad,4.16.0,1.3.11,ctbllib-fs2-q3-findall,2397,1989,2026-08-10T08:47:15.978Z
L4(4).2^2,3948134400,false,0,true,2026-08-10T07:01:47.947Z,1.12.6,1.9.0-DEV,428070c0f9ad,4.16.0,1.3.11,ctbllib-fs2-q3-findall,2397,1990,2026-08-10T08:47:17.263Z
L4(4).2_1,1974067200,false,0,true,2026-08-10T07:01:47.947Z,1.12.6,1.9.0-DEV,428070c0f9ad,4.16.0,1.3.11,ctbllib-fs2-q3-findall,2397,1991,2026-08-10T08:47:18.256Z
L4(4).2_2,1974067200,false,0,true,2026-08-10T07:01:47.947Z,1.12.6,1.9.0-DEV,428070c0f9ad,4.16.0,1.3.11,ctbllib-fs2-q3-findall,2397,1992,2026-08-10T08:47:20.009Z
L4(4).2_3,1974067200,false,1,true,2026-08-10T07:01:47.947Z,1.12.6,1.9.0-DEV,428070c0f9ad,4.16.0,1.3.11,ctbllib-fs2-q3-findall,2397,1993,2026-08-10T08:47:23.184Z
L4(5),7254000000,false,0,true,2026-08-10T07:01:47.947Z,1.12.6,1.9.0-DEV,428070c0f9ad,4.16.0,1.3.11,ctbllib-fs2-q3-findall,2397,1994,2026-08-10T08:47:23.519Z
L4(9),50759843097600,false,0,true,2026-08-10T07:01:47.947Z,1.12.6,1.9.0-DEV,428070c0f9ad,4.16.0,1.3.11,ctbllib-fs2-q3-findall,2397,1995,2026-08-10T08:48:17.216Z
L5(2),9999360,false,0,true,2026-08-10T07:01:47.947Z,1.12.6,1.9.0-DEV,428070c0f9ad,4.16.0,1.3.11,ctbllib-fs2-q3-findall,2397,1996,2026-08-10T08:48:17.355Z
L5(2).2,19998720,false,0,true,2026-08-10T07:01:47.947Z,1.12.6,1.9.0-DEV,428070c0f9ad,4.16.0,1.3.11,ctbllib-fs2-q3-findall,2397,1997,2026-08-10T08:48:17.6Z
L5(3),237783237120,false,0,true,2026-08-10T07:01:47.947Z,1.12.6,1.9.0-DEV,428070c0f9ad,4.16.0,1.3.11,ctbllib-fs2-q3-findall,2397,1998,2026-08-10T08:48:26.809Z
L5(3).2,475566474240,false,0,true,2026-08-10T07:01:47.947Z,1.12.6,1.9.0-DEV,428070c0f9ad,4.16.0,1.3.11,ctbllib-fs2-q3-findall,2397,1999,2026-08-10T08:48:31.241Z
L6(2),20158709760,false,0,true,2026-08-10T07:01:47.947Z,1.12.6,1.9.0-DEV,428070c0f9ad,4.16.0,1.3.11,ctbllib-fs2-q3-findall,2397,2000,2026-08-10T08:48:31.606Z
L6(2).2,40317419520,false,0,true,2026-08-10T07:01:47.947Z,1.12.6,1.9.0-DEV,428070c0f9ad,4.16.0,1.3.11,ctbllib-fs2-q3-findall,2397,2001,2026-08-10T08:48:31.993Z
L7(2),163849992929280,false,0,true,2026-08-10T07:01:47.947Z,1.12.6,1.9.0-DEV,428070c0f9ad,4.16.0,1.3.11,ctbllib-fs2-q3-findall,2397,2002,2026-08-10T08:48:42.948Z
L7(2).2,327699985858560,false,0,true,2026-08-10T07:01:47.947Z,1.12.6,1.9.0-DEV,428070c0f9ad,4.16.0,1.3.11,ctbllib-fs2-q3-findall,2397,2003,2026-08-10T08:48:48.617Z
L8(2),5348063769211699200,false,0,true,2026-08-10T07:01:47.947Z,1.12.6,1.9.0-DEV,428070c0f9ad,4.16.0,1.3.11,ctbllib-fs2-q3-findall,2397,2004,2026-08-10T08:49:46.865Z
Ly,51765179004000000,false,0,true,2026-08-10T07:01:47.947Z,1.12.6,1.9.0-DEV,428070c0f9ad,4.16.0,1.3.11,ctbllib-fs2-q3-findall,2397,2005,2026-08-10T08:49:47.852Z
LyN2,256,true,0,true,2026-08-10T07:01:47.947Z,1.12.6,1.9.0-DEV,428070c0f9ad,4.16.0,1.3.11,ctbllib-fs2-q3-findall,2397,2006,2026-08-10T08:49:47.932Z
LyN3,69984,true,0,true,2026-08-10T07:01:47.947Z,1.12.6,1.9.0-DEV,428070c0f9ad,4.16.0,1.3.11,ctbllib-fs2-q3-findall,2397,2007,2026-08-10T08:49:48.094Z
LyN5,250000,true,0,true,2026-08-10T07:01:47.947Z,1.12.6,1.9.0-DEV,428070c0f9ad,4.16.0,1.3.11,ctbllib-fs2-q3-findall,2397,2008,2026-08-10T08:49:48.274Z
M,808017424794512875886459904961710757005754368000000000,false,0,true,2026-08-10T07:01:47.947Z,1.12.6,1.9.0-DEV,428070c0f9ad,4.16.0,1.3.11,ctbllib-fs2-q3-findall,2397,2009,2026-08-10T08:49:56.256Z
M10x2,1440,false,0,true,2026-08-10T07:01:47.947Z,1.12.6,1.9.0-DEV,428070c0f9ad,4.16.0,1.3.11,ctbllib-fs2-q3-findall,2397,2010,2026-08-10T08:49:56.327Z
M11,7920,false,0,true,2026-08-10T07:01:47.947Z,1.12.6,1.9.0-DEV,428070c0f9ad,4.16.0,1.3.11,ctbllib-fs2-q3-findall,2397,2011,2026-08-10T08:49:56.35Z
M11N2,16,true,0,true,2026-08-10T07:01:47.947Z,1.12.6,1.9.0-DEV,428070c0f9ad,4.16.0,1.3.11,ctbllib-fs2-q3-findall,2397,2012,2026-08-10T08:49:56.393Z
M11xA6.2^2,11404800,false,0,true,2026-08-10T07:01:47.947Z,1.12.6,1.9.0-DEV,428070c0f9ad,4.16.0,1.3.11,ctbllib-fs2-q3-findall,2397,2013,2026-08-10T08:50:00.075Z
M11xS3,47520,false,0,true,2026-08-10T07:01:47.947Z,1.12.6,1.9.0-DEV,428070c0f9ad,4.16.0,1.3.11,ctbllib-fs2-q3-findall,2397,2014,2026-08-10T08:50:00.164Z
M12,95040,false,0,true,2026-08-10T07:01:47.947Z,1.12.6,1.9.0-DEV,428070c0f9ad,4.16.0,1.3.11,ctbllib-fs2-q3-findall,2397,2015,2026-08-10T08:50:00.197Z
M12.2,190080,false,0,true,2026-08-10T07:01:47.947Z,1.12.6,1.9.0-DEV,428070c0f9ad,4.16.0,1.3.11,ctbllib-fs2-q3-findall,2397,2016,2026-08-10T08:50:00.235Z
M12.2x2,380160,false,0,true,2026-08-10T07:01:47.947Z,1.12.6,1.9.0-DEV,428070c0f9ad,4.16.0,1.3.11,ctbllib-fs2-q3-findall,2397,2017,2026-08-10T08:50:00.419Z
M12C4,32,true,0,true,2026-08-10T07:01:47.947Z,1.12.6,1.9.0-DEV,428070c0f9ad,4.16.0,1.3.11,ctbllib-fs2-q3-findall,2397,2018,2026-08-10T08:50:00.493Z
M12N2,64,true,0,true,2026-08-10T07:01:47.947Z,1.12.6,1.9.0-DEV,428070c0f9ad,4.16.0,1.3.11,ctbllib-fs2-q3-findall,2397,2019,2026-08-10T08:50:00.553Z
M12N3,108,true,0,true,2026-08-10T07:01:47.947Z,1.12.6,1.9.0-DEV,428070c0f9ad,4.16.0,1.3.11,ctbllib-fs2-q3-findall,2397,2020,2026-08-10T08:50:00.569Z
M22,443520,false,0,true,2026-08-10T07:01:47.947Z,1.12.6,1.9.0-DEV,428070c0f9ad,4.16.0,1.3.11,ctbllib-fs2-q3-findall,2397,2021,2026-08-10T08:50:00.597Z
M22.2,887040,false,0,true,2026-08-10T07:01:47.947Z,1.12.6,1.9.0-DEV,428070c0f9ad,4.16.0,1.3.11,ctbllib-fs2-q3-findall,2397,2022,2026-08-10T08:50:00.641Z
M22.2M3,11520,false,0,true,2026-08-10T07:01:47.947Z,1.12.6,1.9.0-DEV,428070c0f9ad,4.16.0,1.3.11,ctbllib-fs2-q3-findall,2397,2023,2026-08-10T08:50:00.735Z
M22.2M4,3840,false,0,true,2026-08-10T07:01:47.947Z,1.12.6,1.9.0-DEV,428070c0f9ad,4.16.0,1.3.11,ctbllib-fs2-q3-findall,2397,2024,2026-08-10T08:50:00.79Z
M22C2A,384,true,0,true,2026-08-10T07:01:47.947Z,1.12.6,1.9.0-DEV,428070c0f9ad,4.16.0,1.3.11,ctbllib-fs2-q3-findall,2397,2025,2026-08-10T08:50:00.825Z
M23,10200960,false,0,true,2026-08-10T07:01:47.947Z,1.12.6,1.9.0-DEV,428070c0f9ad,4.16.0,1.3.11,ctbllib-fs2-q3-findall,2397,2026,2026-08-10T08:50:00.885Z
M24,244823040,false,0,true,2026-08-10T07:01:47.947Z,1.12.6,1.9.0-DEV,428070c0f9ad,4.16.0,1.3.11,ctbllib-fs2-q3-findall,2397,2027,2026-08-10T08:50:00.968Z
M24C2B,7680,false,0,true,2026-08-10T07:01:47.947Z,1.12.6,1.9.0-DEV,428070c0f9ad,4.16.0,1.3.11,ctbllib-fs2-q3-findall,2397,2028,2026-08-10T08:50:01.043Z
M24N2,1024,true,0,true,2026-08-10T07:01:47.947Z,1.12.6,1.9.0-DEV,428070c0f9ad,4.16.0,1.3.11,ctbllib-fs2-q3-findall,2397,2029,2026-08-10T08:50:01.325Z
M8.S4,192,true,0,true,2026-08-10T07:01:47.947Z,1.12.6,1.9.0-DEV,428070c0f9ad,4.16.0,1.3.11,ctbllib-fs2-q3-findall,2397,2030,2026-08-10T08:50:01.352Z
MN5,187500000,true,0,true,2026-08-10T07:01:47.947Z,1.12.6,1.9.0-DEV,428070c0f9ad,4.16.0,1.3.11,ctbllib-fs2-q3-findall,2397,2031,2026-08-10T08:50:04.723Z
McL,898128000,false,0,true,2026-08-10T07:01:47.947Z,1.12.6,1.9.0-DEV,428070c0f9ad,4.16.0,1.3.11,ctbllib-fs2-q3-findall,2397,2032,2026-08-10T08:50:04.8Z
McL.2,1796256000,false,0,true,2026-08-10T07:01:47.947Z,1.12.6,1.9.0-DEV,428070c0f9ad,4.16.0,1.3.11,ctbllib-fs2-q3-findall,2397,2033,2026-08-10T08:50:04.889Z
McL.2N3,11664,true,0,true,2026-08-10T07:01:47.947Z,1.12.6,1.9.0-DEV,428070c0f9ad,4.16.0,1.3.11,ctbllib-fs2-q3-findall,2397,2034,2026-08-10T08:50:06.377Z
"NDG(12.M22,3^2)",864,true,0,true,2026-08-10T07:01:47.947Z,1.12.6,1.9.0-DEV,428070c0f9ad,4.16.0,1.3.11,ctbllib-fs2-q3-findall,2397,2035,2026-08-10T08:50:06.539Z
"NDG(2.Co1,3^3)",311040,false,0,true,2026-08-10T07:01:47.947Z,1.12.6,1.9.0-DEV,428070c0f9ad,4.16.0,1.3.11,ctbllib-fs2-q3-findall,2397,2036,2026-08-10T08:50:07.282Z
"NDG(2.Co1,5^2)",72000,false,0,true,2026-08-10T07:01:47.947Z,1.12.6,1.9.0-DEV,428070c0f9ad,4.16.0,1.3.11,ctbllib-fs2-q3-findall,2397,2037,2026-08-10T08:50:07.765Z
"NDG(2.HS,Q8)",480,true,0,true,2026-08-10T07:01:47.947Z,1.12.6,1.9.0-DEV,428070c0f9ad,4.16.0,1.3.11,ctbllib-fs2-q3-findall,2397,2038,2026-08-10T08:50:07.886Z
"NDG(2.HS,Q8).2",960,true,0,true,2026-08-10T07:01:47.947Z,1.12.6,1.9.0-DEV,428070c0f9ad,4.16.0,1.3.11,ctbllib-fs2-q3-findall,2397,2039,2026-08-10T08:50:09.445Z
"NDG(3.ON,D8)",1728,true,0,true,2026-08-10T07:01:47.947Z,1.12.6,1.9.0-DEV,428070c0f9ad,4.16.0,1.3.11,ctbllib-fs2-q3-findall,2397,2040,2026-08-10T08:50:09.631Z
"NDG(Co1,5^2)",36000,false,0,true,2026-08-10T07:01:47.947Z,1.12.6,1.9.0-DEV,428070c0f9ad,4.16.0,1.3.11,ctbllib-fs2-q3-findall,2397,2041,2026-08-10T08:50:09.854Z
"NDG(HN,3^2)",51840,false,0,true,2026-08-10T07:01:47.947Z,1.12.6,1.9.0-DEV,428070c0f9ad,4.16.0,1.3.11,ctbllib-fs2-q3-findall,2397,2042,2026-08-10T08:50:09.956Z
"NDG(HN.2,3^2)",103680,false,0,true,2026-08-10T07:01:47.947Z,1.12.6,1.9.0-DEV,428070c0f9ad,4.16.0,1.3.11,ctbllib-fs2-q3-findall,2397,2043,2026-08-10T08:50:10.26Z
"NDG(He.2,3^2)",3456,true,0,true,2026-08-10T07:01:47.947Z,1.12.6,1.9.0-DEV,428070c0f9ad,4.16.0,1.3.11,ctbllib-fs2-q3-findall,2397,2044,2026-08-10T08:50:10.328Z
"NDG(J4,3^2)",3456,true,0,true,2026-08-10T07:01:47.947Z,1.12.6,1.9.0-DEV,428070c0f9ad,4.16.0,1.3.11,ctbllib-fs2-q3-findall,2397,2045,2026-08-10T08:50:10.395Z
"NDG(ON,D8)",576,true,0,true,2026-08-10T07:01:47.947Z,1.12.6,1.9.0-DEV,428070c0f9ad,4.16.0,1.3.11,ctbllib-fs2-q3-findall,2397,2046,2026-08-10T08:50:10.435Z
"NDG(ON,D8).2",1152,true,0,true,2026-08-10T07:01:47.947Z,1.12.6,1.9.0-DEV,428070c0f9ad,4.16.0,1.3.11,ctbllib-fs2-q3-findall,2397,2047,2026-08-10T08:50:10.495Z
"NRS(M22,[2^6])",384,true,0,true,2026-08-10T07:01:47.947Z,1.12.6,1.9.0-DEV,428070c0f9ad,4.16.0,1.3.11,ctbllib-fs2-q3-findall,2397,2048,2026-08-10T08:50:10.513Z
"NRS(M24,2^(4+4))",9216,true,0,true,2026-08-10T07:01:47.947Z,1.12.6,1.9.0-DEV,428070c0f9ad,4.16.0,1.3.11,ctbllib-fs2-q3-findall,2397,2049,2026-08-10T08:50:10.636Z
O10+(2),23499295948800,false,0,true,2026-08-10T07:01:47.947Z,1.12.6,1.9.0-DEV,428070c0f9ad,4.16.0,1.3.11,ctbllib-fs2-q3-findall,2397,2050,2026-08-10T08:50:14.296Z
O10+(2).2,46998591897600,false,0,true,2026-08-10T07:01:47.947Z,1.12.6,1.9.0-DEV,428070c0f9ad,4.16.0,1.3.11,ctbllib-fs2-q3-findall,2397,2051,2026-08-10T08:50:15.985Z
O10+(3),1289512799941305139200,false,0,true,2026-08-10T07:01:47.947Z,1.12.6,1.9.0-DEV,428070c0f9ad,4.16.0,1.3.11,ctbllib-fs2-q3-findall,2397,2052,2026-08-10T08:50:48.263Z
O10-(2),25015379558400,false,0,true,2026-08-10T07:01:47.947Z,1.12.6,1.9.0-DEV,428070c0f9ad,4.16.0,1.3.11,ctbllib-fs2-q3-findall,2397,2053,2026-08-10T08:50:49.102Z
O10-(2).2,50030759116800,false,0,true,2026-08-10T07:01:47.947Z,1.12.6,1.9.0-DEV,428070c0f9ad,4.16.0,1.3.11,ctbllib-fs2-q3-findall,2397,2054,2026-08-10T08:50:51.691Z
O10-(3),650084965259666227200,false,0,true,2026-08-10T07:01:47.947Z,1.12.6,1.9.0-DEV,428070c0f9ad,4.16.0,1.3.11,ctbllib-fs2-q3-findall,2397,2055,2026-08-10T08:50:58.555Z
O12+(2),50027557148216524800,false,0,true,2026-08-10T07:01:47.947Z,1.12.6,1.9.0-DEV,428070c0f9ad,4.16.0,1.3.11,ctbllib-fs2-q3-findall,2397,2056,2026-08-10T08:51:10.519Z
O12+(2).2,100055114296433049600,false,0,true,2026-08-10T07:01:47.947Z,1.12.6,1.9.0-DEV,428070c0f9ad,4.16.0,1.3.11,ctbllib-fs2-q3-findall,2397,2057,2026-08-10T08:51:31.516Z
O12+(3),6762844700608770238252960972800,false,0,true,2026-08-10T07:01:47.947Z,1.12.6,1.9.0-DEV,428070c0f9ad,4.16.0,1.3.11,ctbllib-fs2-q3-findall,2397,2058,2026-08-10T08:53:36.422Z
O12-(2),51615733565620224000,false,0,true,2026-08-10T07:01:47.947Z,1.12.6,1.9.0-DEV,428070c0f9ad,4.16.0,1.3.11,ctbllib-fs2-q3-findall,2397,2059,2026-08-10T08:53:43.772Z
O12-(2).2,103231467131240448000,false,0,true,2026-08-10T07:01:47.947Z,1.12.6,1.9.0-DEV,428070c0f9ad,4.16.0,1.3.11,ctbllib-fs2-q3-findall,2397,2060,2026-08-10T08:54:03.728Z
O12-(3),13562847888583522730562256896000,false,0,true,2026-08-10T07:01:47.947Z,1.12.6,1.9.0-DEV,428070c0f9ad,4.16.0,1.3.11,ctbllib-fs2-q3-findall,2397,2061,2026-08-10T09:03:15.069Z
O7(3),4585351680,false,0,true,2026-08-10T07:01:47.947Z,1.12.6,1.9.0-DEV,428070c0f9ad,4.16.0,1.3.11,ctbllib-fs2-q3-findall,2397,2062,2026-08-10T09:03:15.347Z
O7(3).2,9170703360,false,0,true,2026-08-10T07:01:47.947Z,1.12.6,1.9.0-DEV,428070c0f9ad,4.16.0,1.3.11,ctbllib-fs2-q3-findall,2397,2063,2026-08-10T09:03:16.851Z
O7(3).2x2,18341406720,false,0,true,2026-08-10T07:01:47.947Z,1.12.6,1.9.0-DEV,428070c0f9ad,4.16.0,1.3.11,ctbllib-fs2-q3-findall,2397,2064,2026-08-10T09:03:21.761Z
O7(3)N3A,1259712,true,0,true,2026-08-10T07:01:47.947Z,1.12.6,1.9.0-DEV,428070c0f9ad,4.16.0,1.3.11,ctbllib-fs2-q3-findall,2397,2065,2026-08-10T09:03:22.281Z
O7(5),228501000000000,false,0,true,2026-08-10T07:01:47.947Z,1.12.6,1.9.0-DEV,428070c0f9ad,4.16.0,1.3.11,ctbllib-fs2-q3-findall,2397,2066,2026-08-10T09:03:25.012Z
O7(5).2,457002000000000,false,0,true,2026-08-10T07:01:47.947Z,1.12.6,1.9.0-DEV,428070c0f9ad,4.16.0,1.3.11,ctbllib-fs2-q3-findall,2397,2067,2026-08-10T09:03:36.709Z
O8+(2),174182400,false,0,true,2026-08-10T07:01:47.947Z,1.12.6,1.9.0-DEV,428070c0f9ad,4.16.0,1.3.11,ctbllib-fs2-q3-findall,2397,2068,2026-08-10T09:03:36.945Z
O8+(2).2,348364800,false,0,true,2026-08-10T07:01:47.947Z,1.12.6,1.9.0-DEV,428070c0f9ad,4.16.0,1.3.11,ctbllib-fs2-q3-findall,2397,2069,2026-08-10T09:03:37.245Z
O8+(2).3,522547200,false,0,true,2026-08-10T07:01:47.947Z,1.12.6,1.9.0-DEV,428070c0f9ad,4.16.0,1.3.11,ctbllib-fs2-q3-findall,2397,2070,2026-08-10T09:03:37.415Z
O8+(2).3.2,1045094400,false,0,true,2026-08-10T07:01:47.947Z,1.12.6,1.9.0-DEV,428070c0f9ad,4.16.0,1.3.11,ctbllib-fs2-q3-findall,2397,2071,2026-08-10T09:03:38.584Z
O8+(2):S3x2,2090188800,false,0,true,2026-08-10T07:01:47.947Z,1.12.6,1.9.0-DEV,428070c0f9ad,4.16.0,1.3.11,ctbllib-fs2-q3-findall,2397,2072,2026-08-10T09:03:41.175Z
O8+(2)N2,4096,true,0,true,2026-08-10T07:01:47.947Z,1.12.6,1.9.0-DEV,428070c0f9ad,4.16.0,1.3.11,ctbllib-fs2-q3-findall,2397,2073,2026-08-10T09:03:42.094Z
O8+(3),4952179814400,false,0,true,2026-08-10T07:01:47.947Z,1.12.6,1.9.0-DEV,428070c0f9ad,4.16.0,1.3.11,ctbllib-fs2-q3-findall,2397,2074,2026-08-10T09:03:45.996Z
O8+(3).(2^2)_{111},19808719257600,false,0,true,2026-08-10T07:01:47.947Z,1.12.6,1.9.0-DEV,428070c0f9ad,4.16.0,1.3.11,ctbllib-fs2-q3-findall,2397,2075,2026-08-10T09:03:50.486Z
O8+(3).(2^2)_{122},19808719257600,false,0,true,2026-08-10T07:01:47.947Z,1.12.6,1.9.0-DEV,428070c0f9ad,4.16.0,1.3.11,ctbllib-fs2-q3-findall,2397,2076,2026-08-10T09:03:54.774Z
O8+(3).2_1,9904359628800,false,0,true,2026-08-10T07:01:47.947Z,1.12.6,1.9.0-DEV,428070c0f9ad,4.16.0,1.3.11,ctbllib-fs2-q3-findall,2397,2077,2026-08-10T09:03:59.404Z
O8+(3).2_2,9904359628800,false,0,true,2026-08-10T07:01:47.947Z,1.12.6,1.9.0-DEV,428070c0f9ad,4.16.0,1.3.11,ctbllib-fs2-q3-findall,2397,2078,2026-08-10T09:04:02.635Z
O8+(3).3,14856539443200,false,0,true,2026-08-10T07:01:47.947Z,1.12.6,1.9.0-DEV,428070c0f9ad,4.16.0,1.3.11,ctbllib-fs2-q3-findall,2397,2079,2026-08-10T09:04:03.119Z
O8+(3).3.2,29713078886400,false,0,true,2026-08-10T07:01:47.947Z,1.12.6,1.9.0-DEV,428070c0f9ad,4.16.0,1.3.11,ctbllib-fs2-q3-findall,2397,2080,2026-08-10T09:04:04.156Z
O8+(3).4,19808719257600,false,0,true,2026-08-10T07:01:47.947Z,1.12.6,1.9.0-DEV,428070c0f9ad,4.16.0,1.3.11,ctbllib-fs2-q3-findall,2397,2081,2026-08-10T09:04:06.734Z
O8+(3).A4,59426157772800,false,0,true,2026-08-10T07:01:47.947Z,1.12.6,1.9.0-DEV,428070c0f9ad,4.16.0,1.3.11,ctbllib-fs2-q3-findall,2397,2082,2026-08-10T09:04:07.585Z
O8+(3).D8,39617438515200,false,0,true,2026-08-10T07:01:47.947Z,1.12.6,1.9.0-DEV,428070c0f9ad,4.16.0,1.3.11,ctbllib-fs2-q3-findall,2397,2083,2026-08-10T09:04:15.463Z
O8+(3).S4,118852315545600,false,0,true,2026-08-10T07:01:47.947Z,1.12.6,1.9.0-DEV,428070c0f9ad,4.16.0,1.3.11,ctbllib-fs2-q3-findall,2397,2084,2026-08-10T09:04:17.26Z
O8+(3)M14,136048896,true,0,true,2026-08-10T07:01:47.947Z,1.12.6,1.9.0-DEV,428070c0f9ad,4.16.0,1.3.11,ctbllib-fs2-q3-findall,2397,2085,2026-08-10T09:04:26.132Z
O8+(3)M27,331776,true,0,true,2026-08-10T07:01:47.947Z,1.12.6,1.9.0-DEV,428070c0f9ad,4.16.0,1.3.11,ctbllib-fs2-q3-findall,2397,2086,2026-08-10T09:04:29.451Z
O8+(7),112554991177798901760000,false,0,true,2026-08-10T07:01:47.947Z,1.12.6,1.9.0-DEV,428070c0f9ad,4.16.0,1.3.11,ctbllib-fs2-q3-findall,2397,2087,2026-08-10T09:05:54.814Z
O8-(2),197406720,false,0,true,2026-08-10T07:01:47.947Z,1.12.6,1.9.0-DEV,428070c0f9ad,4.16.0,1.3.11,ctbllib-fs2-q3-findall,2397,2088,2026-08-10T09:05:54.979Z
O8-(2).2,394813440,false,0,true,2026-08-10T07:01:47.947Z,1.12.6,1.9.0-DEV,428070c0f9ad,4.16.0,1.3.11,ctbllib-fs2-q3-findall,2397,2089,2026-08-10T09:05:55.277Z
O8-(3),10151968619520,false,0,true,2026-08-10T07:01:47.947Z,1.12.6,1.9.0-DEV,428070c0f9ad,4.16.0,1.3.11,ctbllib-fs2-q3-findall,2397,2090,2026-08-10T09:05:56.801Z
O8-(3).2^2,40607874478080,false,0,true,2026-08-10T07:01:47.947Z,1.12.6,1.9.0-DEV,428070c0f9ad,4.16.0,1.3.11,ctbllib-fs2-q3-findall,2397,2091,2026-08-10T09:06:00.805Z
O8-(3).2_1,20303937239040,false,0,true,2026-08-10T07:01:47.947Z,1.12.6,1.9.0-DEV,428070c0f9ad,4.16.0,1.3.11,ctbllib-fs2-q3-findall,2397,2092,2026-08-10T09:06:04.694Z
O8-(3).2_2,20303937239040,false,0,true,2026-08-10T07:01:47.947Z,1.12.6,1.9.0-DEV,428070c0f9ad,4.16.0,1.3.11,ctbllib-fs2-q3-findall,2397,2093,2026-08-10T09:06:09.607Z
O8-(3).2_3,20303937239040,false,0,true,2026-08-10T07:01:47.947Z,1.12.6,1.9.0-DEV,428070c0f9ad,4.16.0,1.3.11,ctbllib-fs2-q3-findall,2397,2094,2026-08-10T09:06:10.473Z
O9(3),65784756654489600,false,0,true,2026-08-10T07:01:47.947Z,1.12.6,1.9.0-DEV,428070c0f9ad,4.16.0,1.3.11,ctbllib-fs2-q3-findall,2397,2095,2026-08-10T09:06:16.847Z
ON,460815505920,false,0,true,2026-08-10T07:01:47.947Z,1.12.6,1.9.0-DEV,428070c0f9ad,4.16.0,1.3.11,ctbllib-fs2-q3-findall,2397,2096,2026-08-10T09:06:16.978Z
ON.2,921631011840,false,0,true,2026-08-10T07:01:47.947Z,1.12.6,1.9.0-DEV,428070c0f9ad,4.16.0,1.3.11,ctbllib-fs2-q3-findall,2397,2097,2026-08-10T09:06:17.137Z
ON.2N2,1024,true,0,true,2026-08-10T07:01:47.947Z,1.12.6,1.9.0-DEV,428070c0f9ad,4.16.0,1.3.11,ctbllib-fs2-q3-findall,2397,2098,2026-08-10T09:06:17.495Z
ONM5,25920,false,0,true,2026-08-10T07:01:47.947Z,1.12.6,1.9.0-DEV,428070c0f9ad,4.16.0,1.3.11,ctbllib-fs2-q3-findall,2397,2099,2026-08-10T09:06:17.679Z
P1/G1/L1/V1/ext2,960,false,0,true,2026-08-10T07:01:47.947Z,1.12.6,1.9.0-DEV,428070c0f9ad,4.16.0,1.3.11,ctbllib-fs2-q3-findall,2397,2100,2026-08-10T09:06:17.792Z
P1/G1/L1/V1/ext3,4860,false,0,true,2026-08-10T07:01:47.947Z,1.12.6,1.9.0-DEV,428070c0f9ad,4.16.0,1.3.11,ctbllib-fs2-q3-findall,2397,2101,2026-08-10T09:06:17.94Z
P1/G1/L1/V1/ext4,15360,false,0,true,2026-08-10T07:01:47.947Z,1.12.6,1.9.0-DEV,428070c0f9ad,4.16.0,1.3.11,ctbllib-fs2-q3-findall,2397,2102,2026-08-10T09:06:18.142Z
P1/G1/L1/V1/ext5,37500,false,0,true,2026-08-10T07:01:47.947Z,1.12.6,1.9.0-DEV,428070c0f9ad,4.16.0,1.3.11,ctbllib-fs2-q3-findall,2397,2103,2026-08-10T09:06:20.008Z
P1/G1/L1/V1/ext6,77760,false,0,true,2026-08-10T07:01:47.947Z,1.12.6,1.9.0-DEV,428070c0f9ad,4.16.0,1.3.11,ctbllib-fs2-q3-findall,2397,2104,2026-08-10T09:06:20.712Z
P1/G1/L1/V2/ext3,4860,false,0,true,2026-08-10T07:01:47.947Z,1.12.6,1.9.0-DEV,428070c0f9ad,4.16.0,1.3.11,ctbllib-fs2-q3-findall,2397,2105,2026-08-10T09:06:20.845Z
P1/G1/L1/V2/ext6,77760,false,0,true,2026-08-10T07:01:47.947Z,1.12.6,1.9.0-DEV,428070c0f9ad,4.16.0,1.3.11,ctbllib-fs2-q3-findall,2397,2106,2026-08-10T09:06:21.47Z
P1/G2/L1/V1/ext2,1920,false,0,true,2026-08-10T07:01:47.947Z,1.12.6,1.9.0-DEV,428070c0f9ad,4.16.0,1.3.11,ctbllib-fs2-q3-findall,2397,2107,2026-08-10T09:06:21.606Z
P1/G2/L1/V1/ext3,14580,false,0,true,2026-08-10T07:01:47.947Z,1.12.6,1.9.0-DEV,428070c0f9ad,4.16.0,1.3.11,ctbllib-fs2-q3-findall,2397,2108,2026-08-10T09:06:21.865Z
P1/G2/L1/V1/ext4,61440,false,0,true,2026-08-10T07:01:47.947Z,1.12.6,1.9.0-DEV,428070c0f9ad,4.16.0,1.3.11,ctbllib-fs2-q3-findall,2397,2109,2026-08-10T09:06:22.336Z
P1/G2/L1/V2/ext2,1920,false,0,true,2026-08-10T07:01:47.947Z,1.12.6,1.9.0-DEV,428070c0f9ad,4.16.0,1.3.11,ctbllib-fs2-q3-findall,2397,2110,2026-08-10T09:06:25.375Z
P1/G2/L1/V2/ext4,61440,false,0,true,2026-08-10T07:01:47.947Z,1.12.6,1.9.0-DEV,428070c0f9ad,4.16.0,1.3.11,ctbllib-fs2-q3-findall,2397,2111,2026-08-10T09:06:25.839Z
P1/G2/L2/V2/ext2,1920,false,0,true,2026-08-10T07:01:47.947Z,1.12.6,1.9.0-DEV,428070c0f9ad,4.16.0,1.3.11,ctbllib-fs2-q3-findall,2397,2112,2026-08-10T09:06:25.962Z
P1/G2/L2/V2/ext4,61440,false,0,true,2026-08-10T07:01:47.947Z,1.12.6,1.9.0-DEV,428070c0f9ad,4.16.0,1.3.11,ctbllib-fs2-q3-findall,2397,2113,2026-08-10T09:06:26.385Z
P1/G3/L2/V1/ext2,3840,false,0,true,2026-08-10T07:01:47.947Z,1.12.6,1.9.0-DEV,428070c0f9ad,4.16.0,1.3.11,ctbllib-fs2-q3-findall,2397,2114,2026-08-10T09:06:26.569Z
P1/G3/L2/V1/ext3,43740,false,0,true,2026-08-10T07:01:47.947Z,1.12.6,1.9.0-DEV,428070c0f9ad,4.16.0,1.3.11,ctbllib-fs2-q3-findall,2397,2115,2026-08-10T09:06:26.859Z
P11/G1/L1/V1/ext2,10752,false,0,true,2026-08-10T07:01:47.947Z,1.12.6,1.9.0-DEV,428070c0f9ad,4.16.0,1.3.11,ctbllib-fs2-q3-findall,2397,2116,2026-08-10T09:06:27.013Z
P11/G1/L1/V1/ext3,122472,false,0,true,2026-08-10T07:01:47.947Z,1.12.6,1.9.0-DEV,428070c0f9ad,4.16.0,1.3.11,ctbllib-fs2-q3-findall,2397,2117,2026-08-10T09:06:27.162Z
P11/G1/L1/V1/ext4,688128,false,0,true,2026-08-10T07:01:47.947Z,1.12.6,1.9.0-DEV,428070c0f9ad,4.16.0,1.3.11,ctbllib-fs2-q3-findall,2397,2118,2026-08-10T09:06:27.992Z
P11/G1/L1/V2/ext2,10752,false,0,true,2026-08-10T07:01:47.947Z,1.12.6,1.9.0-DEV,428070c0f9ad,4.16.0,1.3.11,ctbllib-fs2-q3-findall,2397,2119,2026-08-10T09:06:28.151Z
P11/G1/L1/V2/ext4,688128,false,0,true,2026-08-10T07:01:47.947Z,1.12.6,1.9.0-DEV,428070c0f9ad,4.16.0,1.3.11,ctbllib-fs2-q3-findall,2397,2120,2026-08-10T09:06:30.324Z
P11/G1/L1/V3/ext2,10752,false,0,true,2026-08-10T07:01:47.947Z,1.12.6,1.9.0-DEV,428070c0f9ad,4.16.0,1.3.11,ctbllib-fs2-q3-findall,2397,2121,2026-08-10T09:06:30.476Z
P11/G1/L1/V3/ext4,688128,false,0,true,2026-08-10T07:01:47.947Z,1.12.6,1.9.0-DEV,428070c0f9ad,4.16.0,1.3.11,ctbllib-fs2-q3-findall,2397,2122,2026-08-10T09:06:31.083Z
P11/G2/L1/V1/ext2,10752,false,0,true,2026-08-10T07:01:47.947Z,1.12.6,1.9.0-DEV,428070c0f9ad,4.16.0,1.3.11,ctbllib-fs2-q3-findall,2397,2123,2026-08-10T09:06:31.238Z
P11/G2/L1/V1/ext3,122472,false,0,true,2026-08-10T07:01:47.947Z,1.12.6,1.9.0-DEV,428070c0f9ad,4.16.0,1.3.11,ctbllib-fs2-q3-findall,2397,2124,2026-08-10T09:06:31.756Z
P11/G2/L1/V2/ext2,10752,false,0,true,2026-08-10T07:01:47.947Z,1.12.6,1.9.0-DEV,428070c0f9ad,4.16.0,1.3.11,ctbllib-fs2-q3-findall,2397,2125,2026-08-10T09:06:31.912Z
P11/G3/L1/V1/ext2,21504,false,0,true,2026-08-10T07:01:47.947Z,1.12.6,1.9.0-DEV,428070c0f9ad,4.16.0,1.3.11,ctbllib-fs2-q3-findall,2397,2126,2026-08-10T09:06:32.115Z
P11/G3/L1/V1/ext3,367416,false,0,true,2026-08-10T07:01:47.947Z,1.12.6,1.9.0-DEV,428070c0f9ad,4.16.0,1.3.11,ctbllib-fs2-q3-findall,2397,2127,2026-08-10T09:06:32.55Z
P11/G3/L1/V2/ext3,367416,false,0,true,2026-08-10T07:01:47.947Z,1.12.6,1.9.0-DEV,428070c0f9ad,4.16.0,1.3.11,ctbllib-fs2-q3-findall,2397,2128,2026-08-10T09:06:34.114Z
P11/G3/L3/V1/ext2,21504,false,0,true,2026-08-10T07:01:47.947Z,1.12.6,1.9.0-DEV,428070c0f9ad,4.16.0,1.3.11,ctbllib-fs2-q3-findall,2397,2129,2026-08-10T09:06:34.308Z
P11/G3/L4/V2/ext2,21504,false,0,true,2026-08-10T07:01:47.947Z,1.12.6,1.9.0-DEV,428070c0f9ad,4.16.0,1.3.11,ctbllib-fs2-q3-findall,2397,2130,2026-08-10T09:06:34.549Z
P11/G4/L1/V1/ext2,43008,false,0,true,2026-08-10T07:01:47.947Z,1.12.6,1.9.0-DEV,428070c0f9ad,4.16.0,1.3.11,ctbllib-fs2-q3-findall,2397,2131,2026-08-10T09:06:34.685Z
P11/G4/L1/V1/ext3,1102248,false,1,true,2026-08-10T07:01:47.947Z,1.12.6,1.9.0-DEV,428070c0f9ad,4.16.0,1.3.11,ctbllib-fs2-q3-findall,2397,2132,2026-08-10T09:06:35.929Z
P12/G1/L2/V1/ext2,86016,false,0,true,2026-08-10T07:01:47.947Z,1.12.6,1.9.0-DEV,428070c0f9ad,4.16.0,1.3.11,ctbllib-fs2-q3-findall,2397,2133,2026-08-10T09:06:37.697Z
P12/G1/L2/V1/ext3,2204496,false,0,true,2026-08-10T07:01:47.947Z,1.12.6,1.9.0-DEV,428070c0f9ad,4.16.0,1.3.11,ctbllib-fs2-q3-findall,2397,2134,2026-08-10T09:06:38.335Z
P13/G1/L2/V1/ext2,172032,false,0,true,2026-08-10T07:01:47.947Z,1.12.6,1.9.0-DEV,428070c0f9ad,4.16.0,1.3.11,ctbllib-fs2-q3-findall,2397,2135,2026-08-10T09:06:38.834Z
P13/G1/L2/V1/ext3,2939328,false,0,true,2026-08-10T07:01:47.947Z,1.12.6,1.9.0-DEV,428070c0f9ad,4.16.0,1.3.11,ctbllib-fs2-q3-findall,2397,2136,2026-08-10T09:06:43.083Z
P13/G1/L6/V1/ext2,172032,false,0,true,2026-08-10T07:01:47.947Z,1.12.6,1.9.0-DEV,428070c0f9ad,4.16.0,1.3.11,ctbllib-fs2-q3-findall,2397,2137,2026-08-10T09:06:43.393Z
P1L82,20972799094947840,false,0,true,2026-08-10T07:01:47.947Z,1.12.6,1.9.0-DEV,428070c0f9ad,4.16.0,1.3.11,ctbllib-fs2-q3-findall,2397,2138,2026-08-10T09:06:58.728Z
P2/G1/L1/V1/ext2,30720,false,0,true,2026-08-10T07:01:47.947Z,1.12.6,1.9.0-DEV,428070c0f9ad,4.16.0,1.3.11,ctbllib-fs2-q3-findall,2397,2139,2026-08-10T09:06:59.179Z
P2/G1/L1/V1/ext3,787320,false,0,true,2026-08-10T07:01:47.947Z,1.12.6,1.9.0-DEV,428070c0f9ad,4.16.0,1.3.11,ctbllib-fs2-q3-findall,2397,2140,2026-08-10T09:07:01.713Z
P2/G2/L1/V1/ext2,30720,false,0,true,2026-08-10T07:01:47.947Z,1.12.6,1.9.0-DEV,428070c0f9ad,4.16.0,1.3.11,ctbllib-fs2-q3-findall,2397,2141,2026-08-10T09:07:01.947Z
P2/G2/L1/V1/ext3,787320,false,0,true,2026-08-10T07:01:47.947Z,1.12.6,1.9.0-DEV,428070c0f9ad,4.16.0,1.3.11,ctbllib-fs2-q3-findall,2397,2142,2026-08-10T09:07:03.043Z
P2/G2/L1/V2/ext2,30720,false,0,true,2026-08-10T07:01:47.947Z,1.12.6,1.9.0-DEV,428070c0f9ad,4.16.0,1.3.11,ctbllib-fs2-q3-findall,2397,2143,2026-08-10T09:07:03.282Z
P21/G1/L1/V1/ext2,11520,false,0,true,2026-08-10T07:01:47.947Z,1.12.6,1.9.0-DEV,428070c0f9ad,4.16.0,1.3.11,ctbllib-fs2-q3-findall,2397,2144,2026-08-10T09:07:03.435Z
P21/G1/L1/V1/ext3,87480,false,0,true,2026-08-10T07:01:47.947Z,1.12.6,1.9.0-DEV,428070c0f9ad,4.16.0,1.3.11,ctbllib-fs2-q3-findall,2397,2145,2026-08-10T09:07:03.718Z
P21/G1/L1/V1/ext4,368640,false,0,true,2026-08-10T07:01:47.947Z,1.12.6,1.9.0-DEV,428070c0f9ad,4.16.0,1.3.11,ctbllib-fs2-q3-findall,2397,2146,2026-08-10T09:07:05.559Z
P21/G1/L3/V2/ext3,87480,false,0,true,2026-08-10T07:01:47.947Z,1.12.6,1.9.0-DEV,428070c0f9ad,4.16.0,1.3.11,ctbllib-fs2-q3-findall,2397,2147,2026-08-10T09:07:05.775Z
P21/G2/L1/V1/ext2,184320,false,0,true,2026-08-10T07:01:47.947Z,1.12.6,1.9.0-DEV,428070c0f9ad,4.16.0,1.3.11,ctbllib-fs2-q3-findall,2397,2148,2026-08-10T09:07:06.042Z
P21/G2/L1/V3/ext2,184320,false,0,true,2026-08-10T07:01:47.947Z,1.12.6,1.9.0-DEV,428070c0f9ad,4.16.0,1.3.11,ctbllib-fs2-q3-findall,2397,2149,2026-08-10T09:07:06.289Z
P21/G2/L2/V1/ext2,184320,false,0,true,2026-08-10T07:01:47.947Z,1.12.6,1.9.0-DEV,428070c0f9ad,4.16.0,1.3.11,ctbllib-fs2-q3-findall,2397,2150,2026-08-10T09:07:06.596Z
P21/G2/L2/V3/ext2,184320,false,0,true,2026-08-10T07:01:47.947Z,1.12.6,1.9.0-DEV,428070c0f9ad,4.16.0,1.3.11,ctbllib-fs2-q3-findall,2397,2151,2026-08-10T09:07:06.867Z
P21/G2/L5/V2/ext2,184320,false,0,true,2026-08-10T07:01:47.947Z,1.12.6,1.9.0-DEV,428070c0f9ad,4.16.0,1.3.11,ctbllib-fs2-q3-findall,2397,2152,2026-08-10T09:07:07.147Z
P21/G3/L2/V1/ext2,368640,false,0,true,2026-08-10T07:01:47.947Z,1.12.6,1.9.0-DEV,428070c0f9ad,4.16.0,1.3.11,ctbllib-fs2-q3-findall,2397,2153,2026-08-10T09:07:08.652Z
P27/G1/L1/V1/ext2,161280,false,0,true,2026-08-10T07:01:47.947Z,1.12.6,1.9.0-DEV,428070c0f9ad,4.16.0,1.3.11,ctbllib-fs2-q3-findall,2397,2154,2026-08-10T09:07:08.829Z
P27/G1/L1/V1/ext3,1837080,false,0,true,2026-08-10T07:01:47.947Z,1.12.6,1.9.0-DEV,428070c0f9ad,4.16.0,1.3.11,ctbllib-fs2-q3-findall,2397,2155,2026-08-10T09:07:09.369Z
P27/G1/L1/V1/ext4,10321920,false,0,true,2026-08-10T07:01:47.947Z,1.12.6,1.9.0-DEV,428070c0f9ad,4.16.0,1.3.11,ctbllib-fs2-q3-findall,2397,2156,2026-08-10T09:07:12.361Z
P2L62,30965760,false,0,true,2026-08-10T07:01:47.947Z,1.12.6,1.9.0-DEV,428070c0f9ad,4.16.0,1.3.11,ctbllib-fs2-q3-findall,2397,2157,2026-08-10T09:07:12.822Z
P2L82,495420451061760,false,0,true,2026-08-10T07:01:47.947Z,1.12.6,1.9.0-DEV,428070c0f9ad,4.16.0,1.3.11,ctbllib-fs2-q3-findall,2397,2158,2026-08-10T09:07:31.682Z
P31/G1/L1/V1/ext2,2580480,false,0,true,2026-08-10T07:01:47.947Z,1.12.6,1.9.0-DEV,428070c0f9ad,4.16.0,1.3.11,ctbllib-fs2-q3-findall,2397,2159,2026-08-10T09:07:32.053Z
P31/G1/L1/V1/ext3,44089920,false,0,true,2026-08-10T07:01:47.947Z,1.12.6,1.9.0-DEV,428070c0f9ad,4.16.0,1.3.11,ctbllib-fs2-q3-findall,2397,2160,2026-08-10T09:07:33.521Z
P3L62,14450688,false,0,true,2026-08-10T07:01:47.947Z,1.12.6,1.9.0-DEV,428070c0f9ad,4.16.0,1.3.11,ctbllib-fs2-q3-findall,2397,2161,2026-08-10T09:07:33.986Z
P41/G1/L1/V1/ext2,64512,false,0,true,2026-08-10T07:01:47.947Z,1.12.6,1.9.0-DEV,428070c0f9ad,4.16.0,1.3.11,ctbllib-fs2-q3-findall,2397,2162,2026-08-10T09:07:34.117Z
P41/G1/L1/V1/ext3,1102248,false,0,true,2026-08-10T07:01:47.947Z,1.12.6,1.9.0-DEV,428070c0f9ad,4.16.0,1.3.11,ctbllib-fs2-q3-findall,2397,2163,2026-08-10T09:07:34.372Z
P41/G1/L1/V2/ext2,64512,false,0,true,2026-08-10T07:01:47.947Z,1.12.6,1.9.0-DEV,428070c0f9ad,4.16.0,1.3.11,ctbllib-fs2-q3-findall,2397,2164,2026-08-10T09:07:36.45Z
P41/G1/L1/V3/ext3,1102248,false,0,true,2026-08-10T07:01:47.947Z,1.12.6,1.9.0-DEV,428070c0f9ad,4.16.0,1.3.11,ctbllib-fs2-q3-findall,2397,2165,2026-08-10T09:07:36.702Z
P41/G1/L1/V4/ext2,64512,false,0,true,2026-08-10T07:01:47.947Z,1.12.6,1.9.0-DEV,428070c0f9ad,4.16.0,1.3.11,ctbllib-fs2-q3-findall,2397,2166,2026-08-10T09:07:36.824Z
P41/G2/L1/V1/ext2,129024,false,0,true,2026-08-10T07:01:47.947Z,1.12.6,1.9.0-DEV,428070c0f9ad,4.16.0,1.3.11,ctbllib-fs2-q3-findall,2397,2167,2026-08-10T09:07:36.98Z
P41/G2/L1/V1/ext3,3306744,false,0,true,2026-08-10T07:01:47.947Z,1.12.6,1.9.0-DEV,428070c0f9ad,4.16.0,1.3.11,ctbllib-fs2-q3-findall,2397,2168,2026-08-10T09:07:37.643Z
P43/G1/L1/V1/ext2,675840,false,0,true,2026-08-10T07:01:47.947Z,1.12.6,1.9.0-DEV,428070c0f9ad,4.16.0,1.3.11,ctbllib-fs2-q3-findall,2397,2169,2026-08-10T09:07:38.024Z
P43/G3/L1/V1/ext2,675840,false,0,true,2026-08-10T07:01:47.947Z,1.12.6,1.9.0-DEV,428070c0f9ad,4.16.0,1.3.11,ctbllib-fs2-q3-findall,2397,2170,2026-08-10T09:07:38.303Z
P43/G3/L1/V2/ext2,675840,false,0,true,2026-08-10T07:01:47.947Z,1.12.6,1.9.0-DEV,428070c0f9ad,4.16.0,1.3.11,ctbllib-fs2-q3-findall,2397,2171,2026-08-10T09:07:38.555Z
P48/G1/L1/V1/ext2,8110080,false,0,true,2026-08-10T07:01:47.947Z,1.12.6,1.9.0-DEV,428070c0f9ad,4.16.0,1.3.11,ctbllib-fs2-q3-findall,2397,2172,2026-08-10T09:07:38.921Z
P48/G1/L1/V2/ext2,8110080,false,0,true,2026-08-10T07:01:47.947Z,1.12.6,1.9.0-DEV,428070c0f9ad,4.16.0,1.3.11,ctbllib-fs2-q3-findall,2397,2173,2026-08-10T09:07:39.302Z
P49/G1/L1/V1/ext2,774144,false,0,true,2026-08-10T07:01:47.947Z,1.12.6,1.9.0-DEV,428070c0f9ad,4.16.0,1.3.11,ctbllib-fs2-q3-findall,2397,2174,2026-08-10T09:07:40.767Z
P49/G1/L1/V1/ext3,13226976,false,0,true,2026-08-10T07:01:47.947Z,1.12.6,1.9.0-DEV,428070c0f9ad,4.16.0,1.3.11,ctbllib-fs2-q3-findall,2397,2175,2026-08-10T09:07:41.044Z
P49/G1/L1/V2/ext3,13226976,false,0,true,2026-08-10T07:01:47.947Z,1.12.6,1.9.0-DEV,428070c0f9ad,4.16.0,1.3.11,ctbllib-fs2-q3-findall,2397,2176,2026-08-10T09:07:41.265Z
P50/G1/L1/V1/ext2,1658880,false,0,true,2026-08-10T07:01:47.947Z,1.12.6,1.9.0-DEV,428070c0f9ad,4.16.0,1.3.11,ctbllib-fs2-q3-findall,2397,2177,2026-08-10T09:07:41.576Z
P50/G1/L1/V1/ext3,18895680,false,0,true,2026-08-10T07:01:47.947Z,1.12.6,1.9.0-DEV,428070c0f9ad,4.16.0,1.3.11,ctbllib-fs2-q3-findall,2397,2178,2026-08-10T09:07:42.469Z
P50/G1/L1/V1/ext4,106168320,false,0,true,2026-08-10T07:01:47.947Z,1.12.6,1.9.0-DEV,428070c0f9ad,4.16.0,1.3.11,ctbllib-fs2-q3-findall,2397,2179,2026-08-10T09:07:44.938Z
Q8,8,true,0,true,2026-08-10T07:01:47.947Z,1.12.6,1.9.0-DEV,428070c0f9ad,4.16.0,1.3.11,ctbllib-fs2-q3-findall,2397,2180,2026-08-10T09:07:44.965Z
QD16.2,32,true,0,true,2026-08-10T07:01:47.947Z,1.12.6,1.9.0-DEV,428070c0f9ad,4.16.0,1.3.11,ctbllib-fs2-q3-findall,2397,2181,2026-08-10T09:07:45.243Z
R(27),10073444472,false,0,true,2026-08-10T07:01:47.947Z,1.12.6,1.9.0-DEV,428070c0f9ad,4.16.0,1.3.11,ctbllib-fs2-q3-findall,2397,2182,2026-08-10T09:07:45.467Z
R(27).3,30220333416,false,0,true,2026-08-10T07:01:47.947Z,1.12.6,1.9.0-DEV,428070c0f9ad,4.16.0,1.3.11,ctbllib-fs2-q3-findall,2397,2183,2026-08-10T09:07:45.638Z
Ru,145926144000,false,0,true,2026-08-10T07:01:47.947Z,1.12.6,1.9.0-DEV,428070c0f9ad,4.16.0,1.3.11,ctbllib-fs2-q3-findall,2397,2184,2026-08-10T09:07:45.784Z
RuN2,16384,true,0,true,2026-08-10T07:01:47.947Z,1.12.6,1.9.0-DEV,428070c0f9ad,4.16.0,1.3.11,ctbllib-fs2-q3-findall,2397,2185,2026-08-10T09:07:46.264Z
S10(2),24815256521932800,false,0,true,2026-08-10T07:01:47.947Z,1.12.6,1.9.0-DEV,428070c0f9ad,4.16.0,1.3.11,ctbllib-fs2-q3-findall,2397,2186,2026-08-10T09:07:54.255Z
S10x2,7257600,false,0,true,2026-08-10T07:01:47.947Z,1.12.6,1.9.0-DEV,428070c0f9ad,4.16.0,1.3.11,ctbllib-fs2-q3-findall,2397,2187,2026-08-10T09:07:54.802Z
S10xS3,21772800,false,0,true,2026-08-10T07:01:47.947Z,1.12.6,1.9.0-DEV,428070c0f9ad,4.16.0,1.3.11,ctbllib-fs2-q3-findall,2397,2188,2026-08-10T09:07:55.964Z
S11x2,79833600,false,0,true,2026-08-10T07:01:47.947Z,1.12.6,1.9.0-DEV,428070c0f9ad,4.16.0,1.3.11,ctbllib-fs2-q3-findall,2397,2189,2026-08-10T09:07:58.916Z
S12(2),208114637736580743168000,false,0,true,2026-08-10T07:01:47.947Z,1.12.6,1.9.0-DEV,428070c0f9ad,4.16.0,1.3.11,ctbllib-fs2-q3-findall,2397,2190,2026-08-10T09:08:33.613Z
S3,6,true,0,true,2026-08-10T07:01:47.947Z,1.12.6,1.9.0-DEV,428070c0f9ad,4.16.0,1.3.11,ctbllib-fs2-q3-findall,2397,2191,2026-08-10T09:08:33.623Z
S3wrS4,31104,true,0,true,2026-08-10T07:01:47.947Z,1.12.6,1.9.0-DEV,428070c0f9ad,4.16.0,1.3.11,ctbllib-fs2-q3-findall,2397,2192,2026-08-10T09:08:33.833Z
"S3x(3xSL(2,3)):2",864,true,0,true,2026-08-10T07:01:47.947Z,1.12.6,1.9.0-DEV,428070c0f9ad,4.16.0,1.3.11,ctbllib-fs2-q3-findall,2397,2193,2026-08-10T09:08:34.49Z
S3x13:6,468,true,0,true,2026-08-10T07:01:47.947Z,1.12.6,1.9.0-DEV,428070c0f9ad,4.16.0,1.3.11,ctbllib-fs2-q3-findall,2397,2194,2026-08-10T09:08:34.577Z
S3x2,12,true,0,true,2026-08-10T07:01:47.947Z,1.12.6,1.9.0-DEV,428070c0f9ad,4.16.0,1.3.11,ctbllib-fs2-q3-findall,2397,2195,2026-08-10T09:08:34.587Z
S3x2.A5,720,false,0,true,2026-08-10T07:01:47.947Z,1.12.6,1.9.0-DEV,428070c0f9ad,4.16.0,1.3.11,ctbllib-fs2-q3-findall,2397,2196,2026-08-10T09:08:34.975Z
S3x2.S4,288,true,0,true,2026-08-10T07:01:47.947Z,1.12.6,1.9.0-DEV,428070c0f9ad,4.16.0,1.3.11,ctbllib-fs2-q3-findall,2397,2197,2026-08-10T09:08:35.302Z
S3x2.U4(3).2_2,78382080,false,0,true,2026-08-10T07:01:47.947Z,1.12.6,1.9.0-DEV,428070c0f9ad,4.16.0,1.3.11,ctbllib-fs2-q3-findall,2397,2198,2026-08-10T09:08:41.105Z
S3x3.S6,12960,false,0,true,2026-08-10T07:01:47.947Z,1.12.6,1.9.0-DEV,428070c0f9ad,4.16.0,1.3.11,ctbllib-fs2-q3-findall,2397,2199,2026-08-10T09:08:41.582Z
S3x3^(1+2)+:2A4,3888,true,0,true,2026-08-10T07:01:47.947Z,1.12.6,1.9.0-DEV,428070c0f9ad,4.16.0,1.3.11,ctbllib-fs2-q3-findall,2397,2200,2026-08-10T09:08:41.87Z
S3x3_1.U4(3).2_2,117573120,false,0,true,2026-08-10T07:01:47.947Z,1.12.6,1.9.0-DEV,428070c0f9ad,4.16.0,1.3.11,ctbllib-fs2-q3-findall,2397,2201,2026-08-10T09:08:49.677Z
S3x5:4,120,true,0,true,2026-08-10T07:01:47.947Z,1.12.6,1.9.0-DEV,428070c0f9ad,4.16.0,1.3.11,ctbllib-fs2-q3-findall,2397,2202,2026-08-10T09:08:50.008Z
S3x6_1.U4(3).2_2,235146240,false,0,true,2026-08-10T07:01:47.947Z,1.12.6,1.9.0-DEV,428070c0f9ad,4.16.0,1.3.11,ctbllib-fs2-q3-findall,2397,2203,2026-08-10T09:09:18.794Z
S3x7:6,252,true,0,true,2026-08-10T07:01:47.947Z,1.12.6,1.9.0-DEV,428070c0f9ad,4.16.0,1.3.11,ctbllib-fs2-q3-findall,2397,2204,2026-08-10T09:09:18.874Z
S3xA5,360,false,0,true,2026-08-10T07:01:47.947Z,1.12.6,1.9.0-DEV,428070c0f9ad,4.16.0,1.3.11,ctbllib-fs2-q3-findall,2397,2205,2026-08-10T09:09:19.209Z
S3xFi22.2,774741019852800,false,0,true,2026-08-10T07:01:47.947Z,1.12.6,1.9.0-DEV,428070c0f9ad,4.16.0,1.3.11,ctbllib-fs2-q3-findall,2397,2206,2026-08-10T09:09:36.006Z
S3xJ2.2,7257600,false,0,true,2026-08-10T07:01:47.947Z,1.12.6,1.9.0-DEV,428070c0f9ad,4.16.0,1.3.11,ctbllib-fs2-q3-findall,2397,2207,2026-08-10T09:09:36.471Z
S3xL2(8),3024,false,0,true,2026-08-10T07:01:47.947Z,1.12.6,1.9.0-DEV,428070c0f9ad,4.16.0,1.3.11,ctbllib-fs2-q3-findall,2397,2208,2026-08-10T09:09:36.547Z
S3xM12.2,1140480,false,0,true,2026-08-10T07:01:47.947Z,1.12.6,1.9.0-DEV,428070c0f9ad,4.16.0,1.3.11,ctbllib-fs2-q3-findall,2397,2209,2026-08-10T09:09:36.855Z
S3xO7(3),27512110080,false,0,true,2026-08-10T07:01:47.947Z,1.12.6,1.9.0-DEV,428070c0f9ad,4.16.0,1.3.11,ctbllib-fs2-q3-findall,2397,2210,2026-08-10T09:09:41.493Z
S3xO8+(3):S3,178278473318400,false,0,true,2026-08-10T07:01:47.947Z,1.12.6,1.9.0-DEV,428070c0f9ad,4.16.0,1.3.11,ctbllib-fs2-q3-findall,2397,2211,2026-08-10T09:09:58.999Z
S3xS3,36,true,0,true,2026-08-10T07:01:47.947Z,1.12.6,1.9.0-DEV,428070c0f9ad,4.16.0,1.3.11,ctbllib-fs2-q3-findall,2397,2212,2026-08-10T09:09:59.015Z
S3xS6,4320,false,0,true,2026-08-10T07:01:47.947Z,1.12.6,1.9.0-DEV,428070c0f9ad,4.16.0,1.3.11,ctbllib-fs2-q3-findall,2397,2213,2026-08-10T09:09:59.156Z
S3xS6(2),8709120,false,0,true,2026-08-10T07:01:47.947Z,1.12.6,1.9.0-DEV,428070c0f9ad,4.16.0,1.3.11,ctbllib-fs2-q3-findall,2397,2214,2026-08-10T09:09:59.812Z
S3xTh,544475663327232000,false,0,true,2026-08-10T07:01:47.947Z,1.12.6,1.9.0-DEV,428070c0f9ad,4.16.0,1.3.11,ctbllib-fs2-q3-findall,2397,2215,2026-08-10T09:10:05.033Z
S3xU4(2),155520,false,0,true,2026-08-10T07:01:47.947Z,1.12.6,1.9.0-DEV,428070c0f9ad,4.16.0,1.3.11,ctbllib-fs2-q3-findall,2397,2216,2026-08-10T09:10:05.257Z
S3xU4(2).2,311040,false,0,true,2026-08-10T07:01:47.947Z,1.12.6,1.9.0-DEV,428070c0f9ad,4.16.0,1.3.11,ctbllib-fs2-q3-findall,2397,2217,2026-08-10T09:10:05.902Z
S3xU4(3),19595520,false,0,true,2026-08-10T07:01:47.947Z,1.12.6,1.9.0-DEV,428070c0f9ad,4.16.0,1.3.11,ctbllib-fs2-q3-findall,2397,2218,2026-08-10T09:10:06.23Z
S3xU4(3).(2^2)_{122},78382080,false,0,true,2026-08-10T07:01:47.947Z,1.12.6,1.9.0-DEV,428070c0f9ad,4.16.0,1.3.11,ctbllib-fs2-q3-findall,2397,2219,2026-08-10T09:10:10.719Z
S3xU4(3).2_2,39191040,false,0,true,2026-08-10T07:01:47.947Z,1.12.6,1.9.0-DEV,428070c0f9ad,4.16.0,1.3.11,ctbllib-fs2-q3-findall,2397,2220,2026-08-10T09:10:11.553Z
S4(4),979200,false,0,true,2026-08-10T07:01:47.947Z,1.12.6,1.9.0-DEV,428070c0f9ad,4.16.0,1.3.11,ctbllib-fs2-q3-findall,2397,2221,2026-08-10T09:10:11.658Z
S4(4).2,1958400,false,0,true,2026-08-10T07:01:47.947Z,1.12.6,1.9.0-DEV,428070c0f9ad,4.16.0,1.3.11,ctbllib-fs2-q3-findall,2397,2222,2026-08-10T09:10:11.741Z
S4(4).4,3916800,false,0,true,2026-08-10T07:01:47.947Z,1.12.6,1.9.0-DEV,428070c0f9ad,4.16.0,1.3.11,ctbllib-fs2-q3-findall,2397,2223,2026-08-10T09:10:11.798Z
S4(5),4680000,false,0,true,2026-08-10T07:01:47.947Z,1.12.6,1.9.0-DEV,428070c0f9ad,4.16.0,1.3.11,ctbllib-fs2-q3-findall,2397,2224,2026-08-10T09:10:11.915Z
S4(5).2,9360000,false,0,true,2026-08-10T07:01:47.947Z,1.12.6,1.9.0-DEV,428070c0f9ad,4.16.0,1.3.11,ctbllib-fs2-q3-findall,2397,2225,2026-08-10T09:10:13.832Z
S4(7),138297600,false,0,true,2026-08-10T07:01:47.947Z,1.12.6,1.9.0-DEV,428070c0f9ad,4.16.0,1.3.11,ctbllib-fs2-q3-findall,2397,2226,2026-08-10T09:10:14.096Z
S4(7).2,276595200,false,0,true,2026-08-10T07:01:47.947Z,1.12.6,1.9.0-DEV,428070c0f9ad,4.16.0,1.3.11,ctbllib-fs2-q3-findall,2397,2227,2026-08-10T09:10:14.415Z
S4(8),1056706560,false,0,true,2026-08-10T07:01:47.947Z,1.12.6,1.9.0-DEV,428070c0f9ad,4.16.0,1.3.11,ctbllib-fs2-q3-findall,2397,2228,2026-08-10T09:10:15.235Z
S4(8).3,3170119680,false,0,true,2026-08-10T07:01:47.947Z,1.12.6,1.9.0-DEV,428070c0f9ad,4.16.0,1.3.11,ctbllib-fs2-q3-findall,2397,2229,2026-08-10T09:10:15.594Z
S4(9),1721606400,false,0,true,2026-08-10T07:01:47.947Z,1.12.6,1.9.0-DEV,428070c0f9ad,4.16.0,1.3.11,ctbllib-fs2-q3-findall,2397,2230,2026-08-10T09:10:16.097Z
S4(9).2^2,6886425600,false,0,true,2026-08-10T07:01:47.947Z,1.12.6,1.9.0-DEV,428070c0f9ad,4.16.0,1.3.11,ctbllib-fs2-q3-findall,2397,2231,2026-08-10T09:10:19.835Z
S4(9).2_1,3443212800,false,0,true,2026-08-10T07:01:47.947Z,1.12.6,1.9.0-DEV,428070c0f9ad,4.16.0,1.3.11,ctbllib-fs2-q3-findall,2397,2232,2026-08-10T09:10:20.259Z
S4(9).2_2,3443212800,false,0,true,2026-08-10T07:01:47.947Z,1.12.6,1.9.0-DEV,428070c0f9ad,4.16.0,1.3.11,ctbllib-fs2-q3-findall,2397,2233,2026-08-10T09:10:21.297Z
S4(9).2_3,3443212800,false,0,true,2026-08-10T07:01:47.947Z,1.12.6,1.9.0-DEV,428070c0f9ad,4.16.0,1.3.11,ctbllib-fs2-q3-findall,2397,2234,2026-08-10T09:10:21.569Z
S4wrS3,82944,true,0,true,2026-08-10T07:01:47.947Z,1.12.6,1.9.0-DEV,428070c0f9ad,4.16.0,1.3.11,ctbllib-fs2-q3-findall,2397,2235,2026-08-10T09:10:21.916Z
S4x2F4(2)'.2,862617600,false,0,true,2026-08-10T07:01:47.947Z,1.12.6,1.9.0-DEV,428070c0f9ad,4.16.0,1.3.11,ctbllib-fs2-q3-findall,2397,2236,2026-08-10T09:10:24.795Z
S4x2^2,96,true,0,true,2026-08-10T07:01:47.947Z,1.12.6,1.9.0-DEV,428070c0f9ad,4.16.0,1.3.11,ctbllib-fs2-q3-findall,2397,2237,2026-08-10T09:10:24.903Z
S4x3^(1+2):4,2592,true,0,true,2026-08-10T07:01:47.947Z,1.12.6,1.9.0-DEV,428070c0f9ad,4.16.0,1.3.11,ctbllib-fs2-q3-findall,2397,2238,2026-08-10T09:10:25.474Z
S4x3^(1+2)_+:Q8,5184,true,0,true,2026-08-10T07:01:47.947Z,1.12.6,1.9.0-DEV,428070c0f9ad,4.16.0,1.3.11,ctbllib-fs2-q3-findall,2397,2239,2026-08-10T09:10:27.309Z
S4x3^2:4,864,true,0,true,2026-08-10T07:01:47.947Z,1.12.6,1.9.0-DEV,428070c0f9ad,4.16.0,1.3.11,ctbllib-fs2-q3-findall,2397,2240,2026-08-10T09:10:27.663Z
S4x3^2:Q8,1728,true,0,true,2026-08-10T07:01:47.947Z,1.12.6,1.9.0-DEV,428070c0f9ad,4.16.0,1.3.11,ctbllib-fs2-q3-findall,2397,2241,2026-08-10T09:10:28.053Z
S4x5^2:4S4,57600,true,0,true,2026-08-10T07:01:47.947Z,1.12.6,1.9.0-DEV,428070c0f9ad,4.16.0,1.3.11,ctbllib-fs2-q3-findall,2397,2242,2026-08-10T09:10:28.531Z
S4xL3(2).2,8064,false,0,true,2026-08-10T07:01:47.947Z,1.12.6,1.9.0-DEV,428070c0f9ad,4.16.0,1.3.11,ctbllib-fs2-q3-findall,2397,2243,2026-08-10T09:10:28.717Z
S4xO8+(2):S3,25082265600,false,0,true,2026-08-10T07:01:47.947Z,1.12.6,1.9.0-DEV,428070c0f9ad,4.16.0,1.3.11,ctbllib-fs2-q3-findall,2397,2244,2026-08-10T09:10:43.215Z
S4xS3,144,true,0,true,2026-08-10T07:01:47.947Z,1.12.6,1.9.0-DEV,428070c0f9ad,4.16.0,1.3.11,ctbllib-fs2-q3-findall,2397,2245,2026-08-10T09:10:43.252Z
S4xS4,576,true,0,true,2026-08-10T07:01:47.947Z,1.12.6,1.9.0-DEV,428070c0f9ad,4.16.0,1.3.11,ctbllib-fs2-q3-findall,2397,2246,2026-08-10T09:10:43.332Z
S4xS6(2),34836480,false,0,true,2026-08-10T07:01:47.947Z,1.12.6,1.9.0-DEV,428070c0f9ad,4.16.0,1.3.11,ctbllib-fs2-q3-findall,2397,2247,2026-08-10T09:10:46.988Z
S4xU3(3).2,290304,false,0,true,2026-08-10T07:01:47.947Z,1.12.6,1.9.0-DEV,428070c0f9ad,4.16.0,1.3.11,ctbllib-fs2-q3-findall,2397,2248,2026-08-10T09:10:47.694Z
S4xU4(2).2,1244160,false,0,true,2026-08-10T07:01:47.947Z,1.12.6,1.9.0-DEV,428070c0f9ad,4.16.0,1.3.11,ctbllib-fs2-q3-findall,2397,2249,2026-08-10T09:10:52.824Z
S5xS3,720,false,0,true,2026-08-10T07:01:47.947Z,1.12.6,1.9.0-DEV,428070c0f9ad,4.16.0,1.3.11,ctbllib-fs2-q3-findall,2397,2250,2026-08-10T09:10:52.91Z
S5xS4,2880,false,0,true,2026-08-10T07:01:47.947Z,1.12.6,1.9.0-DEV,428070c0f9ad,4.16.0,1.3.11,ctbllib-fs2-q3-findall,2397,2251,2026-08-10T09:10:53.059Z
S5xS9,43545600,false,0,true,2026-08-10T07:01:47.947Z,1.12.6,1.9.0-DEV,428070c0f9ad,4.16.0,1.3.11,ctbllib-fs2-q3-findall,2397,2252,2026-08-10T09:10:58.676Z
S6(2),1451520,false,0,true,2026-08-10T07:01:47.947Z,1.12.6,1.9.0-DEV,428070c0f9ad,4.16.0,1.3.11,ctbllib-fs2-q3-findall,2397,2253,2026-08-10T09:10:58.771Z
S6(2)N2,512,true,0,true,2026-08-10T07:01:47.947Z,1.12.6,1.9.0-DEV,428070c0f9ad,4.16.0,1.3.11,ctbllib-fs2-q3-findall,2397,2254,2026-08-10T09:10:59.249Z
S6(3),4585351680,false,0,true,2026-08-10T07:01:47.947Z,1.12.6,1.9.0-DEV,428070c0f9ad,4.16.0,1.3.11,ctbllib-fs2-q3-findall,2397,2255,2026-08-10T09:10:59.576Z
S6(3).2,9170703360,false,0,true,2026-08-10T07:01:47.947Z,1.12.6,1.9.0-DEV,428070c0f9ad,4.16.0,1.3.11,ctbllib-fs2-q3-findall,2397,2256,2026-08-10T09:10:59.962Z
S6(4),4106059776000,false,0,true,2026-08-10T07:01:47.947Z,1.12.6,1.9.0-DEV,428070c0f9ad,4.16.0,1.3.11,ctbllib-fs2-q3-findall,2397,2257,2026-08-10T09:11:03.896Z
S6(4).2,8212119552000,false,0,true,2026-08-10T07:01:47.947Z,1.12.6,1.9.0-DEV,428070c0f9ad,4.16.0,1.3.11,ctbllib-fs2-q3-findall,2397,2258,2026-08-10T09:11:05.284Z
S6(5),228501000000000,false,0,true,2026-08-10T07:01:47.947Z,1.12.6,1.9.0-DEV,428070c0f9ad,4.16.0,1.3.11,ctbllib-fs2-q3-findall,2397,2259,2026-08-10T09:11:11.504Z
S6x2,1440,false,0,true,2026-08-10T07:01:47.947Z,1.12.6,1.9.0-DEV,428070c0f9ad,4.16.0,1.3.11,ctbllib-fs2-q3-findall,2397,2260,2026-08-10T09:11:11.589Z
S6xD8,5760,false,0,true,2026-08-10T07:01:47.947Z,1.12.6,1.9.0-DEV,428070c0f9ad,4.16.0,1.3.11,ctbllib-fs2-q3-findall,2397,2261,2026-08-10T09:11:13.398Z
S6xL2(8):3,1088640,false,0,true,2026-08-10T07:01:47.947Z,1.12.6,1.9.0-DEV,428070c0f9ad,4.16.0,1.3.11,ctbllib-fs2-q3-findall,2397,2262,2026-08-10T09:11:14.283Z
S6xS4,17280,false,0,true,2026-08-10T07:01:47.947Z,1.12.6,1.9.0-DEV,428070c0f9ad,4.16.0,1.3.11,ctbllib-fs2-q3-findall,2397,2263,2026-08-10T09:11:14.551Z
S6xS5,86400,false,0,true,2026-08-10T07:01:47.947Z,1.12.6,1.9.0-DEV,428070c0f9ad,4.16.0,1.3.11,ctbllib-fs2-q3-findall,2397,2264,2026-08-10T09:11:15.027Z
S7x2,10080,false,0,true,2026-08-10T07:01:47.947Z,1.12.6,1.9.0-DEV,428070c0f9ad,4.16.0,1.3.11,ctbllib-fs2-q3-findall,2397,2265,2026-08-10T09:11:15.15Z
S7xS3,30240,false,0,true,2026-08-10T07:01:47.947Z,1.12.6,1.9.0-DEV,428070c0f9ad,4.16.0,1.3.11,ctbllib-fs2-q3-findall,2397,2266,2026-08-10T09:11:15.355Z
S7xS4,120960,false,0,true,2026-08-10T07:01:47.947Z,1.12.6,1.9.0-DEV,428070c0f9ad,4.16.0,1.3.11,ctbllib-fs2-q3-findall,2397,2267,2026-08-10T09:11:17.086Z
S7xS5,604800,false,0,true,2026-08-10T07:01:47.947Z,1.12.6,1.9.0-DEV,428070c0f9ad,4.16.0,1.3.11,ctbllib-fs2-q3-findall,2397,2268,2026-08-10T09:11:17.893Z
S7xS6,3628800,false,0,true,2026-08-10T07:01:47.947Z,1.12.6,1.9.0-DEV,428070c0f9ad,4.16.0,1.3.11,ctbllib-fs2-q3-findall,2397,2269,2026-08-10T09:11:21.115Z
S8(2),47377612800,false,0,true,2026-08-10T07:01:47.947Z,1.12.6,1.9.0-DEV,428070c0f9ad,4.16.0,1.3.11,ctbllib-fs2-q3-findall,2397,2270,2026-08-10T09:11:21.61Z
S8(2)M3,185794560,false,0,true,2026-08-10T07:01:47.947Z,1.12.6,1.9.0-DEV,428070c0f9ad,4.16.0,1.3.11,ctbllib-fs2-q3-findall,2397,2271,2026-08-10T09:11:26.031Z
S8(3),65784756654489600,false,0,true,2026-08-10T07:01:47.947Z,1.12.6,1.9.0-DEV,428070c0f9ad,4.16.0,1.3.11,ctbllib-fs2-q3-findall,2397,2272,2026-08-10T09:11:32.345Z
S8x2,80640,false,0,true,2026-08-10T07:01:47.947Z,1.12.6,1.9.0-DEV,428070c0f9ad,4.16.0,1.3.11,ctbllib-fs2-q3-findall,2397,2273,2026-08-10T09:11:32.542Z
S8xS3,241920,false,0,true,2026-08-10T07:01:47.947Z,1.12.6,1.9.0-DEV,428070c0f9ad,4.16.0,1.3.11,ctbllib-fs2-q3-findall,2397,2274,2026-08-10T09:11:32.908Z
S8xS4,967680,false,0,true,2026-08-10T07:01:47.947Z,1.12.6,1.9.0-DEV,428070c0f9ad,4.16.0,1.3.11,ctbllib-fs2-q3-findall,2397,2275,2026-08-10T09:11:35.684Z
S8xS5,4838400,false,0,true,2026-08-10T07:01:47.947Z,1.12.6,1.9.0-DEV,428070c0f9ad,4.16.0,1.3.11,ctbllib-fs2-q3-findall,2397,2276,2026-08-10T09:11:37.285Z
S9x2,725760,false,0,true,2026-08-10T07:01:47.947Z,1.12.6,1.9.0-DEV,428070c0f9ad,4.16.0,1.3.11,ctbllib-fs2-q3-findall,2397,2277,2026-08-10T09:11:41.262Z
S9xS3,2177280,false,0,true,2026-08-10T07:01:47.947Z,1.12.6,1.9.0-DEV,428070c0f9ad,4.16.0,1.3.11,ctbllib-fs2-q3-findall,2397,2278,2026-08-10T09:11:41.841Z
S9xS4,8709120,false,0,true,2026-08-10T07:01:47.947Z,1.12.6,1.9.0-DEV,428070c0f9ad,4.16.0,1.3.11,ctbllib-fs2-q3-findall,2397,2279,2026-08-10T09:11:43.371Z
Suz,448345497600,false,0,true,2026-08-10T07:01:47.947Z,1.12.6,1.9.0-DEV,428070c0f9ad,4.16.0,1.3.11,ctbllib-fs2-q3-findall,2397,2280,2026-08-10T09:11:43.532Z
Suz.2,896690995200,false,0,true,2026-08-10T07:01:47.947Z,1.12.6,1.9.0-DEV,428070c0f9ad,4.16.0,1.3.11,ctbllib-fs2-q3-findall,2397,2281,2026-08-10T09:11:43.867Z
SuzN2,24576,true,0,true,2026-08-10T07:01:47.947Z,1.12.6,1.9.0-DEV,428070c0f9ad,4.16.0,1.3.11,ctbllib-fs2-q3-findall,2397,2282,2026-08-10T09:11:46.586Z
Sz(32),32537600,false,0,true,2026-08-10T07:01:47.947Z,1.12.6,1.9.0-DEV,428070c0f9ad,4.16.0,1.3.11,ctbllib-fs2-q3-findall,2397,2283,2026-08-10T09:11:47.029Z
Sz(32).5,162688000,false,0,true,2026-08-10T07:01:47.947Z,1.12.6,1.9.0-DEV,428070c0f9ad,4.16.0,1.3.11,ctbllib-fs2-q3-findall,2397,2284,2026-08-10T09:11:47.222Z
Sz(8),29120,false,0,true,2026-08-10T07:01:47.947Z,1.12.6,1.9.0-DEV,428070c0f9ad,4.16.0,1.3.11,ctbllib-fs2-q3-findall,2397,2285,2026-08-10T09:11:47.246Z
Sz(8).3,87360,false,0,true,2026-08-10T07:01:47.947Z,1.12.6,1.9.0-DEV,428070c0f9ad,4.16.0,1.3.11,ctbllib-fs2-q3-findall,2397,2286,2026-08-10T09:11:47.266Z
Th,90745943887872000,false,0,true,2026-08-10T07:01:47.947Z,1.12.6,1.9.0-DEV,428070c0f9ad,4.16.0,1.3.11,ctbllib-fs2-q3-findall,2397,2287,2026-08-10T09:11:47.475Z
ThM7,944784,true,0,true,2026-08-10T07:01:47.947Z,1.12.6,1.9.0-DEV,428070c0f9ad,4.16.0,1.3.11,ctbllib-fs2-q3-findall,2397,2288,2026-08-10T09:11:47.666Z
ThN2,32768,true,0,true,2026-08-10T07:01:47.947Z,1.12.6,1.9.0-DEV,428070c0f9ad,4.16.0,1.3.11,ctbllib-fs2-q3-findall,2397,2289,2026-08-10T09:11:48.186Z
ThN3,236196,true,0,true,2026-08-10T07:01:47.947Z,1.12.6,1.9.0-DEV,428070c0f9ad,4.16.0,1.3.11,ctbllib-fs2-q3-findall,2397,2290,2026-08-10T09:11:48.49Z
ThN3B,944784,true,0,true,2026-08-10T07:01:47.947Z,1.12.6,1.9.0-DEV,428070c0f9ad,4.16.0,1.3.11,ctbllib-fs2-q3-findall,2397,2291,2026-08-10T09:11:48.751Z
U3(11),70915680,false,0,true,2026-08-10T07:01:47.947Z,1.12.6,1.9.0-DEV,428070c0f9ad,4.16.0,1.3.11,ctbllib-fs2-q3-findall,2397,2292,2026-08-10T09:11:49.042Z
U3(11).2,141831360,false,0,true,2026-08-10T07:01:47.947Z,1.12.6,1.9.0-DEV,428070c0f9ad,4.16.0,1.3.11,ctbllib-fs2-q3-findall,2397,2293,2026-08-10T09:11:49.278Z
U3(11).3,212747040,false,0,true,2026-08-10T07:01:47.947Z,1.12.6,1.9.0-DEV,428070c0f9ad,4.16.0,1.3.11,ctbllib-fs2-q3-findall,2397,2294,2026-08-10T09:11:52.084Z
U3(11).S3,425494080,false,0,true,2026-08-10T07:01:47.947Z,1.12.6,1.9.0-DEV,428070c0f9ad,4.16.0,1.3.11,ctbllib-fs2-q3-findall,2397,2295,2026-08-10T09:11:57.358Z
U3(3),6048,false,0,true,2026-08-10T07:01:47.947Z,1.12.6,1.9.0-DEV,428070c0f9ad,4.16.0,1.3.11,ctbllib-fs2-q3-findall,2397,2296,2026-08-10T09:11:57.397Z
U3(3).2,12096,false,0,true,2026-08-10T07:01:47.947Z,1.12.6,1.9.0-DEV,428070c0f9ad,4.16.0,1.3.11,ctbllib-fs2-q3-findall,2397,2297,2026-08-10T09:11:57.423Z
U3(4),62400,false,0,true,2026-08-10T07:01:47.947Z,1.12.6,1.9.0-DEV,428070c0f9ad,4.16.0,1.3.11,ctbllib-fs2-q3-findall,2397,2298,2026-08-10T09:11:57.473Z
U3(4).2,124800,false,0,true,2026-08-10T07:01:47.947Z,1.12.6,1.9.0-DEV,428070c0f9ad,4.16.0,1.3.11,ctbllib-fs2-q3-findall,2397,2299,2026-08-10T09:11:57.523Z
U3(4).4,249600,false,0,true,2026-08-10T07:01:47.947Z,1.12.6,1.9.0-DEV,428070c0f9ad,4.16.0,1.3.11,ctbllib-fs2-q3-findall,2397,2300,2026-08-10T09:11:57.559Z
U3(5),126000,false,0,true,2026-08-10T07:01:47.947Z,1.12.6,1.9.0-DEV,428070c0f9ad,4.16.0,1.3.11,ctbllib-fs2-q3-findall,2397,2301,2026-08-10T09:11:57.582Z
U3(5).2,252000,false,0,true,2026-08-10T07:01:47.947Z,1.12.6,1.9.0-DEV,428070c0f9ad,4.16.0,1.3.11,ctbllib-fs2-q3-findall,2397,2302,2026-08-10T09:11:57.615Z
U3(5).2N2,32,true,0,true,2026-08-10T07:01:47.947Z,1.12.6,1.9.0-DEV,428070c0f9ad,4.16.0,1.3.11,ctbllib-fs2-q3-findall,2397,2303,2026-08-10T09:11:57.892Z
U3(5).3,378000,false,0,true,2026-08-10T07:01:47.947Z,1.12.6,1.9.0-DEV,428070c0f9ad,4.16.0,1.3.11,ctbllib-fs2-q3-findall,2397,2304,2026-08-10T09:11:57.974Z
U3(5).3.2,756000,false,0,true,2026-08-10T07:01:47.947Z,1.12.6,1.9.0-DEV,428070c0f9ad,4.16.0,1.3.11,ctbllib-fs2-q3-findall,2397,2305,2026-08-10T09:11:58.036Z
U3(7),5663616,false,0,true,2026-08-10T07:01:47.947Z,1.12.6,1.9.0-DEV,428070c0f9ad,4.16.0,1.3.11,ctbllib-fs2-q3-findall,2397,2306,2026-08-10T09:11:58.455Z
U3(7).2,11327232,false,0,true,2026-08-10T07:01:47.947Z,1.12.6,1.9.0-DEV,428070c0f9ad,4.16.0,1.3.11,ctbllib-fs2-q3-findall,2397,2307,2026-08-10T09:11:58.714Z
U3(8),5515776,false,0,true,2026-08-10T07:01:47.947Z,1.12.6,1.9.0-DEV,428070c0f9ad,4.16.0,1.3.11,ctbllib-fs2-q3-findall,2397,2308,2026-08-10T09:11:58.791Z
U3(8).(S3x3),99283968,false,0,true,2026-08-10T07:01:47.947Z,1.12.6,1.9.0-DEV,428070c0f9ad,4.16.0,1.3.11,ctbllib-fs2-q3-findall,2397,2309,2026-08-10T09:11:58.928Z
U3(8).2,11031552,false,0,true,2026-08-10T07:01:47.947Z,1.12.6,1.9.0-DEV,428070c0f9ad,4.16.0,1.3.11,ctbllib-fs2-q3-findall,2397,2310,2026-08-10T09:11:59.951Z
U3(8).3^2,49641984,false,1,true,2026-08-10T07:01:47.947Z,1.12.6,1.9.0-DEV,428070c0f9ad,4.16.0,1.3.11,ctbllib-fs2-q3-findall,2397,2311,2026-08-10T09:12:00.16Z
U3(8).3_1,16547328,false,0,true,2026-08-10T07:01:47.947Z,1.12.6,1.9.0-DEV,428070c0f9ad,4.16.0,1.3.11,ctbllib-fs2-q3-findall,2397,2312,2026-08-10T09:12:00.256Z
U3(8).3_2,16547328,false,0,true,2026-08-10T07:01:47.947Z,1.12.6,1.9.0-DEV,428070c0f9ad,4.16.0,1.3.11,ctbllib-fs2-q3-findall,2397,2313,2026-08-10T09:12:00.611Z
U3(8).3_3,16547328,false,0,true,2026-08-10T07:01:47.947Z,1.12.6,1.9.0-DEV,428070c0f9ad,4.16.0,1.3.11,ctbllib-fs2-q3-findall,2397,2314,2026-08-10T09:12:00.667Z
U3(8).6,33094656,false,0,true,2026-08-10T07:01:47.947Z,1.12.6,1.9.0-DEV,428070c0f9ad,4.16.0,1.3.11,ctbllib-fs2-q3-findall,2397,2315,2026-08-10T09:12:00.747Z
U3(8).S3,33094656,false,0,true,2026-08-10T07:01:47.947Z,1.12.6,1.9.0-DEV,428070c0f9ad,4.16.0,1.3.11,ctbllib-fs2-q3-findall,2397,2316,2026-08-10T09:12:01.093Z
U3(9),42573600,false,0,true,2026-08-10T07:01:47.947Z,1.12.6,1.9.0-DEV,428070c0f9ad,4.16.0,1.3.11,ctbllib-fs2-q3-findall,2397,2317,2026-08-10T09:12:04.354Z
U3(9).2,85147200,false,0,true,2026-08-10T07:01:47.947Z,1.12.6,1.9.0-DEV,428070c0f9ad,4.16.0,1.3.11,ctbllib-fs2-q3-findall,2397,2318,2026-08-10T09:12:05.566Z
U3(9).4,170294400,false,0,true,2026-08-10T07:01:47.947Z,1.12.6,1.9.0-DEV,428070c0f9ad,4.16.0,1.3.11,ctbllib-fs2-q3-findall,2397,2319,2026-08-10T09:12:06.617Z
U4(2),25920,false,0,true,2026-08-10T07:01:47.947Z,1.12.6,1.9.0-DEV,428070c0f9ad,4.16.0,1.3.11,ctbllib-fs2-q3-findall,2397,2320,2026-08-10T09:12:06.665Z
U4(2).2,51840,false,0,true,2026-08-10T07:01:47.947Z,1.12.6,1.9.0-DEV,428070c0f9ad,4.16.0,1.3.11,ctbllib-fs2-q3-findall,2397,2321,2026-08-10T09:12:06.723Z
U4(3),3265920,false,0,true,2026-08-10T07:01:47.947Z,1.12.6,1.9.0-DEV,428070c0f9ad,4.16.0,1.3.11,ctbllib-fs2-q3-findall,2397,2322,2026-08-10T09:12:06.845Z
U4(3).(2^2)_{122},13063680,false,0,true,2026-08-10T07:01:47.947Z,1.12.6,1.9.0-DEV,428070c0f9ad,4.16.0,1.3.11,ctbllib-fs2-q3-findall,2397,2323,2026-08-10T09:12:07.101Z
U4(3).(2^2)_{133},13063680,false,0,true,2026-08-10T07:01:47.947Z,1.12.6,1.9.0-DEV,428070c0f9ad,4.16.0,1.3.11,ctbllib-fs2-q3-findall,2397,2324,2026-08-10T09:12:07.244Z
U4(3).2_1,6531840,false,0,true,2026-08-10T07:01:47.947Z,1.12.6,1.9.0-DEV,428070c0f9ad,4.16.0,1.3.11,ctbllib-fs2-q3-findall,2397,2325,2026-08-10T09:12:07.332Z
U4(3).2_2,6531840,false,0,true,2026-08-10T07:01:47.947Z,1.12.6,1.9.0-DEV,428070c0f9ad,4.16.0,1.3.11,ctbllib-fs2-q3-findall,2397,2326,2026-08-10T09:12:07.416Z
U4(3).2_3,6531840,false,0,true,2026-08-10T07:01:47.947Z,1.12.6,1.9.0-DEV,428070c0f9ad,4.16.0,1.3.11,ctbllib-fs2-q3-findall,2397,2327,2026-08-10T09:12:07.464Z
U4(3).4,13063680,false,0,true,2026-08-10T07:01:47.947Z,1.12.6,1.9.0-DEV,428070c0f9ad,4.16.0,1.3.11,ctbllib-fs2-q3-findall,2397,2328,2026-08-10T09:12:07.613Z
U4(3).D8,26127360,false,0,true,2026-08-10T07:01:47.947Z,1.12.6,1.9.0-DEV,428070c0f9ad,4.16.0,1.3.11,ctbllib-fs2-q3-findall,2397,2329,2026-08-10T09:12:07.853Z
U4(4),1018368000,false,0,true,2026-08-10T07:01:47.947Z,1.12.6,1.9.0-DEV,428070c0f9ad,4.16.0,1.3.11,ctbllib-fs2-q3-findall,2397,2330,2026-08-10T09:12:10.029Z
U4(4).4,4073472000,false,0,true,2026-08-10T07:01:47.947Z,1.12.6,1.9.0-DEV,428070c0f9ad,4.16.0,1.3.11,ctbllib-fs2-q3-findall,2397,2331,2026-08-10T09:12:10.538Z
U4(5),14742000000,false,1,true,2026-08-10T07:01:47.947Z,1.12.6,1.9.0-DEV,428070c0f9ad,4.16.0,1.3.11,ctbllib-fs2-q3-findall,2397,2332,2026-08-10T09:12:11.641Z
U4(5).2^2,58968000000,false,0,true,2026-08-10T07:01:47.947Z,1.12.6,1.9.0-DEV,428070c0f9ad,4.16.0,1.3.11,ctbllib-fs2-q3-findall,2397,2333,2026-08-10T09:12:14.065Z
U4(5).2_1,29484000000,false,0,true,2026-08-10T07:01:47.947Z,1.12.6,1.9.0-DEV,428070c0f9ad,4.16.0,1.3.11,ctbllib-fs2-q3-findall,2397,2334,2026-08-10T09:12:14.895Z
U4(5).2_2,29484000000,false,2,true,2026-08-10T07:01:47.947Z,1.12.6,1.9.0-DEV,428070c0f9ad,4.16.0,1.3.11,ctbllib-fs2-q3-findall,2397,2335,2026-08-10T09:12:19.361Z
U4(5).2_3,29484000000,false,0,true,2026-08-10T07:01:47.947Z,1.12.6,1.9.0-DEV,428070c0f9ad,4.16.0,1.3.11,ctbllib-fs2-q3-findall,2397,2336,2026-08-10T09:12:19.971Z
U5(2),13685760,false,0,true,2026-08-10T07:01:47.947Z,1.12.6,1.9.0-DEV,428070c0f9ad,4.16.0,1.3.11,ctbllib-fs2-q3-findall,2397,2337,2026-08-10T09:12:20.119Z
U5(2).2,27371520,false,0,true,2026-08-10T07:01:47.947Z,1.12.6,1.9.0-DEV,428070c0f9ad,4.16.0,1.3.11,ctbllib-fs2-q3-findall,2397,2338,2026-08-10T09:12:20.246Z
U5(3),258190571520,false,0,true,2026-08-10T07:01:47.947Z,1.12.6,1.9.0-DEV,428070c0f9ad,4.16.0,1.3.11,ctbllib-fs2-q3-findall,2397,2339,2026-08-10T09:12:23.471Z
U5(4),53443952640000,false,0,true,2026-08-10T07:01:47.947Z,1.12.6,1.9.0-DEV,428070c0f9ad,4.16.0,1.3.11,ctbllib-fs2-q3-findall,2397,2340,2026-08-10T09:12:24.665Z
U5(4).2,106887905280000,false,0,true,2026-08-10T07:01:47.947Z,1.12.6,1.9.0-DEV,428070c0f9ad,4.16.0,1.3.11,ctbllib-fs2-q3-findall,2397,2341,2026-08-10T09:12:25.555Z
U6(2),9196830720,false,0,true,2026-08-10T07:01:47.947Z,1.12.6,1.9.0-DEV,428070c0f9ad,4.16.0,1.3.11,ctbllib-fs2-q3-findall,2397,2342,2026-08-10T09:12:25.724Z
U6(2).2,18393661440,false,0,true,2026-08-10T07:01:47.947Z,1.12.6,1.9.0-DEV,428070c0f9ad,4.16.0,1.3.11,ctbllib-fs2-q3-findall,2397,2343,2026-08-10T09:12:26.019Z
U6(2).3,27590492160,false,0,true,2026-08-10T07:01:47.947Z,1.12.6,1.9.0-DEV,428070c0f9ad,4.16.0,1.3.11,ctbllib-fs2-q3-findall,2397,2344,2026-08-10T09:12:27.59Z
U6(2).3.2,55180984320,false,0,true,2026-08-10T07:01:47.947Z,1.12.6,1.9.0-DEV,428070c0f9ad,4.16.0,1.3.11,ctbllib-fs2-q3-findall,2397,2345,2026-08-10T09:12:28.218Z
U6(4),1120527288631296000000,false,0,true,2026-08-10T07:01:47.947Z,1.12.6,1.9.0-DEV,428070c0f9ad,4.16.0,1.3.11,ctbllib-fs2-q3-findall,2397,2346,2026-08-10T13:00:53.959Z
U7(2),227787103272960,false,1,true,2026-08-10T07:01:47.947Z,1.12.6,1.9.0-DEV,428070c0f9ad,4.16.0,1.3.11,ctbllib-fs2-q3-findall,2397,2347,2026-08-10T13:00:59.268Z
U72CT,168170618880,false,0,true,2026-08-10T07:01:47.947Z,1.12.6,1.9.0-DEV,428070c0f9ad,4.16.0,1.3.11,ctbllib-fs2-q3-findall,2397,2348,2026-08-10T13:01:06.585Z
V4,4,true,0,true,2026-08-10T07:01:47.947Z,1.12.6,1.9.0-DEV,428070c0f9ad,4.16.0,1.3.11,ctbllib-fs2-q3-findall,2397,2349,2026-08-10T13:01:06.593Z
[2^20]:(S3xL3(2)),1056964608,false,0,true,2026-08-10T07:01:47.947Z,1.12.6,1.9.0-DEV,428070c0f9ad,4.16.0,1.3.11,ctbllib-fs2-q3-findall,2397,2350,2026-08-10T13:01:27.301Z
[2^20]:A6.2^2,1509949440,false,0,true,2026-08-10T07:01:47.947Z,1.12.6,1.9.0-DEV,428070c0f9ad,4.16.0,1.3.11,ctbllib-fs2-q3-findall,2397,2351,2026-08-10T13:01:41.027Z
[2^22]:(S3xS3):2,301989888,true,0,true,2026-08-10T07:01:47.947Z,1.12.6,1.9.0-DEV,428070c0f9ad,4.16.0,1.3.11,ctbllib-fs2-q3-findall,2397,2352,2026-08-10T13:02:02.316Z
[2^30].L5(2),10736731045232640,false,0,true,2026-08-10T07:01:47.947Z,1.12.6,1.9.0-DEV,428070c0f9ad,4.16.0,1.3.11,ctbllib-fs2-q3-findall,2397,2353,2026-08-10T13:04:34.977Z
[2^35].(S5xL3(2)),692692325498880,false,0,true,2026-08-10T07:01:47.947Z,1.12.6,1.9.0-DEV,428070c0f9ad,4.16.0,1.3.11,ctbllib-fs2-q3-findall,2397,2354,2026-08-10T13:15:45.103Z
[2^9].S3a,3072,true,0,true,2026-08-10T07:01:47.947Z,1.12.6,1.9.0-DEV,428070c0f9ad,4.16.0,1.3.11,ctbllib-fs2-q3-findall,2397,2355,2026-08-10T13:15:45.519Z
[2^9].S3b,3072,true,0,true,2026-08-10T07:01:47.947Z,1.12.6,1.9.0-DEV,428070c0f9ad,4.16.0,1.3.11,ctbllib-fs2-q3-findall,2397,2356,2026-08-10T13:15:45.698Z
[7^6]:(6x6),4235364,true,0,true,2026-08-10T07:01:47.947Z,1.12.6,1.9.0-DEV,428070c0f9ad,4.16.0,1.3.11,ctbllib-fs2-q3-findall,2397,2357,2026-08-10T13:15:46.327Z
a4,12,true,0,true,2026-08-10T07:01:47.947Z,1.12.6,1.9.0-DEV,428070c0f9ad,4.16.0,1.3.11,ctbllib-fs2-q3-findall,2397,2358,2026-08-10T13:15:46.342Z
a4xa5,720,false,0,true,2026-08-10T07:01:47.947Z,1.12.6,1.9.0-DEV,428070c0f9ad,4.16.0,1.3.11,ctbllib-fs2-q3-findall,2397,2359,2026-08-10T13:15:46.394Z
a4xs5,1440,false,0,true,2026-08-10T07:01:47.947Z,1.12.6,1.9.0-DEV,428070c0f9ad,4.16.0,1.3.11,ctbllib-fs2-q3-findall,2397,2360,2026-08-10T13:15:46.527Z
a5wc2,7200,false,0,true,2026-08-10T07:01:47.947Z,1.12.6,1.9.0-DEV,428070c0f9ad,4.16.0,1.3.11,ctbllib-fs2-q3-findall,2397,2361,2026-08-10T13:15:46.583Z
a5xd10,600,false,0,true,2026-08-10T07:01:47.947Z,1.12.6,1.9.0-DEV,428070c0f9ad,4.16.0,1.3.11,ctbllib-fs2-q3-findall,2397,2362,2026-08-10T13:15:46.686Z
affine,311040,false,0,true,2026-08-10T07:01:47.947Z,1.12.6,1.9.0-DEV,428070c0f9ad,4.16.0,1.3.11,ctbllib-fs2-q3-findall,2397,2363,2026-08-10T13:15:46.778Z
b33141,576,true,0,true,2026-08-10T07:01:47.947Z,1.12.6,1.9.0-DEV,428070c0f9ad,4.16.0,1.3.11,ctbllib-fs2-q3-findall,2397,2364,2026-08-10T13:15:46.821Z
bd10,20,true,0,true,2026-08-10T07:01:47.947Z,1.12.6,1.9.0-DEV,428070c0f9ad,4.16.0,1.3.11,ctbllib-fs2-q3-findall,2397,2365,2026-08-10T13:15:46.836Z
c2aj4,21799895040,false,0,true,2026-08-10T07:01:47.947Z,1.12.6,1.9.0-DEV,428070c0f9ad,4.16.0,1.3.11,ctbllib-fs2-q3-findall,2397,2366,2026-08-10T13:15:47.705Z
c3d2,1008,true,0,true,2026-08-10T07:01:47.947Z,1.12.6,1.9.0-DEV,428070c0f9ad,4.16.0,1.3.11,ctbllib-fs2-q3-findall,2397,2367,2026-08-10T13:15:47.767Z
f22s2,131072,true,0,true,2026-08-10T07:01:47.947Z,1.12.6,1.9.0-DEV,428070c0f9ad,4.16.0,1.3.11,ctbllib-fs2-q3-findall,2397,2368,2026-08-10T13:15:59.313Z
frob,812,true,0,true,2026-08-10T07:01:47.947Z,1.12.6,1.9.0-DEV,428070c0f9ad,4.16.0,1.3.11,ctbllib-fs2-q3-findall,2397,2369,2026-08-10T13:15:59.437Z
g61,390000,true,0,true,2026-08-10T07:01:47.947Z,1.12.6,1.9.0-DEV,428070c0f9ad,4.16.0,1.3.11,ctbllib-fs2-q3-findall,2397,2370,2026-08-10T13:15:59.77Z
g61s1,624,true,0,true,2026-08-10T07:01:47.947Z,1.12.6,1.9.0-DEV,428070c0f9ad,4.16.0,1.3.11,ctbllib-fs2-q3-findall,2397,2371,2026-08-10T13:16:00.117Z
g72x16,1152,true,0,true,2026-08-10T07:01:47.947Z,1.12.6,1.9.0-DEV,428070c0f9ad,4.16.0,1.3.11,ctbllib-fs2-q3-findall,2397,2372,2026-08-10T13:16:00.522Z
gl25,480,false,0,true,2026-08-10T07:01:47.947Z,1.12.6,1.9.0-DEV,428070c0f9ad,4.16.0,1.3.11,ctbllib-fs2-q3-findall,2397,2373,2026-08-10T13:16:00.561Z
group2,512,true,0,true,2026-08-10T07:01:47.947Z,1.12.6,1.9.0-DEV,428070c0f9ad,4.16.0,1.3.11,ctbllib-fs2-q3-findall,2397,2374,2026-08-10T13:16:00.669Z
group3,63,true,0,true,2026-08-10T07:01:47.947Z,1.12.6,1.9.0-DEV,428070c0f9ad,4.16.0,1.3.11,ctbllib-fs2-q3-findall,2397,2375,2026-08-10T13:16:00.695Z
group5,1176,true,0,true,2026-08-10T07:01:47.947Z,1.12.6,1.9.0-DEV,428070c0f9ad,4.16.0,1.3.11,ctbllib-fs2-q3-findall,2397,2376,2026-08-10T13:16:01.051Z
group6,96,true,0,true,2026-08-10T07:01:47.947Z,1.12.6,1.9.0-DEV,428070c0f9ad,4.16.0,1.3.11,ctbllib-fs2-q3-findall,2397,2377,2026-08-10T13:16:01.072Z
h4,14400,false,0,true,2026-08-10T07:01:47.947Z,1.12.6,1.9.0-DEV,428070c0f9ad,4.16.0,1.3.11,ctbllib-fs2-q3-findall,2397,2378,2026-08-10T13:16:01.188Z
hed3,1728,true,0,true,2026-08-10T07:01:47.947Z,1.12.6,1.9.0-DEV,428070c0f9ad,4.16.0,1.3.11,ctbllib-fs2-q3-findall,2397,2379,2026-08-10T13:16:01.222Z
hess,648,true,0,true,2026-08-10T07:01:47.947Z,1.12.6,1.9.0-DEV,428070c0f9ad,4.16.0,1.3.11,ctbllib-fs2-q3-findall,2397,2380,2026-08-10T13:16:01.258Z
j3m4,2880,false,0,true,2026-08-10T07:01:47.947Z,1.12.6,1.9.0-DEV,428070c0f9ad,4.16.0,1.3.11,ctbllib-fs2-q3-findall,2397,2381,2026-08-10T13:16:01.305Z
j3m6,2160,false,0,true,2026-08-10T07:01:47.947Z,1.12.6,1.9.0-DEV,428070c0f9ad,4.16.0,1.3.11,ctbllib-fs2-q3-findall,2397,2382,2026-08-10T13:16:01.383Z
mo62,1920,false,0,true,2026-08-10T07:01:47.947Z,1.12.6,1.9.0-DEV,428070c0f9ad,4.16.0,1.3.11,ctbllib-fs2-q3-findall,2397,2383,2026-08-10T13:16:01.428Z
mx1j4,501397585920,false,0,true,2026-08-10T07:01:47.947Z,1.12.6,1.9.0-DEV,428070c0f9ad,4.16.0,1.3.11,ctbllib-fs2-q3-findall,2397,2384,2026-08-10T13:16:01.821Z
s2wrs4,384,true,0,true,2026-08-10T07:01:47.947Z,1.12.6,1.9.0-DEV,428070c0f9ad,4.16.0,1.3.11,ctbllib-fs2-q3-findall,2397,2385,2026-08-10T13:16:01.877Z
s2wrs5,3840,false,0,true,2026-08-10T07:01:47.947Z,1.12.6,1.9.0-DEV,428070c0f9ad,4.16.0,1.3.11,ctbllib-fs2-q3-findall,2397,2386,2026-08-10T13:16:01.982Z
s3wrs2,72,true,0,true,2026-08-10T07:01:47.947Z,1.12.6,1.9.0-DEV,428070c0f9ad,4.16.0,1.3.11,ctbllib-fs2-q3-findall,2397,2387,2026-08-10T13:16:02.005Z
s3wrs3,1296,true,0,true,2026-08-10T07:01:47.947Z,1.12.6,1.9.0-DEV,428070c0f9ad,4.16.0,1.3.11,ctbllib-fs2-q3-findall,2397,2388,2026-08-10T13:16:02.049Z
"s3xpsl(2,8).3",9072,false,0,true,2026-08-10T07:01:47.947Z,1.12.6,1.9.0-DEV,428070c0f9ad,4.16.0,1.3.11,ctbllib-fs2-q3-findall,2397,2389,2026-08-10T13:16:02.154Z
s4,24,true,0,true,2026-08-10T07:01:47.947Z,1.12.6,1.9.0-DEV,428070c0f9ad,4.16.0,1.3.11,ctbllib-fs2-q3-findall,2397,2390,2026-08-10T13:16:02.181Z
s4wrs2,1152,true,0,true,2026-08-10T07:01:47.947Z,1.12.6,1.9.0-DEV,428070c0f9ad,4.16.0,1.3.11,ctbllib-fs2-q3-findall,2397,2391,2026-08-10T13:16:02.218Z
"s4xpsl(3,2)",4032,false,0,true,2026-08-10T07:01:47.947Z,1.12.6,1.9.0-DEV,428070c0f9ad,4.16.0,1.3.11,ctbllib-fs2-q3-findall,2397,2392,2026-08-10T13:16:02.378Z
s5wrs2,28800,false,0,true,2026-08-10T07:01:47.947Z,1.12.6,1.9.0-DEV,428070c0f9ad,4.16.0,1.3.11,ctbllib-fs2-q3-findall,2397,2393,2026-08-10T13:16:02.491Z
sl25ex,29160,false,0,true,2026-08-10T07:01:47.947Z,1.12.6,1.9.0-DEV,428070c0f9ad,4.16.0,1.3.11,ctbllib-fs2-q3-findall,2397,2394,2026-08-10T13:16:02.571Z
suzs2,8192,true,0,true,2026-08-10T07:01:47.947Z,1.12.6,1.9.0-DEV,428070c0f9ad,4.16.0,1.3.11,ctbllib-fs2-q3-findall,2397,2395,2026-08-10T13:16:03.304Z
twd5a,3840,false,0,true,2026-08-10T07:01:47.947Z,1.12.6,1.9.0-DEV,428070c0f9ad,4.16.0,1.3.11,ctbllib-fs2-q3-findall,2397,2396,2026-08-10T13:16:03.352Z
w(f4),1152,true,0,true,2026-08-10T07:01:47.947Z,1.12.6,1.9.0-DEV,428070c0f9ad,4.16.0,1.3.11,ctbllib-fs2-q3-findall,2397,2397,2026-08-10T13:16:03.405Z
