table,G_order,G_solvable,false_characters,findall,run_started_at_utc,julia_version,oscar_version,fs2_git_revision,gap_version,scan_id,scan_total,scan_index,group_id,logged_at_utc
"(1,1)",1,true,0,true,2026-08-24T10:05:04.033Z,1.12.6,1.8.1,,4.16.1,smallgroups-1-189-fs2-q3-findall,1692,1,"(1, 1)",2026-08-24T10:05:10.312Z
"(6,1)",6,true,0,true,2026-08-24T10:05:04.033Z,1.12.6,1.8.1,,4.16.1,smallgroups-1-189-fs2-q3-findall,1692,2,"(6, 1)",2026-08-24T10:05:11.054Z
"(6,2)",6,true,0,true,2026-08-24T10:05:04.033Z,1.12.6,1.8.1,,4.16.1,smallgroups-1-189-fs2-q3-findall,1692,3,"(6, 2)",2026-08-24T10:05:14.203Z
"(10,1)",10,true,0,true,2026-08-24T10:05:04.033Z,1.12.6,1.8.1,,4.16.1,smallgroups-1-189-fs2-q3-findall,1692,4,"(10, 1)",2026-08-24T10:05:14.265Z
"(10,2)",10,true,0,true,2026-08-24T10:05:04.033Z,1.12.6,1.8.1,,4.16.1,smallgroups-1-189-fs2-q3-findall,1692,5,"(10, 2)",2026-08-24T10:05:14.282Z
"(12,1)",12,true,0,true,2026-08-24T10:05:04.033Z,1.12.6,1.8.1,,4.16.1,smallgroups-1-189-fs2-q3-findall,1692,6,"(12, 1)",2026-08-24T10:05:14.294Z
"(12,2)",12,true,0,true,2026-08-24T10:05:04.033Z,1.12.6,1.8.1,,4.16.1,smallgroups-1-189-fs2-q3-findall,1692,7,"(12, 2)",2026-08-24T10:05:14.312Z
"(12,3)",12,true,0,true,2026-08-24T10:05:04.033Z,1.12.6,1.8.1,,4.16.1,smallgroups-1-189-fs2-q3-findall,1692,8,"(12, 3)",2026-08-24T10:05:14.32Z
"(12,4)",12,true,0,true,2026-08-24T10:05:04.033Z,1.12.6,1.8.1,,4.16.1,smallgroups-1-189-fs2-q3-findall,1692,9,"(12, 4)",2026-08-24T10:05:14.331Z
"(12,5)",12,true,0,true,2026-08-24T10:05:04.033Z,1.12.6,1.8.1,,4.16.1,smallgroups-1-189-fs2-q3-findall,1692,10,"(12, 5)",2026-08-24T10:05:14.349Z
"(14,1)",14,true,0,true,2026-08-24T10:05:04.033Z,1.12.6,1.8.1,,4.16.1,smallgroups-1-189-fs2-q3-findall,1692,11,"(14, 1)",2026-08-24T10:05:14.361Z
"(14,2)",14,true,0,true,2026-08-24T10:05:04.033Z,1.12.6,1.8.1,,4.16.1,smallgroups-1-189-fs2-q3-findall,1692,12,"(14, 2)",2026-08-24T10:05:14.383Z
"(15,1)",15,true,0,true,2026-08-24T10:05:04.033Z,1.12.6,1.8.1,,4.16.1,smallgroups-1-189-fs2-q3-findall,1692,13,"(15, 1)",2026-08-24T10:05:14.406Z
"(18,1)",18,true,0,true,2026-08-24T10:05:04.033Z,1.12.6,1.8.1,,4.16.1,smallgroups-1-189-fs2-q3-findall,1692,14,"(18, 1)",2026-08-24T10:05:14.416Z
"(18,2)",18,true,0,true,2026-08-24T10:05:04.033Z,1.12.6,1.8.1,,4.16.1,smallgroups-1-189-fs2-q3-findall,1692,15,"(18, 2)",2026-08-24T10:05:14.44Z
"(18,3)",18,true,0,true,2026-08-24T10:05:04.033Z,1.12.6,1.8.1,,4.16.1,smallgroups-1-189-fs2-q3-findall,1692,16,"(18, 3)",2026-08-24T10:05:14.456Z
"(18,4)",18,true,0,true,2026-08-24T10:05:04.033Z,1.12.6,1.8.1,,4.16.1,smallgroups-1-189-fs2-q3-findall,1692,17,"(18, 4)",2026-08-24T10:05:14.466Z
"(18,5)",18,true,0,true,2026-08-24T10:05:04.033Z,1.12.6,1.8.1,,4.16.1,smallgroups-1-189-fs2-q3-findall,1692,18,"(18, 5)",2026-08-24T10:05:14.495Z
"(20,1)",20,true,0,true,2026-08-24T10:05:04.033Z,1.12.6,1.8.1,,4.16.1,smallgroups-1-189-fs2-q3-findall,1692,19,"(20, 1)",2026-08-24T10:05:14.512Z
"(20,2)",20,true,0,true,2026-08-24T10:05:04.033Z,1.12.6,1.8.1,,4.16.1,smallgroups-1-189-fs2-q3-findall,1692,20,"(20, 2)",2026-08-24T10:05:14.556Z
"(20,3)",20,true,0,true,2026-08-24T10:05:04.033Z,1.12.6,1.8.1,,4.16.1,smallgroups-1-189-fs2-q3-findall,1692,21,"(20, 3)",2026-08-24T10:05:14.566Z
"(20,4)",20,true,0,true,2026-08-24T10:05:04.033Z,1.12.6,1.8.1,,4.16.1,smallgroups-1-189-fs2-q3-findall,1692,22,"(20, 4)",2026-08-24T10:05:14.582Z
"(20,5)",20,true,0,true,2026-08-24T10:05:04.033Z,1.12.6,1.8.1,,4.16.1,smallgroups-1-189-fs2-q3-findall,1692,23,"(20, 5)",2026-08-24T10:05:14.623Z
"(21,1)",21,true,0,true,2026-08-24T10:05:04.033Z,1.12.6,1.8.1,,4.16.1,smallgroups-1-189-fs2-q3-findall,1692,24,"(21, 1)",2026-08-24T10:05:14.633Z
"(21,2)",21,true,0,true,2026-08-24T10:05:04.033Z,1.12.6,1.8.1,,4.16.1,smallgroups-1-189-fs2-q3-findall,1692,25,"(21, 2)",2026-08-24T10:05:14.899Z
"(22,1)",22,true,0,true,2026-08-24T10:05:04.033Z,1.12.6,1.8.1,,4.16.1,smallgroups-1-189-fs2-q3-findall,1692,26,"(22, 1)",2026-08-24T10:05:14.919Z
"(22,2)",22,true,0,true,2026-08-24T10:05:04.033Z,1.12.6,1.8.1,,4.16.1,smallgroups-1-189-fs2-q3-findall,1692,27,"(22, 2)",2026-08-24T10:05:14.968Z
"(24,1)",24,true,0,true,2026-08-24T10:05:04.033Z,1.12.6,1.8.1,,4.16.1,smallgroups-1-189-fs2-q3-findall,1692,28,"(24, 1)",2026-08-24T10:05:14.987Z
"(24,2)",24,true,0,true,2026-08-24T10:05:04.033Z,1.12.6,1.8.1,,4.16.1,smallgroups-1-189-fs2-q3-findall,1692,29,"(24, 2)",2026-08-24T10:05:15.036Z
"(24,3)",24,true,0,true,2026-08-24T10:05:04.033Z,1.12.6,1.8.1,,4.16.1,smallgroups-1-189-fs2-q3-findall,1692,30,"(24, 3)",2026-08-24T10:05:15.069Z
"(24,4)",24,true,0,true,2026-08-24T10:05:04.033Z,1.12.6,1.8.1,,4.16.1,smallgroups-1-189-fs2-q3-findall,1692,31,"(24, 4)",2026-08-24T10:05:15.083Z
"(24,5)",24,true,0,true,2026-08-24T10:05:04.033Z,1.12.6,1.8.1,,4.16.1,smallgroups-1-189-fs2-q3-findall,1692,32,"(24, 5)",2026-08-24T10:05:15.103Z
"(24,6)",24,true,0,true,2026-08-24T10:05:04.033Z,1.12.6,1.8.1,,4.16.1,smallgroups-1-189-fs2-q3-findall,1692,33,"(24, 6)",2026-08-24T10:05:15.116Z
"(24,7)",24,true,0,true,2026-08-24T10:05:04.033Z,1.12.6,1.8.1,,4.16.1,smallgroups-1-189-fs2-q3-findall,1692,34,"(24, 7)",2026-08-24T10:05:15.136Z
"(24,8)",24,true,0,true,2026-08-24T10:05:04.033Z,1.12.6,1.8.1,,4.16.1,smallgroups-1-189-fs2-q3-findall,1692,35,"(24, 8)",2026-08-24T10:05:15.15Z
"(24,9)",24,true,0,true,2026-08-24T10:05:04.033Z,1.12.6,1.8.1,,4.16.1,smallgroups-1-189-fs2-q3-findall,1692,36,"(24, 9)",2026-08-24T10:05:15.197Z
"(24,10)",24,true,0,true,2026-08-24T10:05:04.033Z,1.12.6,1.8.1,,4.16.1,smallgroups-1-189-fs2-q3-findall,1692,37,"(24, 10)",2026-08-24T10:05:15.221Z
"(24,11)",24,true,0,true,2026-08-24T10:05:04.033Z,1.12.6,1.8.1,,4.16.1,smallgroups-1-189-fs2-q3-findall,1692,38,"(24, 11)",2026-08-24T10:05:15.244Z
"(24,12)",24,true,0,true,2026-08-24T10:05:04.033Z,1.12.6,1.8.1,,4.16.1,smallgroups-1-189-fs2-q3-findall,1692,39,"(24, 12)",2026-08-24T10:05:15.254Z
"(24,13)",24,true,0,true,2026-08-24T10:05:04.033Z,1.12.6,1.8.1,,4.16.1,smallgroups-1-189-fs2-q3-findall,1692,40,"(24, 13)",2026-08-24T10:05:15.266Z
"(24,14)",24,true,0,true,2026-08-24T10:05:04.033Z,1.12.6,1.8.1,,4.16.1,smallgroups-1-189-fs2-q3-findall,1692,41,"(24, 14)",2026-08-24T10:05:15.286Z
"(24,15)",24,true,0,true,2026-08-24T10:05:04.033Z,1.12.6,1.8.1,,4.16.1,smallgroups-1-189-fs2-q3-findall,1692,42,"(24, 15)",2026-08-24T10:05:15.515Z
"(26,1)",26,true,0,true,2026-08-24T10:05:04.033Z,1.12.6,1.8.1,,4.16.1,smallgroups-1-189-fs2-q3-findall,1692,43,"(26, 1)",2026-08-24T10:05:15.54Z
"(26,2)",26,true,0,true,2026-08-24T10:05:04.033Z,1.12.6,1.8.1,,4.16.1,smallgroups-1-189-fs2-q3-findall,1692,44,"(26, 2)",2026-08-24T10:05:15.609Z
"(28,1)",28,true,0,true,2026-08-24T10:05:04.033Z,1.12.6,1.8.1,,4.16.1,smallgroups-1-189-fs2-q3-findall,1692,45,"(28, 1)",2026-08-24T10:05:15.631Z
"(28,2)",28,true,0,true,2026-08-24T10:05:04.033Z,1.12.6,1.8.1,,4.16.1,smallgroups-1-189-fs2-q3-findall,1692,46,"(28, 2)",2026-08-24T10:05:15.712Z
"(28,3)",28,true,0,true,2026-08-24T10:05:04.033Z,1.12.6,1.8.1,,4.16.1,smallgroups-1-189-fs2-q3-findall,1692,47,"(28, 3)",2026-08-24T10:05:15.734Z
"(28,4)",28,true,0,true,2026-08-24T10:05:04.033Z,1.12.6,1.8.1,,4.16.1,smallgroups-1-189-fs2-q3-findall,1692,48,"(28, 4)",2026-08-24T10:05:15.801Z
"(30,1)",30,true,0,true,2026-08-24T10:05:04.033Z,1.12.6,1.8.1,,4.16.1,smallgroups-1-189-fs2-q3-findall,1692,49,"(30, 1)",2026-08-24T10:05:15.827Z
"(30,2)",30,true,0,true,2026-08-24T10:05:04.033Z,1.12.6,1.8.1,,4.16.1,smallgroups-1-189-fs2-q3-findall,1692,50,"(30, 2)",2026-08-24T10:05:15.849Z
"(30,3)",30,true,0,true,2026-08-24T10:05:04.033Z,1.12.6,1.8.1,,4.16.1,smallgroups-1-189-fs2-q3-findall,1692,51,"(30, 3)",2026-08-24T10:05:15.867Z
"(30,4)",30,true,0,true,2026-08-24T10:05:04.033Z,1.12.6,1.8.1,,4.16.1,smallgroups-1-189-fs2-q3-findall,1692,52,"(30, 4)",2026-08-24T10:05:16.072Z
"(33,1)",33,true,0,true,2026-08-24T10:05:04.033Z,1.12.6,1.8.1,,4.16.1,smallgroups-1-189-fs2-q3-findall,1692,53,"(33, 1)",2026-08-24T10:05:16.168Z
"(34,1)",34,true,0,true,2026-08-24T10:05:04.033Z,1.12.6,1.8.1,,4.16.1,smallgroups-1-189-fs2-q3-findall,1692,54,"(34, 1)",2026-08-24T10:05:16.207Z
"(34,2)",34,true,0,true,2026-08-24T10:05:04.033Z,1.12.6,1.8.1,,4.16.1,smallgroups-1-189-fs2-q3-findall,1692,55,"(34, 2)",2026-08-24T10:05:16.328Z
"(35,1)",35,true,0,true,2026-08-24T10:05:04.033Z,1.12.6,1.8.1,,4.16.1,smallgroups-1-189-fs2-q3-findall,1692,56,"(35, 1)",2026-08-24T10:05:16.609Z
"(36,1)",36,true,0,true,2026-08-24T10:05:04.033Z,1.12.6,1.8.1,,4.16.1,smallgroups-1-189-fs2-q3-findall,1692,57,"(36, 1)",2026-08-24T10:05:16.631Z
"(36,2)",36,true,0,true,2026-08-24T10:05:04.033Z,1.12.6,1.8.1,,4.16.1,smallgroups-1-189-fs2-q3-findall,1692,58,"(36, 2)",2026-08-24T10:05:16.708Z
"(36,3)",36,true,0,true,2026-08-24T10:05:04.033Z,1.12.6,1.8.1,,4.16.1,smallgroups-1-189-fs2-q3-findall,1692,59,"(36, 3)",2026-08-24T10:05:16.726Z
"(36,4)",36,true,0,true,2026-08-24T10:05:04.033Z,1.12.6,1.8.1,,4.16.1,smallgroups-1-189-fs2-q3-findall,1692,60,"(36, 4)",2026-08-24T10:05:16.745Z
"(36,5)",36,true,0,true,2026-08-24T10:05:04.033Z,1.12.6,1.8.1,,4.16.1,smallgroups-1-189-fs2-q3-findall,1692,61,"(36, 5)",2026-08-24T10:05:16.816Z
"(36,6)",36,true,0,true,2026-08-24T10:05:04.033Z,1.12.6,1.8.1,,4.16.1,smallgroups-1-189-fs2-q3-findall,1692,62,"(36, 6)",2026-08-24T10:05:16.847Z
"(36,7)",36,true,0,true,2026-08-24T10:05:04.033Z,1.12.6,1.8.1,,4.16.1,smallgroups-1-189-fs2-q3-findall,1692,63,"(36, 7)",2026-08-24T10:05:16.868Z
"(36,8)",36,true,0,true,2026-08-24T10:05:04.033Z,1.12.6,1.8.1,,4.16.1,smallgroups-1-189-fs2-q3-findall,1692,64,"(36, 8)",2026-08-24T10:05:16.955Z
"(36,9)",36,true,0,true,2026-08-24T10:05:04.033Z,1.12.6,1.8.1,,4.16.1,smallgroups-1-189-fs2-q3-findall,1692,65,"(36, 9)",2026-08-24T10:05:17.117Z
"(36,10)",36,true,0,true,2026-08-24T10:05:04.033Z,1.12.6,1.8.1,,4.16.1,smallgroups-1-189-fs2-q3-findall,1692,66,"(36, 10)",2026-08-24T10:05:17.133Z
"(36,11)",36,true,0,true,2026-08-24T10:05:04.033Z,1.12.6,1.8.1,,4.16.1,smallgroups-1-189-fs2-q3-findall,1692,67,"(36, 11)",2026-08-24T10:05:17.15Z
"(36,12)",36,true,0,true,2026-08-24T10:05:04.033Z,1.12.6,1.8.1,,4.16.1,smallgroups-1-189-fs2-q3-findall,1692,68,"(36, 12)",2026-08-24T10:05:17.181Z
"(36,13)",36,true,0,true,2026-08-24T10:05:04.033Z,1.12.6,1.8.1,,4.16.1,smallgroups-1-189-fs2-q3-findall,1692,69,"(36, 13)",2026-08-24T10:05:17.202Z
"(36,14)",36,true,0,true,2026-08-24T10:05:04.033Z,1.12.6,1.8.1,,4.16.1,smallgroups-1-189-fs2-q3-findall,1692,70,"(36, 14)",2026-08-24T10:05:17.288Z
"(38,1)",38,true,0,true,2026-08-24T10:05:04.033Z,1.12.6,1.8.1,,4.16.1,smallgroups-1-189-fs2-q3-findall,1692,71,"(38, 1)",2026-08-24T10:05:17.334Z
"(38,2)",38,true,0,true,2026-08-24T10:05:04.033Z,1.12.6,1.8.1,,4.16.1,smallgroups-1-189-fs2-q3-findall,1692,72,"(38, 2)",2026-08-24T10:05:17.757Z
"(39,1)",39,true,0,true,2026-08-24T10:05:04.033Z,1.12.6,1.8.1,,4.16.1,smallgroups-1-189-fs2-q3-findall,1692,73,"(39, 1)",2026-08-24T10:05:17.778Z
"(39,2)",39,true,0,true,2026-08-24T10:05:04.033Z,1.12.6,1.8.1,,4.16.1,smallgroups-1-189-fs2-q3-findall,1692,74,"(39, 2)",2026-08-24T10:05:17.917Z
"(40,1)",40,true,0,true,2026-08-24T10:05:04.033Z,1.12.6,1.8.1,,4.16.1,smallgroups-1-189-fs2-q3-findall,1692,75,"(40, 1)",2026-08-24T10:05:17.948Z
"(40,2)",40,true,0,true,2026-08-24T10:05:04.033Z,1.12.6,1.8.1,,4.16.1,smallgroups-1-189-fs2-q3-findall,1692,76,"(40, 2)",2026-08-24T10:05:18.113Z
"(40,3)",40,true,0,true,2026-08-24T10:05:04.033Z,1.12.6,1.8.1,,4.16.1,smallgroups-1-189-fs2-q3-findall,1692,77,"(40, 3)",2026-08-24T10:05:19.139Z
"(40,4)",40,true,0,true,2026-08-24T10:05:04.033Z,1.12.6,1.8.1,,4.16.1,smallgroups-1-189-fs2-q3-findall,1692,78,"(40, 4)",2026-08-24T10:05:19.164Z
"(40,5)",40,true,0,true,2026-08-24T10:05:04.033Z,1.12.6,1.8.1,,4.16.1,smallgroups-1-189-fs2-q3-findall,1692,79,"(40, 5)",2026-08-24T10:05:19.195Z
"(40,6)",40,true,0,true,2026-08-24T10:05:04.033Z,1.12.6,1.8.1,,4.16.1,smallgroups-1-189-fs2-q3-findall,1692,80,"(40, 6)",2026-08-24T10:05:19.22Z
"(40,7)",40,true,0,true,2026-08-24T10:05:04.033Z,1.12.6,1.8.1,,4.16.1,smallgroups-1-189-fs2-q3-findall,1692,81,"(40, 7)",2026-08-24T10:05:19.257Z
"(40,8)",40,true,0,true,2026-08-24T10:05:04.033Z,1.12.6,1.8.1,,4.16.1,smallgroups-1-189-fs2-q3-findall,1692,82,"(40, 8)",2026-08-24T10:05:19.285Z
"(40,9)",40,true,0,true,2026-08-24T10:05:04.033Z,1.12.6,1.8.1,,4.16.1,smallgroups-1-189-fs2-q3-findall,1692,83,"(40, 9)",2026-08-24T10:05:19.424Z
"(40,10)",40,true,0,true,2026-08-24T10:05:04.033Z,1.12.6,1.8.1,,4.16.1,smallgroups-1-189-fs2-q3-findall,1692,84,"(40, 10)",2026-08-24T10:05:19.48Z
"(40,11)",40,true,0,true,2026-08-24T10:05:04.033Z,1.12.6,1.8.1,,4.16.1,smallgroups-1-189-fs2-q3-findall,1692,85,"(40, 11)",2026-08-24T10:05:19.537Z
"(40,12)",40,true,0,true,2026-08-24T10:05:04.033Z,1.12.6,1.8.1,,4.16.1,smallgroups-1-189-fs2-q3-findall,1692,86,"(40, 12)",2026-08-24T10:05:19.555Z
"(40,13)",40,true,0,true,2026-08-24T10:05:04.033Z,1.12.6,1.8.1,,4.16.1,smallgroups-1-189-fs2-q3-findall,1692,87,"(40, 13)",2026-08-24T10:05:19.593Z
"(40,14)",40,true,0,true,2026-08-24T10:05:04.033Z,1.12.6,1.8.1,,4.16.1,smallgroups-1-189-fs2-q3-findall,1692,88,"(40, 14)",2026-08-24T10:05:19.725Z
"(42,1)",42,true,0,true,2026-08-24T10:05:04.033Z,1.12.6,1.8.1,,4.16.1,smallgroups-1-189-fs2-q3-findall,1692,89,"(42, 1)",2026-08-24T10:05:19.738Z
"(42,2)",42,true,0,true,2026-08-24T10:05:04.033Z,1.12.6,1.8.1,,4.16.1,smallgroups-1-189-fs2-q3-findall,1692,90,"(42, 2)",2026-08-24T10:05:19.758Z
"(42,3)",42,true,0,true,2026-08-24T10:05:04.033Z,1.12.6,1.8.1,,4.16.1,smallgroups-1-189-fs2-q3-findall,1692,91,"(42, 3)",2026-08-24T10:05:19.8Z
"(42,4)",42,true,0,true,2026-08-24T10:05:04.033Z,1.12.6,1.8.1,,4.16.1,smallgroups-1-189-fs2-q3-findall,1692,92,"(42, 4)",2026-08-24T10:05:19.834Z
"(42,5)",42,true,0,true,2026-08-24T10:05:04.033Z,1.12.6,1.8.1,,4.16.1,smallgroups-1-189-fs2-q3-findall,1692,93,"(42, 5)",2026-08-24T10:05:19.864Z
"(42,6)",42,true,0,true,2026-08-24T10:05:04.033Z,1.12.6,1.8.1,,4.16.1,smallgroups-1-189-fs2-q3-findall,1692,94,"(42, 6)",2026-08-24T10:05:20.324Z
"(44,1)",44,true,0,true,2026-08-24T10:05:04.033Z,1.12.6,1.8.1,,4.16.1,smallgroups-1-189-fs2-q3-findall,1692,95,"(44, 1)",2026-08-24T10:05:20.364Z
"(44,2)",44,true,0,true,2026-08-24T10:05:04.033Z,1.12.6,1.8.1,,4.16.1,smallgroups-1-189-fs2-q3-findall,1692,96,"(44, 2)",2026-08-24T10:05:20.573Z
"(44,3)",44,true,0,true,2026-08-24T10:05:04.033Z,1.12.6,1.8.1,,4.16.1,smallgroups-1-189-fs2-q3-findall,1692,97,"(44, 3)",2026-08-24T10:05:20.612Z
"(44,4)",44,true,0,true,2026-08-24T10:05:04.033Z,1.12.6,1.8.1,,4.16.1,smallgroups-1-189-fs2-q3-findall,1692,98,"(44, 4)",2026-08-24T10:05:20.772Z
"(45,1)",45,true,0,true,2026-08-24T10:05:04.033Z,1.12.6,1.8.1,,4.16.1,smallgroups-1-189-fs2-q3-findall,1692,99,"(45, 1)",2026-08-24T10:05:21.061Z
"(45,2)",45,true,0,true,2026-08-24T10:05:04.033Z,1.12.6,1.8.1,,4.16.1,smallgroups-1-189-fs2-q3-findall,1692,100,"(45, 2)",2026-08-24T10:05:21.203Z
"(46,1)",46,true,0,true,2026-08-24T10:05:04.033Z,1.12.6,1.8.1,,4.16.1,smallgroups-1-189-fs2-q3-findall,1692,101,"(46, 1)",2026-08-24T10:05:21.289Z
"(46,2)",46,true,0,true,2026-08-24T10:05:04.033Z,1.12.6,1.8.1,,4.16.1,smallgroups-1-189-fs2-q3-findall,1692,102,"(46, 2)",2026-08-24T10:05:21.671Z
"(48,1)",48,true,0,true,2026-08-24T10:05:04.033Z,1.12.6,1.8.1,,4.16.1,smallgroups-1-189-fs2-q3-findall,1692,103,"(48, 1)",2026-08-24T10:05:21.719Z
"(48,2)",48,true,0,true,2026-08-24T10:05:04.033Z,1.12.6,1.8.1,,4.16.1,smallgroups-1-189-fs2-q3-findall,1692,104,"(48, 2)",2026-08-24T10:05:21.894Z
"(48,3)",48,true,0,true,2026-08-24T10:05:04.033Z,1.12.6,1.8.1,,4.16.1,smallgroups-1-189-fs2-q3-findall,1692,105,"(48, 3)",2026-08-24T10:05:21.909Z
"(48,4)",48,true,0,true,2026-08-24T10:05:04.033Z,1.12.6,1.8.1,,4.16.1,smallgroups-1-189-fs2-q3-findall,1692,106,"(48, 4)",2026-08-24T10:05:21.957Z
"(48,5)",48,true,0,true,2026-08-24T10:05:04.033Z,1.12.6,1.8.1,,4.16.1,smallgroups-1-189-fs2-q3-findall,1692,107,"(48, 5)",2026-08-24T10:05:21.984Z
"(48,6)",48,true,0,true,2026-08-24T10:05:04.033Z,1.12.6,1.8.1,,4.16.1,smallgroups-1-189-fs2-q3-findall,1692,108,"(48, 6)",2026-08-24T10:05:22.005Z
"(48,7)",48,true,0,true,2026-08-24T10:05:04.033Z,1.12.6,1.8.1,,4.16.1,smallgroups-1-189-fs2-q3-findall,1692,109,"(48, 7)",2026-08-24T10:05:22.026Z
"(48,8)",48,true,0,true,2026-08-24T10:05:04.033Z,1.12.6,1.8.1,,4.16.1,smallgroups-1-189-fs2-q3-findall,1692,110,"(48, 8)",2026-08-24T10:05:22.046Z
"(48,9)",48,true,0,true,2026-08-24T10:05:04.033Z,1.12.6,1.8.1,,4.16.1,smallgroups-1-189-fs2-q3-findall,1692,111,"(48, 9)",2026-08-24T10:05:22.341Z
"(48,10)",48,true,0,true,2026-08-24T10:05:04.033Z,1.12.6,1.8.1,,4.16.1,smallgroups-1-189-fs2-q3-findall,1692,112,"(48, 10)",2026-08-24T10:05:22.372Z
"(48,11)",48,true,0,true,2026-08-24T10:05:04.033Z,1.12.6,1.8.1,,4.16.1,smallgroups-1-189-fs2-q3-findall,1692,113,"(48, 11)",2026-08-24T10:05:22.421Z
"(48,12)",48,true,0,true,2026-08-24T10:05:04.033Z,1.12.6,1.8.1,,4.16.1,smallgroups-1-189-fs2-q3-findall,1692,114,"(48, 12)",2026-08-24T10:05:22.453Z
"(48,13)",48,true,0,true,2026-08-24T10:05:04.033Z,1.12.6,1.8.1,,4.16.1,smallgroups-1-189-fs2-q3-findall,1692,115,"(48, 13)",2026-08-24T10:05:22.483Z
"(48,14)",48,true,0,true,2026-08-24T10:05:04.033Z,1.12.6,1.8.1,,4.16.1,smallgroups-1-189-fs2-q3-findall,1692,116,"(48, 14)",2026-08-24T10:05:22.513Z
"(48,15)",48,true,0,true,2026-08-24T10:05:04.033Z,1.12.6,1.8.1,,4.16.1,smallgroups-1-189-fs2-q3-findall,1692,117,"(48, 15)",2026-08-24T10:05:22.531Z
"(48,16)",48,true,0,true,2026-08-24T10:05:04.033Z,1.12.6,1.8.1,,4.16.1,smallgroups-1-189-fs2-q3-findall,1692,118,"(48, 16)",2026-08-24T10:05:22.549Z
"(48,17)",48,true,0,true,2026-08-24T10:05:04.033Z,1.12.6,1.8.1,,4.16.1,smallgroups-1-189-fs2-q3-findall,1692,119,"(48, 17)",2026-08-24T10:05:22.567Z
"(48,18)",48,true,0,true,2026-08-24T10:05:04.033Z,1.12.6,1.8.1,,4.16.1,smallgroups-1-189-fs2-q3-findall,1692,120,"(48, 18)",2026-08-24T10:05:22.586Z
"(48,19)",48,true,0,true,2026-08-24T10:05:04.033Z,1.12.6,1.8.1,,4.16.1,smallgroups-1-189-fs2-q3-findall,1692,121,"(48, 19)",2026-08-24T10:05:22.618Z
"(48,20)",48,true,0,true,2026-08-24T10:05:04.033Z,1.12.6,1.8.1,,4.16.1,smallgroups-1-189-fs2-q3-findall,1692,122,"(48, 20)",2026-08-24T10:05:23.841Z
"(48,21)",48,true,0,true,2026-08-24T10:05:04.033Z,1.12.6,1.8.1,,4.16.1,smallgroups-1-189-fs2-q3-findall,1692,123,"(48, 21)",2026-08-24T10:05:23.91Z
"(48,22)",48,true,0,true,2026-08-24T10:05:04.033Z,1.12.6,1.8.1,,4.16.1,smallgroups-1-189-fs2-q3-findall,1692,124,"(48, 22)",2026-08-24T10:05:23.977Z
"(48,23)",48,true,0,true,2026-08-24T10:05:04.033Z,1.12.6,1.8.1,,4.16.1,smallgroups-1-189-fs2-q3-findall,1692,125,"(48, 23)",2026-08-24T10:05:24.137Z
"(48,24)",48,true,0,true,2026-08-24T10:05:04.033Z,1.12.6,1.8.1,,4.16.1,smallgroups-1-189-fs2-q3-findall,1692,126,"(48, 24)",2026-08-24T10:05:24.197Z
"(48,25)",48,true,0,true,2026-08-24T10:05:04.033Z,1.12.6,1.8.1,,4.16.1,smallgroups-1-189-fs2-q3-findall,1692,127,"(48, 25)",2026-08-24T10:05:24.232Z
"(48,26)",48,true,0,true,2026-08-24T10:05:04.033Z,1.12.6,1.8.1,,4.16.1,smallgroups-1-189-fs2-q3-findall,1692,128,"(48, 26)",2026-08-24T10:05:24.266Z
"(48,27)",48,true,0,true,2026-08-24T10:05:04.033Z,1.12.6,1.8.1,,4.16.1,smallgroups-1-189-fs2-q3-findall,1692,129,"(48, 27)",2026-08-24T10:05:24.3Z
"(48,28)",48,true,0,true,2026-08-24T10:05:04.033Z,1.12.6,1.8.1,,4.16.1,smallgroups-1-189-fs2-q3-findall,1692,130,"(48, 28)",2026-08-24T10:05:24.332Z
"(48,29)",48,true,0,true,2026-08-24T10:05:04.033Z,1.12.6,1.8.1,,4.16.1,smallgroups-1-189-fs2-q3-findall,1692,131,"(48, 29)",2026-08-24T10:05:24.359Z
"(48,30)",48,true,0,true,2026-08-24T10:05:04.033Z,1.12.6,1.8.1,,4.16.1,smallgroups-1-189-fs2-q3-findall,1692,132,"(48, 30)",2026-08-24T10:05:24.376Z
"(48,31)",48,true,0,true,2026-08-24T10:05:04.033Z,1.12.6,1.8.1,,4.16.1,smallgroups-1-189-fs2-q3-findall,1692,133,"(48, 31)",2026-08-24T10:05:24.403Z
"(48,32)",48,true,0,true,2026-08-24T10:05:04.033Z,1.12.6,1.8.1,,4.16.1,smallgroups-1-189-fs2-q3-findall,1692,134,"(48, 32)",2026-08-24T10:05:24.443Z
"(48,33)",48,true,0,true,2026-08-24T10:05:04.033Z,1.12.6,1.8.1,,4.16.1,smallgroups-1-189-fs2-q3-findall,1692,135,"(48, 33)",2026-08-24T10:05:24.48Z
"(48,34)",48,true,0,true,2026-08-24T10:05:04.033Z,1.12.6,1.8.1,,4.16.1,smallgroups-1-189-fs2-q3-findall,1692,136,"(48, 34)",2026-08-24T10:05:24.512Z
"(48,35)",48,true,0,true,2026-08-24T10:05:04.033Z,1.12.6,1.8.1,,4.16.1,smallgroups-1-189-fs2-q3-findall,1692,137,"(48, 35)",2026-08-24T10:05:24.566Z
"(48,36)",48,true,0,true,2026-08-24T10:05:04.033Z,1.12.6,1.8.1,,4.16.1,smallgroups-1-189-fs2-q3-findall,1692,138,"(48, 36)",2026-08-24T10:05:24.602Z
"(48,37)",48,true,0,true,2026-08-24T10:05:04.033Z,1.12.6,1.8.1,,4.16.1,smallgroups-1-189-fs2-q3-findall,1692,139,"(48, 37)",2026-08-24T10:05:24.636Z
"(48,38)",48,true,0,true,2026-08-24T10:05:04.033Z,1.12.6,1.8.1,,4.16.1,smallgroups-1-189-fs2-q3-findall,1692,140,"(48, 38)",2026-08-24T10:05:24.668Z
"(48,39)",48,true,0,true,2026-08-24T10:05:04.033Z,1.12.6,1.8.1,,4.16.1,smallgroups-1-189-fs2-q3-findall,1692,141,"(48, 39)",2026-08-24T10:05:25.083Z
"(48,40)",48,true,0,true,2026-08-24T10:05:04.033Z,1.12.6,1.8.1,,4.16.1,smallgroups-1-189-fs2-q3-findall,1692,142,"(48, 40)",2026-08-24T10:05:25.113Z
"(48,41)",48,true,0,true,2026-08-24T10:05:04.033Z,1.12.6,1.8.1,,4.16.1,smallgroups-1-189-fs2-q3-findall,1692,143,"(48, 41)",2026-08-24T10:05:25.14Z
"(48,42)",48,true,0,true,2026-08-24T10:05:04.033Z,1.12.6,1.8.1,,4.16.1,smallgroups-1-189-fs2-q3-findall,1692,144,"(48, 42)",2026-08-24T10:05:25.199Z
"(48,43)",48,true,0,true,2026-08-24T10:05:04.033Z,1.12.6,1.8.1,,4.16.1,smallgroups-1-189-fs2-q3-findall,1692,145,"(48, 43)",2026-08-24T10:05:25.235Z
"(48,44)",48,true,0,true,2026-08-24T10:05:04.033Z,1.12.6,1.8.1,,4.16.1,smallgroups-1-189-fs2-q3-findall,1692,146,"(48, 44)",2026-08-24T10:05:25.392Z
"(48,45)",48,true,0,true,2026-08-24T10:05:04.033Z,1.12.6,1.8.1,,4.16.1,smallgroups-1-189-fs2-q3-findall,1692,147,"(48, 45)",2026-08-24T10:05:25.461Z
"(48,46)",48,true,0,true,2026-08-24T10:05:04.033Z,1.12.6,1.8.1,,4.16.1,smallgroups-1-189-fs2-q3-findall,1692,148,"(48, 46)",2026-08-24T10:05:25.529Z
"(48,47)",48,true,0,true,2026-08-24T10:05:04.033Z,1.12.6,1.8.1,,4.16.1,smallgroups-1-189-fs2-q3-findall,1692,149,"(48, 47)",2026-08-24T10:05:25.593Z
"(48,48)",48,true,0,true,2026-08-24T10:05:04.033Z,1.12.6,1.8.1,,4.16.1,smallgroups-1-189-fs2-q3-findall,1692,150,"(48, 48)",2026-08-24T10:05:25.612Z
"(48,49)",48,true,0,true,2026-08-24T10:05:04.033Z,1.12.6,1.8.1,,4.16.1,smallgroups-1-189-fs2-q3-findall,1692,151,"(48, 49)",2026-08-24T10:05:25.641Z
"(48,50)",48,true,0,true,2026-08-24T10:05:04.033Z,1.12.6,1.8.1,,4.16.1,smallgroups-1-189-fs2-q3-findall,1692,152,"(48, 50)",2026-08-24T10:05:25.655Z
"(48,51)",48,true,0,true,2026-08-24T10:05:04.033Z,1.12.6,1.8.1,,4.16.1,smallgroups-1-189-fs2-q3-findall,1692,153,"(48, 51)",2026-08-24T10:05:25.719Z
"(48,52)",48,true,0,true,2026-08-24T10:05:04.033Z,1.12.6,1.8.1,,4.16.1,smallgroups-1-189-fs2-q3-findall,1692,154,"(48, 52)",2026-08-24T10:05:26.213Z
"(50,1)",50,true,0,true,2026-08-24T10:05:04.033Z,1.12.6,1.8.1,,4.16.1,smallgroups-1-189-fs2-q3-findall,1692,155,"(50, 1)",2026-08-24T10:05:26.286Z
"(50,2)",50,true,0,true,2026-08-24T10:05:04.033Z,1.12.6,1.8.1,,4.16.1,smallgroups-1-189-fs2-q3-findall,1692,156,"(50, 2)",2026-08-24T10:05:26.553Z
"(50,3)",50,true,0,true,2026-08-24T10:05:04.033Z,1.12.6,1.8.1,,4.16.1,smallgroups-1-189-fs2-q3-findall,1692,157,"(50, 3)",2026-08-24T10:05:26.598Z
"(50,4)",50,true,0,true,2026-08-24T10:05:04.033Z,1.12.6,1.8.1,,4.16.1,smallgroups-1-189-fs2-q3-findall,1692,158,"(50, 4)",2026-08-24T10:05:26.637Z
"(50,5)",50,true,0,true,2026-08-24T10:05:04.033Z,1.12.6,1.8.1,,4.16.1,smallgroups-1-189-fs2-q3-findall,1692,159,"(50, 5)",2026-08-24T10:05:27.159Z
"(51,1)",51,true,0,true,2026-08-24T10:05:04.033Z,1.12.6,1.8.1,,4.16.1,smallgroups-1-189-fs2-q3-findall,1692,160,"(51, 1)",2026-08-24T10:05:27.421Z
"(52,1)",52,true,0,true,2026-08-24T10:05:04.033Z,1.12.6,1.8.1,,4.16.1,smallgroups-1-189-fs2-q3-findall,1692,161,"(52, 1)",2026-08-24T10:05:27.475Z
"(52,2)",52,true,0,true,2026-08-24T10:05:04.033Z,1.12.6,1.8.1,,4.16.1,smallgroups-1-189-fs2-q3-findall,1692,162,"(52, 2)",2026-08-24T10:05:28.816Z
"(52,3)",52,true,0,true,2026-08-24T10:05:04.033Z,1.12.6,1.8.1,,4.16.1,smallgroups-1-189-fs2-q3-findall,1692,163,"(52, 3)",2026-08-24T10:05:28.837Z
"(52,4)",52,true,0,true,2026-08-24T10:05:04.033Z,1.12.6,1.8.1,,4.16.1,smallgroups-1-189-fs2-q3-findall,1692,164,"(52, 4)",2026-08-24T10:05:28.891Z
"(52,5)",52,true,0,true,2026-08-24T10:05:04.033Z,1.12.6,1.8.1,,4.16.1,smallgroups-1-189-fs2-q3-findall,1692,165,"(52, 5)",2026-08-24T10:05:29.124Z
"(54,1)",54,true,0,true,2026-08-24T10:05:04.033Z,1.12.6,1.8.1,,4.16.1,smallgroups-1-189-fs2-q3-findall,1692,166,"(54, 1)",2026-08-24T10:05:29.15Z
"(54,2)",54,true,0,true,2026-08-24T10:05:04.033Z,1.12.6,1.8.1,,4.16.1,smallgroups-1-189-fs2-q3-findall,1692,167,"(54, 2)",2026-08-24T10:05:29.296Z
"(54,3)",54,true,0,true,2026-08-24T10:05:04.033Z,1.12.6,1.8.1,,4.16.1,smallgroups-1-189-fs2-q3-findall,1692,168,"(54, 3)",2026-08-24T10:05:29.326Z
"(54,4)",54,true,0,true,2026-08-24T10:05:04.033Z,1.12.6,1.8.1,,4.16.1,smallgroups-1-189-fs2-q3-findall,1692,169,"(54, 4)",2026-08-24T10:05:29.371Z
"(54,5)",54,true,0,true,2026-08-24T10:05:04.033Z,1.12.6,1.8.1,,4.16.1,smallgroups-1-189-fs2-q3-findall,1692,170,"(54, 5)",2026-08-24T10:05:29.387Z
"(54,6)",54,true,0,true,2026-08-24T10:05:04.033Z,1.12.6,1.8.1,,4.16.1,smallgroups-1-189-fs2-q3-findall,1692,171,"(54, 6)",2026-08-24T10:05:29.402Z
"(54,7)",54,true,0,true,2026-08-24T10:05:04.033Z,1.12.6,1.8.1,,4.16.1,smallgroups-1-189-fs2-q3-findall,1692,172,"(54, 7)",2026-08-24T10:05:29.427Z
"(54,8)",54,true,0,true,2026-08-24T10:05:04.033Z,1.12.6,1.8.1,,4.16.1,smallgroups-1-189-fs2-q3-findall,1692,173,"(54, 8)",2026-08-24T10:05:29.443Z
"(54,9)",54,true,0,true,2026-08-24T10:05:04.033Z,1.12.6,1.8.1,,4.16.1,smallgroups-1-189-fs2-q3-findall,1692,174,"(54, 9)",2026-08-24T10:05:29.59Z
"(54,10)",54,true,0,true,2026-08-24T10:05:04.033Z,1.12.6,1.8.1,,4.16.1,smallgroups-1-189-fs2-q3-findall,1692,175,"(54, 10)",2026-08-24T10:05:29.96Z
"(54,11)",54,true,0,true,2026-08-24T10:05:04.033Z,1.12.6,1.8.1,,4.16.1,smallgroups-1-189-fs2-q3-findall,1692,176,"(54, 11)",2026-08-24T10:05:30.083Z
"(54,12)",54,true,0,true,2026-08-24T10:05:04.033Z,1.12.6,1.8.1,,4.16.1,smallgroups-1-189-fs2-q3-findall,1692,177,"(54, 12)",2026-08-24T10:05:30.258Z
"(54,13)",54,true,0,true,2026-08-24T10:05:04.033Z,1.12.6,1.8.1,,4.16.1,smallgroups-1-189-fs2-q3-findall,1692,178,"(54, 13)",2026-08-24T10:05:30.299Z
"(54,14)",54,true,0,true,2026-08-24T10:05:04.033Z,1.12.6,1.8.1,,4.16.1,smallgroups-1-189-fs2-q3-findall,1692,179,"(54, 14)",2026-08-24T10:05:30.328Z
"(54,15)",54,true,0,true,2026-08-24T10:05:04.033Z,1.12.6,1.8.1,,4.16.1,smallgroups-1-189-fs2-q3-findall,1692,180,"(54, 15)",2026-08-24T10:05:30.499Z
"(55,1)",55,true,0,true,2026-08-24T10:05:04.033Z,1.12.6,1.8.1,,4.16.1,smallgroups-1-189-fs2-q3-findall,1692,181,"(55, 1)",2026-08-24T10:05:30.515Z
"(55,2)",55,true,0,true,2026-08-24T10:05:04.033Z,1.12.6,1.8.1,,4.16.1,smallgroups-1-189-fs2-q3-findall,1692,182,"(55, 2)",2026-08-24T10:05:31.272Z
"(56,1)",56,true,0,true,2026-08-24T10:05:04.033Z,1.12.6,1.8.1,,4.16.1,smallgroups-1-189-fs2-q3-findall,1692,183,"(56, 1)",2026-08-24T10:05:31.317Z
"(56,2)",56,true,0,true,2026-08-24T10:05:04.033Z,1.12.6,1.8.1,,4.16.1,smallgroups-1-189-fs2-q3-findall,1692,184,"(56, 2)",2026-08-24T10:05:31.672Z
"(56,3)",56,true,0,true,2026-08-24T10:05:04.033Z,1.12.6,1.8.1,,4.16.1,smallgroups-1-189-fs2-q3-findall,1692,185,"(56, 3)",2026-08-24T10:05:31.71Z
"(56,4)",56,true,0,true,2026-08-24T10:05:04.033Z,1.12.6,1.8.1,,4.16.1,smallgroups-1-189-fs2-q3-findall,1692,186,"(56, 4)",2026-08-24T10:05:31.754Z
"(56,5)",56,true,0,true,2026-08-24T10:05:04.033Z,1.12.6,1.8.1,,4.16.1,smallgroups-1-189-fs2-q3-findall,1692,187,"(56, 5)",2026-08-24T10:05:31.791Z
"(56,6)",56,true,0,true,2026-08-24T10:05:04.033Z,1.12.6,1.8.1,,4.16.1,smallgroups-1-189-fs2-q3-findall,1692,188,"(56, 6)",2026-08-24T10:05:31.843Z
"(56,7)",56,true,0,true,2026-08-24T10:05:04.033Z,1.12.6,1.8.1,,4.16.1,smallgroups-1-189-fs2-q3-findall,1692,189,"(56, 7)",2026-08-24T10:05:32.125Z
"(56,8)",56,true,0,true,2026-08-24T10:05:04.033Z,1.12.6,1.8.1,,4.16.1,smallgroups-1-189-fs2-q3-findall,1692,190,"(56, 8)",2026-08-24T10:05:32.402Z
"(56,9)",56,true,0,true,2026-08-24T10:05:04.033Z,1.12.6,1.8.1,,4.16.1,smallgroups-1-189-fs2-q3-findall,1692,191,"(56, 9)",2026-08-24T10:05:32.497Z
"(56,10)",56,true,0,true,2026-08-24T10:05:04.033Z,1.12.6,1.8.1,,4.16.1,smallgroups-1-189-fs2-q3-findall,1692,192,"(56, 10)",2026-08-24T10:05:32.59Z
"(56,11)",56,true,0,true,2026-08-24T10:05:04.033Z,1.12.6,1.8.1,,4.16.1,smallgroups-1-189-fs2-q3-findall,1692,193,"(56, 11)",2026-08-24T10:05:32.604Z
"(56,12)",56,true,0,true,2026-08-24T10:05:04.033Z,1.12.6,1.8.1,,4.16.1,smallgroups-1-189-fs2-q3-findall,1692,194,"(56, 12)",2026-08-24T10:05:33.687Z
"(56,13)",56,true,0,true,2026-08-24T10:05:04.033Z,1.12.6,1.8.1,,4.16.1,smallgroups-1-189-fs2-q3-findall,1692,195,"(56, 13)",2026-08-24T10:05:33.922Z
"(57,1)",57,true,0,true,2026-08-24T10:05:04.033Z,1.12.6,1.8.1,,4.16.1,smallgroups-1-189-fs2-q3-findall,1692,196,"(57, 1)",2026-08-24T10:05:33.958Z
"(57,2)",57,true,0,true,2026-08-24T10:05:04.033Z,1.12.6,1.8.1,,4.16.1,smallgroups-1-189-fs2-q3-findall,1692,197,"(57, 2)",2026-08-24T10:05:34.302Z
"(58,1)",58,true,0,true,2026-08-24T10:05:04.033Z,1.12.6,1.8.1,,4.16.1,smallgroups-1-189-fs2-q3-findall,1692,198,"(58, 1)",2026-08-24T10:05:34.434Z
"(58,2)",58,true,0,true,2026-08-24T10:05:04.033Z,1.12.6,1.8.1,,4.16.1,smallgroups-1-189-fs2-q3-findall,1692,199,"(58, 2)",2026-08-24T10:05:35.165Z
"(60,1)",60,true,0,true,2026-08-24T10:05:04.033Z,1.12.6,1.8.1,,4.16.1,smallgroups-1-189-fs2-q3-findall,1692,200,"(60, 1)",2026-08-24T10:05:35.245Z
"(60,2)",60,true,0,true,2026-08-24T10:05:04.033Z,1.12.6,1.8.1,,4.16.1,smallgroups-1-189-fs2-q3-findall,1692,201,"(60, 2)",2026-08-24T10:05:35.302Z
"(60,3)",60,true,0,true,2026-08-24T10:05:04.033Z,1.12.6,1.8.1,,4.16.1,smallgroups-1-189-fs2-q3-findall,1692,202,"(60, 3)",2026-08-24T10:05:35.35Z
"(60,4)",60,true,0,true,2026-08-24T10:05:04.033Z,1.12.6,1.8.1,,4.16.1,smallgroups-1-189-fs2-q3-findall,1692,203,"(60, 4)",2026-08-24T10:05:35.623Z
"(60,5)",60,false,0,true,2026-08-24T10:05:04.033Z,1.12.6,1.8.1,,4.16.1,smallgroups-1-189-fs2-q3-findall,1692,204,"(60, 5)",2026-08-24T10:05:35.711Z
"(60,6)",60,true,0,true,2026-08-24T10:05:04.033Z,1.12.6,1.8.1,,4.16.1,smallgroups-1-189-fs2-q3-findall,1692,205,"(60, 6)",2026-08-24T10:05:35.735Z
"(60,7)",60,true,0,true,2026-08-24T10:05:04.033Z,1.12.6,1.8.1,,4.16.1,smallgroups-1-189-fs2-q3-findall,1692,206,"(60, 7)",2026-08-24T10:05:35.751Z
"(60,8)",60,true,0,true,2026-08-24T10:05:04.033Z,1.12.6,1.8.1,,4.16.1,smallgroups-1-189-fs2-q3-findall,1692,207,"(60, 8)",2026-08-24T10:05:35.776Z
"(60,9)",60,true,0,true,2026-08-24T10:05:04.033Z,1.12.6,1.8.1,,4.16.1,smallgroups-1-189-fs2-q3-findall,1692,208,"(60, 9)",2026-08-24T10:05:35.81Z
"(60,10)",60,true,0,true,2026-08-24T10:05:04.033Z,1.12.6,1.8.1,,4.16.1,smallgroups-1-189-fs2-q3-findall,1692,209,"(60, 10)",2026-08-24T10:05:36.083Z
"(60,11)",60,true,0,true,2026-08-24T10:05:04.033Z,1.12.6,1.8.1,,4.16.1,smallgroups-1-189-fs2-q3-findall,1692,210,"(60, 11)",2026-08-24T10:05:36.162Z
"(60,12)",60,true,0,true,2026-08-24T10:05:04.033Z,1.12.6,1.8.1,,4.16.1,smallgroups-1-189-fs2-q3-findall,1692,211,"(60, 12)",2026-08-24T10:05:36.212Z
"(60,13)",60,true,0,true,2026-08-24T10:05:04.033Z,1.12.6,1.8.1,,4.16.1,smallgroups-1-189-fs2-q3-findall,1692,212,"(60, 13)",2026-08-24T10:05:36.455Z
"(62,1)",62,true,0,true,2026-08-24T10:05:04.033Z,1.12.6,1.8.1,,4.16.1,smallgroups-1-189-fs2-q3-findall,1692,213,"(62, 1)",2026-08-24T10:05:36.626Z
"(62,2)",62,true,0,true,2026-08-24T10:05:04.033Z,1.12.6,1.8.1,,4.16.1,smallgroups-1-189-fs2-q3-findall,1692,214,"(62, 2)",2026-08-24T10:05:37.327Z
"(63,1)",63,true,0,true,2026-08-24T10:05:04.033Z,1.12.6,1.8.1,,4.16.1,smallgroups-1-189-fs2-q3-findall,1692,215,"(63, 1)",2026-08-24T10:05:37.356Z
"(63,2)",63,true,0,true,2026-08-24T10:05:04.033Z,1.12.6,1.8.1,,4.16.1,smallgroups-1-189-fs2-q3-findall,1692,216,"(63, 2)",2026-08-24T10:05:37.827Z
"(63,3)",63,true,0,true,2026-08-24T10:05:04.033Z,1.12.6,1.8.1,,4.16.1,smallgroups-1-189-fs2-q3-findall,1692,217,"(63, 3)",2026-08-24T10:05:37.857Z
"(63,4)",63,true,0,true,2026-08-24T10:05:04.033Z,1.12.6,1.8.1,,4.16.1,smallgroups-1-189-fs2-q3-findall,1692,218,"(63, 4)",2026-08-24T10:05:38.112Z
"(65,1)",65,true,0,true,2026-08-24T10:05:04.033Z,1.12.6,1.8.1,,4.16.1,smallgroups-1-189-fs2-q3-findall,1692,219,"(65, 1)",2026-08-24T10:05:39.953Z
"(66,1)",66,true,0,true,2026-08-24T10:05:04.033Z,1.12.6,1.8.1,,4.16.1,smallgroups-1-189-fs2-q3-findall,1692,220,"(66, 1)",2026-08-24T10:05:40.049Z
"(66,2)",66,true,0,true,2026-08-24T10:05:04.033Z,1.12.6,1.8.1,,4.16.1,smallgroups-1-189-fs2-q3-findall,1692,221,"(66, 2)",2026-08-24T10:05:40.11Z
"(66,3)",66,true,0,true,2026-08-24T10:05:04.033Z,1.12.6,1.8.1,,4.16.1,smallgroups-1-189-fs2-q3-findall,1692,222,"(66, 3)",2026-08-24T10:05:40.172Z
"(66,4)",66,true,0,true,2026-08-24T10:05:04.033Z,1.12.6,1.8.1,,4.16.1,smallgroups-1-189-fs2-q3-findall,1692,223,"(66, 4)",2026-08-24T10:05:40.801Z
"(68,1)",68,true,0,true,2026-08-24T10:05:04.033Z,1.12.6,1.8.1,,4.16.1,smallgroups-1-189-fs2-q3-findall,1692,224,"(68, 1)",2026-08-24T10:05:40.895Z
"(68,2)",68,true,0,true,2026-08-24T10:05:04.033Z,1.12.6,1.8.1,,4.16.1,smallgroups-1-189-fs2-q3-findall,1692,225,"(68, 2)",2026-08-24T10:05:41.51Z
"(68,3)",68,true,0,true,2026-08-24T10:05:04.033Z,1.12.6,1.8.1,,4.16.1,smallgroups-1-189-fs2-q3-findall,1692,226,"(68, 3)",2026-08-24T10:05:41.538Z
"(68,4)",68,true,0,true,2026-08-24T10:05:04.033Z,1.12.6,1.8.1,,4.16.1,smallgroups-1-189-fs2-q3-findall,1692,227,"(68, 4)",2026-08-24T10:05:41.629Z
"(68,5)",68,true,0,true,2026-08-24T10:05:04.033Z,1.12.6,1.8.1,,4.16.1,smallgroups-1-189-fs2-q3-findall,1692,228,"(68, 5)",2026-08-24T10:05:42.202Z
"(69,1)",69,true,0,true,2026-08-24T10:05:04.033Z,1.12.6,1.8.1,,4.16.1,smallgroups-1-189-fs2-q3-findall,1692,229,"(69, 1)",2026-08-24T10:05:42.922Z
"(70,1)",70,true,0,true,2026-08-24T10:05:04.033Z,1.12.6,1.8.1,,4.16.1,smallgroups-1-189-fs2-q3-findall,1692,230,"(70, 1)",2026-08-24T10:05:43.078Z
"(70,2)",70,true,0,true,2026-08-24T10:05:04.033Z,1.12.6,1.8.1,,4.16.1,smallgroups-1-189-fs2-q3-findall,1692,231,"(70, 2)",2026-08-24T10:05:43.431Z
"(70,3)",70,true,0,true,2026-08-24T10:05:04.033Z,1.12.6,1.8.1,,4.16.1,smallgroups-1-189-fs2-q3-findall,1692,232,"(70, 3)",2026-08-24T10:05:43.573Z
"(70,4)",70,true,0,true,2026-08-24T10:05:04.033Z,1.12.6,1.8.1,,4.16.1,smallgroups-1-189-fs2-q3-findall,1692,233,"(70, 4)",2026-08-24T10:05:45.153Z
"(72,1)",72,true,0,true,2026-08-24T10:05:04.033Z,1.12.6,1.8.1,,4.16.1,smallgroups-1-189-fs2-q3-findall,1692,234,"(72, 1)",2026-08-24T10:05:45.195Z
"(72,2)",72,true,0,true,2026-08-24T10:05:04.033Z,1.12.6,1.8.1,,4.16.1,smallgroups-1-189-fs2-q3-findall,1692,235,"(72, 2)",2026-08-24T10:05:45.505Z
"(72,3)",72,true,0,true,2026-08-24T10:05:04.033Z,1.12.6,1.8.1,,4.16.1,smallgroups-1-189-fs2-q3-findall,1692,236,"(72, 3)",2026-08-24T10:05:45.578Z
"(72,4)",72,true,0,true,2026-08-24T10:05:04.033Z,1.12.6,1.8.1,,4.16.1,smallgroups-1-189-fs2-q3-findall,1692,237,"(72, 4)",2026-08-24T10:05:45.614Z
"(72,5)",72,true,0,true,2026-08-24T10:05:04.033Z,1.12.6,1.8.1,,4.16.1,smallgroups-1-189-fs2-q3-findall,1692,238,"(72, 5)",2026-08-24T10:05:45.657Z
"(72,6)",72,true,0,true,2026-08-24T10:05:04.033Z,1.12.6,1.8.1,,4.16.1,smallgroups-1-189-fs2-q3-findall,1692,239,"(72, 6)",2026-08-24T10:05:45.691Z
"(72,7)",72,true,0,true,2026-08-24T10:05:04.033Z,1.12.6,1.8.1,,4.16.1,smallgroups-1-189-fs2-q3-findall,1692,240,"(72, 7)",2026-08-24T10:05:45.74Z
"(72,8)",72,true,0,true,2026-08-24T10:05:04.033Z,1.12.6,1.8.1,,4.16.1,smallgroups-1-189-fs2-q3-findall,1692,241,"(72, 8)",2026-08-24T10:05:45.779Z
"(72,9)",72,true,0,true,2026-08-24T10:05:04.033Z,1.12.6,1.8.1,,4.16.1,smallgroups-1-189-fs2-q3-findall,1692,242,"(72, 9)",2026-08-24T10:05:46.065Z
"(72,10)",72,true,0,true,2026-08-24T10:05:04.033Z,1.12.6,1.8.1,,4.16.1,smallgroups-1-189-fs2-q3-findall,1692,243,"(72, 10)",2026-08-24T10:05:46.59Z
"(72,11)",72,true,0,true,2026-08-24T10:05:04.033Z,1.12.6,1.8.1,,4.16.1,smallgroups-1-189-fs2-q3-findall,1692,244,"(72, 11)",2026-08-24T10:05:46.704Z
"(72,12)",72,true,0,true,2026-08-24T10:05:04.033Z,1.12.6,1.8.1,,4.16.1,smallgroups-1-189-fs2-q3-findall,1692,245,"(72, 12)",2026-08-24T10:05:46.789Z
"(72,13)",72,true,0,true,2026-08-24T10:05:04.033Z,1.12.6,1.8.1,,4.16.1,smallgroups-1-189-fs2-q3-findall,1692,246,"(72, 13)",2026-08-24T10:05:46.835Z
"(72,14)",72,true,0,true,2026-08-24T10:05:04.033Z,1.12.6,1.8.1,,4.16.1,smallgroups-1-189-fs2-q3-findall,1692,247,"(72, 14)",2026-08-24T10:05:47.157Z
"(72,15)",72,true,0,true,2026-08-24T10:05:04.033Z,1.12.6,1.8.1,,4.16.1,smallgroups-1-189-fs2-q3-findall,1692,248,"(72, 15)",2026-08-24T10:05:47.175Z
"(72,16)",72,true,0,true,2026-08-24T10:05:04.033Z,1.12.6,1.8.1,,4.16.1,smallgroups-1-189-fs2-q3-findall,1692,249,"(72, 16)",2026-08-24T10:05:47.218Z
"(72,17)",72,true,0,true,2026-08-24T10:05:04.033Z,1.12.6,1.8.1,,4.16.1,smallgroups-1-189-fs2-q3-findall,1692,250,"(72, 17)",2026-08-24T10:05:47.276Z
"(72,18)",72,true,0,true,2026-08-24T10:05:04.033Z,1.12.6,1.8.1,,4.16.1,smallgroups-1-189-fs2-q3-findall,1692,251,"(72, 18)",2026-08-24T10:05:47.548Z
"(72,19)",72,true,0,true,2026-08-24T10:05:04.033Z,1.12.6,1.8.1,,4.16.1,smallgroups-1-189-fs2-q3-findall,1692,252,"(72, 19)",2026-08-24T10:05:47.916Z
"(72,20)",72,true,0,true,2026-08-24T10:05:04.033Z,1.12.6,1.8.1,,4.16.1,smallgroups-1-189-fs2-q3-findall,1692,253,"(72, 20)",2026-08-24T10:05:47.95Z
"(72,21)",72,true,0,true,2026-08-24T10:05:04.033Z,1.12.6,1.8.1,,4.16.1,smallgroups-1-189-fs2-q3-findall,1692,254,"(72, 21)",2026-08-24T10:05:47.982Z
"(72,22)",72,true,0,true,2026-08-24T10:05:04.033Z,1.12.6,1.8.1,,4.16.1,smallgroups-1-189-fs2-q3-findall,1692,255,"(72, 22)",2026-08-24T10:05:48.008Z
"(72,23)",72,true,0,true,2026-08-24T10:05:04.033Z,1.12.6,1.8.1,,4.16.1,smallgroups-1-189-fs2-q3-findall,1692,256,"(72, 23)",2026-08-24T10:05:48.033Z
"(72,24)",72,true,0,true,2026-08-24T10:05:04.033Z,1.12.6,1.8.1,,4.16.1,smallgroups-1-189-fs2-q3-findall,1692,257,"(72, 24)",2026-08-24T10:05:48.057Z
"(72,25)",72,true,0,true,2026-08-24T10:05:04.033Z,1.12.6,1.8.1,,4.16.1,smallgroups-1-189-fs2-q3-findall,1692,258,"(72, 25)",2026-08-24T10:05:48.119Z
"(72,26)",72,true,0,true,2026-08-24T10:05:04.033Z,1.12.6,1.8.1,,4.16.1,smallgroups-1-189-fs2-q3-findall,1692,259,"(72, 26)",2026-08-24T10:05:48.17Z
"(72,27)",72,true,0,true,2026-08-24T10:05:04.033Z,1.12.6,1.8.1,,4.16.1,smallgroups-1-189-fs2-q3-findall,1692,260,"(72, 27)",2026-08-24T10:05:48.255Z
"(72,28)",72,true,0,true,2026-08-24T10:05:04.033Z,1.12.6,1.8.1,,4.16.1,smallgroups-1-189-fs2-q3-findall,1692,261,"(72, 28)",2026-08-24T10:05:48.304Z
"(72,29)",72,true,0,true,2026-08-24T10:05:04.033Z,1.12.6,1.8.1,,4.16.1,smallgroups-1-189-fs2-q3-findall,1692,262,"(72, 29)",2026-08-24T10:05:48.395Z
"(72,30)",72,true,0,true,2026-08-24T10:05:04.033Z,1.12.6,1.8.1,,4.16.1,smallgroups-1-189-fs2-q3-findall,1692,263,"(72, 30)",2026-08-24T10:05:48.457Z
"(72,31)",72,true,0,true,2026-08-24T10:05:04.033Z,1.12.6,1.8.1,,4.16.1,smallgroups-1-189-fs2-q3-findall,1692,264,"(72, 31)",2026-08-24T10:05:48.499Z
"(72,32)",72,true,0,true,2026-08-24T10:05:04.033Z,1.12.6,1.8.1,,4.16.1,smallgroups-1-189-fs2-q3-findall,1692,265,"(72, 32)",2026-08-24T10:05:48.549Z
"(72,33)",72,true,0,true,2026-08-24T10:05:04.033Z,1.12.6,1.8.1,,4.16.1,smallgroups-1-189-fs2-q3-findall,1692,266,"(72, 33)",2026-08-24T10:05:48.59Z
"(72,34)",72,true,0,true,2026-08-24T10:05:04.033Z,1.12.6,1.8.1,,4.16.1,smallgroups-1-189-fs2-q3-findall,1692,267,"(72, 34)",2026-08-24T10:05:49.038Z
"(72,35)",72,true,0,true,2026-08-24T10:05:04.033Z,1.12.6,1.8.1,,4.16.1,smallgroups-1-189-fs2-q3-findall,1692,268,"(72, 35)",2026-08-24T10:05:49.083Z
"(72,36)",72,true,0,true,2026-08-24T10:05:04.033Z,1.12.6,1.8.1,,4.16.1,smallgroups-1-189-fs2-q3-findall,1692,269,"(72, 36)",2026-08-24T10:05:49.389Z
"(72,37)",72,true,0,true,2026-08-24T10:05:04.033Z,1.12.6,1.8.1,,4.16.1,smallgroups-1-189-fs2-q3-findall,1692,270,"(72, 37)",2026-08-24T10:05:49.515Z
"(72,38)",72,true,0,true,2026-08-24T10:05:04.033Z,1.12.6,1.8.1,,4.16.1,smallgroups-1-189-fs2-q3-findall,1692,271,"(72, 38)",2026-08-24T10:05:49.641Z
"(72,39)",72,true,0,true,2026-08-24T10:05:04.033Z,1.12.6,1.8.1,,4.16.1,smallgroups-1-189-fs2-q3-findall,1692,272,"(72, 39)",2026-08-24T10:05:49.658Z
"(72,40)",72,true,0,true,2026-08-24T10:05:04.033Z,1.12.6,1.8.1,,4.16.1,smallgroups-1-189-fs2-q3-findall,1692,273,"(72, 40)",2026-08-24T10:05:49.673Z
"(72,41)",72,true,0,true,2026-08-24T10:05:04.033Z,1.12.6,1.8.1,,4.16.1,smallgroups-1-189-fs2-q3-findall,1692,274,"(72, 41)",2026-08-24T10:05:49.684Z
"(72,42)",72,true,0,true,2026-08-24T10:05:04.033Z,1.12.6,1.8.1,,4.16.1,smallgroups-1-189-fs2-q3-findall,1692,275,"(72, 42)",2026-08-24T10:05:49.709Z
"(72,43)",72,true,0,true,2026-08-24T10:05:04.033Z,1.12.6,1.8.1,,4.16.1,smallgroups-1-189-fs2-q3-findall,1692,276,"(72, 43)",2026-08-24T10:05:50.947Z
"(72,44)",72,true,0,true,2026-08-24T10:05:04.033Z,1.12.6,1.8.1,,4.16.1,smallgroups-1-189-fs2-q3-findall,1692,277,"(72, 44)",2026-08-24T10:05:50.967Z
"(72,45)",72,true,0,true,2026-08-24T10:05:04.033Z,1.12.6,1.8.1,,4.16.1,smallgroups-1-189-fs2-q3-findall,1692,278,"(72, 45)",2026-08-24T10:05:50.989Z
"(72,46)",72,true,0,true,2026-08-24T10:05:04.033Z,1.12.6,1.8.1,,4.16.1,smallgroups-1-189-fs2-q3-findall,1692,279,"(72, 46)",2026-08-24T10:05:51.025Z
"(72,47)",72,true,0,true,2026-08-24T10:05:04.033Z,1.12.6,1.8.1,,4.16.1,smallgroups-1-189-fs2-q3-findall,1692,280,"(72, 47)",2026-08-24T10:05:51.07Z
"(72,48)",72,true,0,true,2026-08-24T10:05:04.033Z,1.12.6,1.8.1,,4.16.1,smallgroups-1-189-fs2-q3-findall,1692,281,"(72, 48)",2026-08-24T10:05:51.163Z
"(72,49)",72,true,0,true,2026-08-24T10:05:04.033Z,1.12.6,1.8.1,,4.16.1,smallgroups-1-189-fs2-q3-findall,1692,282,"(72, 49)",2026-08-24T10:05:51.223Z
"(72,50)",72,true,0,true,2026-08-24T10:05:04.033Z,1.12.6,1.8.1,,4.16.1,smallgroups-1-189-fs2-q3-findall,1692,283,"(72, 50)",2026-08-24T10:05:51.534Z
"(74,1)",74,true,0,true,2026-08-24T10:05:04.033Z,1.12.6,1.8.1,,4.16.1,smallgroups-1-189-fs2-q3-findall,1692,284,"(74, 1)",2026-08-24T10:05:51.809Z
"(74,2)",74,true,0,true,2026-08-24T10:05:04.033Z,1.12.6,1.8.1,,4.16.1,smallgroups-1-189-fs2-q3-findall,1692,285,"(74, 2)",2026-08-24T10:05:53.109Z
"(75,1)",75,true,0,true,2026-08-24T10:05:04.033Z,1.12.6,1.8.1,,4.16.1,smallgroups-1-189-fs2-q3-findall,1692,286,"(75, 1)",2026-08-24T10:05:54.035Z
"(75,2)",75,true,0,true,2026-08-24T10:05:04.033Z,1.12.6,1.8.1,,4.16.1,smallgroups-1-189-fs2-q3-findall,1692,287,"(75, 2)",2026-08-24T10:05:54.062Z
"(75,3)",75,true,0,true,2026-08-24T10:05:04.033Z,1.12.6,1.8.1,,4.16.1,smallgroups-1-189-fs2-q3-findall,1692,288,"(75, 3)",2026-08-24T10:05:54.432Z
"(76,1)",76,true,0,true,2026-08-24T10:05:04.033Z,1.12.6,1.8.1,,4.16.1,smallgroups-1-189-fs2-q3-findall,1692,289,"(76, 1)",2026-08-24T10:05:54.544Z
"(76,2)",76,true,0,true,2026-08-24T10:05:04.033Z,1.12.6,1.8.1,,4.16.1,smallgroups-1-189-fs2-q3-findall,1692,290,"(76, 2)",2026-08-24T10:05:56.461Z
"(76,3)",76,true,0,true,2026-08-24T10:05:04.033Z,1.12.6,1.8.1,,4.16.1,smallgroups-1-189-fs2-q3-findall,1692,291,"(76, 3)",2026-08-24T10:05:56.577Z
"(76,4)",76,true,0,true,2026-08-24T10:05:04.033Z,1.12.6,1.8.1,,4.16.1,smallgroups-1-189-fs2-q3-findall,1692,292,"(76, 4)",2026-08-24T10:05:57.442Z
"(77,1)",77,true,0,true,2026-08-24T10:05:04.033Z,1.12.6,1.8.1,,4.16.1,smallgroups-1-189-fs2-q3-findall,1692,293,"(77, 1)",2026-08-24T10:05:58.938Z
"(78,1)",78,true,0,true,2026-08-24T10:05:04.033Z,1.12.6,1.8.1,,4.16.1,smallgroups-1-189-fs2-q3-findall,1692,294,"(78, 1)",2026-08-24T10:05:58.959Z
"(78,2)",78,true,0,true,2026-08-24T10:05:04.033Z,1.12.6,1.8.1,,4.16.1,smallgroups-1-189-fs2-q3-findall,1692,295,"(78, 2)",2026-08-24T10:05:59.002Z
"(78,3)",78,true,0,true,2026-08-24T10:05:04.033Z,1.12.6,1.8.1,,4.16.1,smallgroups-1-189-fs2-q3-findall,1692,296,"(78, 3)",2026-08-24T10:05:59.135Z
"(78,4)",78,true,0,true,2026-08-24T10:05:04.033Z,1.12.6,1.8.1,,4.16.1,smallgroups-1-189-fs2-q3-findall,1692,297,"(78, 4)",2026-08-24T10:05:59.219Z
"(78,5)",78,true,0,true,2026-08-24T10:05:04.033Z,1.12.6,1.8.1,,4.16.1,smallgroups-1-189-fs2-q3-findall,1692,298,"(78, 5)",2026-08-24T10:05:59.307Z
"(78,6)",78,true,0,true,2026-08-24T10:05:04.033Z,1.12.6,1.8.1,,4.16.1,smallgroups-1-189-fs2-q3-findall,1692,299,"(78, 6)",2026-08-24T10:06:00.012Z
"(80,1)",80,true,0,true,2026-08-24T10:05:04.033Z,1.12.6,1.8.1,,4.16.1,smallgroups-1-189-fs2-q3-findall,1692,300,"(80, 1)",2026-08-24T10:06:00.092Z
"(80,2)",80,true,0,true,2026-08-24T10:05:04.033Z,1.12.6,1.8.1,,4.16.1,smallgroups-1-189-fs2-q3-findall,1692,301,"(80, 2)",2026-08-24T10:06:01.968Z
"(80,3)",80,true,0,true,2026-08-24T10:05:04.033Z,1.12.6,1.8.1,,4.16.1,smallgroups-1-189-fs2-q3-findall,1692,302,"(80, 3)",2026-08-24T10:06:02.009Z
"(80,4)",80,true,0,true,2026-08-24T10:05:04.033Z,1.12.6,1.8.1,,4.16.1,smallgroups-1-189-fs2-q3-findall,1692,303,"(80, 4)",2026-08-24T10:06:02.092Z
"(80,5)",80,true,0,true,2026-08-24T10:05:04.033Z,1.12.6,1.8.1,,4.16.1,smallgroups-1-189-fs2-q3-findall,1692,304,"(80, 5)",2026-08-24T10:06:02.15Z
"(80,6)",80,true,0,true,2026-08-24T10:05:04.033Z,1.12.6,1.8.1,,4.16.1,smallgroups-1-189-fs2-q3-findall,1692,305,"(80, 6)",2026-08-24T10:06:02.199Z
"(80,7)",80,true,0,true,2026-08-24T10:05:04.033Z,1.12.6,1.8.1,,4.16.1,smallgroups-1-189-fs2-q3-findall,1692,306,"(80, 7)",2026-08-24T10:06:02.248Z
"(80,8)",80,true,0,true,2026-08-24T10:05:04.033Z,1.12.6,1.8.1,,4.16.1,smallgroups-1-189-fs2-q3-findall,1692,307,"(80, 8)",2026-08-24T10:06:02.297Z
"(80,9)",80,true,0,true,2026-08-24T10:05:04.033Z,1.12.6,1.8.1,,4.16.1,smallgroups-1-189-fs2-q3-findall,1692,308,"(80, 9)",2026-08-24T10:06:02.382Z
"(80,10)",80,true,0,true,2026-08-24T10:05:04.033Z,1.12.6,1.8.1,,4.16.1,smallgroups-1-189-fs2-q3-findall,1692,309,"(80, 10)",2026-08-24T10:06:02.446Z
"(80,11)",80,true,0,true,2026-08-24T10:05:04.033Z,1.12.6,1.8.1,,4.16.1,smallgroups-1-189-fs2-q3-findall,1692,310,"(80, 11)",2026-08-24T10:06:02.538Z
"(80,12)",80,true,0,true,2026-08-24T10:05:04.033Z,1.12.6,1.8.1,,4.16.1,smallgroups-1-189-fs2-q3-findall,1692,311,"(80, 12)",2026-08-24T10:06:02.606Z
"(80,13)",80,true,0,true,2026-08-24T10:05:04.033Z,1.12.6,1.8.1,,4.16.1,smallgroups-1-189-fs2-q3-findall,1692,312,"(80, 13)",2026-08-24T10:06:02.678Z
"(80,14)",80,true,0,true,2026-08-24T10:05:04.033Z,1.12.6,1.8.1,,4.16.1,smallgroups-1-189-fs2-q3-findall,1692,313,"(80, 14)",2026-08-24T10:06:02.747Z
"(80,15)",80,true,0,true,2026-08-24T10:05:04.033Z,1.12.6,1.8.1,,4.16.1,smallgroups-1-189-fs2-q3-findall,1692,314,"(80, 15)",2026-08-24T10:06:03.228Z
"(80,16)",80,true,0,true,2026-08-24T10:05:04.033Z,1.12.6,1.8.1,,4.16.1,smallgroups-1-189-fs2-q3-findall,1692,315,"(80, 16)",2026-08-24T10:06:03.268Z
"(80,17)",80,true,0,true,2026-08-24T10:05:04.033Z,1.12.6,1.8.1,,4.16.1,smallgroups-1-189-fs2-q3-findall,1692,316,"(80, 17)",2026-08-24T10:06:03.307Z
"(80,18)",80,true,0,true,2026-08-24T10:05:04.033Z,1.12.6,1.8.1,,4.16.1,smallgroups-1-189-fs2-q3-findall,1692,317,"(80, 18)",2026-08-24T10:06:03.345Z
"(80,19)",80,true,0,true,2026-08-24T10:05:04.033Z,1.12.6,1.8.1,,4.16.1,smallgroups-1-189-fs2-q3-findall,1692,318,"(80, 19)",2026-08-24T10:06:03.424Z
"(80,20)",80,true,0,true,2026-08-24T10:05:04.033Z,1.12.6,1.8.1,,4.16.1,smallgroups-1-189-fs2-q3-findall,1692,319,"(80, 20)",2026-08-24T10:06:03.964Z
"(80,21)",80,true,0,true,2026-08-24T10:05:04.033Z,1.12.6,1.8.1,,4.16.1,smallgroups-1-189-fs2-q3-findall,1692,320,"(80, 21)",2026-08-24T10:06:04.169Z
"(80,22)",80,true,0,true,2026-08-24T10:05:04.033Z,1.12.6,1.8.1,,4.16.1,smallgroups-1-189-fs2-q3-findall,1692,321,"(80, 22)",2026-08-24T10:06:04.676Z
"(80,23)",80,true,0,true,2026-08-24T10:05:04.033Z,1.12.6,1.8.1,,4.16.1,smallgroups-1-189-fs2-q3-findall,1692,322,"(80, 23)",2026-08-24T10:06:05.28Z
"(80,24)",80,true,0,true,2026-08-24T10:05:04.033Z,1.12.6,1.8.1,,4.16.1,smallgroups-1-189-fs2-q3-findall,1692,323,"(80, 24)",2026-08-24T10:06:05.797Z
"(80,25)",80,true,0,true,2026-08-24T10:05:04.033Z,1.12.6,1.8.1,,4.16.1,smallgroups-1-189-fs2-q3-findall,1692,324,"(80, 25)",2026-08-24T10:06:05.886Z
"(80,26)",80,true,0,true,2026-08-24T10:05:04.033Z,1.12.6,1.8.1,,4.16.1,smallgroups-1-189-fs2-q3-findall,1692,325,"(80, 26)",2026-08-24T10:06:05.973Z
"(80,27)",80,true,0,true,2026-08-24T10:05:04.033Z,1.12.6,1.8.1,,4.16.1,smallgroups-1-189-fs2-q3-findall,1692,326,"(80, 27)",2026-08-24T10:06:06.059Z
"(80,28)",80,true,0,true,2026-08-24T10:05:04.033Z,1.12.6,1.8.1,,4.16.1,smallgroups-1-189-fs2-q3-findall,1692,327,"(80, 28)",2026-08-24T10:06:06.097Z
"(80,29)",80,true,0,true,2026-08-24T10:05:04.033Z,1.12.6,1.8.1,,4.16.1,smallgroups-1-189-fs2-q3-findall,1692,328,"(80, 29)",2026-08-24T10:06:06.119Z
"(80,30)",80,true,0,true,2026-08-24T10:05:04.033Z,1.12.6,1.8.1,,4.16.1,smallgroups-1-189-fs2-q3-findall,1692,329,"(80, 30)",2026-08-24T10:06:06.157Z
"(80,31)",80,true,0,true,2026-08-24T10:05:04.033Z,1.12.6,1.8.1,,4.16.1,smallgroups-1-189-fs2-q3-findall,1692,330,"(80, 31)",2026-08-24T10:06:06.179Z
"(80,32)",80,true,0,true,2026-08-24T10:05:04.033Z,1.12.6,1.8.1,,4.16.1,smallgroups-1-189-fs2-q3-findall,1692,331,"(80, 32)",2026-08-24T10:06:06.218Z
"(80,33)",80,true,0,true,2026-08-24T10:05:04.033Z,1.12.6,1.8.1,,4.16.1,smallgroups-1-189-fs2-q3-findall,1692,332,"(80, 33)",2026-08-24T10:06:06.241Z
"(80,34)",80,true,0,true,2026-08-24T10:05:04.033Z,1.12.6,1.8.1,,4.16.1,smallgroups-1-189-fs2-q3-findall,1692,333,"(80, 34)",2026-08-24T10:06:06.266Z
"(80,35)",80,true,0,true,2026-08-24T10:05:04.033Z,1.12.6,1.8.1,,4.16.1,smallgroups-1-189-fs2-q3-findall,1692,334,"(80, 35)",2026-08-24T10:06:06.333Z
"(80,36)",80,true,0,true,2026-08-24T10:05:04.033Z,1.12.6,1.8.1,,4.16.1,smallgroups-1-189-fs2-q3-findall,1692,335,"(80, 36)",2026-08-24T10:06:07.587Z
"(80,37)",80,true,0,true,2026-08-24T10:05:04.033Z,1.12.6,1.8.1,,4.16.1,smallgroups-1-189-fs2-q3-findall,1692,336,"(80, 37)",2026-08-24T10:06:07.66Z
"(80,38)",80,true,0,true,2026-08-24T10:05:04.033Z,1.12.6,1.8.1,,4.16.1,smallgroups-1-189-fs2-q3-findall,1692,337,"(80, 38)",2026-08-24T10:06:07.728Z
"(80,39)",80,true,0,true,2026-08-24T10:05:04.033Z,1.12.6,1.8.1,,4.16.1,smallgroups-1-189-fs2-q3-findall,1692,338,"(80, 39)",2026-08-24T10:06:07.782Z
"(80,40)",80,true,0,true,2026-08-24T10:05:04.033Z,1.12.6,1.8.1,,4.16.1,smallgroups-1-189-fs2-q3-findall,1692,339,"(80, 40)",2026-08-24T10:06:07.831Z
"(80,41)",80,true,0,true,2026-08-24T10:05:04.033Z,1.12.6,1.8.1,,4.16.1,smallgroups-1-189-fs2-q3-findall,1692,340,"(80, 41)",2026-08-24T10:06:07.882Z
"(80,42)",80,true,0,true,2026-08-24T10:05:04.033Z,1.12.6,1.8.1,,4.16.1,smallgroups-1-189-fs2-q3-findall,1692,341,"(80, 42)",2026-08-24T10:06:07.931Z
"(80,43)",80,true,0,true,2026-08-24T10:05:04.033Z,1.12.6,1.8.1,,4.16.1,smallgroups-1-189-fs2-q3-findall,1692,342,"(80, 43)",2026-08-24T10:06:08.038Z
"(80,44)",80,true,0,true,2026-08-24T10:05:04.033Z,1.12.6,1.8.1,,4.16.1,smallgroups-1-189-fs2-q3-findall,1692,343,"(80, 44)",2026-08-24T10:06:08.119Z
"(80,45)",80,true,0,true,2026-08-24T10:05:04.033Z,1.12.6,1.8.1,,4.16.1,smallgroups-1-189-fs2-q3-findall,1692,344,"(80, 45)",2026-08-24T10:06:08.654Z
"(80,46)",80,true,0,true,2026-08-24T10:05:04.033Z,1.12.6,1.8.1,,4.16.1,smallgroups-1-189-fs2-q3-findall,1692,345,"(80, 46)",2026-08-24T10:06:09.34Z
"(80,47)",80,true,0,true,2026-08-24T10:05:04.033Z,1.12.6,1.8.1,,4.16.1,smallgroups-1-189-fs2-q3-findall,1692,346,"(80, 47)",2026-08-24T10:06:09.531Z
"(80,48)",80,true,0,true,2026-08-24T10:05:04.033Z,1.12.6,1.8.1,,4.16.1,smallgroups-1-189-fs2-q3-findall,1692,347,"(80, 48)",2026-08-24T10:06:09.704Z
"(80,49)",80,true,0,true,2026-08-24T10:05:04.033Z,1.12.6,1.8.1,,4.16.1,smallgroups-1-189-fs2-q3-findall,1692,348,"(80, 49)",2026-08-24T10:06:09.719Z
"(80,50)",80,true,0,true,2026-08-24T10:05:04.033Z,1.12.6,1.8.1,,4.16.1,smallgroups-1-189-fs2-q3-findall,1692,349,"(80, 50)",2026-08-24T10:06:09.76Z
"(80,51)",80,true,0,true,2026-08-24T10:05:04.033Z,1.12.6,1.8.1,,4.16.1,smallgroups-1-189-fs2-q3-findall,1692,350,"(80, 51)",2026-08-24T10:06:09.885Z
"(80,52)",80,true,0,true,2026-08-24T10:05:04.033Z,1.12.6,1.8.1,,4.16.1,smallgroups-1-189-fs2-q3-findall,1692,351,"(80, 52)",2026-08-24T10:06:10.875Z
"(82,1)",82,true,0,true,2026-08-24T10:05:04.033Z,1.12.6,1.8.1,,4.16.1,smallgroups-1-189-fs2-q3-findall,1692,352,"(82, 1)",2026-08-24T10:06:11.251Z
"(82,2)",82,true,0,true,2026-08-24T10:05:04.033Z,1.12.6,1.8.1,,4.16.1,smallgroups-1-189-fs2-q3-findall,1692,353,"(82, 2)",2026-08-24T10:06:13.432Z
"(84,1)",84,true,0,true,2026-08-24T10:05:04.033Z,1.12.6,1.8.1,,4.16.1,smallgroups-1-189-fs2-q3-findall,1692,354,"(84, 1)",2026-08-24T10:06:13.458Z
"(84,2)",84,true,0,true,2026-08-24T10:05:04.033Z,1.12.6,1.8.1,,4.16.1,smallgroups-1-189-fs2-q3-findall,1692,355,"(84, 2)",2026-08-24T10:06:13.515Z
"(84,3)",84,true,0,true,2026-08-24T10:05:04.033Z,1.12.6,1.8.1,,4.16.1,smallgroups-1-189-fs2-q3-findall,1692,356,"(84, 3)",2026-08-24T10:06:13.656Z
"(84,4)",84,true,0,true,2026-08-24T10:05:04.033Z,1.12.6,1.8.1,,4.16.1,smallgroups-1-189-fs2-q3-findall,1692,357,"(84, 4)",2026-08-24T10:06:13.741Z
"(84,5)",84,true,0,true,2026-08-24T10:05:04.033Z,1.12.6,1.8.1,,4.16.1,smallgroups-1-189-fs2-q3-findall,1692,358,"(84, 5)",2026-08-24T10:06:14.098Z
"(84,6)",84,true,0,true,2026-08-24T10:05:04.033Z,1.12.6,1.8.1,,4.16.1,smallgroups-1-189-fs2-q3-findall,1692,359,"(84, 6)",2026-08-24T10:06:14.675Z
"(84,7)",84,true,0,true,2026-08-24T10:05:04.033Z,1.12.6,1.8.1,,4.16.1,smallgroups-1-189-fs2-q3-findall,1692,360,"(84, 7)",2026-08-24T10:06:14.699Z
"(84,8)",84,true,0,true,2026-08-24T10:05:04.033Z,1.12.6,1.8.1,,4.16.1,smallgroups-1-189-fs2-q3-findall,1692,361,"(84, 8)",2026-08-24T10:06:14.734Z
"(84,9)",84,true,0,true,2026-08-24T10:05:04.033Z,1.12.6,1.8.1,,4.16.1,smallgroups-1-189-fs2-q3-findall,1692,362,"(84, 9)",2026-08-24T10:06:14.783Z
"(84,10)",84,true,0,true,2026-08-24T10:05:04.033Z,1.12.6,1.8.1,,4.16.1,smallgroups-1-189-fs2-q3-findall,1692,363,"(84, 10)",2026-08-24T10:06:14.843Z
"(84,11)",84,true,0,true,2026-08-24T10:05:04.033Z,1.12.6,1.8.1,,4.16.1,smallgroups-1-189-fs2-q3-findall,1692,364,"(84, 11)",2026-08-24T10:06:14.87Z
"(84,12)",84,true,0,true,2026-08-24T10:05:04.033Z,1.12.6,1.8.1,,4.16.1,smallgroups-1-189-fs2-q3-findall,1692,365,"(84, 12)",2026-08-24T10:06:14.964Z
"(84,13)",84,true,0,true,2026-08-24T10:05:04.033Z,1.12.6,1.8.1,,4.16.1,smallgroups-1-189-fs2-q3-findall,1692,366,"(84, 13)",2026-08-24T10:06:15.338Z
"(84,14)",84,true,0,true,2026-08-24T10:05:04.033Z,1.12.6,1.8.1,,4.16.1,smallgroups-1-189-fs2-q3-findall,1692,367,"(84, 14)",2026-08-24T10:06:15.422Z
"(84,15)",84,true,0,true,2026-08-24T10:05:04.033Z,1.12.6,1.8.1,,4.16.1,smallgroups-1-189-fs2-q3-findall,1692,368,"(84, 15)",2026-08-24T10:06:15.883Z
"(85,1)",85,true,0,true,2026-08-24T10:05:04.033Z,1.12.6,1.8.1,,4.16.1,smallgroups-1-189-fs2-q3-findall,1692,369,"(85, 1)",2026-08-24T10:06:18.892Z
"(86,1)",86,true,0,true,2026-08-24T10:05:04.033Z,1.12.6,1.8.1,,4.16.1,smallgroups-1-189-fs2-q3-findall,1692,370,"(86, 1)",2026-08-24T10:06:19.332Z
"(86,2)",86,true,0,true,2026-08-24T10:05:04.033Z,1.12.6,1.8.1,,4.16.1,smallgroups-1-189-fs2-q3-findall,1692,371,"(86, 2)",2026-08-24T10:06:20.915Z
"(87,1)",87,true,0,true,2026-08-24T10:05:04.033Z,1.12.6,1.8.1,,4.16.1,smallgroups-1-189-fs2-q3-findall,1692,372,"(87, 1)",2026-08-24T10:06:22.135Z
"(88,1)",88,true,0,true,2026-08-24T10:05:04.033Z,1.12.6,1.8.1,,4.16.1,smallgroups-1-189-fs2-q3-findall,1692,373,"(88, 1)",2026-08-24T10:06:22.219Z
"(88,2)",88,true,0,true,2026-08-24T10:05:04.033Z,1.12.6,1.8.1,,4.16.1,smallgroups-1-189-fs2-q3-findall,1692,374,"(88, 2)",2026-08-24T10:06:24.611Z
"(88,3)",88,true,0,true,2026-08-24T10:05:04.033Z,1.12.6,1.8.1,,4.16.1,smallgroups-1-189-fs2-q3-findall,1692,375,"(88, 3)",2026-08-24T10:06:24.69Z
"(88,4)",88,true,0,true,2026-08-24T10:05:04.033Z,1.12.6,1.8.1,,4.16.1,smallgroups-1-189-fs2-q3-findall,1692,376,"(88, 4)",2026-08-24T10:06:24.78Z
"(88,5)",88,true,0,true,2026-08-24T10:05:04.033Z,1.12.6,1.8.1,,4.16.1,smallgroups-1-189-fs2-q3-findall,1692,377,"(88, 5)",2026-08-24T10:06:24.857Z
"(88,6)",88,true,0,true,2026-08-24T10:05:04.033Z,1.12.6,1.8.1,,4.16.1,smallgroups-1-189-fs2-q3-findall,1692,378,"(88, 6)",2026-08-24T10:06:24.962Z
"(88,7)",88,true,0,true,2026-08-24T10:05:04.033Z,1.12.6,1.8.1,,4.16.1,smallgroups-1-189-fs2-q3-findall,1692,379,"(88, 7)",2026-08-24T10:06:25.053Z
"(88,8)",88,true,0,true,2026-08-24T10:05:04.033Z,1.12.6,1.8.1,,4.16.1,smallgroups-1-189-fs2-q3-findall,1692,380,"(88, 8)",2026-08-24T10:06:25.81Z
"(88,9)",88,true,0,true,2026-08-24T10:05:04.033Z,1.12.6,1.8.1,,4.16.1,smallgroups-1-189-fs2-q3-findall,1692,381,"(88, 9)",2026-08-24T10:06:26.468Z
"(88,10)",88,true,0,true,2026-08-24T10:05:04.033Z,1.12.6,1.8.1,,4.16.1,smallgroups-1-189-fs2-q3-findall,1692,382,"(88, 10)",2026-08-24T10:06:26.7Z
"(88,11)",88,true,0,true,2026-08-24T10:05:04.033Z,1.12.6,1.8.1,,4.16.1,smallgroups-1-189-fs2-q3-findall,1692,383,"(88, 11)",2026-08-24T10:06:26.809Z
"(88,12)",88,true,0,true,2026-08-24T10:05:04.033Z,1.12.6,1.8.1,,4.16.1,smallgroups-1-189-fs2-q3-findall,1692,384,"(88, 12)",2026-08-24T10:06:27.764Z
"(90,1)",90,true,0,true,2026-08-24T10:05:04.033Z,1.12.6,1.8.1,,4.16.1,smallgroups-1-189-fs2-q3-findall,1692,385,"(90, 1)",2026-08-24T10:06:27.848Z
"(90,2)",90,true,0,true,2026-08-24T10:05:04.033Z,1.12.6,1.8.1,,4.16.1,smallgroups-1-189-fs2-q3-findall,1692,386,"(90, 2)",2026-08-24T10:06:27.946Z
"(90,3)",90,true,0,true,2026-08-24T10:05:04.033Z,1.12.6,1.8.1,,4.16.1,smallgroups-1-189-fs2-q3-findall,1692,387,"(90, 3)",2026-08-24T10:06:28.015Z
"(90,4)",90,true,0,true,2026-08-24T10:05:04.033Z,1.12.6,1.8.1,,4.16.1,smallgroups-1-189-fs2-q3-findall,1692,388,"(90, 4)",2026-08-24T10:06:28.52Z
"(90,5)",90,true,0,true,2026-08-24T10:05:04.033Z,1.12.6,1.8.1,,4.16.1,smallgroups-1-189-fs2-q3-findall,1692,389,"(90, 5)",2026-08-24T10:06:28.942Z
"(90,6)",90,true,0,true,2026-08-24T10:05:04.033Z,1.12.6,1.8.1,,4.16.1,smallgroups-1-189-fs2-q3-findall,1692,390,"(90, 6)",2026-08-24T10:06:29.083Z
"(90,7)",90,true,0,true,2026-08-24T10:05:04.033Z,1.12.6,1.8.1,,4.16.1,smallgroups-1-189-fs2-q3-findall,1692,391,"(90, 7)",2026-08-24T10:06:29.16Z
"(90,8)",90,true,0,true,2026-08-24T10:05:04.033Z,1.12.6,1.8.1,,4.16.1,smallgroups-1-189-fs2-q3-findall,1692,392,"(90, 8)",2026-08-24T10:06:29.24Z
"(90,9)",90,true,0,true,2026-08-24T10:05:04.033Z,1.12.6,1.8.1,,4.16.1,smallgroups-1-189-fs2-q3-findall,1692,393,"(90, 9)",2026-08-24T10:06:29.314Z
"(90,10)",90,true,0,true,2026-08-24T10:05:04.033Z,1.12.6,1.8.1,,4.16.1,smallgroups-1-189-fs2-q3-findall,1692,394,"(90, 10)",2026-08-24T10:06:30.978Z
"(91,1)",91,true,0,true,2026-08-24T10:05:04.033Z,1.12.6,1.8.1,,4.16.1,smallgroups-1-189-fs2-q3-findall,1692,395,"(91, 1)",2026-08-24T10:06:33.456Z
"(92,1)",92,true,0,true,2026-08-24T10:05:04.033Z,1.12.6,1.8.1,,4.16.1,smallgroups-1-189-fs2-q3-findall,1692,396,"(92, 1)",2026-08-24T10:06:33.871Z
"(92,2)",92,true,0,true,2026-08-24T10:05:04.033Z,1.12.6,1.8.1,,4.16.1,smallgroups-1-189-fs2-q3-findall,1692,397,"(92, 2)",2026-08-24T10:06:36.307Z
"(92,3)",92,true,0,true,2026-08-24T10:05:04.033Z,1.12.6,1.8.1,,4.16.1,smallgroups-1-189-fs2-q3-findall,1692,398,"(92, 3)",2026-08-24T10:06:36.492Z
"(92,4)",92,true,0,true,2026-08-24T10:05:04.033Z,1.12.6,1.8.1,,4.16.1,smallgroups-1-189-fs2-q3-findall,1692,399,"(92, 4)",2026-08-24T10:06:37.674Z
"(93,1)",93,true,0,true,2026-08-24T10:05:04.033Z,1.12.6,1.8.1,,4.16.1,smallgroups-1-189-fs2-q3-findall,1692,400,"(93, 1)",2026-08-24T10:06:37.792Z
"(93,2)",93,true,0,true,2026-08-24T10:05:04.033Z,1.12.6,1.8.1,,4.16.1,smallgroups-1-189-fs2-q3-findall,1692,401,"(93, 2)",2026-08-24T10:06:39.307Z
"(94,1)",94,true,0,true,2026-08-24T10:05:04.033Z,1.12.6,1.8.1,,4.16.1,smallgroups-1-189-fs2-q3-findall,1692,402,"(94, 1)",2026-08-24T10:06:40.138Z
"(94,2)",94,true,0,true,2026-08-24T10:05:04.033Z,1.12.6,1.8.1,,4.16.1,smallgroups-1-189-fs2-q3-findall,1692,403,"(94, 2)",2026-08-24T10:06:42.934Z
"(95,1)",95,true,0,true,2026-08-24T10:05:04.033Z,1.12.6,1.8.1,,4.16.1,smallgroups-1-189-fs2-q3-findall,1692,404,"(95, 1)",2026-08-24T10:06:45.636Z
"(96,1)",96,true,0,true,2026-08-24T10:05:04.033Z,1.12.6,1.8.1,,4.16.1,smallgroups-1-189-fs2-q3-findall,1692,405,"(96, 1)",2026-08-24T10:06:45.804Z
"(96,2)",96,true,0,true,2026-08-24T10:05:04.033Z,1.12.6,1.8.1,,4.16.1,smallgroups-1-189-fs2-q3-findall,1692,406,"(96, 2)",2026-08-24T10:06:46.796Z
"(96,3)",96,true,0,true,2026-08-24T10:05:04.033Z,1.12.6,1.8.1,,4.16.1,smallgroups-1-189-fs2-q3-findall,1692,407,"(96, 3)",2026-08-24T10:06:46.837Z
"(96,4)",96,true,0,true,2026-08-24T10:05:04.033Z,1.12.6,1.8.1,,4.16.1,smallgroups-1-189-fs2-q3-findall,1692,408,"(96, 4)",2026-08-24T10:06:46.992Z
"(96,5)",96,true,0,true,2026-08-24T10:05:04.033Z,1.12.6,1.8.1,,4.16.1,smallgroups-1-189-fs2-q3-findall,1692,409,"(96, 5)",2026-08-24T10:06:47.078Z
"(96,6)",96,true,0,true,2026-08-24T10:05:04.033Z,1.12.6,1.8.1,,4.16.1,smallgroups-1-189-fs2-q3-findall,1692,410,"(96, 6)",2026-08-24T10:06:47.127Z
"(96,7)",96,true,0,true,2026-08-24T10:05:04.033Z,1.12.6,1.8.1,,4.16.1,smallgroups-1-189-fs2-q3-findall,1692,411,"(96, 7)",2026-08-24T10:06:47.176Z
"(96,8)",96,true,0,true,2026-08-24T10:05:04.033Z,1.12.6,1.8.1,,4.16.1,smallgroups-1-189-fs2-q3-findall,1692,412,"(96, 8)",2026-08-24T10:06:47.225Z
"(96,9)",96,true,0,true,2026-08-24T10:05:04.033Z,1.12.6,1.8.1,,4.16.1,smallgroups-1-189-fs2-q3-findall,1692,413,"(96, 9)",2026-08-24T10:06:47.723Z
"(96,10)",96,true,0,true,2026-08-24T10:05:04.033Z,1.12.6,1.8.1,,4.16.1,smallgroups-1-189-fs2-q3-findall,1692,414,"(96, 10)",2026-08-24T10:06:47.802Z
"(96,11)",96,true,0,true,2026-08-24T10:05:04.033Z,1.12.6,1.8.1,,4.16.1,smallgroups-1-189-fs2-q3-findall,1692,415,"(96, 11)",2026-08-24T10:06:47.877Z
"(96,12)",96,true,0,true,2026-08-24T10:05:04.033Z,1.12.6,1.8.1,,4.16.1,smallgroups-1-189-fs2-q3-findall,1692,416,"(96, 12)",2026-08-24T10:06:47.931Z
"(96,13)",96,true,0,true,2026-08-24T10:05:04.033Z,1.12.6,1.8.1,,4.16.1,smallgroups-1-189-fs2-q3-findall,1692,417,"(96, 13)",2026-08-24T10:06:47.969Z
"(96,14)",96,true,0,true,2026-08-24T10:05:04.033Z,1.12.6,1.8.1,,4.16.1,smallgroups-1-189-fs2-q3-findall,1692,418,"(96, 14)",2026-08-24T10:06:48.01Z
"(96,15)",96,true,0,true,2026-08-24T10:05:04.033Z,1.12.6,1.8.1,,4.16.1,smallgroups-1-189-fs2-q3-findall,1692,419,"(96, 15)",2026-08-24T10:06:48.051Z
"(96,16)",96,true,0,true,2026-08-24T10:05:04.033Z,1.12.6,1.8.1,,4.16.1,smallgroups-1-189-fs2-q3-findall,1692,420,"(96, 16)",2026-08-24T10:06:48.092Z
"(96,17)",96,true,0,true,2026-08-24T10:05:04.033Z,1.12.6,1.8.1,,4.16.1,smallgroups-1-189-fs2-q3-findall,1692,421,"(96, 17)",2026-08-24T10:06:48.134Z
"(96,18)",96,true,0,true,2026-08-24T10:05:04.033Z,1.12.6,1.8.1,,4.16.1,smallgroups-1-189-fs2-q3-findall,1692,422,"(96, 18)",2026-08-24T10:06:49.476Z
"(96,19)",96,true,0,true,2026-08-24T10:05:04.033Z,1.12.6,1.8.1,,4.16.1,smallgroups-1-189-fs2-q3-findall,1692,423,"(96, 19)",2026-08-24T10:06:49.553Z
"(96,20)",96,true,0,true,2026-08-24T10:05:04.033Z,1.12.6,1.8.1,,4.16.1,smallgroups-1-189-fs2-q3-findall,1692,424,"(96, 20)",2026-08-24T10:06:49.711Z
"(96,21)",96,true,0,true,2026-08-24T10:05:04.033Z,1.12.6,1.8.1,,4.16.1,smallgroups-1-189-fs2-q3-findall,1692,425,"(96, 21)",2026-08-24T10:06:49.791Z
"(96,22)",96,true,0,true,2026-08-24T10:05:04.033Z,1.12.6,1.8.1,,4.16.1,smallgroups-1-189-fs2-q3-findall,1692,426,"(96, 22)",2026-08-24T10:06:49.866Z
"(96,23)",96,true,0,true,2026-08-24T10:05:04.033Z,1.12.6,1.8.1,,4.16.1,smallgroups-1-189-fs2-q3-findall,1692,427,"(96, 23)",2026-08-24T10:06:49.92Z
"(96,24)",96,true,0,true,2026-08-24T10:05:04.033Z,1.12.6,1.8.1,,4.16.1,smallgroups-1-189-fs2-q3-findall,1692,428,"(96, 24)",2026-08-24T10:06:49.973Z
"(96,25)",96,true,0,true,2026-08-24T10:05:04.033Z,1.12.6,1.8.1,,4.16.1,smallgroups-1-189-fs2-q3-findall,1692,429,"(96, 25)",2026-08-24T10:06:50.026Z
"(96,26)",96,true,0,true,2026-08-24T10:05:04.033Z,1.12.6,1.8.1,,4.16.1,smallgroups-1-189-fs2-q3-findall,1692,430,"(96, 26)",2026-08-24T10:06:50.082Z
"(96,27)",96,true,0,true,2026-08-24T10:05:04.033Z,1.12.6,1.8.1,,4.16.1,smallgroups-1-189-fs2-q3-findall,1692,431,"(96, 27)",2026-08-24T10:06:50.169Z
"(96,28)",96,true,0,true,2026-08-24T10:05:04.033Z,1.12.6,1.8.1,,4.16.1,smallgroups-1-189-fs2-q3-findall,1692,432,"(96, 28)",2026-08-24T10:06:50.229Z
"(96,29)",96,true,0,true,2026-08-24T10:05:04.033Z,1.12.6,1.8.1,,4.16.1,smallgroups-1-189-fs2-q3-findall,1692,433,"(96, 29)",2026-08-24T10:06:50.273Z
"(96,30)",96,true,0,true,2026-08-24T10:05:04.033Z,1.12.6,1.8.1,,4.16.1,smallgroups-1-189-fs2-q3-findall,1692,434,"(96, 30)",2026-08-24T10:06:50.313Z
"(96,31)",96,true,0,true,2026-08-24T10:05:04.033Z,1.12.6,1.8.1,,4.16.1,smallgroups-1-189-fs2-q3-findall,1692,435,"(96, 31)",2026-08-24T10:06:50.353Z
"(96,32)",96,true,0,true,2026-08-24T10:05:04.033Z,1.12.6,1.8.1,,4.16.1,smallgroups-1-189-fs2-q3-findall,1692,436,"(96, 32)",2026-08-24T10:06:50.398Z
"(96,33)",96,true,0,true,2026-08-24T10:05:04.033Z,1.12.6,1.8.1,,4.16.1,smallgroups-1-189-fs2-q3-findall,1692,437,"(96, 33)",2026-08-24T10:06:50.428Z
"(96,34)",96,true,0,true,2026-08-24T10:05:04.033Z,1.12.6,1.8.1,,4.16.1,smallgroups-1-189-fs2-q3-findall,1692,438,"(96, 34)",2026-08-24T10:06:50.458Z
"(96,35)",96,true,0,true,2026-08-24T10:05:04.033Z,1.12.6,1.8.1,,4.16.1,smallgroups-1-189-fs2-q3-findall,1692,439,"(96, 35)",2026-08-24T10:06:50.488Z
"(96,36)",96,true,0,true,2026-08-24T10:05:04.033Z,1.12.6,1.8.1,,4.16.1,smallgroups-1-189-fs2-q3-findall,1692,440,"(96, 36)",2026-08-24T10:06:50.518Z
"(96,37)",96,true,0,true,2026-08-24T10:05:04.033Z,1.12.6,1.8.1,,4.16.1,smallgroups-1-189-fs2-q3-findall,1692,441,"(96, 37)",2026-08-24T10:06:50.606Z
"(96,38)",96,true,0,true,2026-08-24T10:05:04.033Z,1.12.6,1.8.1,,4.16.1,smallgroups-1-189-fs2-q3-findall,1692,442,"(96, 38)",2026-08-24T10:06:50.702Z
"(96,39)",96,true,0,true,2026-08-24T10:05:04.033Z,1.12.6,1.8.1,,4.16.1,smallgroups-1-189-fs2-q3-findall,1692,443,"(96, 39)",2026-08-24T10:06:50.753Z
"(96,40)",96,true,0,true,2026-08-24T10:05:04.033Z,1.12.6,1.8.1,,4.16.1,smallgroups-1-189-fs2-q3-findall,1692,444,"(96, 40)",2026-08-24T10:06:51.362Z
"(96,41)",96,true,0,true,2026-08-24T10:05:04.033Z,1.12.6,1.8.1,,4.16.1,smallgroups-1-189-fs2-q3-findall,1692,445,"(96, 41)",2026-08-24T10:06:51.407Z
"(96,42)",96,true,0,true,2026-08-24T10:05:04.033Z,1.12.6,1.8.1,,4.16.1,smallgroups-1-189-fs2-q3-findall,1692,446,"(96, 42)",2026-08-24T10:06:51.457Z
"(96,43)",96,true,0,true,2026-08-24T10:05:04.033Z,1.12.6,1.8.1,,4.16.1,smallgroups-1-189-fs2-q3-findall,1692,447,"(96, 43)",2026-08-24T10:06:51.5Z
"(96,44)",96,true,0,true,2026-08-24T10:05:04.033Z,1.12.6,1.8.1,,4.16.1,smallgroups-1-189-fs2-q3-findall,1692,448,"(96, 44)",2026-08-24T10:06:51.546Z
"(96,45)",96,true,0,true,2026-08-24T10:05:04.033Z,1.12.6,1.8.1,,4.16.1,smallgroups-1-189-fs2-q3-findall,1692,449,"(96, 45)",2026-08-24T10:06:51.768Z
"(96,46)",96,true,0,true,2026-08-24T10:05:04.033Z,1.12.6,1.8.1,,4.16.1,smallgroups-1-189-fs2-q3-findall,1692,450,"(96, 46)",2026-08-24T10:06:52.376Z
"(96,47)",96,true,0,true,2026-08-24T10:05:04.033Z,1.12.6,1.8.1,,4.16.1,smallgroups-1-189-fs2-q3-findall,1692,451,"(96, 47)",2026-08-24T10:06:53.098Z
"(96,48)",96,true,0,true,2026-08-24T10:05:04.033Z,1.12.6,1.8.1,,4.16.1,smallgroups-1-189-fs2-q3-findall,1692,452,"(96, 48)",2026-08-24T10:06:53.311Z
"(96,49)",96,true,0,true,2026-08-24T10:05:04.033Z,1.12.6,1.8.1,,4.16.1,smallgroups-1-189-fs2-q3-findall,1692,453,"(96, 49)",2026-08-24T10:06:53.388Z
"(96,50)",96,true,0,true,2026-08-24T10:05:04.033Z,1.12.6,1.8.1,,4.16.1,smallgroups-1-189-fs2-q3-findall,1692,454,"(96, 50)",2026-08-24T10:06:53.466Z
"(96,51)",96,true,0,true,2026-08-24T10:05:04.033Z,1.12.6,1.8.1,,4.16.1,smallgroups-1-189-fs2-q3-findall,1692,455,"(96, 51)",2026-08-24T10:06:53.543Z
"(96,52)",96,true,0,true,2026-08-24T10:05:04.033Z,1.12.6,1.8.1,,4.16.1,smallgroups-1-189-fs2-q3-findall,1692,456,"(96, 52)",2026-08-24T10:06:53.644Z
"(96,53)",96,true,0,true,2026-08-24T10:05:04.033Z,1.12.6,1.8.1,,4.16.1,smallgroups-1-189-fs2-q3-findall,1692,457,"(96, 53)",2026-08-24T10:06:53.751Z
"(96,54)",96,true,0,true,2026-08-24T10:05:04.033Z,1.12.6,1.8.1,,4.16.1,smallgroups-1-189-fs2-q3-findall,1692,458,"(96, 54)",2026-08-24T10:06:53.865Z
"(96,55)",96,true,0,true,2026-08-24T10:05:04.033Z,1.12.6,1.8.1,,4.16.1,smallgroups-1-189-fs2-q3-findall,1692,459,"(96, 55)",2026-08-24T10:06:55.408Z
"(96,56)",96,true,0,true,2026-08-24T10:05:04.033Z,1.12.6,1.8.1,,4.16.1,smallgroups-1-189-fs2-q3-findall,1692,460,"(96, 56)",2026-08-24T10:06:55.507Z
"(96,57)",96,true,0,true,2026-08-24T10:05:04.033Z,1.12.6,1.8.1,,4.16.1,smallgroups-1-189-fs2-q3-findall,1692,461,"(96, 57)",2026-08-24T10:06:55.602Z
"(96,58)",96,true,0,true,2026-08-24T10:05:04.033Z,1.12.6,1.8.1,,4.16.1,smallgroups-1-189-fs2-q3-findall,1692,462,"(96, 58)",2026-08-24T10:06:55.699Z
"(96,59)",96,true,0,true,2026-08-24T10:05:04.033Z,1.12.6,1.8.1,,4.16.1,smallgroups-1-189-fs2-q3-findall,1692,463,"(96, 59)",2026-08-24T10:06:56.36Z
"(96,60)",96,true,0,true,2026-08-24T10:05:04.033Z,1.12.6,1.8.1,,4.16.1,smallgroups-1-189-fs2-q3-findall,1692,464,"(96, 60)",2026-08-24T10:06:56.579Z
"(96,61)",96,true,0,true,2026-08-24T10:05:04.033Z,1.12.6,1.8.1,,4.16.1,smallgroups-1-189-fs2-q3-findall,1692,465,"(96, 61)",2026-08-24T10:06:56.648Z
"(96,62)",96,true,0,true,2026-08-24T10:05:04.033Z,1.12.6,1.8.1,,4.16.1,smallgroups-1-189-fs2-q3-findall,1692,466,"(96, 62)",2026-08-24T10:06:56.716Z
"(96,63)",96,true,0,true,2026-08-24T10:05:04.033Z,1.12.6,1.8.1,,4.16.1,smallgroups-1-189-fs2-q3-findall,1692,467,"(96, 63)",2026-08-24T10:06:57.358Z
"(96,64)",96,true,0,true,2026-08-24T10:05:04.033Z,1.12.6,1.8.1,,4.16.1,smallgroups-1-189-fs2-q3-findall,1692,468,"(96, 64)",2026-08-24T10:06:57.378Z
"(96,65)",96,true,0,true,2026-08-24T10:05:04.033Z,1.12.6,1.8.1,,4.16.1,smallgroups-1-189-fs2-q3-findall,1692,469,"(96, 65)",2026-08-24T10:06:57.417Z
"(96,66)",96,true,0,true,2026-08-24T10:05:04.033Z,1.12.6,1.8.1,,4.16.1,smallgroups-1-189-fs2-q3-findall,1692,470,"(96, 66)",2026-08-24T10:06:57.475Z
"(96,67)",96,true,0,true,2026-08-24T10:05:04.033Z,1.12.6,1.8.1,,4.16.1,smallgroups-1-189-fs2-q3-findall,1692,471,"(96, 67)",2026-08-24T10:06:57.531Z
"(96,68)",96,true,0,true,2026-08-24T10:05:04.033Z,1.12.6,1.8.1,,4.16.1,smallgroups-1-189-fs2-q3-findall,1692,472,"(96, 68)",2026-08-24T10:06:57.563Z
"(96,69)",96,true,0,true,2026-08-24T10:05:04.033Z,1.12.6,1.8.1,,4.16.1,smallgroups-1-189-fs2-q3-findall,1692,473,"(96, 69)",2026-08-24T10:06:57.655Z
"(96,70)",96,true,0,true,2026-08-24T10:05:04.033Z,1.12.6,1.8.1,,4.16.1,smallgroups-1-189-fs2-q3-findall,1692,474,"(96, 70)",2026-08-24T10:06:57.673Z
"(96,71)",96,true,0,true,2026-08-24T10:05:04.033Z,1.12.6,1.8.1,,4.16.1,smallgroups-1-189-fs2-q3-findall,1692,475,"(96, 71)",2026-08-24T10:06:57.689Z
"(96,72)",96,true,0,true,2026-08-24T10:05:04.033Z,1.12.6,1.8.1,,4.16.1,smallgroups-1-189-fs2-q3-findall,1692,476,"(96, 72)",2026-08-24T10:06:57.706Z
"(96,73)",96,true,0,true,2026-08-24T10:05:04.033Z,1.12.6,1.8.1,,4.16.1,smallgroups-1-189-fs2-q3-findall,1692,477,"(96, 73)",2026-08-24T10:06:57.786Z
"(96,74)",96,true,0,true,2026-08-24T10:05:04.033Z,1.12.6,1.8.1,,4.16.1,smallgroups-1-189-fs2-q3-findall,1692,478,"(96, 74)",2026-08-24T10:06:57.902Z
"(96,75)",96,true,0,true,2026-08-24T10:05:04.033Z,1.12.6,1.8.1,,4.16.1,smallgroups-1-189-fs2-q3-findall,1692,479,"(96, 75)",2026-08-24T10:06:57.983Z
"(96,76)",96,true,0,true,2026-08-24T10:05:04.033Z,1.12.6,1.8.1,,4.16.1,smallgroups-1-189-fs2-q3-findall,1692,480,"(96, 76)",2026-08-24T10:06:58.049Z
"(96,77)",96,true,0,true,2026-08-24T10:05:04.033Z,1.12.6,1.8.1,,4.16.1,smallgroups-1-189-fs2-q3-findall,1692,481,"(96, 77)",2026-08-24T10:06:58.109Z
"(96,78)",96,true,0,true,2026-08-24T10:05:04.033Z,1.12.6,1.8.1,,4.16.1,smallgroups-1-189-fs2-q3-findall,1692,482,"(96, 78)",2026-08-24T10:06:58.276Z
"(96,79)",96,true,0,true,2026-08-24T10:05:04.033Z,1.12.6,1.8.1,,4.16.1,smallgroups-1-189-fs2-q3-findall,1692,483,"(96, 79)",2026-08-24T10:06:58.364Z
"(96,80)",96,true,0,true,2026-08-24T10:05:04.033Z,1.12.6,1.8.1,,4.16.1,smallgroups-1-189-fs2-q3-findall,1692,484,"(96, 80)",2026-08-24T10:06:58.456Z
"(96,81)",96,true,0,true,2026-08-24T10:05:04.033Z,1.12.6,1.8.1,,4.16.1,smallgroups-1-189-fs2-q3-findall,1692,485,"(96, 81)",2026-08-24T10:06:59.002Z
"(96,82)",96,true,0,true,2026-08-24T10:05:04.033Z,1.12.6,1.8.1,,4.16.1,smallgroups-1-189-fs2-q3-findall,1692,486,"(96, 82)",2026-08-24T10:06:59.059Z
"(96,83)",96,true,0,true,2026-08-24T10:05:04.033Z,1.12.6,1.8.1,,4.16.1,smallgroups-1-189-fs2-q3-findall,1692,487,"(96, 83)",2026-08-24T10:06:59.112Z
"(96,84)",96,true,0,true,2026-08-24T10:05:04.033Z,1.12.6,1.8.1,,4.16.1,smallgroups-1-189-fs2-q3-findall,1692,488,"(96, 84)",2026-08-24T10:06:59.179Z
"(96,85)",96,true,0,true,2026-08-24T10:05:04.033Z,1.12.6,1.8.1,,4.16.1,smallgroups-1-189-fs2-q3-findall,1692,489,"(96, 85)",2026-08-24T10:06:59.226Z
"(96,86)",96,true,0,true,2026-08-24T10:05:04.033Z,1.12.6,1.8.1,,4.16.1,smallgroups-1-189-fs2-q3-findall,1692,490,"(96, 86)",2026-08-24T10:06:59.268Z
"(96,87)",96,true,0,true,2026-08-24T10:05:04.033Z,1.12.6,1.8.1,,4.16.1,smallgroups-1-189-fs2-q3-findall,1692,491,"(96, 87)",2026-08-24T10:06:59.339Z
"(96,88)",96,true,0,true,2026-08-24T10:05:04.033Z,1.12.6,1.8.1,,4.16.1,smallgroups-1-189-fs2-q3-findall,1692,492,"(96, 88)",2026-08-24T10:06:59.409Z
"(96,89)",96,true,0,true,2026-08-24T10:05:04.033Z,1.12.6,1.8.1,,4.16.1,smallgroups-1-189-fs2-q3-findall,1692,493,"(96, 89)",2026-08-24T10:06:59.459Z
"(96,90)",96,true,0,true,2026-08-24T10:05:04.033Z,1.12.6,1.8.1,,4.16.1,smallgroups-1-189-fs2-q3-findall,1692,494,"(96, 90)",2026-08-24T10:06:59.503Z
"(96,91)",96,true,0,true,2026-08-24T10:05:04.033Z,1.12.6,1.8.1,,4.16.1,smallgroups-1-189-fs2-q3-findall,1692,495,"(96, 91)",2026-08-24T10:06:59.551Z
"(96,92)",96,true,0,true,2026-08-24T10:05:04.033Z,1.12.6,1.8.1,,4.16.1,smallgroups-1-189-fs2-q3-findall,1692,496,"(96, 92)",2026-08-24T10:06:59.596Z
"(96,93)",96,true,0,true,2026-08-24T10:05:04.033Z,1.12.6,1.8.1,,4.16.1,smallgroups-1-189-fs2-q3-findall,1692,497,"(96, 93)",2026-08-24T10:06:59.644Z
"(96,94)",96,true,0,true,2026-08-24T10:05:04.033Z,1.12.6,1.8.1,,4.16.1,smallgroups-1-189-fs2-q3-findall,1692,498,"(96, 94)",2026-08-24T10:06:59.719Z
"(96,95)",96,true,0,true,2026-08-24T10:05:04.033Z,1.12.6,1.8.1,,4.16.1,smallgroups-1-189-fs2-q3-findall,1692,499,"(96, 95)",2026-08-24T10:06:59.773Z
"(96,96)",96,true,0,true,2026-08-24T10:05:04.033Z,1.12.6,1.8.1,,4.16.1,smallgroups-1-189-fs2-q3-findall,1692,500,"(96, 96)",2026-08-24T10:06:59.822Z
"(96,97)",96,true,0,true,2026-08-24T10:05:04.033Z,1.12.6,1.8.1,,4.16.1,smallgroups-1-189-fs2-q3-findall,1692,501,"(96, 97)",2026-08-24T10:07:01.192Z
"(96,98)",96,true,0,true,2026-08-24T10:05:04.033Z,1.12.6,1.8.1,,4.16.1,smallgroups-1-189-fs2-q3-findall,1692,502,"(96, 98)",2026-08-24T10:07:01.267Z
"(96,99)",96,true,0,true,2026-08-24T10:05:04.033Z,1.12.6,1.8.1,,4.16.1,smallgroups-1-189-fs2-q3-findall,1692,503,"(96, 99)",2026-08-24T10:07:01.334Z
"(96,100)",96,true,0,true,2026-08-24T10:05:04.033Z,1.12.6,1.8.1,,4.16.1,smallgroups-1-189-fs2-q3-findall,1692,504,"(96, 100)",2026-08-24T10:07:01.405Z
"(96,101)",96,true,0,true,2026-08-24T10:05:04.033Z,1.12.6,1.8.1,,4.16.1,smallgroups-1-189-fs2-q3-findall,1692,505,"(96, 101)",2026-08-24T10:07:01.451Z
"(96,102)",96,true,0,true,2026-08-24T10:05:04.033Z,1.12.6,1.8.1,,4.16.1,smallgroups-1-189-fs2-q3-findall,1692,506,"(96, 102)",2026-08-24T10:07:01.497Z
"(96,103)",96,true,0,true,2026-08-24T10:05:04.033Z,1.12.6,1.8.1,,4.16.1,smallgroups-1-189-fs2-q3-findall,1692,507,"(96, 103)",2026-08-24T10:07:01.544Z
"(96,104)",96,true,0,true,2026-08-24T10:05:04.033Z,1.12.6,1.8.1,,4.16.1,smallgroups-1-189-fs2-q3-findall,1692,508,"(96, 104)",2026-08-24T10:07:01.592Z
"(96,105)",96,true,0,true,2026-08-24T10:05:04.033Z,1.12.6,1.8.1,,4.16.1,smallgroups-1-189-fs2-q3-findall,1692,509,"(96, 105)",2026-08-24T10:07:01.632Z
"(96,106)",96,true,0,true,2026-08-24T10:05:04.033Z,1.12.6,1.8.1,,4.16.1,smallgroups-1-189-fs2-q3-findall,1692,510,"(96, 106)",2026-08-24T10:07:01.792Z
"(96,107)",96,true,0,true,2026-08-24T10:05:04.033Z,1.12.6,1.8.1,,4.16.1,smallgroups-1-189-fs2-q3-findall,1692,511,"(96, 107)",2026-08-24T10:07:01.879Z
"(96,108)",96,true,0,true,2026-08-24T10:05:04.033Z,1.12.6,1.8.1,,4.16.1,smallgroups-1-189-fs2-q3-findall,1692,512,"(96, 108)",2026-08-24T10:07:01.968Z
"(96,109)",96,true,0,true,2026-08-24T10:05:04.033Z,1.12.6,1.8.1,,4.16.1,smallgroups-1-189-fs2-q3-findall,1692,513,"(96, 109)",2026-08-24T10:07:02.031Z
"(96,110)",96,true,0,true,2026-08-24T10:05:04.033Z,1.12.6,1.8.1,,4.16.1,smallgroups-1-189-fs2-q3-findall,1692,514,"(96, 110)",2026-08-24T10:07:02.094Z
"(96,111)",96,true,0,true,2026-08-24T10:05:04.033Z,1.12.6,1.8.1,,4.16.1,smallgroups-1-189-fs2-q3-findall,1692,515,"(96, 111)",2026-08-24T10:07:02.159Z
"(96,112)",96,true,0,true,2026-08-24T10:05:04.033Z,1.12.6,1.8.1,,4.16.1,smallgroups-1-189-fs2-q3-findall,1692,516,"(96, 112)",2026-08-24T10:07:02.222Z
"(96,113)",96,true,0,true,2026-08-24T10:05:04.033Z,1.12.6,1.8.1,,4.16.1,smallgroups-1-189-fs2-q3-findall,1692,517,"(96, 113)",2026-08-24T10:07:02.291Z
"(96,114)",96,true,0,true,2026-08-24T10:05:04.033Z,1.12.6,1.8.1,,4.16.1,smallgroups-1-189-fs2-q3-findall,1692,518,"(96, 114)",2026-08-24T10:07:02.361Z
"(96,115)",96,true,0,true,2026-08-24T10:05:04.033Z,1.12.6,1.8.1,,4.16.1,smallgroups-1-189-fs2-q3-findall,1692,519,"(96, 115)",2026-08-24T10:07:02.404Z
"(96,116)",96,true,0,true,2026-08-24T10:05:04.033Z,1.12.6,1.8.1,,4.16.1,smallgroups-1-189-fs2-q3-findall,1692,520,"(96, 116)",2026-08-24T10:07:03.063Z
"(96,117)",96,true,0,true,2026-08-24T10:05:04.033Z,1.12.6,1.8.1,,4.16.1,smallgroups-1-189-fs2-q3-findall,1692,521,"(96, 117)",2026-08-24T10:07:03.102Z
"(96,118)",96,true,0,true,2026-08-24T10:05:04.033Z,1.12.6,1.8.1,,4.16.1,smallgroups-1-189-fs2-q3-findall,1692,522,"(96, 118)",2026-08-24T10:07:03.138Z
"(96,119)",96,true,0,true,2026-08-24T10:05:04.033Z,1.12.6,1.8.1,,4.16.1,smallgroups-1-189-fs2-q3-findall,1692,523,"(96, 119)",2026-08-24T10:07:03.177Z
"(96,120)",96,true,0,true,2026-08-24T10:05:04.033Z,1.12.6,1.8.1,,4.16.1,smallgroups-1-189-fs2-q3-findall,1692,524,"(96, 120)",2026-08-24T10:07:03.215Z
"(96,121)",96,true,0,true,2026-08-24T10:05:04.033Z,1.12.6,1.8.1,,4.16.1,smallgroups-1-189-fs2-q3-findall,1692,525,"(96, 121)",2026-08-24T10:07:03.25Z
"(96,122)",96,true,0,true,2026-08-24T10:05:04.033Z,1.12.6,1.8.1,,4.16.1,smallgroups-1-189-fs2-q3-findall,1692,526,"(96, 122)",2026-08-24T10:07:03.284Z
"(96,123)",96,true,0,true,2026-08-24T10:05:04.033Z,1.12.6,1.8.1,,4.16.1,smallgroups-1-189-fs2-q3-findall,1692,527,"(96, 123)",2026-08-24T10:07:03.323Z
"(96,124)",96,true,0,true,2026-08-24T10:05:04.033Z,1.12.6,1.8.1,,4.16.1,smallgroups-1-189-fs2-q3-findall,1692,528,"(96, 124)",2026-08-24T10:07:03.362Z
"(96,125)",96,true,0,true,2026-08-24T10:05:04.033Z,1.12.6,1.8.1,,4.16.1,smallgroups-1-189-fs2-q3-findall,1692,529,"(96, 125)",2026-08-24T10:07:03.397Z
"(96,126)",96,true,0,true,2026-08-24T10:05:04.033Z,1.12.6,1.8.1,,4.16.1,smallgroups-1-189-fs2-q3-findall,1692,530,"(96, 126)",2026-08-24T10:07:03.435Z
"(96,127)",96,true,0,true,2026-08-24T10:05:04.033Z,1.12.6,1.8.1,,4.16.1,smallgroups-1-189-fs2-q3-findall,1692,531,"(96, 127)",2026-08-24T10:07:03.592Z
"(96,128)",96,true,0,true,2026-08-24T10:05:04.033Z,1.12.6,1.8.1,,4.16.1,smallgroups-1-189-fs2-q3-findall,1692,532,"(96, 128)",2026-08-24T10:07:03.678Z
"(96,129)",96,true,0,true,2026-08-24T10:05:04.033Z,1.12.6,1.8.1,,4.16.1,smallgroups-1-189-fs2-q3-findall,1692,533,"(96, 129)",2026-08-24T10:07:03.853Z
"(96,130)",96,true,0,true,2026-08-24T10:05:04.033Z,1.12.6,1.8.1,,4.16.1,smallgroups-1-189-fs2-q3-findall,1692,534,"(96, 130)",2026-08-24T10:07:03.953Z
"(96,131)",96,true,0,true,2026-08-24T10:05:04.033Z,1.12.6,1.8.1,,4.16.1,smallgroups-1-189-fs2-q3-findall,1692,535,"(96, 131)",2026-08-24T10:07:04.02Z
"(96,132)",96,true,0,true,2026-08-24T10:05:04.033Z,1.12.6,1.8.1,,4.16.1,smallgroups-1-189-fs2-q3-findall,1692,536,"(96, 132)",2026-08-24T10:07:04.121Z
"(96,133)",96,true,0,true,2026-08-24T10:05:04.033Z,1.12.6,1.8.1,,4.16.1,smallgroups-1-189-fs2-q3-findall,1692,537,"(96, 133)",2026-08-24T10:07:04.808Z
"(96,134)",96,true,0,true,2026-08-24T10:05:04.033Z,1.12.6,1.8.1,,4.16.1,smallgroups-1-189-fs2-q3-findall,1692,538,"(96, 134)",2026-08-24T10:07:04.902Z
"(96,135)",96,true,0,true,2026-08-24T10:05:04.033Z,1.12.6,1.8.1,,4.16.1,smallgroups-1-189-fs2-q3-findall,1692,539,"(96, 135)",2026-08-24T10:07:04.991Z
"(96,136)",96,true,0,true,2026-08-24T10:05:04.033Z,1.12.6,1.8.1,,4.16.1,smallgroups-1-189-fs2-q3-findall,1692,540,"(96, 136)",2026-08-24T10:07:05.051Z
"(96,137)",96,true,0,true,2026-08-24T10:05:04.033Z,1.12.6,1.8.1,,4.16.1,smallgroups-1-189-fs2-q3-findall,1692,541,"(96, 137)",2026-08-24T10:07:05.112Z
"(96,138)",96,true,0,true,2026-08-24T10:05:04.033Z,1.12.6,1.8.1,,4.16.1,smallgroups-1-189-fs2-q3-findall,1692,542,"(96, 138)",2026-08-24T10:07:05.159Z
"(96,139)",96,true,0,true,2026-08-24T10:05:04.033Z,1.12.6,1.8.1,,4.16.1,smallgroups-1-189-fs2-q3-findall,1692,543,"(96, 139)",2026-08-24T10:07:05.201Z
"(96,140)",96,true,0,true,2026-08-24T10:05:04.033Z,1.12.6,1.8.1,,4.16.1,smallgroups-1-189-fs2-q3-findall,1692,544,"(96, 140)",2026-08-24T10:07:05.248Z
"(96,141)",96,true,0,true,2026-08-24T10:05:04.033Z,1.12.6,1.8.1,,4.16.1,smallgroups-1-189-fs2-q3-findall,1692,545,"(96, 141)",2026-08-24T10:07:05.322Z
"(96,142)",96,true,0,true,2026-08-24T10:05:04.033Z,1.12.6,1.8.1,,4.16.1,smallgroups-1-189-fs2-q3-findall,1692,546,"(96, 142)",2026-08-24T10:07:05.369Z
"(96,143)",96,true,0,true,2026-08-24T10:05:04.033Z,1.12.6,1.8.1,,4.16.1,smallgroups-1-189-fs2-q3-findall,1692,547,"(96, 143)",2026-08-24T10:07:05.416Z
"(96,144)",96,true,0,true,2026-08-24T10:05:04.033Z,1.12.6,1.8.1,,4.16.1,smallgroups-1-189-fs2-q3-findall,1692,548,"(96, 144)",2026-08-24T10:07:05.471Z
"(96,145)",96,true,0,true,2026-08-24T10:05:04.033Z,1.12.6,1.8.1,,4.16.1,smallgroups-1-189-fs2-q3-findall,1692,549,"(96, 145)",2026-08-24T10:07:05.526Z
"(96,146)",96,true,0,true,2026-08-24T10:05:04.033Z,1.12.6,1.8.1,,4.16.1,smallgroups-1-189-fs2-q3-findall,1692,550,"(96, 146)",2026-08-24T10:07:05.582Z
"(96,147)",96,true,0,true,2026-08-24T10:05:04.033Z,1.12.6,1.8.1,,4.16.1,smallgroups-1-189-fs2-q3-findall,1692,551,"(96, 147)",2026-08-24T10:07:05.641Z
"(96,148)",96,true,0,true,2026-08-24T10:05:04.033Z,1.12.6,1.8.1,,4.16.1,smallgroups-1-189-fs2-q3-findall,1692,552,"(96, 148)",2026-08-24T10:07:05.695Z
"(96,149)",96,true,0,true,2026-08-24T10:05:04.033Z,1.12.6,1.8.1,,4.16.1,smallgroups-1-189-fs2-q3-findall,1692,553,"(96, 149)",2026-08-24T10:07:07.132Z
"(96,150)",96,true,0,true,2026-08-24T10:05:04.033Z,1.12.6,1.8.1,,4.16.1,smallgroups-1-189-fs2-q3-findall,1692,554,"(96, 150)",2026-08-24T10:07:07.182Z
"(96,151)",96,true,0,true,2026-08-24T10:05:04.033Z,1.12.6,1.8.1,,4.16.1,smallgroups-1-189-fs2-q3-findall,1692,555,"(96, 151)",2026-08-24T10:07:07.238Z
"(96,152)",96,true,0,true,2026-08-24T10:05:04.033Z,1.12.6,1.8.1,,4.16.1,smallgroups-1-189-fs2-q3-findall,1692,556,"(96, 152)",2026-08-24T10:07:07.319Z
"(96,153)",96,true,0,true,2026-08-24T10:05:04.033Z,1.12.6,1.8.1,,4.16.1,smallgroups-1-189-fs2-q3-findall,1692,557,"(96, 153)",2026-08-24T10:07:07.371Z
"(96,154)",96,true,0,true,2026-08-24T10:05:04.033Z,1.12.6,1.8.1,,4.16.1,smallgroups-1-189-fs2-q3-findall,1692,558,"(96, 154)",2026-08-24T10:07:07.422Z
"(96,155)",96,true,0,true,2026-08-24T10:05:04.033Z,1.12.6,1.8.1,,4.16.1,smallgroups-1-189-fs2-q3-findall,1692,559,"(96, 155)",2026-08-24T10:07:07.491Z
"(96,156)",96,true,0,true,2026-08-24T10:05:04.033Z,1.12.6,1.8.1,,4.16.1,smallgroups-1-189-fs2-q3-findall,1692,560,"(96, 156)",2026-08-24T10:07:07.533Z
"(96,157)",96,true,0,true,2026-08-24T10:05:04.033Z,1.12.6,1.8.1,,4.16.1,smallgroups-1-189-fs2-q3-findall,1692,561,"(96, 157)",2026-08-24T10:07:07.578Z
"(96,158)",96,true,0,true,2026-08-24T10:05:04.033Z,1.12.6,1.8.1,,4.16.1,smallgroups-1-189-fs2-q3-findall,1692,562,"(96, 158)",2026-08-24T10:07:07.62Z
"(96,159)",96,true,0,true,2026-08-24T10:05:04.033Z,1.12.6,1.8.1,,4.16.1,smallgroups-1-189-fs2-q3-findall,1692,563,"(96, 159)",2026-08-24T10:07:07.72Z
"(96,160)",96,true,0,true,2026-08-24T10:05:04.033Z,1.12.6,1.8.1,,4.16.1,smallgroups-1-189-fs2-q3-findall,1692,564,"(96, 160)",2026-08-24T10:07:07.795Z
"(96,161)",96,true,0,true,2026-08-24T10:05:04.033Z,1.12.6,1.8.1,,4.16.1,smallgroups-1-189-fs2-q3-findall,1692,565,"(96, 161)",2026-08-24T10:07:08.41Z
"(96,162)",96,true,0,true,2026-08-24T10:05:04.033Z,1.12.6,1.8.1,,4.16.1,smallgroups-1-189-fs2-q3-findall,1692,566,"(96, 162)",2026-08-24T10:07:09.343Z
"(96,163)",96,true,0,true,2026-08-24T10:05:04.033Z,1.12.6,1.8.1,,4.16.1,smallgroups-1-189-fs2-q3-findall,1692,567,"(96, 163)",2026-08-24T10:07:09.567Z
"(96,164)",96,true,0,true,2026-08-24T10:05:04.033Z,1.12.6,1.8.1,,4.16.1,smallgroups-1-189-fs2-q3-findall,1692,568,"(96, 164)",2026-08-24T10:07:09.768Z
"(96,165)",96,true,0,true,2026-08-24T10:05:04.033Z,1.12.6,1.8.1,,4.16.1,smallgroups-1-189-fs2-q3-findall,1692,569,"(96, 165)",2026-08-24T10:07:09.985Z
"(96,166)",96,true,0,true,2026-08-24T10:05:04.033Z,1.12.6,1.8.1,,4.16.1,smallgroups-1-189-fs2-q3-findall,1692,570,"(96, 166)",2026-08-24T10:07:10.208Z
"(96,167)",96,true,0,true,2026-08-24T10:05:04.033Z,1.12.6,1.8.1,,4.16.1,smallgroups-1-189-fs2-q3-findall,1692,571,"(96, 167)",2026-08-24T10:07:10.339Z
"(96,168)",96,true,0,true,2026-08-24T10:05:04.033Z,1.12.6,1.8.1,,4.16.1,smallgroups-1-189-fs2-q3-findall,1692,572,"(96, 168)",2026-08-24T10:07:11.153Z
"(96,169)",96,true,0,true,2026-08-24T10:05:04.033Z,1.12.6,1.8.1,,4.16.1,smallgroups-1-189-fs2-q3-findall,1692,573,"(96, 169)",2026-08-24T10:07:11.264Z
"(96,170)",96,true,0,true,2026-08-24T10:05:04.033Z,1.12.6,1.8.1,,4.16.1,smallgroups-1-189-fs2-q3-findall,1692,574,"(96, 170)",2026-08-24T10:07:11.363Z
"(96,171)",96,true,0,true,2026-08-24T10:05:04.033Z,1.12.6,1.8.1,,4.16.1,smallgroups-1-189-fs2-q3-findall,1692,575,"(96, 171)",2026-08-24T10:07:11.46Z
"(96,172)",96,true,0,true,2026-08-24T10:05:04.033Z,1.12.6,1.8.1,,4.16.1,smallgroups-1-189-fs2-q3-findall,1692,576,"(96, 172)",2026-08-24T10:07:11.558Z
"(96,173)",96,true,0,true,2026-08-24T10:05:04.033Z,1.12.6,1.8.1,,4.16.1,smallgroups-1-189-fs2-q3-findall,1692,577,"(96, 173)",2026-08-24T10:07:11.647Z
"(96,174)",96,true,0,true,2026-08-24T10:05:04.033Z,1.12.6,1.8.1,,4.16.1,smallgroups-1-189-fs2-q3-findall,1692,578,"(96, 174)",2026-08-24T10:07:11.763Z
"(96,175)",96,true,0,true,2026-08-24T10:05:04.033Z,1.12.6,1.8.1,,4.16.1,smallgroups-1-189-fs2-q3-findall,1692,579,"(96, 175)",2026-08-24T10:07:11.883Z
"(96,176)",96,true,0,true,2026-08-24T10:05:04.033Z,1.12.6,1.8.1,,4.16.1,smallgroups-1-189-fs2-q3-findall,1692,580,"(96, 176)",2026-08-24T10:07:13.951Z
"(96,177)",96,true,0,true,2026-08-24T10:05:04.033Z,1.12.6,1.8.1,,4.16.1,smallgroups-1-189-fs2-q3-findall,1692,581,"(96, 177)",2026-08-24T10:07:14.153Z
"(96,178)",96,true,0,true,2026-08-24T10:05:04.033Z,1.12.6,1.8.1,,4.16.1,smallgroups-1-189-fs2-q3-findall,1692,582,"(96, 178)",2026-08-24T10:07:14.362Z
"(96,179)",96,true,0,true,2026-08-24T10:05:04.033Z,1.12.6,1.8.1,,4.16.1,smallgroups-1-189-fs2-q3-findall,1692,583,"(96, 179)",2026-08-24T10:07:14.464Z
"(96,180)",96,true,0,true,2026-08-24T10:05:04.033Z,1.12.6,1.8.1,,4.16.1,smallgroups-1-189-fs2-q3-findall,1692,584,"(96, 180)",2026-08-24T10:07:14.574Z
"(96,181)",96,true,0,true,2026-08-24T10:05:04.033Z,1.12.6,1.8.1,,4.16.1,smallgroups-1-189-fs2-q3-findall,1692,585,"(96, 181)",2026-08-24T10:07:14.687Z
"(96,182)",96,true,0,true,2026-08-24T10:05:04.033Z,1.12.6,1.8.1,,4.16.1,smallgroups-1-189-fs2-q3-findall,1692,586,"(96, 182)",2026-08-24T10:07:14.8Z
"(96,183)",96,true,0,true,2026-08-24T10:05:04.033Z,1.12.6,1.8.1,,4.16.1,smallgroups-1-189-fs2-q3-findall,1692,587,"(96, 183)",2026-08-24T10:07:14.89Z
"(96,184)",96,true,0,true,2026-08-24T10:05:04.033Z,1.12.6,1.8.1,,4.16.1,smallgroups-1-189-fs2-q3-findall,1692,588,"(96, 184)",2026-08-24T10:07:14.979Z
"(96,185)",96,true,0,true,2026-08-24T10:05:04.033Z,1.12.6,1.8.1,,4.16.1,smallgroups-1-189-fs2-q3-findall,1692,589,"(96, 185)",2026-08-24T10:07:15.007Z
"(96,186)",96,true,0,true,2026-08-24T10:05:04.033Z,1.12.6,1.8.1,,4.16.1,smallgroups-1-189-fs2-q3-findall,1692,590,"(96, 186)",2026-08-24T10:07:15.052Z
"(96,187)",96,true,0,true,2026-08-24T10:05:04.033Z,1.12.6,1.8.1,,4.16.1,smallgroups-1-189-fs2-q3-findall,1692,591,"(96, 187)",2026-08-24T10:07:15.803Z
"(96,188)",96,true,0,true,2026-08-24T10:05:04.033Z,1.12.6,1.8.1,,4.16.1,smallgroups-1-189-fs2-q3-findall,1692,592,"(96, 188)",2026-08-24T10:07:15.862Z
"(96,189)",96,true,0,true,2026-08-24T10:05:04.033Z,1.12.6,1.8.1,,4.16.1,smallgroups-1-189-fs2-q3-findall,1692,593,"(96, 189)",2026-08-24T10:07:15.924Z
"(96,190)",96,true,0,true,2026-08-24T10:05:04.033Z,1.12.6,1.8.1,,4.16.1,smallgroups-1-189-fs2-q3-findall,1692,594,"(96, 190)",2026-08-24T10:07:15.967Z
"(96,191)",96,true,0,true,2026-08-24T10:05:04.033Z,1.12.6,1.8.1,,4.16.1,smallgroups-1-189-fs2-q3-findall,1692,595,"(96, 191)",2026-08-24T10:07:16.009Z
"(96,192)",96,true,0,true,2026-08-24T10:05:04.033Z,1.12.6,1.8.1,,4.16.1,smallgroups-1-189-fs2-q3-findall,1692,596,"(96, 192)",2026-08-24T10:07:16.066Z
"(96,193)",96,true,0,true,2026-08-24T10:05:04.033Z,1.12.6,1.8.1,,4.16.1,smallgroups-1-189-fs2-q3-findall,1692,597,"(96, 193)",2026-08-24T10:07:16.108Z
"(96,194)",96,true,0,true,2026-08-24T10:05:04.033Z,1.12.6,1.8.1,,4.16.1,smallgroups-1-189-fs2-q3-findall,1692,598,"(96, 194)",2026-08-24T10:07:16.151Z
"(96,195)",96,true,0,true,2026-08-24T10:05:04.033Z,1.12.6,1.8.1,,4.16.1,smallgroups-1-189-fs2-q3-findall,1692,599,"(96, 195)",2026-08-24T10:07:16.176Z
"(96,196)",96,true,0,true,2026-08-24T10:05:04.033Z,1.12.6,1.8.1,,4.16.1,smallgroups-1-189-fs2-q3-findall,1692,600,"(96, 196)",2026-08-24T10:07:16.253Z
"(96,197)",96,true,0,true,2026-08-24T10:05:04.033Z,1.12.6,1.8.1,,4.16.1,smallgroups-1-189-fs2-q3-findall,1692,601,"(96, 197)",2026-08-24T10:07:16.29Z
"(96,198)",96,true,0,true,2026-08-24T10:05:04.033Z,1.12.6,1.8.1,,4.16.1,smallgroups-1-189-fs2-q3-findall,1692,602,"(96, 198)",2026-08-24T10:07:16.384Z
"(96,199)",96,true,0,true,2026-08-24T10:05:04.033Z,1.12.6,1.8.1,,4.16.1,smallgroups-1-189-fs2-q3-findall,1692,603,"(96, 199)",2026-08-24T10:07:16.42Z
"(96,200)",96,true,0,true,2026-08-24T10:05:04.033Z,1.12.6,1.8.1,,4.16.1,smallgroups-1-189-fs2-q3-findall,1692,604,"(96, 200)",2026-08-24T10:07:16.501Z
"(96,201)",96,true,0,true,2026-08-24T10:05:04.033Z,1.12.6,1.8.1,,4.16.1,smallgroups-1-189-fs2-q3-findall,1692,605,"(96, 201)",2026-08-24T10:07:16.549Z
"(96,202)",96,true,0,true,2026-08-24T10:05:04.033Z,1.12.6,1.8.1,,4.16.1,smallgroups-1-189-fs2-q3-findall,1692,606,"(96, 202)",2026-08-24T10:07:16.599Z
"(96,203)",96,true,0,true,2026-08-24T10:05:04.033Z,1.12.6,1.8.1,,4.16.1,smallgroups-1-189-fs2-q3-findall,1692,607,"(96, 203)",2026-08-24T10:07:16.636Z
"(96,204)",96,true,0,true,2026-08-24T10:05:04.033Z,1.12.6,1.8.1,,4.16.1,smallgroups-1-189-fs2-q3-findall,1692,608,"(96, 204)",2026-08-24T10:07:16.668Z
"(96,205)",96,true,0,true,2026-08-24T10:05:04.033Z,1.12.6,1.8.1,,4.16.1,smallgroups-1-189-fs2-q3-findall,1692,609,"(96, 205)",2026-08-24T10:07:16.774Z
"(96,206)",96,true,0,true,2026-08-24T10:05:04.033Z,1.12.6,1.8.1,,4.16.1,smallgroups-1-189-fs2-q3-findall,1692,610,"(96, 206)",2026-08-24T10:07:16.965Z
"(96,207)",96,true,0,true,2026-08-24T10:05:04.033Z,1.12.6,1.8.1,,4.16.1,smallgroups-1-189-fs2-q3-findall,1692,611,"(96, 207)",2026-08-24T10:07:17.075Z
"(96,208)",96,true,0,true,2026-08-24T10:05:04.033Z,1.12.6,1.8.1,,4.16.1,smallgroups-1-189-fs2-q3-findall,1692,612,"(96, 208)",2026-08-24T10:07:17.786Z
"(96,209)",96,true,0,true,2026-08-24T10:05:04.033Z,1.12.6,1.8.1,,4.16.1,smallgroups-1-189-fs2-q3-findall,1692,613,"(96, 209)",2026-08-24T10:07:17.875Z
"(96,210)",96,true,0,true,2026-08-24T10:05:04.033Z,1.12.6,1.8.1,,4.16.1,smallgroups-1-189-fs2-q3-findall,1692,614,"(96, 210)",2026-08-24T10:07:17.954Z
"(96,211)",96,true,0,true,2026-08-24T10:05:04.033Z,1.12.6,1.8.1,,4.16.1,smallgroups-1-189-fs2-q3-findall,1692,615,"(96, 211)",2026-08-24T10:07:18.026Z
"(96,212)",96,true,0,true,2026-08-24T10:05:04.033Z,1.12.6,1.8.1,,4.16.1,smallgroups-1-189-fs2-q3-findall,1692,616,"(96, 212)",2026-08-24T10:07:18.11Z
"(96,213)",96,true,0,true,2026-08-24T10:05:04.033Z,1.12.6,1.8.1,,4.16.1,smallgroups-1-189-fs2-q3-findall,1692,617,"(96, 213)",2026-08-24T10:07:18.187Z
"(96,214)",96,true,0,true,2026-08-24T10:05:04.033Z,1.12.6,1.8.1,,4.16.1,smallgroups-1-189-fs2-q3-findall,1692,618,"(96, 214)",2026-08-24T10:07:18.257Z
"(96,215)",96,true,0,true,2026-08-24T10:05:04.033Z,1.12.6,1.8.1,,4.16.1,smallgroups-1-189-fs2-q3-findall,1692,619,"(96, 215)",2026-08-24T10:07:18.333Z
"(96,216)",96,true,0,true,2026-08-24T10:05:04.033Z,1.12.6,1.8.1,,4.16.1,smallgroups-1-189-fs2-q3-findall,1692,620,"(96, 216)",2026-08-24T10:07:18.4Z
"(96,217)",96,true,0,true,2026-08-24T10:05:04.033Z,1.12.6,1.8.1,,4.16.1,smallgroups-1-189-fs2-q3-findall,1692,621,"(96, 217)",2026-08-24T10:07:18.475Z
"(96,218)",96,true,0,true,2026-08-24T10:05:04.033Z,1.12.6,1.8.1,,4.16.1,smallgroups-1-189-fs2-q3-findall,1692,622,"(96, 218)",2026-08-24T10:07:18.681Z
"(96,219)",96,true,0,true,2026-08-24T10:05:04.033Z,1.12.6,1.8.1,,4.16.1,smallgroups-1-189-fs2-q3-findall,1692,623,"(96, 219)",2026-08-24T10:07:20.18Z
"(96,220)",96,true,0,true,2026-08-24T10:05:04.033Z,1.12.6,1.8.1,,4.16.1,smallgroups-1-189-fs2-q3-findall,1692,624,"(96, 220)",2026-08-24T10:07:20.754Z
"(96,221)",96,true,0,true,2026-08-24T10:05:04.033Z,1.12.6,1.8.1,,4.16.1,smallgroups-1-189-fs2-q3-findall,1692,625,"(96, 221)",2026-08-24T10:07:21.002Z
"(96,222)",96,true,0,true,2026-08-24T10:05:04.033Z,1.12.6,1.8.1,,4.16.1,smallgroups-1-189-fs2-q3-findall,1692,626,"(96, 222)",2026-08-24T10:07:21.261Z
"(96,223)",96,true,0,true,2026-08-24T10:05:04.033Z,1.12.6,1.8.1,,4.16.1,smallgroups-1-189-fs2-q3-findall,1692,627,"(96, 223)",2026-08-24T10:07:22.301Z
"(96,224)",96,true,0,true,2026-08-24T10:05:04.033Z,1.12.6,1.8.1,,4.16.1,smallgroups-1-189-fs2-q3-findall,1692,628,"(96, 224)",2026-08-24T10:07:22.488Z
"(96,225)",96,true,0,true,2026-08-24T10:05:04.033Z,1.12.6,1.8.1,,4.16.1,smallgroups-1-189-fs2-q3-findall,1692,629,"(96, 225)",2026-08-24T10:07:22.67Z
"(96,226)",96,true,0,true,2026-08-24T10:05:04.033Z,1.12.6,1.8.1,,4.16.1,smallgroups-1-189-fs2-q3-findall,1692,630,"(96, 226)",2026-08-24T10:07:22.715Z
"(96,227)",96,true,0,true,2026-08-24T10:05:04.033Z,1.12.6,1.8.1,,4.16.1,smallgroups-1-189-fs2-q3-findall,1692,631,"(96, 227)",2026-08-24T10:07:22.733Z
"(96,228)",96,true,0,true,2026-08-24T10:05:04.033Z,1.12.6,1.8.1,,4.16.1,smallgroups-1-189-fs2-q3-findall,1692,632,"(96, 228)",2026-08-24T10:07:22.814Z
"(96,229)",96,true,0,true,2026-08-24T10:05:04.033Z,1.12.6,1.8.1,,4.16.1,smallgroups-1-189-fs2-q3-findall,1692,633,"(96, 229)",2026-08-24T10:07:22.845Z
"(96,230)",96,true,0,true,2026-08-24T10:05:04.033Z,1.12.6,1.8.1,,4.16.1,smallgroups-1-189-fs2-q3-findall,1692,634,"(96, 230)",2026-08-24T10:07:23.107Z
"(96,231)",96,true,0,true,2026-08-24T10:05:04.033Z,1.12.6,1.8.1,,4.16.1,smallgroups-1-189-fs2-q3-findall,1692,635,"(96, 231)",2026-08-24T10:07:24.52Z
"(98,1)",98,true,0,true,2026-08-24T10:05:04.033Z,1.12.6,1.8.1,,4.16.1,smallgroups-1-189-fs2-q3-findall,1692,636,"(98, 1)",2026-08-24T10:07:25.012Z
"(98,2)",98,true,0,true,2026-08-24T10:05:04.033Z,1.12.6,1.8.1,,4.16.1,smallgroups-1-189-fs2-q3-findall,1692,637,"(98, 2)",2026-08-24T10:07:27.688Z
"(98,3)",98,true,0,true,2026-08-24T10:05:04.033Z,1.12.6,1.8.1,,4.16.1,smallgroups-1-189-fs2-q3-findall,1692,638,"(98, 3)",2026-08-24T10:07:27.796Z
"(98,4)",98,true,0,true,2026-08-24T10:05:04.033Z,1.12.6,1.8.1,,4.16.1,smallgroups-1-189-fs2-q3-findall,1692,639,"(98, 4)",2026-08-24T10:07:28.182Z
"(98,5)",98,true,0,true,2026-08-24T10:05:04.033Z,1.12.6,1.8.1,,4.16.1,smallgroups-1-189-fs2-q3-findall,1692,640,"(98, 5)",2026-08-24T10:07:28.84Z
"(99,1)",99,true,0,true,2026-08-24T10:05:04.033Z,1.12.6,1.8.1,,4.16.1,smallgroups-1-189-fs2-q3-findall,1692,641,"(99, 1)",2026-08-24T10:07:30.098Z
"(99,2)",99,true,0,true,2026-08-24T10:05:04.033Z,1.12.6,1.8.1,,4.16.1,smallgroups-1-189-fs2-q3-findall,1692,642,"(99, 2)",2026-08-24T10:07:31.097Z
"(100,1)",100,true,0,true,2026-08-24T10:05:04.033Z,1.12.6,1.8.1,,4.16.1,smallgroups-1-189-fs2-q3-findall,1692,643,"(100, 1)",2026-08-24T10:07:32.331Z
"(100,2)",100,true,0,true,2026-08-24T10:05:04.033Z,1.12.6,1.8.1,,4.16.1,smallgroups-1-189-fs2-q3-findall,1692,644,"(100, 2)",2026-08-24T10:07:33.741Z
"(100,3)",100,true,0,true,2026-08-24T10:05:04.033Z,1.12.6,1.8.1,,4.16.1,smallgroups-1-189-fs2-q3-findall,1692,645,"(100, 3)",2026-08-24T10:07:33.784Z
"(100,4)",100,true,0,true,2026-08-24T10:05:04.033Z,1.12.6,1.8.1,,4.16.1,smallgroups-1-189-fs2-q3-findall,1692,646,"(100, 4)",2026-08-24T10:07:34.284Z
"(100,5)",100,true,0,true,2026-08-24T10:05:04.033Z,1.12.6,1.8.1,,4.16.1,smallgroups-1-189-fs2-q3-findall,1692,647,"(100, 5)",2026-08-24T10:07:35.526Z
"(100,6)",100,true,0,true,2026-08-24T10:05:04.033Z,1.12.6,1.8.1,,4.16.1,smallgroups-1-189-fs2-q3-findall,1692,648,"(100, 6)",2026-08-24T10:07:35.673Z
"(100,7)",100,true,0,true,2026-08-24T10:05:04.033Z,1.12.6,1.8.1,,4.16.1,smallgroups-1-189-fs2-q3-findall,1692,649,"(100, 7)",2026-08-24T10:07:35.789Z
"(100,8)",100,true,0,true,2026-08-24T10:05:04.033Z,1.12.6,1.8.1,,4.16.1,smallgroups-1-189-fs2-q3-findall,1692,650,"(100, 8)",2026-08-24T10:07:36.965Z
"(100,9)",100,true,0,true,2026-08-24T10:05:04.033Z,1.12.6,1.8.1,,4.16.1,smallgroups-1-189-fs2-q3-findall,1692,651,"(100, 9)",2026-08-24T10:07:37.026Z
"(100,10)",100,true,0,true,2026-08-24T10:05:04.033Z,1.12.6,1.8.1,,4.16.1,smallgroups-1-189-fs2-q3-findall,1692,652,"(100, 10)",2026-08-24T10:07:37.055Z
"(100,11)",100,true,0,true,2026-08-24T10:05:04.033Z,1.12.6,1.8.1,,4.16.1,smallgroups-1-189-fs2-q3-findall,1692,653,"(100, 11)",2026-08-24T10:07:37.073Z
"(100,12)",100,true,0,true,2026-08-24T10:05:04.033Z,1.12.6,1.8.1,,4.16.1,smallgroups-1-189-fs2-q3-findall,1692,654,"(100, 12)",2026-08-24T10:07:37.094Z
"(100,13)",100,true,0,true,2026-08-24T10:05:04.033Z,1.12.6,1.8.1,,4.16.1,smallgroups-1-189-fs2-q3-findall,1692,655,"(100, 13)",2026-08-24T10:07:37.134Z
"(100,14)",100,true,0,true,2026-08-24T10:05:04.033Z,1.12.6,1.8.1,,4.16.1,smallgroups-1-189-fs2-q3-findall,1692,656,"(100, 14)",2026-08-24T10:07:37.271Z
"(100,15)",100,true,0,true,2026-08-24T10:05:04.033Z,1.12.6,1.8.1,,4.16.1,smallgroups-1-189-fs2-q3-findall,1692,657,"(100, 15)",2026-08-24T10:07:37.388Z
"(100,16)",100,true,0,true,2026-08-24T10:05:04.033Z,1.12.6,1.8.1,,4.16.1,smallgroups-1-189-fs2-q3-findall,1692,658,"(100, 16)",2026-08-24T10:07:39.25Z
"(102,1)",102,true,0,true,2026-08-24T10:05:04.033Z,1.12.6,1.8.1,,4.16.1,smallgroups-1-189-fs2-q3-findall,1692,659,"(102, 1)",2026-08-24T10:07:39.494Z
"(102,2)",102,true,0,true,2026-08-24T10:05:04.033Z,1.12.6,1.8.1,,4.16.1,smallgroups-1-189-fs2-q3-findall,1692,660,"(102, 2)",2026-08-24T10:07:39.648Z
"(102,3)",102,true,0,true,2026-08-24T10:05:04.033Z,1.12.6,1.8.1,,4.16.1,smallgroups-1-189-fs2-q3-findall,1692,661,"(102, 3)",2026-08-24T10:07:40.241Z
"(102,4)",102,true,0,true,2026-08-24T10:05:04.033Z,1.12.6,1.8.1,,4.16.1,smallgroups-1-189-fs2-q3-findall,1692,662,"(102, 4)",2026-08-24T10:07:41.227Z
"(104,1)",104,true,0,true,2026-08-24T10:05:04.033Z,1.12.6,1.8.1,,4.16.1,smallgroups-1-189-fs2-q3-findall,1692,663,"(104, 1)",2026-08-24T10:07:41.554Z
"(104,2)",104,true,0,true,2026-08-24T10:05:04.033Z,1.12.6,1.8.1,,4.16.1,smallgroups-1-189-fs2-q3-findall,1692,664,"(104, 2)",2026-08-24T10:07:43.569Z
"(104,3)",104,true,0,true,2026-08-24T10:05:04.033Z,1.12.6,1.8.1,,4.16.1,smallgroups-1-189-fs2-q3-findall,1692,665,"(104, 3)",2026-08-24T10:07:43.61Z
"(104,4)",104,true,0,true,2026-08-24T10:05:04.033Z,1.12.6,1.8.1,,4.16.1,smallgroups-1-189-fs2-q3-findall,1692,666,"(104, 4)",2026-08-24T10:07:43.717Z
"(104,5)",104,true,0,true,2026-08-24T10:05:04.033Z,1.12.6,1.8.1,,4.16.1,smallgroups-1-189-fs2-q3-findall,1692,667,"(104, 5)",2026-08-24T10:07:44.849Z
"(104,6)",104,true,0,true,2026-08-24T10:05:04.033Z,1.12.6,1.8.1,,4.16.1,smallgroups-1-189-fs2-q3-findall,1692,668,"(104, 6)",2026-08-24T10:07:44.96Z
"(104,7)",104,true,0,true,2026-08-24T10:05:04.033Z,1.12.6,1.8.1,,4.16.1,smallgroups-1-189-fs2-q3-findall,1692,669,"(104, 7)",2026-08-24T10:07:45.112Z
"(104,8)",104,true,0,true,2026-08-24T10:05:04.033Z,1.12.6,1.8.1,,4.16.1,smallgroups-1-189-fs2-q3-findall,1692,670,"(104, 8)",2026-08-24T10:07:45.244Z
"(104,9)",104,true,0,true,2026-08-24T10:05:04.033Z,1.12.6,1.8.1,,4.16.1,smallgroups-1-189-fs2-q3-findall,1692,671,"(104, 9)",2026-08-24T10:07:46.809Z
"(104,10)",104,true,0,true,2026-08-24T10:05:04.033Z,1.12.6,1.8.1,,4.16.1,smallgroups-1-189-fs2-q3-findall,1692,672,"(104, 10)",2026-08-24T10:07:47.135Z
"(104,11)",104,true,0,true,2026-08-24T10:05:04.033Z,1.12.6,1.8.1,,4.16.1,smallgroups-1-189-fs2-q3-findall,1692,673,"(104, 11)",2026-08-24T10:07:47.465Z
"(104,12)",104,true,0,true,2026-08-24T10:05:04.033Z,1.12.6,1.8.1,,4.16.1,smallgroups-1-189-fs2-q3-findall,1692,674,"(104, 12)",2026-08-24T10:07:47.716Z
"(104,13)",104,true,0,true,2026-08-24T10:05:04.033Z,1.12.6,1.8.1,,4.16.1,smallgroups-1-189-fs2-q3-findall,1692,675,"(104, 13)",2026-08-24T10:07:47.876Z
"(104,14)",104,true,0,true,2026-08-24T10:05:04.033Z,1.12.6,1.8.1,,4.16.1,smallgroups-1-189-fs2-q3-findall,1692,676,"(104, 14)",2026-08-24T10:07:49.055Z
"(105,1)",105,true,0,true,2026-08-24T10:05:04.033Z,1.12.6,1.8.1,,4.16.1,smallgroups-1-189-fs2-q3-findall,1692,677,"(105, 1)",2026-08-24T10:07:49.17Z
"(105,2)",105,true,0,true,2026-08-24T10:05:04.033Z,1.12.6,1.8.1,,4.16.1,smallgroups-1-189-fs2-q3-findall,1692,678,"(105, 2)",2026-08-24T10:07:51.552Z
"(106,1)",106,true,0,true,2026-08-24T10:05:04.033Z,1.12.6,1.8.1,,4.16.1,smallgroups-1-189-fs2-q3-findall,1692,679,"(106, 1)",2026-08-24T10:07:53.08Z
"(106,2)",106,true,0,true,2026-08-24T10:05:04.033Z,1.12.6,1.8.1,,4.16.1,smallgroups-1-189-fs2-q3-findall,1692,680,"(106, 2)",2026-08-24T10:07:55.672Z
"(108,1)",108,true,0,true,2026-08-24T10:05:04.033Z,1.12.6,1.8.1,,4.16.1,smallgroups-1-189-fs2-q3-findall,1692,681,"(108, 1)",2026-08-24T10:07:55.75Z
"(108,2)",108,true,0,true,2026-08-24T10:05:04.033Z,1.12.6,1.8.1,,4.16.1,smallgroups-1-189-fs2-q3-findall,1692,682,"(108, 2)",2026-08-24T10:07:56.646Z
"(108,3)",108,true,0,true,2026-08-24T10:05:04.033Z,1.12.6,1.8.1,,4.16.1,smallgroups-1-189-fs2-q3-findall,1692,683,"(108, 3)",2026-08-24T10:07:56.718Z
"(108,4)",108,true,0,true,2026-08-24T10:05:04.033Z,1.12.6,1.8.1,,4.16.1,smallgroups-1-189-fs2-q3-findall,1692,684,"(108, 4)",2026-08-24T10:07:56.794Z
"(108,5)",108,true,0,true,2026-08-24T10:05:04.033Z,1.12.6,1.8.1,,4.16.1,smallgroups-1-189-fs2-q3-findall,1692,685,"(108, 5)",2026-08-24T10:07:58.455Z
"(108,6)",108,true,0,true,2026-08-24T10:05:04.033Z,1.12.6,1.8.1,,4.16.1,smallgroups-1-189-fs2-q3-findall,1692,686,"(108, 6)",2026-08-24T10:07:58.538Z
"(108,7)",108,true,0,true,2026-08-24T10:05:04.033Z,1.12.6,1.8.1,,4.16.1,smallgroups-1-189-fs2-q3-findall,1692,687,"(108, 7)",2026-08-24T10:07:58.682Z
"(108,8)",108,true,0,true,2026-08-24T10:05:04.033Z,1.12.6,1.8.1,,4.16.1,smallgroups-1-189-fs2-q3-findall,1692,688,"(108, 8)",2026-08-24T10:07:58.718Z
"(108,9)",108,true,0,true,2026-08-24T10:05:04.033Z,1.12.6,1.8.1,,4.16.1,smallgroups-1-189-fs2-q3-findall,1692,689,"(108, 9)",2026-08-24T10:07:58.753Z
"(108,10)",108,true,0,true,2026-08-24T10:05:04.033Z,1.12.6,1.8.1,,4.16.1,smallgroups-1-189-fs2-q3-findall,1692,690,"(108, 10)",2026-08-24T10:07:58.824Z
"(108,11)",108,true,0,true,2026-08-24T10:05:04.033Z,1.12.6,1.8.1,,4.16.1,smallgroups-1-189-fs2-q3-findall,1692,691,"(108, 11)",2026-08-24T10:07:58.861Z
"(108,12)",108,true,0,true,2026-08-24T10:05:04.033Z,1.12.6,1.8.1,,4.16.1,smallgroups-1-189-fs2-q3-findall,1692,692,"(108, 12)",2026-08-24T10:07:59.447Z
"(108,13)",108,true,0,true,2026-08-24T10:05:04.033Z,1.12.6,1.8.1,,4.16.1,smallgroups-1-189-fs2-q3-findall,1692,693,"(108, 13)",2026-08-24T10:07:59.58Z
"(108,14)",108,true,0,true,2026-08-24T10:05:04.033Z,1.12.6,1.8.1,,4.16.1,smallgroups-1-189-fs2-q3-findall,1692,694,"(108, 14)",2026-08-24T10:08:00.319Z
"(108,15)",108,true,0,true,2026-08-24T10:05:04.033Z,1.12.6,1.8.1,,4.16.1,smallgroups-1-189-fs2-q3-findall,1692,695,"(108, 15)",2026-08-24T10:08:00.366Z
"(108,16)",108,true,0,true,2026-08-24T10:05:04.033Z,1.12.6,1.8.1,,4.16.1,smallgroups-1-189-fs2-q3-findall,1692,696,"(108, 16)",2026-08-24T10:08:00.398Z
"(108,17)",108,true,0,true,2026-08-24T10:05:04.033Z,1.12.6,1.8.1,,4.16.1,smallgroups-1-189-fs2-q3-findall,1692,697,"(108, 17)",2026-08-24T10:08:00.418Z
"(108,18)",108,true,0,true,2026-08-24T10:05:04.033Z,1.12.6,1.8.1,,4.16.1,smallgroups-1-189-fs2-q3-findall,1692,698,"(108, 18)",2026-08-24T10:08:00.487Z
"(108,19)",108,true,0,true,2026-08-24T10:05:04.033Z,1.12.6,1.8.1,,4.16.1,smallgroups-1-189-fs2-q3-findall,1692,699,"(108, 19)",2026-08-24T10:08:00.519Z
"(108,20)",108,true,0,true,2026-08-24T10:05:04.033Z,1.12.6,1.8.1,,4.16.1,smallgroups-1-189-fs2-q3-findall,1692,700,"(108, 20)",2026-08-24T10:08:00.59Z
"(108,21)",108,true,0,true,2026-08-24T10:05:04.033Z,1.12.6,1.8.1,,4.16.1,smallgroups-1-189-fs2-q3-findall,1692,701,"(108, 21)",2026-08-24T10:08:00.626Z
"(108,22)",108,true,0,true,2026-08-24T10:05:04.033Z,1.12.6,1.8.1,,4.16.1,smallgroups-1-189-fs2-q3-findall,1692,702,"(108, 22)",2026-08-24T10:08:00.658Z
"(108,23)",108,true,0,true,2026-08-24T10:05:04.033Z,1.12.6,1.8.1,,4.16.1,smallgroups-1-189-fs2-q3-findall,1692,703,"(108, 23)",2026-08-24T10:08:00.743Z
"(108,24)",108,true,0,true,2026-08-24T10:05:04.033Z,1.12.6,1.8.1,,4.16.1,smallgroups-1-189-fs2-q3-findall,1692,704,"(108, 24)",2026-08-24T10:08:00.894Z
"(108,25)",108,true,0,true,2026-08-24T10:05:04.033Z,1.12.6,1.8.1,,4.16.1,smallgroups-1-189-fs2-q3-findall,1692,705,"(108, 25)",2026-08-24T10:08:00.935Z
"(108,26)",108,true,0,true,2026-08-24T10:05:04.033Z,1.12.6,1.8.1,,4.16.1,smallgroups-1-189-fs2-q3-findall,1692,706,"(108, 26)",2026-08-24T10:08:00.975Z
"(108,27)",108,true,0,true,2026-08-24T10:05:04.033Z,1.12.6,1.8.1,,4.16.1,smallgroups-1-189-fs2-q3-findall,1692,707,"(108, 27)",2026-08-24T10:08:01.056Z
"(108,28)",108,true,0,true,2026-08-24T10:05:04.033Z,1.12.6,1.8.1,,4.16.1,smallgroups-1-189-fs2-q3-findall,1692,708,"(108, 28)",2026-08-24T10:08:01.098Z
"(108,29)",108,true,0,true,2026-08-24T10:05:04.033Z,1.12.6,1.8.1,,4.16.1,smallgroups-1-189-fs2-q3-findall,1692,709,"(108, 29)",2026-08-24T10:08:02.182Z
"(108,30)",108,true,0,true,2026-08-24T10:05:04.033Z,1.12.6,1.8.1,,4.16.1,smallgroups-1-189-fs2-q3-findall,1692,710,"(108, 30)",2026-08-24T10:08:02.302Z
"(108,31)",108,true,0,true,2026-08-24T10:05:04.033Z,1.12.6,1.8.1,,4.16.1,smallgroups-1-189-fs2-q3-findall,1692,711,"(108, 31)",2026-08-24T10:08:02.42Z
"(108,32)",108,true,0,true,2026-08-24T10:05:04.033Z,1.12.6,1.8.1,,4.16.1,smallgroups-1-189-fs2-q3-findall,1692,712,"(108, 32)",2026-08-24T10:08:02.589Z
"(108,33)",108,true,0,true,2026-08-24T10:05:04.033Z,1.12.6,1.8.1,,4.16.1,smallgroups-1-189-fs2-q3-findall,1692,713,"(108, 33)",2026-08-24T10:08:02.68Z
"(108,34)",108,true,0,true,2026-08-24T10:05:04.033Z,1.12.6,1.8.1,,4.16.1,smallgroups-1-189-fs2-q3-findall,1692,714,"(108, 34)",2026-08-24T10:08:02.774Z
"(108,35)",108,true,0,true,2026-08-24T10:05:04.033Z,1.12.6,1.8.1,,4.16.1,smallgroups-1-189-fs2-q3-findall,1692,715,"(108, 35)",2026-08-24T10:08:04.808Z
"(108,36)",108,true,0,true,2026-08-24T10:05:04.033Z,1.12.6,1.8.1,,4.16.1,smallgroups-1-189-fs2-q3-findall,1692,716,"(108, 36)",2026-08-24T10:08:04.841Z
"(108,37)",108,true,0,true,2026-08-24T10:05:04.033Z,1.12.6,1.8.1,,4.16.1,smallgroups-1-189-fs2-q3-findall,1692,717,"(108, 37)",2026-08-24T10:08:04.862Z
"(108,38)",108,true,0,true,2026-08-24T10:05:04.033Z,1.12.6,1.8.1,,4.16.1,smallgroups-1-189-fs2-q3-findall,1692,718,"(108, 38)",2026-08-24T10:08:04.917Z
"(108,39)",108,true,0,true,2026-08-24T10:05:04.033Z,1.12.6,1.8.1,,4.16.1,smallgroups-1-189-fs2-q3-findall,1692,719,"(108, 39)",2026-08-24T10:08:04.953Z
"(108,40)",108,true,0,true,2026-08-24T10:05:04.033Z,1.12.6,1.8.1,,4.16.1,smallgroups-1-189-fs2-q3-findall,1692,720,"(108, 40)",2026-08-24T10:08:04.981Z
"(108,41)",108,true,0,true,2026-08-24T10:05:04.033Z,1.12.6,1.8.1,,4.16.1,smallgroups-1-189-fs2-q3-findall,1692,721,"(108, 41)",2026-08-24T10:08:05.063Z
"(108,42)",108,true,0,true,2026-08-24T10:05:04.033Z,1.12.6,1.8.1,,4.16.1,smallgroups-1-189-fs2-q3-findall,1692,722,"(108, 42)",2026-08-24T10:08:05.252Z
"(108,43)",108,true,0,true,2026-08-24T10:05:04.033Z,1.12.6,1.8.1,,4.16.1,smallgroups-1-189-fs2-q3-findall,1692,723,"(108, 43)",2026-08-24T10:08:05.356Z
"(108,44)",108,true,0,true,2026-08-24T10:05:04.033Z,1.12.6,1.8.1,,4.16.1,smallgroups-1-189-fs2-q3-findall,1692,724,"(108, 44)",2026-08-24T10:08:05.453Z
"(108,45)",108,true,0,true,2026-08-24T10:05:04.033Z,1.12.6,1.8.1,,4.16.1,smallgroups-1-189-fs2-q3-findall,1692,725,"(108, 45)",2026-08-24T10:08:06.955Z
"(110,1)",110,true,0,true,2026-08-24T10:05:04.033Z,1.12.6,1.8.1,,4.16.1,smallgroups-1-189-fs2-q3-findall,1692,726,"(110, 1)",2026-08-24T10:08:06.976Z
"(110,2)",110,true,0,true,2026-08-24T10:05:04.033Z,1.12.6,1.8.1,,4.16.1,smallgroups-1-189-fs2-q3-findall,1692,727,"(110, 2)",2026-08-24T10:08:07.009Z
"(110,3)",110,true,0,true,2026-08-24T10:05:04.033Z,1.12.6,1.8.1,,4.16.1,smallgroups-1-189-fs2-q3-findall,1692,728,"(110, 3)",2026-08-24T10:08:07.548Z
"(110,4)",110,true,0,true,2026-08-24T10:05:04.033Z,1.12.6,1.8.1,,4.16.1,smallgroups-1-189-fs2-q3-findall,1692,729,"(110, 4)",2026-08-24T10:08:08.56Z
"(110,5)",110,true,0,true,2026-08-24T10:05:04.033Z,1.12.6,1.8.1,,4.16.1,smallgroups-1-189-fs2-q3-findall,1692,730,"(110, 5)",2026-08-24T10:08:09.06Z
"(110,6)",110,true,0,true,2026-08-24T10:05:04.033Z,1.12.6,1.8.1,,4.16.1,smallgroups-1-189-fs2-q3-findall,1692,731,"(110, 6)",2026-08-24T10:08:12.389Z
"(111,1)",111,true,0,true,2026-08-24T10:05:04.033Z,1.12.6,1.8.1,,4.16.1,smallgroups-1-189-fs2-q3-findall,1692,732,"(111, 1)",2026-08-24T10:08:12.582Z
"(111,2)",111,true,0,true,2026-08-24T10:05:04.033Z,1.12.6,1.8.1,,4.16.1,smallgroups-1-189-fs2-q3-findall,1692,733,"(111, 2)",2026-08-24T10:08:15.12Z
"(112,1)",112,true,0,true,2026-08-24T10:05:04.033Z,1.12.6,1.8.1,,4.16.1,smallgroups-1-189-fs2-q3-findall,1692,734,"(112, 1)",2026-08-24T10:08:15.253Z
"(112,2)",112,true,0,true,2026-08-24T10:05:04.033Z,1.12.6,1.8.1,,4.16.1,smallgroups-1-189-fs2-q3-findall,1692,735,"(112, 2)",2026-08-24T10:08:18.698Z
"(112,3)",112,true,0,true,2026-08-24T10:05:04.033Z,1.12.6,1.8.1,,4.16.1,smallgroups-1-189-fs2-q3-findall,1692,736,"(112, 3)",2026-08-24T10:08:18.832Z
"(112,4)",112,true,0,true,2026-08-24T10:05:04.033Z,1.12.6,1.8.1,,4.16.1,smallgroups-1-189-fs2-q3-findall,1692,737,"(112, 4)",2026-08-24T10:08:18.933Z
"(112,5)",112,true,0,true,2026-08-24T10:05:04.033Z,1.12.6,1.8.1,,4.16.1,smallgroups-1-189-fs2-q3-findall,1692,738,"(112, 5)",2026-08-24T10:08:19.023Z
"(112,6)",112,true,0,true,2026-08-24T10:05:04.033Z,1.12.6,1.8.1,,4.16.1,smallgroups-1-189-fs2-q3-findall,1692,739,"(112, 6)",2026-08-24T10:08:19.112Z
"(112,7)",112,true,0,true,2026-08-24T10:05:04.033Z,1.12.6,1.8.1,,4.16.1,smallgroups-1-189-fs2-q3-findall,1692,740,"(112, 7)",2026-08-24T10:08:19.202Z
"(112,8)",112,true,0,true,2026-08-24T10:05:04.033Z,1.12.6,1.8.1,,4.16.1,smallgroups-1-189-fs2-q3-findall,1692,741,"(112, 8)",2026-08-24T10:08:19.329Z
"(112,9)",112,true,0,true,2026-08-24T10:05:04.033Z,1.12.6,1.8.1,,4.16.1,smallgroups-1-189-fs2-q3-findall,1692,742,"(112, 9)",2026-08-24T10:08:19.432Z
"(112,10)",112,true,0,true,2026-08-24T10:05:04.033Z,1.12.6,1.8.1,,4.16.1,smallgroups-1-189-fs2-q3-findall,1692,743,"(112, 10)",2026-08-24T10:08:19.564Z
"(112,11)",112,true,0,true,2026-08-24T10:05:04.033Z,1.12.6,1.8.1,,4.16.1,smallgroups-1-189-fs2-q3-findall,1692,744,"(112, 11)",2026-08-24T10:08:19.67Z
"(112,12)",112,true,0,true,2026-08-24T10:05:04.033Z,1.12.6,1.8.1,,4.16.1,smallgroups-1-189-fs2-q3-findall,1692,745,"(112, 12)",2026-08-24T10:08:19.785Z
"(112,13)",112,true,0,true,2026-08-24T10:05:04.033Z,1.12.6,1.8.1,,4.16.1,smallgroups-1-189-fs2-q3-findall,1692,746,"(112, 13)",2026-08-24T10:08:19.895Z
"(112,14)",112,true,0,true,2026-08-24T10:05:04.033Z,1.12.6,1.8.1,,4.16.1,smallgroups-1-189-fs2-q3-findall,1692,747,"(112, 14)",2026-08-24T10:08:19.956Z
"(112,15)",112,true,0,true,2026-08-24T10:05:04.033Z,1.12.6,1.8.1,,4.16.1,smallgroups-1-189-fs2-q3-findall,1692,748,"(112, 15)",2026-08-24T10:08:20.507Z
"(112,16)",112,true,0,true,2026-08-24T10:05:04.033Z,1.12.6,1.8.1,,4.16.1,smallgroups-1-189-fs2-q3-findall,1692,749,"(112, 16)",2026-08-24T10:08:20.565Z
"(112,17)",112,true,0,true,2026-08-24T10:05:04.033Z,1.12.6,1.8.1,,4.16.1,smallgroups-1-189-fs2-q3-findall,1692,750,"(112, 17)",2026-08-24T10:08:20.624Z
"(112,18)",112,true,0,true,2026-08-24T10:05:04.033Z,1.12.6,1.8.1,,4.16.1,smallgroups-1-189-fs2-q3-findall,1692,751,"(112, 18)",2026-08-24T10:08:20.751Z
"(112,19)",112,true,0,true,2026-08-24T10:05:04.033Z,1.12.6,1.8.1,,4.16.1,smallgroups-1-189-fs2-q3-findall,1692,752,"(112, 19)",2026-08-24T10:08:22.296Z
"(112,20)",112,true,0,true,2026-08-24T10:05:04.033Z,1.12.6,1.8.1,,4.16.1,smallgroups-1-189-fs2-q3-findall,1692,753,"(112, 20)",2026-08-24T10:08:22.663Z
"(112,21)",112,true,0,true,2026-08-24T10:05:04.033Z,1.12.6,1.8.1,,4.16.1,smallgroups-1-189-fs2-q3-findall,1692,754,"(112, 21)",2026-08-24T10:08:23.403Z
"(112,22)",112,true,0,true,2026-08-24T10:05:04.033Z,1.12.6,1.8.1,,4.16.1,smallgroups-1-189-fs2-q3-findall,1692,755,"(112, 22)",2026-08-24T10:08:25.932Z
"(112,23)",112,true,0,true,2026-08-24T10:05:04.033Z,1.12.6,1.8.1,,4.16.1,smallgroups-1-189-fs2-q3-findall,1692,756,"(112, 23)",2026-08-24T10:08:26.277Z
"(112,24)",112,true,0,true,2026-08-24T10:05:04.033Z,1.12.6,1.8.1,,4.16.1,smallgroups-1-189-fs2-q3-findall,1692,757,"(112, 24)",2026-08-24T10:08:26.431Z
"(112,25)",112,true,0,true,2026-08-24T10:05:04.033Z,1.12.6,1.8.1,,4.16.1,smallgroups-1-189-fs2-q3-findall,1692,758,"(112, 25)",2026-08-24T10:08:26.588Z
"(112,26)",112,true,0,true,2026-08-24T10:05:04.033Z,1.12.6,1.8.1,,4.16.1,smallgroups-1-189-fs2-q3-findall,1692,759,"(112, 26)",2026-08-24T10:08:26.746Z
"(112,27)",112,true,0,true,2026-08-24T10:05:04.033Z,1.12.6,1.8.1,,4.16.1,smallgroups-1-189-fs2-q3-findall,1692,760,"(112, 27)",2026-08-24T10:08:27.254Z
"(112,28)",112,true,0,true,2026-08-24T10:05:04.033Z,1.12.6,1.8.1,,4.16.1,smallgroups-1-189-fs2-q3-findall,1692,761,"(112, 28)",2026-08-24T10:08:27.398Z
"(112,29)",112,true,0,true,2026-08-24T10:05:04.033Z,1.12.6,1.8.1,,4.16.1,smallgroups-1-189-fs2-q3-findall,1692,762,"(112, 29)",2026-08-24T10:08:27.512Z
"(112,30)",112,true,0,true,2026-08-24T10:05:04.033Z,1.12.6,1.8.1,,4.16.1,smallgroups-1-189-fs2-q3-findall,1692,763,"(112, 30)",2026-08-24T10:08:27.621Z
"(112,31)",112,true,0,true,2026-08-24T10:05:04.033Z,1.12.6,1.8.1,,4.16.1,smallgroups-1-189-fs2-q3-findall,1692,764,"(112, 31)",2026-08-24T10:08:27.696Z
"(112,32)",112,true,0,true,2026-08-24T10:05:04.033Z,1.12.6,1.8.1,,4.16.1,smallgroups-1-189-fs2-q3-findall,1692,765,"(112, 32)",2026-08-24T10:08:27.768Z
"(112,33)",112,true,0,true,2026-08-24T10:05:04.033Z,1.12.6,1.8.1,,4.16.1,smallgroups-1-189-fs2-q3-findall,1692,766,"(112, 33)",2026-08-24T10:08:27.842Z
"(112,34)",112,true,0,true,2026-08-24T10:05:04.033Z,1.12.6,1.8.1,,4.16.1,smallgroups-1-189-fs2-q3-findall,1692,767,"(112, 34)",2026-08-24T10:08:27.914Z
"(112,35)",112,true,0,true,2026-08-24T10:05:04.033Z,1.12.6,1.8.1,,4.16.1,smallgroups-1-189-fs2-q3-findall,1692,768,"(112, 35)",2026-08-24T10:08:28.089Z
"(112,36)",112,true,0,true,2026-08-24T10:05:04.033Z,1.12.6,1.8.1,,4.16.1,smallgroups-1-189-fs2-q3-findall,1692,769,"(112, 36)",2026-08-24T10:08:28.635Z
"(112,37)",112,true,0,true,2026-08-24T10:05:04.033Z,1.12.6,1.8.1,,4.16.1,smallgroups-1-189-fs2-q3-findall,1692,770,"(112, 37)",2026-08-24T10:08:30.908Z
"(112,38)",112,true,0,true,2026-08-24T10:05:04.033Z,1.12.6,1.8.1,,4.16.1,smallgroups-1-189-fs2-q3-findall,1692,771,"(112, 38)",2026-08-24T10:08:31.24Z
"(112,39)",112,true,0,true,2026-08-24T10:05:04.033Z,1.12.6,1.8.1,,4.16.1,smallgroups-1-189-fs2-q3-findall,1692,772,"(112, 39)",2026-08-24T10:08:31.57Z
"(112,40)",112,true,0,true,2026-08-24T10:05:04.033Z,1.12.6,1.8.1,,4.16.1,smallgroups-1-189-fs2-q3-findall,1692,773,"(112, 40)",2026-08-24T10:08:32.339Z
"(112,41)",112,true,0,true,2026-08-24T10:05:04.033Z,1.12.6,1.8.1,,4.16.1,smallgroups-1-189-fs2-q3-findall,1692,774,"(112, 41)",2026-08-24T10:08:32.37Z
"(112,42)",112,true,0,true,2026-08-24T10:05:04.033Z,1.12.6,1.8.1,,4.16.1,smallgroups-1-189-fs2-q3-findall,1692,775,"(112, 42)",2026-08-24T10:08:32.544Z
"(112,43)",112,true,0,true,2026-08-24T10:05:04.033Z,1.12.6,1.8.1,,4.16.1,smallgroups-1-189-fs2-q3-findall,1692,776,"(112, 43)",2026-08-24T10:08:33.907Z
"(114,1)",114,true,0,true,2026-08-24T10:05:04.033Z,1.12.6,1.8.1,,4.16.1,smallgroups-1-189-fs2-q3-findall,1692,777,"(114, 1)",2026-08-24T10:08:33.937Z
"(114,2)",114,true,0,true,2026-08-24T10:05:04.033Z,1.12.6,1.8.1,,4.16.1,smallgroups-1-189-fs2-q3-findall,1692,778,"(114, 2)",2026-08-24T10:08:34.019Z
"(114,3)",114,true,0,true,2026-08-24T10:05:04.033Z,1.12.6,1.8.1,,4.16.1,smallgroups-1-189-fs2-q3-findall,1692,779,"(114, 3)",2026-08-24T10:08:34.321Z
"(114,4)",114,true,0,true,2026-08-24T10:05:04.033Z,1.12.6,1.8.1,,4.16.1,smallgroups-1-189-fs2-q3-findall,1692,780,"(114, 4)",2026-08-24T10:08:35.634Z
"(114,5)",114,true,0,true,2026-08-24T10:05:04.033Z,1.12.6,1.8.1,,4.16.1,smallgroups-1-189-fs2-q3-findall,1692,781,"(114, 5)",2026-08-24T10:08:35.848Z
"(114,6)",114,true,0,true,2026-08-24T10:05:04.033Z,1.12.6,1.8.1,,4.16.1,smallgroups-1-189-fs2-q3-findall,1692,782,"(114, 6)",2026-08-24T10:08:37.561Z
"(115,1)",115,true,0,true,2026-08-24T10:05:04.033Z,1.12.6,1.8.1,,4.16.1,smallgroups-1-189-fs2-q3-findall,1692,783,"(115, 1)",2026-08-24T10:08:43.097Z
"(116,1)",116,true,0,true,2026-08-24T10:05:04.033Z,1.12.6,1.8.1,,4.16.1,smallgroups-1-189-fs2-q3-findall,1692,784,"(116, 1)",2026-08-24T10:08:43.689Z
"(116,2)",116,true,0,true,2026-08-24T10:05:04.033Z,1.12.6,1.8.1,,4.16.1,smallgroups-1-189-fs2-q3-findall,1692,785,"(116, 2)",2026-08-24T10:08:46.732Z
"(116,3)",116,true,0,true,2026-08-24T10:05:04.033Z,1.12.6,1.8.1,,4.16.1,smallgroups-1-189-fs2-q3-findall,1692,786,"(116, 3)",2026-08-24T10:08:46.816Z
"(116,4)",116,true,0,true,2026-08-24T10:05:04.033Z,1.12.6,1.8.1,,4.16.1,smallgroups-1-189-fs2-q3-findall,1692,787,"(116, 4)",2026-08-24T10:08:47.276Z
"(116,5)",116,true,0,true,2026-08-24T10:05:04.033Z,1.12.6,1.8.1,,4.16.1,smallgroups-1-189-fs2-q3-findall,1692,788,"(116, 5)",2026-08-24T10:08:50.242Z
"(117,1)",117,true,0,true,2026-08-24T10:05:04.033Z,1.12.6,1.8.1,,4.16.1,smallgroups-1-189-fs2-q3-findall,1692,789,"(117, 1)",2026-08-24T10:08:50.307Z
"(117,2)",117,true,0,true,2026-08-24T10:05:04.033Z,1.12.6,1.8.1,,4.16.1,smallgroups-1-189-fs2-q3-findall,1692,790,"(117, 2)",2026-08-24T10:08:52.346Z
"(117,3)",117,true,0,true,2026-08-24T10:05:04.033Z,1.12.6,1.8.1,,4.16.1,smallgroups-1-189-fs2-q3-findall,1692,791,"(117, 3)",2026-08-24T10:08:52.409Z
"(117,4)",117,true,0,true,2026-08-24T10:05:04.033Z,1.12.6,1.8.1,,4.16.1,smallgroups-1-189-fs2-q3-findall,1692,792,"(117, 4)",2026-08-24T10:08:53.853Z
"(118,1)",118,true,0,true,2026-08-24T10:05:04.033Z,1.12.6,1.8.1,,4.16.1,smallgroups-1-189-fs2-q3-findall,1692,793,"(118, 1)",2026-08-24T10:08:56.968Z
"(118,2)",118,true,0,true,2026-08-24T10:05:04.033Z,1.12.6,1.8.1,,4.16.1,smallgroups-1-189-fs2-q3-findall,1692,794,"(118, 2)",2026-08-24T10:09:00.46Z
"(119,1)",119,true,0,true,2026-08-24T10:05:04.033Z,1.12.6,1.8.1,,4.16.1,smallgroups-1-189-fs2-q3-findall,1692,795,"(119, 1)",2026-08-24T10:09:06.84Z
"(120,1)",120,true,0,true,2026-08-24T10:05:04.033Z,1.12.6,1.8.1,,4.16.1,smallgroups-1-189-fs2-q3-findall,1692,796,"(120, 1)",2026-08-24T10:09:07.123Z
"(120,2)",120,true,0,true,2026-08-24T10:05:04.033Z,1.12.6,1.8.1,,4.16.1,smallgroups-1-189-fs2-q3-findall,1692,797,"(120, 2)",2026-08-24T10:09:07.277Z
"(120,3)",120,true,0,true,2026-08-24T10:05:04.033Z,1.12.6,1.8.1,,4.16.1,smallgroups-1-189-fs2-q3-findall,1692,798,"(120, 3)",2026-08-24T10:09:07.386Z
"(120,4)",120,true,0,true,2026-08-24T10:05:04.033Z,1.12.6,1.8.1,,4.16.1,smallgroups-1-189-fs2-q3-findall,1692,799,"(120, 4)",2026-08-24T10:09:09.102Z
"(120,5)",120,false,0,true,2026-08-24T10:05:04.033Z,1.12.6,1.8.1,,4.16.1,smallgroups-1-189-fs2-q3-findall,1692,800,"(120, 5)",2026-08-24T10:09:09.156Z
"(120,6)",120,true,0,true,2026-08-24T10:05:04.033Z,1.12.6,1.8.1,,4.16.1,smallgroups-1-189-fs2-q3-findall,1692,801,"(120, 6)",2026-08-24T10:09:09.227Z
"(120,7)",120,true,0,true,2026-08-24T10:05:04.033Z,1.12.6,1.8.1,,4.16.1,smallgroups-1-189-fs2-q3-findall,1692,802,"(120, 7)",2026-08-24T10:09:09.267Z
"(120,8)",120,true,0,true,2026-08-24T10:05:04.033Z,1.12.6,1.8.1,,4.16.1,smallgroups-1-189-fs2-q3-findall,1692,803,"(120, 8)",2026-08-24T10:09:09.329Z
"(120,9)",120,true,0,true,2026-08-24T10:05:04.033Z,1.12.6,1.8.1,,4.16.1,smallgroups-1-189-fs2-q3-findall,1692,804,"(120, 9)",2026-08-24T10:09:09.398Z
"(120,10)",120,true,0,true,2026-08-24T10:05:04.033Z,1.12.6,1.8.1,,4.16.1,smallgroups-1-189-fs2-q3-findall,1692,805,"(120, 10)",2026-08-24T10:09:09.773Z
"(120,11)",120,true,0,true,2026-08-24T10:05:04.033Z,1.12.6,1.8.1,,4.16.1,smallgroups-1-189-fs2-q3-findall,1692,806,"(120, 11)",2026-08-24T10:09:09.828Z
"(120,12)",120,true,0,true,2026-08-24T10:05:04.033Z,1.12.6,1.8.1,,4.16.1,smallgroups-1-189-fs2-q3-findall,1692,807,"(120, 12)",2026-08-24T10:09:09.878Z
"(120,13)",120,true,0,true,2026-08-24T10:05:04.033Z,1.12.6,1.8.1,,4.16.1,smallgroups-1-189-fs2-q3-findall,1692,808,"(120, 13)",2026-08-24T10:09:09.931Z
"(120,14)",120,true,0,true,2026-08-24T10:05:04.033Z,1.12.6,1.8.1,,4.16.1,smallgroups-1-189-fs2-q3-findall,1692,809,"(120, 14)",2026-08-24T10:09:09.978Z
"(120,15)",120,true,0,true,2026-08-24T10:05:04.033Z,1.12.6,1.8.1,,4.16.1,smallgroups-1-189-fs2-q3-findall,1692,810,"(120, 15)",2026-08-24T10:09:10.162Z
"(120,16)",120,true,0,true,2026-08-24T10:05:04.033Z,1.12.6,1.8.1,,4.16.1,smallgroups-1-189-fs2-q3-findall,1692,811,"(120, 16)",2026-08-24T10:09:10.282Z
"(120,17)",120,true,0,true,2026-08-24T10:05:04.033Z,1.12.6,1.8.1,,4.16.1,smallgroups-1-189-fs2-q3-findall,1692,812,"(120, 17)",2026-08-24T10:09:10.445Z
"(120,18)",120,true,0,true,2026-08-24T10:05:04.033Z,1.12.6,1.8.1,,4.16.1,smallgroups-1-189-fs2-q3-findall,1692,813,"(120, 18)",2026-08-24T10:09:10.57Z
"(120,19)",120,true,0,true,2026-08-24T10:05:04.033Z,1.12.6,1.8.1,,4.16.1,smallgroups-1-189-fs2-q3-findall,1692,814,"(120, 19)",2026-08-24T10:09:11.112Z
"(120,20)",120,true,0,true,2026-08-24T10:05:04.033Z,1.12.6,1.8.1,,4.16.1,smallgroups-1-189-fs2-q3-findall,1692,815,"(120, 20)",2026-08-24T10:09:11.25Z
"(120,21)",120,true,0,true,2026-08-24T10:05:04.033Z,1.12.6,1.8.1,,4.16.1,smallgroups-1-189-fs2-q3-findall,1692,816,"(120, 21)",2026-08-24T10:09:11.392Z
"(120,22)",120,true,0,true,2026-08-24T10:05:04.033Z,1.12.6,1.8.1,,4.16.1,smallgroups-1-189-fs2-q3-findall,1692,817,"(120, 22)",2026-08-24T10:09:11.66Z
"(120,23)",120,true,0,true,2026-08-24T10:05:04.033Z,1.12.6,1.8.1,,4.16.1,smallgroups-1-189-fs2-q3-findall,1692,818,"(120, 23)",2026-08-24T10:09:11.798Z
"(120,24)",120,true,0,true,2026-08-24T10:05:04.033Z,1.12.6,1.8.1,,4.16.1,smallgroups-1-189-fs2-q3-findall,1692,819,"(120, 24)",2026-08-24T10:09:12.485Z
"(120,25)",120,true,0,true,2026-08-24T10:05:04.033Z,1.12.6,1.8.1,,4.16.1,smallgroups-1-189-fs2-q3-findall,1692,820,"(120, 25)",2026-08-24T10:09:12.633Z
"(120,26)",120,true,0,true,2026-08-24T10:05:04.033Z,1.12.6,1.8.1,,4.16.1,smallgroups-1-189-fs2-q3-findall,1692,821,"(120, 26)",2026-08-24T10:09:12.736Z
"(120,27)",120,true,0,true,2026-08-24T10:05:04.033Z,1.12.6,1.8.1,,4.16.1,smallgroups-1-189-fs2-q3-findall,1692,822,"(120, 27)",2026-08-24T10:09:12.851Z
"(120,28)",120,true,0,true,2026-08-24T10:05:04.033Z,1.12.6,1.8.1,,4.16.1,smallgroups-1-189-fs2-q3-findall,1692,823,"(120, 28)",2026-08-24T10:09:12.952Z
"(120,29)",120,true,0,true,2026-08-24T10:05:04.033Z,1.12.6,1.8.1,,4.16.1,smallgroups-1-189-fs2-q3-findall,1692,824,"(120, 29)",2026-08-24T10:09:14.305Z
"(120,30)",120,true,0,true,2026-08-24T10:05:04.033Z,1.12.6,1.8.1,,4.16.1,smallgroups-1-189-fs2-q3-findall,1692,825,"(120, 30)",2026-08-24T10:09:14.426Z
"(120,31)",120,true,0,true,2026-08-24T10:05:04.033Z,1.12.6,1.8.1,,4.16.1,smallgroups-1-189-fs2-q3-findall,1692,826,"(120, 31)",2026-08-24T10:09:15.461Z
"(120,32)",120,true,0,true,2026-08-24T10:05:04.033Z,1.12.6,1.8.1,,4.16.1,smallgroups-1-189-fs2-q3-findall,1692,827,"(120, 32)",2026-08-24T10:09:16.364Z
"(120,33)",120,true,0,true,2026-08-24T10:05:04.033Z,1.12.6,1.8.1,,4.16.1,smallgroups-1-189-fs2-q3-findall,1692,828,"(120, 33)",2026-08-24T10:09:16.714Z
"(120,34)",120,false,0,true,2026-08-24T10:05:04.033Z,1.12.6,1.8.1,,4.16.1,smallgroups-1-189-fs2-q3-findall,1692,829,"(120, 34)",2026-08-24T10:09:16.726Z
"(120,35)",120,false,0,true,2026-08-24T10:05:04.033Z,1.12.6,1.8.1,,4.16.1,smallgroups-1-189-fs2-q3-findall,1692,830,"(120, 35)",2026-08-24T10:09:16.775Z
"(120,36)",120,true,0,true,2026-08-24T10:05:04.033Z,1.12.6,1.8.1,,4.16.1,smallgroups-1-189-fs2-q3-findall,1692,831,"(120, 36)",2026-08-24T10:09:16.801Z
"(120,37)",120,true,0,true,2026-08-24T10:05:04.033Z,1.12.6,1.8.1,,4.16.1,smallgroups-1-189-fs2-q3-findall,1692,832,"(120, 37)",2026-08-24T10:09:16.856Z
"(120,38)",120,true,0,true,2026-08-24T10:05:04.033Z,1.12.6,1.8.1,,4.16.1,smallgroups-1-189-fs2-q3-findall,1692,833,"(120, 38)",2026-08-24T10:09:16.884Z
"(120,39)",120,true,0,true,2026-08-24T10:05:04.033Z,1.12.6,1.8.1,,4.16.1,smallgroups-1-189-fs2-q3-findall,1692,834,"(120, 39)",2026-08-24T10:09:16.916Z
"(120,40)",120,true,0,true,2026-08-24T10:05:04.033Z,1.12.6,1.8.1,,4.16.1,smallgroups-1-189-fs2-q3-findall,1692,835,"(120, 40)",2026-08-24T10:09:16.983Z
"(120,41)",120,true,0,true,2026-08-24T10:05:04.033Z,1.12.6,1.8.1,,4.16.1,smallgroups-1-189-fs2-q3-findall,1692,836,"(120, 41)",2026-08-24T10:09:17.021Z
"(120,42)",120,true,0,true,2026-08-24T10:05:04.033Z,1.12.6,1.8.1,,4.16.1,smallgroups-1-189-fs2-q3-findall,1692,837,"(120, 42)",2026-08-24T10:09:17.088Z
"(120,43)",120,true,0,true,2026-08-24T10:05:04.033Z,1.12.6,1.8.1,,4.16.1,smallgroups-1-189-fs2-q3-findall,1692,838,"(120, 43)",2026-08-24T10:09:17.204Z
"(120,44)",120,true,0,true,2026-08-24T10:05:04.033Z,1.12.6,1.8.1,,4.16.1,smallgroups-1-189-fs2-q3-findall,1692,839,"(120, 44)",2026-08-24T10:09:17.408Z
"(120,45)",120,true,0,true,2026-08-24T10:05:04.033Z,1.12.6,1.8.1,,4.16.1,smallgroups-1-189-fs2-q3-findall,1692,840,"(120, 45)",2026-08-24T10:09:18.193Z
"(120,46)",120,true,0,true,2026-08-24T10:05:04.033Z,1.12.6,1.8.1,,4.16.1,smallgroups-1-189-fs2-q3-findall,1692,841,"(120, 46)",2026-08-24T10:09:18.35Z
"(120,47)",120,true,0,true,2026-08-24T10:05:04.033Z,1.12.6,1.8.1,,4.16.1,smallgroups-1-189-fs2-q3-findall,1692,842,"(120, 47)",2026-08-24T10:09:20.593Z
"(122,1)",122,true,0,true,2026-08-24T10:05:04.033Z,1.12.6,1.8.1,,4.16.1,smallgroups-1-189-fs2-q3-findall,1692,843,"(122, 1)",2026-08-24T10:09:23.325Z
"(122,2)",122,true,0,true,2026-08-24T10:05:04.033Z,1.12.6,1.8.1,,4.16.1,smallgroups-1-189-fs2-q3-findall,1692,844,"(122, 2)",2026-08-24T10:09:27.971Z
"(123,1)",123,true,0,true,2026-08-24T10:05:04.033Z,1.12.6,1.8.1,,4.16.1,smallgroups-1-189-fs2-q3-findall,1692,845,"(123, 1)",2026-08-24T10:09:31.485Z
"(124,1)",124,true,0,true,2026-08-24T10:05:04.033Z,1.12.6,1.8.1,,4.16.1,smallgroups-1-189-fs2-q3-findall,1692,846,"(124, 1)",2026-08-24T10:09:32.944Z
"(124,2)",124,true,0,true,2026-08-24T10:05:04.033Z,1.12.6,1.8.1,,4.16.1,smallgroups-1-189-fs2-q3-findall,1692,847,"(124, 2)",2026-08-24T10:09:36.648Z
"(124,3)",124,true,0,true,2026-08-24T10:05:04.033Z,1.12.6,1.8.1,,4.16.1,smallgroups-1-189-fs2-q3-findall,1692,848,"(124, 3)",2026-08-24T10:09:37.082Z
"(124,4)",124,true,0,true,2026-08-24T10:05:04.033Z,1.12.6,1.8.1,,4.16.1,smallgroups-1-189-fs2-q3-findall,1692,849,"(124, 4)",2026-08-24T10:09:40.574Z
"(126,1)",126,true,0,true,2026-08-24T10:05:04.033Z,1.12.6,1.8.1,,4.16.1,smallgroups-1-189-fs2-q3-findall,1692,850,"(126, 1)",2026-08-24T10:09:40.611Z
"(126,2)",126,true,0,true,2026-08-24T10:05:04.033Z,1.12.6,1.8.1,,4.16.1,smallgroups-1-189-fs2-q3-findall,1692,851,"(126, 2)",2026-08-24T10:09:40.687Z
"(126,3)",126,true,0,true,2026-08-24T10:05:04.033Z,1.12.6,1.8.1,,4.16.1,smallgroups-1-189-fs2-q3-findall,1692,852,"(126, 3)",2026-08-24T10:09:40.839Z
"(126,4)",126,true,0,true,2026-08-24T10:05:04.033Z,1.12.6,1.8.1,,4.16.1,smallgroups-1-189-fs2-q3-findall,1692,853,"(126, 4)",2026-08-24T10:09:41.002Z
"(126,5)",126,true,0,true,2026-08-24T10:05:04.033Z,1.12.6,1.8.1,,4.16.1,smallgroups-1-189-fs2-q3-findall,1692,854,"(126, 5)",2026-08-24T10:09:41.128Z
"(126,6)",126,true,0,true,2026-08-24T10:05:04.033Z,1.12.6,1.8.1,,4.16.1,smallgroups-1-189-fs2-q3-findall,1692,855,"(126, 6)",2026-08-24T10:09:42.773Z
"(126,7)",126,true,0,true,2026-08-24T10:05:04.033Z,1.12.6,1.8.1,,4.16.1,smallgroups-1-189-fs2-q3-findall,1692,856,"(126, 7)",2026-08-24T10:09:42.812Z
"(126,8)",126,true,0,true,2026-08-24T10:05:04.033Z,1.12.6,1.8.1,,4.16.1,smallgroups-1-189-fs2-q3-findall,1692,857,"(126, 8)",2026-08-24T10:09:42.845Z
"(126,9)",126,true,0,true,2026-08-24T10:05:04.033Z,1.12.6,1.8.1,,4.16.1,smallgroups-1-189-fs2-q3-findall,1692,858,"(126, 9)",2026-08-24T10:09:42.867Z
"(126,10)",126,true,0,true,2026-08-24T10:05:04.033Z,1.12.6,1.8.1,,4.16.1,smallgroups-1-189-fs2-q3-findall,1692,859,"(126, 10)",2026-08-24T10:09:42.948Z
"(126,11)",126,true,0,true,2026-08-24T10:05:04.033Z,1.12.6,1.8.1,,4.16.1,smallgroups-1-189-fs2-q3-findall,1692,860,"(126, 11)",2026-08-24T10:09:43.117Z
"(126,12)",126,true,0,true,2026-08-24T10:05:04.033Z,1.12.6,1.8.1,,4.16.1,smallgroups-1-189-fs2-q3-findall,1692,861,"(126, 12)",2026-08-24T10:09:43.38Z
"(126,13)",126,true,0,true,2026-08-24T10:05:04.033Z,1.12.6,1.8.1,,4.16.1,smallgroups-1-189-fs2-q3-findall,1692,862,"(126, 13)",2026-08-24T10:09:43.52Z
"(126,14)",126,true,0,true,2026-08-24T10:05:04.033Z,1.12.6,1.8.1,,4.16.1,smallgroups-1-189-fs2-q3-findall,1692,863,"(126, 14)",2026-08-24T10:09:44.018Z
"(126,15)",126,true,0,true,2026-08-24T10:05:04.033Z,1.12.6,1.8.1,,4.16.1,smallgroups-1-189-fs2-q3-findall,1692,864,"(126, 15)",2026-08-24T10:09:44.159Z
"(126,16)",126,true,0,true,2026-08-24T10:05:04.033Z,1.12.6,1.8.1,,4.16.1,smallgroups-1-189-fs2-q3-findall,1692,865,"(126, 16)",2026-08-24T10:09:45.56Z
"(129,1)",129,true,0,true,2026-08-24T10:05:04.033Z,1.12.6,1.8.1,,4.16.1,smallgroups-1-189-fs2-q3-findall,1692,866,"(129, 1)",2026-08-24T10:09:45.86Z
"(129,2)",129,true,0,true,2026-08-24T10:05:04.033Z,1.12.6,1.8.1,,4.16.1,smallgroups-1-189-fs2-q3-findall,1692,867,"(129, 2)",2026-08-24T10:09:50.726Z
"(130,1)",130,true,0,true,2026-08-24T10:05:04.033Z,1.12.6,1.8.1,,4.16.1,smallgroups-1-189-fs2-q3-findall,1692,868,"(130, 1)",2026-08-24T10:09:51.993Z
"(130,2)",130,true,0,true,2026-08-24T10:05:04.033Z,1.12.6,1.8.1,,4.16.1,smallgroups-1-189-fs2-q3-findall,1692,869,"(130, 2)",2026-08-24T10:09:53.274Z
"(130,3)",130,true,0,true,2026-08-24T10:05:04.033Z,1.12.6,1.8.1,,4.16.1,smallgroups-1-189-fs2-q3-findall,1692,870,"(130, 3)",2026-08-24T10:09:55.376Z
"(130,4)",130,true,0,true,2026-08-24T10:05:04.033Z,1.12.6,1.8.1,,4.16.1,smallgroups-1-189-fs2-q3-findall,1692,871,"(130, 4)",2026-08-24T10:09:59.015Z
"(132,1)",132,true,0,true,2026-08-24T10:05:04.033Z,1.12.6,1.8.1,,4.16.1,smallgroups-1-189-fs2-q3-findall,1692,872,"(132, 1)",2026-08-24T10:09:59.579Z
"(132,2)",132,true,0,true,2026-08-24T10:05:04.033Z,1.12.6,1.8.1,,4.16.1,smallgroups-1-189-fs2-q3-findall,1692,873,"(132, 2)",2026-08-24T10:09:59.769Z
"(132,3)",132,true,0,true,2026-08-24T10:05:04.033Z,1.12.6,1.8.1,,4.16.1,smallgroups-1-189-fs2-q3-findall,1692,874,"(132, 3)",2026-08-24T10:09:59.969Z
"(132,4)",132,true,0,true,2026-08-24T10:05:04.033Z,1.12.6,1.8.1,,4.16.1,smallgroups-1-189-fs2-q3-findall,1692,875,"(132, 4)",2026-08-24T10:10:03.286Z
"(132,5)",132,true,0,true,2026-08-24T10:05:04.033Z,1.12.6,1.8.1,,4.16.1,smallgroups-1-189-fs2-q3-findall,1692,876,"(132, 5)",2026-08-24T10:10:03.358Z
"(132,6)",132,true,0,true,2026-08-24T10:05:04.033Z,1.12.6,1.8.1,,4.16.1,smallgroups-1-189-fs2-q3-findall,1692,877,"(132, 6)",2026-08-24T10:10:03.505Z
"(132,7)",132,true,0,true,2026-08-24T10:05:04.033Z,1.12.6,1.8.1,,4.16.1,smallgroups-1-189-fs2-q3-findall,1692,878,"(132, 7)",2026-08-24T10:10:03.692Z
"(132,8)",132,true,0,true,2026-08-24T10:05:04.033Z,1.12.6,1.8.1,,4.16.1,smallgroups-1-189-fs2-q3-findall,1692,879,"(132, 8)",2026-08-24T10:10:04.011Z
"(132,9)",132,true,0,true,2026-08-24T10:05:04.033Z,1.12.6,1.8.1,,4.16.1,smallgroups-1-189-fs2-q3-findall,1692,880,"(132, 9)",2026-08-24T10:10:04.217Z
"(132,10)",132,true,0,true,2026-08-24T10:05:04.033Z,1.12.6,1.8.1,,4.16.1,smallgroups-1-189-fs2-q3-findall,1692,881,"(132, 10)",2026-08-24T10:10:05.976Z
"(133,1)",133,true,0,true,2026-08-24T10:05:04.033Z,1.12.6,1.8.1,,4.16.1,smallgroups-1-189-fs2-q3-findall,1692,882,"(133, 1)",2026-08-24T10:10:14.817Z
"(134,1)",134,true,0,true,2026-08-24T10:05:04.033Z,1.12.6,1.8.1,,4.16.1,smallgroups-1-189-fs2-q3-findall,1692,883,"(134, 1)",2026-08-24T10:10:19.269Z
"(134,2)",134,true,0,true,2026-08-24T10:05:04.033Z,1.12.6,1.8.1,,4.16.1,smallgroups-1-189-fs2-q3-findall,1692,884,"(134, 2)",2026-08-24T10:10:24.315Z
"(135,1)",135,true,0,true,2026-08-24T10:05:04.033Z,1.12.6,1.8.1,,4.16.1,smallgroups-1-189-fs2-q3-findall,1692,885,"(135, 1)",2026-08-24T10:10:26.37Z
"(135,2)",135,true,0,true,2026-08-24T10:05:04.033Z,1.12.6,1.8.1,,4.16.1,smallgroups-1-189-fs2-q3-findall,1692,886,"(135, 2)",2026-08-24T10:10:28.882Z
"(135,3)",135,true,0,true,2026-08-24T10:05:04.033Z,1.12.6,1.8.1,,4.16.1,smallgroups-1-189-fs2-q3-findall,1692,887,"(135, 3)",2026-08-24T10:10:29.065Z
"(135,4)",135,true,0,true,2026-08-24T10:05:04.033Z,1.12.6,1.8.1,,4.16.1,smallgroups-1-189-fs2-q3-findall,1692,888,"(135, 4)",2026-08-24T10:10:29.247Z
"(135,5)",135,true,0,true,2026-08-24T10:05:04.033Z,1.12.6,1.8.1,,4.16.1,smallgroups-1-189-fs2-q3-findall,1692,889,"(135, 5)",2026-08-24T10:10:30.349Z
"(136,1)",136,true,0,true,2026-08-24T10:05:04.033Z,1.12.6,1.8.1,,4.16.1,smallgroups-1-189-fs2-q3-findall,1692,890,"(136, 1)",2026-08-24T10:10:30.566Z
"(136,2)",136,true,0,true,2026-08-24T10:05:04.033Z,1.12.6,1.8.1,,4.16.1,smallgroups-1-189-fs2-q3-findall,1692,891,"(136, 2)",2026-08-24T10:10:36.479Z
"(136,3)",136,true,0,true,2026-08-24T10:05:04.033Z,1.12.6,1.8.1,,4.16.1,smallgroups-1-189-fs2-q3-findall,1692,892,"(136, 3)",2026-08-24T10:10:36.541Z
"(136,4)",136,true,0,true,2026-08-24T10:05:04.033Z,1.12.6,1.8.1,,4.16.1,smallgroups-1-189-fs2-q3-findall,1692,893,"(136, 4)",2026-08-24T10:10:36.736Z
"(136,5)",136,true,0,true,2026-08-24T10:05:04.033Z,1.12.6,1.8.1,,4.16.1,smallgroups-1-189-fs2-q3-findall,1692,894,"(136, 5)",2026-08-24T10:10:36.947Z
"(136,6)",136,true,0,true,2026-08-24T10:05:04.033Z,1.12.6,1.8.1,,4.16.1,smallgroups-1-189-fs2-q3-findall,1692,895,"(136, 6)",2026-08-24T10:10:37.139Z
"(136,7)",136,true,0,true,2026-08-24T10:05:04.033Z,1.12.6,1.8.1,,4.16.1,smallgroups-1-189-fs2-q3-findall,1692,896,"(136, 7)",2026-08-24T10:10:37.397Z
"(136,8)",136,true,0,true,2026-08-24T10:05:04.033Z,1.12.6,1.8.1,,4.16.1,smallgroups-1-189-fs2-q3-findall,1692,897,"(136, 8)",2026-08-24T10:10:37.636Z
"(136,9)",136,true,0,true,2026-08-24T10:05:04.033Z,1.12.6,1.8.1,,4.16.1,smallgroups-1-189-fs2-q3-findall,1692,898,"(136, 9)",2026-08-24T10:10:40.639Z
"(136,10)",136,true,0,true,2026-08-24T10:05:04.033Z,1.12.6,1.8.1,,4.16.1,smallgroups-1-189-fs2-q3-findall,1692,899,"(136, 10)",2026-08-24T10:10:41.555Z
"(136,11)",136,true,0,true,2026-08-24T10:05:04.033Z,1.12.6,1.8.1,,4.16.1,smallgroups-1-189-fs2-q3-findall,1692,900,"(136, 11)",2026-08-24T10:10:43.28Z
"(136,12)",136,true,0,true,2026-08-24T10:05:04.033Z,1.12.6,1.8.1,,4.16.1,smallgroups-1-189-fs2-q3-findall,1692,901,"(136, 12)",2026-08-24T10:10:43.31Z
"(136,13)",136,true,0,true,2026-08-24T10:05:04.033Z,1.12.6,1.8.1,,4.16.1,smallgroups-1-189-fs2-q3-findall,1692,902,"(136, 13)",2026-08-24T10:10:43.371Z
"(136,14)",136,true,0,true,2026-08-24T10:05:04.033Z,1.12.6,1.8.1,,4.16.1,smallgroups-1-189-fs2-q3-findall,1692,903,"(136, 14)",2026-08-24T10:10:43.638Z
"(136,15)",136,true,0,true,2026-08-24T10:05:04.033Z,1.12.6,1.8.1,,4.16.1,smallgroups-1-189-fs2-q3-findall,1692,904,"(136, 15)",2026-08-24T10:10:46.144Z
"(138,1)",138,true,0,true,2026-08-24T10:05:04.033Z,1.12.6,1.8.1,,4.16.1,smallgroups-1-189-fs2-q3-findall,1692,905,"(138, 1)",2026-08-24T10:10:46.642Z
"(138,2)",138,true,0,true,2026-08-24T10:05:04.033Z,1.12.6,1.8.1,,4.16.1,smallgroups-1-189-fs2-q3-findall,1692,906,"(138, 2)",2026-08-24T10:10:48.037Z
"(138,3)",138,true,0,true,2026-08-24T10:05:04.033Z,1.12.6,1.8.1,,4.16.1,smallgroups-1-189-fs2-q3-findall,1692,907,"(138, 3)",2026-08-24T10:10:48.393Z
"(138,4)",138,true,0,true,2026-08-24T10:05:04.033Z,1.12.6,1.8.1,,4.16.1,smallgroups-1-189-fs2-q3-findall,1692,908,"(138, 4)",2026-08-24T10:10:51.299Z
"(140,1)",140,true,0,true,2026-08-24T10:05:04.033Z,1.12.6,1.8.1,,4.16.1,smallgroups-1-189-fs2-q3-findall,1692,909,"(140, 1)",2026-08-24T10:10:51.78Z
"(140,2)",140,true,0,true,2026-08-24T10:05:04.033Z,1.12.6,1.8.1,,4.16.1,smallgroups-1-189-fs2-q3-findall,1692,910,"(140, 2)",2026-08-24T10:10:52.451Z
"(140,3)",140,true,0,true,2026-08-24T10:05:04.033Z,1.12.6,1.8.1,,4.16.1,smallgroups-1-189-fs2-q3-findall,1692,911,"(140, 3)",2026-08-24T10:10:52.852Z
"(140,4)",140,true,0,true,2026-08-24T10:05:04.033Z,1.12.6,1.8.1,,4.16.1,smallgroups-1-189-fs2-q3-findall,1692,912,"(140, 4)",2026-08-24T10:10:57.532Z
"(140,5)",140,true,0,true,2026-08-24T10:05:04.033Z,1.12.6,1.8.1,,4.16.1,smallgroups-1-189-fs2-q3-findall,1692,913,"(140, 5)",2026-08-24T10:10:57.948Z
"(140,6)",140,true,0,true,2026-08-24T10:05:04.033Z,1.12.6,1.8.1,,4.16.1,smallgroups-1-189-fs2-q3-findall,1692,914,"(140, 6)",2026-08-24T10:10:58.038Z
"(140,7)",140,true,0,true,2026-08-24T10:05:04.033Z,1.12.6,1.8.1,,4.16.1,smallgroups-1-189-fs2-q3-findall,1692,915,"(140, 7)",2026-08-24T10:10:58.144Z
"(140,8)",140,true,0,true,2026-08-24T10:05:04.033Z,1.12.6,1.8.1,,4.16.1,smallgroups-1-189-fs2-q3-findall,1692,916,"(140, 8)",2026-08-24T10:10:58.587Z
"(140,9)",140,true,0,true,2026-08-24T10:05:04.033Z,1.12.6,1.8.1,,4.16.1,smallgroups-1-189-fs2-q3-findall,1692,917,"(140, 9)",2026-08-24T10:10:59.308Z
"(140,10)",140,true,0,true,2026-08-24T10:05:04.033Z,1.12.6,1.8.1,,4.16.1,smallgroups-1-189-fs2-q3-findall,1692,918,"(140, 10)",2026-08-24T10:10:59.709Z
"(140,11)",140,true,0,true,2026-08-24T10:05:04.033Z,1.12.6,1.8.1,,4.16.1,smallgroups-1-189-fs2-q3-findall,1692,919,"(140, 11)",2026-08-24T10:11:03.376Z
"(141,1)",141,true,0,true,2026-08-24T10:05:04.033Z,1.12.6,1.8.1,,4.16.1,smallgroups-1-189-fs2-q3-findall,1692,920,"(141, 1)",2026-08-24T10:11:09.925Z
"(142,1)",142,true,0,true,2026-08-24T10:05:04.033Z,1.12.6,1.8.1,,4.16.1,smallgroups-1-189-fs2-q3-findall,1692,921,"(142, 1)",2026-08-24T10:11:14.435Z
"(142,2)",142,true,0,true,2026-08-24T10:05:04.033Z,1.12.6,1.8.1,,4.16.1,smallgroups-1-189-fs2-q3-findall,1692,922,"(142, 2)",2026-08-24T10:11:21.442Z
"(143,1)",143,true,0,true,2026-08-24T10:05:04.033Z,1.12.6,1.8.1,,4.16.1,smallgroups-1-189-fs2-q3-findall,1692,923,"(143, 1)",2026-08-24T10:11:31.239Z
"(144,1)",144,true,0,true,2026-08-24T10:05:04.033Z,1.12.6,1.8.1,,4.16.1,smallgroups-1-189-fs2-q3-findall,1692,924,"(144, 1)",2026-08-24T10:11:31.364Z
"(144,2)",144,true,0,true,2026-08-24T10:05:04.033Z,1.12.6,1.8.1,,4.16.1,smallgroups-1-189-fs2-q3-findall,1692,925,"(144, 2)",2026-08-24T10:11:33.229Z
"(144,3)",144,true,0,true,2026-08-24T10:05:04.033Z,1.12.6,1.8.1,,4.16.1,smallgroups-1-189-fs2-q3-findall,1692,926,"(144, 3)",2026-08-24T10:11:33.276Z
"(144,4)",144,true,0,true,2026-08-24T10:05:04.033Z,1.12.6,1.8.1,,4.16.1,smallgroups-1-189-fs2-q3-findall,1692,927,"(144, 4)",2026-08-24T10:11:33.364Z
"(144,5)",144,true,0,true,2026-08-24T10:05:04.033Z,1.12.6,1.8.1,,4.16.1,smallgroups-1-189-fs2-q3-findall,1692,928,"(144, 5)",2026-08-24T10:11:33.503Z
"(144,6)",144,true,0,true,2026-08-24T10:05:04.033Z,1.12.6,1.8.1,,4.16.1,smallgroups-1-189-fs2-q3-findall,1692,929,"(144, 6)",2026-08-24T10:11:34.034Z
"(144,7)",144,true,0,true,2026-08-24T10:05:04.033Z,1.12.6,1.8.1,,4.16.1,smallgroups-1-189-fs2-q3-findall,1692,930,"(144, 7)",2026-08-24T10:11:34.121Z
"(144,8)",144,true,0,true,2026-08-24T10:05:04.033Z,1.12.6,1.8.1,,4.16.1,smallgroups-1-189-fs2-q3-findall,1692,931,"(144, 8)",2026-08-24T10:11:34.202Z
"(144,9)",144,true,0,true,2026-08-24T10:05:04.033Z,1.12.6,1.8.1,,4.16.1,smallgroups-1-189-fs2-q3-findall,1692,932,"(144, 9)",2026-08-24T10:11:34.331Z
"(144,10)",144,true,0,true,2026-08-24T10:05:04.033Z,1.12.6,1.8.1,,4.16.1,smallgroups-1-189-fs2-q3-findall,1692,933,"(144, 10)",2026-08-24T10:11:34.438Z
"(144,11)",144,true,0,true,2026-08-24T10:05:04.033Z,1.12.6,1.8.1,,4.16.1,smallgroups-1-189-fs2-q3-findall,1692,934,"(144, 11)",2026-08-24T10:11:34.585Z
"(144,12)",144,true,0,true,2026-08-24T10:05:04.033Z,1.12.6,1.8.1,,4.16.1,smallgroups-1-189-fs2-q3-findall,1692,935,"(144, 12)",2026-08-24T10:11:34.694Z
"(144,13)",144,true,0,true,2026-08-24T10:05:04.033Z,1.12.6,1.8.1,,4.16.1,smallgroups-1-189-fs2-q3-findall,1692,936,"(144, 13)",2026-08-24T10:11:36.009Z
"(144,14)",144,true,0,true,2026-08-24T10:05:04.033Z,1.12.6,1.8.1,,4.16.1,smallgroups-1-189-fs2-q3-findall,1692,937,"(144, 14)",2026-08-24T10:11:36.109Z
"(144,15)",144,true,0,true,2026-08-24T10:05:04.033Z,1.12.6,1.8.1,,4.16.1,smallgroups-1-189-fs2-q3-findall,1692,938,"(144, 15)",2026-08-24T10:11:36.163Z
"(144,16)",144,true,0,true,2026-08-24T10:05:04.033Z,1.12.6,1.8.1,,4.16.1,smallgroups-1-189-fs2-q3-findall,1692,939,"(144, 16)",2026-08-24T10:11:36.215Z
"(144,17)",144,true,0,true,2026-08-24T10:05:04.033Z,1.12.6,1.8.1,,4.16.1,smallgroups-1-189-fs2-q3-findall,1692,940,"(144, 17)",2026-08-24T10:11:36.268Z
"(144,18)",144,true,0,true,2026-08-24T10:05:04.033Z,1.12.6,1.8.1,,4.16.1,smallgroups-1-189-fs2-q3-findall,1692,941,"(144, 18)",2026-08-24T10:11:36.32Z
"(144,19)",144,true,0,true,2026-08-24T10:05:04.033Z,1.12.6,1.8.1,,4.16.1,smallgroups-1-189-fs2-q3-findall,1692,942,"(144, 19)",2026-08-24T10:11:36.435Z
"(144,20)",144,true,0,true,2026-08-24T10:05:04.033Z,1.12.6,1.8.1,,4.16.1,smallgroups-1-189-fs2-q3-findall,1692,943,"(144, 20)",2026-08-24T10:11:37.5Z
"(144,21)",144,true,0,true,2026-08-24T10:05:04.033Z,1.12.6,1.8.1,,4.16.1,smallgroups-1-189-fs2-q3-findall,1692,944,"(144, 21)",2026-08-24T10:11:38.512Z
"(144,22)",144,true,0,true,2026-08-24T10:05:04.033Z,1.12.6,1.8.1,,4.16.1,smallgroups-1-189-fs2-q3-findall,1692,945,"(144, 22)",2026-08-24T10:11:38.893Z
"(144,23)",144,true,0,true,2026-08-24T10:05:04.033Z,1.12.6,1.8.1,,4.16.1,smallgroups-1-189-fs2-q3-findall,1692,946,"(144, 23)",2026-08-24T10:11:40.625Z
"(144,24)",144,true,0,true,2026-08-24T10:05:04.033Z,1.12.6,1.8.1,,4.16.1,smallgroups-1-189-fs2-q3-findall,1692,947,"(144, 24)",2026-08-24T10:11:40.972Z
"(144,25)",144,true,0,true,2026-08-24T10:05:04.033Z,1.12.6,1.8.1,,4.16.1,smallgroups-1-189-fs2-q3-findall,1692,948,"(144, 25)",2026-08-24T10:11:41.148Z
"(144,26)",144,true,0,true,2026-08-24T10:05:04.033Z,1.12.6,1.8.1,,4.16.1,smallgroups-1-189-fs2-q3-findall,1692,949,"(144, 26)",2026-08-24T10:11:41.328Z
"(144,27)",144,true,0,true,2026-08-24T10:05:04.033Z,1.12.6,1.8.1,,4.16.1,smallgroups-1-189-fs2-q3-findall,1692,950,"(144, 27)",2026-08-24T10:11:42.808Z
"(144,28)",144,true,0,true,2026-08-24T10:05:04.033Z,1.12.6,1.8.1,,4.16.1,smallgroups-1-189-fs2-q3-findall,1692,951,"(144, 28)",2026-08-24T10:11:43.103Z
"(144,29)",144,true,0,true,2026-08-24T10:05:04.033Z,1.12.6,1.8.1,,4.16.1,smallgroups-1-189-fs2-q3-findall,1692,952,"(144, 29)",2026-08-24T10:11:43.225Z
"(144,30)",144,true,0,true,2026-08-24T10:05:04.033Z,1.12.6,1.8.1,,4.16.1,smallgroups-1-189-fs2-q3-findall,1692,953,"(144, 30)",2026-08-24T10:11:45.256Z
"(144,31)",144,true,0,true,2026-08-24T10:05:04.033Z,1.12.6,1.8.1,,4.16.1,smallgroups-1-189-fs2-q3-findall,1692,954,"(144, 31)",2026-08-24T10:11:45.317Z
"(144,32)",144,true,0,true,2026-08-24T10:05:04.033Z,1.12.6,1.8.1,,4.16.1,smallgroups-1-189-fs2-q3-findall,1692,955,"(144, 32)",2026-08-24T10:11:45.375Z
"(144,33)",144,true,0,true,2026-08-24T10:05:04.033Z,1.12.6,1.8.1,,4.16.1,smallgroups-1-189-fs2-q3-findall,1692,956,"(144, 33)",2026-08-24T10:11:45.408Z
"(144,34)",144,true,0,true,2026-08-24T10:05:04.033Z,1.12.6,1.8.1,,4.16.1,smallgroups-1-189-fs2-q3-findall,1692,957,"(144, 34)",2026-08-24T10:11:45.535Z
"(144,35)",144,true,0,true,2026-08-24T10:05:04.033Z,1.12.6,1.8.1,,4.16.1,smallgroups-1-189-fs2-q3-findall,1692,958,"(144, 35)",2026-08-24T10:11:45.746Z
"(144,36)",144,true,0,true,2026-08-24T10:05:04.033Z,1.12.6,1.8.1,,4.16.1,smallgroups-1-189-fs2-q3-findall,1692,959,"(144, 36)",2026-08-24T10:11:45.947Z
"(144,37)",144,true,0,true,2026-08-24T10:05:04.033Z,1.12.6,1.8.1,,4.16.1,smallgroups-1-189-fs2-q3-findall,1692,960,"(144, 37)",2026-08-24T10:11:46.059Z
"(144,38)",144,true,0,true,2026-08-24T10:05:04.033Z,1.12.6,1.8.1,,4.16.1,smallgroups-1-189-fs2-q3-findall,1692,961,"(144, 38)",2026-08-24T10:11:46.211Z
"(144,39)",144,true,0,true,2026-08-24T10:05:04.033Z,1.12.6,1.8.1,,4.16.1,smallgroups-1-189-fs2-q3-findall,1692,962,"(144, 39)",2026-08-24T10:11:46.33Z
"(144,40)",144,true,0,true,2026-08-24T10:05:04.033Z,1.12.6,1.8.1,,4.16.1,smallgroups-1-189-fs2-q3-findall,1692,963,"(144, 40)",2026-08-24T10:11:46.443Z
"(144,41)",144,true,0,true,2026-08-24T10:05:04.033Z,1.12.6,1.8.1,,4.16.1,smallgroups-1-189-fs2-q3-findall,1692,964,"(144, 41)",2026-08-24T10:11:47.078Z
"(144,42)",144,true,0,true,2026-08-24T10:05:04.033Z,1.12.6,1.8.1,,4.16.1,smallgroups-1-189-fs2-q3-findall,1692,965,"(144, 42)",2026-08-24T10:11:47.148Z
"(144,43)",144,true,0,true,2026-08-24T10:05:04.033Z,1.12.6,1.8.1,,4.16.1,smallgroups-1-189-fs2-q3-findall,1692,966,"(144, 43)",2026-08-24T10:11:47.222Z
"(144,44)",144,true,0,true,2026-08-24T10:05:04.033Z,1.12.6,1.8.1,,4.16.1,smallgroups-1-189-fs2-q3-findall,1692,967,"(144, 44)",2026-08-24T10:11:47.291Z
"(144,45)",144,true,0,true,2026-08-24T10:05:04.033Z,1.12.6,1.8.1,,4.16.1,smallgroups-1-189-fs2-q3-findall,1692,968,"(144, 45)",2026-08-24T10:11:47.455Z
"(144,46)",144,true,0,true,2026-08-24T10:05:04.033Z,1.12.6,1.8.1,,4.16.1,smallgroups-1-189-fs2-q3-findall,1692,969,"(144, 46)",2026-08-24T10:11:47.574Z
"(144,47)",144,true,0,true,2026-08-24T10:05:04.033Z,1.12.6,1.8.1,,4.16.1,smallgroups-1-189-fs2-q3-findall,1692,970,"(144, 47)",2026-08-24T10:11:49.902Z
"(144,48)",144,true,0,true,2026-08-24T10:05:04.033Z,1.12.6,1.8.1,,4.16.1,smallgroups-1-189-fs2-q3-findall,1692,971,"(144, 48)",2026-08-24T10:11:50.273Z
"(144,49)",144,true,0,true,2026-08-24T10:05:04.033Z,1.12.6,1.8.1,,4.16.1,smallgroups-1-189-fs2-q3-findall,1692,972,"(144, 49)",2026-08-24T10:11:50.665Z
"(144,50)",144,true,0,true,2026-08-24T10:05:04.033Z,1.12.6,1.8.1,,4.16.1,smallgroups-1-189-fs2-q3-findall,1692,973,"(144, 50)",2026-08-24T10:11:51.831Z
"(144,51)",144,true,0,true,2026-08-24T10:05:04.033Z,1.12.6,1.8.1,,4.16.1,smallgroups-1-189-fs2-q3-findall,1692,974,"(144, 51)",2026-08-24T10:11:51.881Z
"(144,52)",144,true,0,true,2026-08-24T10:05:04.033Z,1.12.6,1.8.1,,4.16.1,smallgroups-1-189-fs2-q3-findall,1692,975,"(144, 52)",2026-08-24T10:11:51.966Z
"(144,53)",144,true,0,true,2026-08-24T10:05:04.033Z,1.12.6,1.8.1,,4.16.1,smallgroups-1-189-fs2-q3-findall,1692,976,"(144, 53)",2026-08-24T10:11:52.054Z
"(144,54)",144,true,0,true,2026-08-24T10:05:04.033Z,1.12.6,1.8.1,,4.16.1,smallgroups-1-189-fs2-q3-findall,1692,977,"(144, 54)",2026-08-24T10:11:52.111Z
"(144,55)",144,true,0,true,2026-08-24T10:05:04.033Z,1.12.6,1.8.1,,4.16.1,smallgroups-1-189-fs2-q3-findall,1692,978,"(144, 55)",2026-08-24T10:11:52.165Z
"(144,56)",144,true,0,true,2026-08-24T10:05:04.033Z,1.12.6,1.8.1,,4.16.1,smallgroups-1-189-fs2-q3-findall,1692,979,"(144, 56)",2026-08-24T10:11:52.203Z
"(144,57)",144,true,0,true,2026-08-24T10:05:04.033Z,1.12.6,1.8.1,,4.16.1,smallgroups-1-189-fs2-q3-findall,1692,980,"(144, 57)",2026-08-24T10:11:52.244Z
"(144,58)",144,true,0,true,2026-08-24T10:05:04.033Z,1.12.6,1.8.1,,4.16.1,smallgroups-1-189-fs2-q3-findall,1692,981,"(144, 58)",2026-08-24T10:11:52.284Z
"(144,59)",144,true,0,true,2026-08-24T10:05:04.033Z,1.12.6,1.8.1,,4.16.1,smallgroups-1-189-fs2-q3-findall,1692,982,"(144, 59)",2026-08-24T10:11:52.328Z
"(144,60)",144,true,0,true,2026-08-24T10:05:04.033Z,1.12.6,1.8.1,,4.16.1,smallgroups-1-189-fs2-q3-findall,1692,983,"(144, 60)",2026-08-24T10:11:52.373Z
"(144,61)",144,true,0,true,2026-08-24T10:05:04.033Z,1.12.6,1.8.1,,4.16.1,smallgroups-1-189-fs2-q3-findall,1692,984,"(144, 61)",2026-08-24T10:11:52.417Z
"(144,62)",144,true,0,true,2026-08-24T10:05:04.033Z,1.12.6,1.8.1,,4.16.1,smallgroups-1-189-fs2-q3-findall,1692,985,"(144, 62)",2026-08-24T10:11:52.462Z
"(144,63)",144,true,0,true,2026-08-24T10:05:04.033Z,1.12.6,1.8.1,,4.16.1,smallgroups-1-189-fs2-q3-findall,1692,986,"(144, 63)",2026-08-24T10:11:52.562Z
"(144,64)",144,true,0,true,2026-08-24T10:05:04.033Z,1.12.6,1.8.1,,4.16.1,smallgroups-1-189-fs2-q3-findall,1692,987,"(144, 64)",2026-08-24T10:11:52.638Z
"(144,65)",144,true,0,true,2026-08-24T10:05:04.033Z,1.12.6,1.8.1,,4.16.1,smallgroups-1-189-fs2-q3-findall,1692,988,"(144, 65)",2026-08-24T10:11:52.708Z
"(144,66)",144,true,0,true,2026-08-24T10:05:04.033Z,1.12.6,1.8.1,,4.16.1,smallgroups-1-189-fs2-q3-findall,1692,989,"(144, 66)",2026-08-24T10:11:52.779Z
"(144,67)",144,true,0,true,2026-08-24T10:05:04.033Z,1.12.6,1.8.1,,4.16.1,smallgroups-1-189-fs2-q3-findall,1692,990,"(144, 67)",2026-08-24T10:11:52.847Z
"(144,68)",144,true,0,true,2026-08-24T10:05:04.033Z,1.12.6,1.8.1,,4.16.1,smallgroups-1-189-fs2-q3-findall,1692,991,"(144, 68)",2026-08-24T10:11:52.9Z
"(144,69)",144,true,0,true,2026-08-24T10:05:04.033Z,1.12.6,1.8.1,,4.16.1,smallgroups-1-189-fs2-q3-findall,1692,992,"(144, 69)",2026-08-24T10:11:53.817Z
"(144,70)",144,true,0,true,2026-08-24T10:05:04.033Z,1.12.6,1.8.1,,4.16.1,smallgroups-1-189-fs2-q3-findall,1692,993,"(144, 70)",2026-08-24T10:11:53.961Z
"(144,71)",144,true,0,true,2026-08-24T10:05:04.033Z,1.12.6,1.8.1,,4.16.1,smallgroups-1-189-fs2-q3-findall,1692,994,"(144, 71)",2026-08-24T10:11:54.063Z
"(144,72)",144,true,0,true,2026-08-24T10:05:04.033Z,1.12.6,1.8.1,,4.16.1,smallgroups-1-189-fs2-q3-findall,1692,995,"(144, 72)",2026-08-24T10:11:54.165Z
"(144,73)",144,true,0,true,2026-08-24T10:05:04.033Z,1.12.6,1.8.1,,4.16.1,smallgroups-1-189-fs2-q3-findall,1692,996,"(144, 73)",2026-08-24T10:11:54.268Z
"(144,74)",144,true,0,true,2026-08-24T10:05:04.033Z,1.12.6,1.8.1,,4.16.1,smallgroups-1-189-fs2-q3-findall,1692,997,"(144, 74)",2026-08-24T10:11:54.55Z
"(144,75)",144,true,0,true,2026-08-24T10:05:04.033Z,1.12.6,1.8.1,,4.16.1,smallgroups-1-189-fs2-q3-findall,1692,998,"(144, 75)",2026-08-24T10:11:54.709Z
"(144,76)",144,true,0,true,2026-08-24T10:05:04.033Z,1.12.6,1.8.1,,4.16.1,smallgroups-1-189-fs2-q3-findall,1692,999,"(144, 76)",2026-08-24T10:11:56.415Z
"(144,77)",144,true,0,true,2026-08-24T10:05:04.033Z,1.12.6,1.8.1,,4.16.1,smallgroups-1-189-fs2-q3-findall,1692,1000,"(144, 77)",2026-08-24T10:11:56.578Z
"(144,78)",144,true,0,true,2026-08-24T10:05:04.033Z,1.12.6,1.8.1,,4.16.1,smallgroups-1-189-fs2-q3-findall,1692,1001,"(144, 78)",2026-08-24T10:11:56.735Z
"(144,79)",144,true,0,true,2026-08-24T10:05:04.033Z,1.12.6,1.8.1,,4.16.1,smallgroups-1-189-fs2-q3-findall,1692,1002,"(144, 79)",2026-08-24T10:11:56.896Z
"(144,80)",144,true,0,true,2026-08-24T10:05:04.033Z,1.12.6,1.8.1,,4.16.1,smallgroups-1-189-fs2-q3-findall,1692,1003,"(144, 80)",2026-08-24T10:11:56.978Z
"(144,81)",144,true,0,true,2026-08-24T10:05:04.033Z,1.12.6,1.8.1,,4.16.1,smallgroups-1-189-fs2-q3-findall,1692,1004,"(144, 81)",2026-08-24T10:11:57.066Z
"(144,82)",144,true,0,true,2026-08-24T10:05:04.033Z,1.12.6,1.8.1,,4.16.1,smallgroups-1-189-fs2-q3-findall,1692,1005,"(144, 82)",2026-08-24T10:11:57.153Z
"(144,83)",144,true,0,true,2026-08-24T10:05:04.033Z,1.12.6,1.8.1,,4.16.1,smallgroups-1-189-fs2-q3-findall,1692,1006,"(144, 83)",2026-08-24T10:11:57.241Z
"(144,84)",144,true,0,true,2026-08-24T10:05:04.033Z,1.12.6,1.8.1,,4.16.1,smallgroups-1-189-fs2-q3-findall,1692,1007,"(144, 84)",2026-08-24T10:11:57.431Z
"(144,85)",144,true,0,true,2026-08-24T10:05:04.033Z,1.12.6,1.8.1,,4.16.1,smallgroups-1-189-fs2-q3-findall,1692,1008,"(144, 85)",2026-08-24T10:11:57.572Z
"(144,86)",144,true,0,true,2026-08-24T10:05:04.033Z,1.12.6,1.8.1,,4.16.1,smallgroups-1-189-fs2-q3-findall,1692,1009,"(144, 86)",2026-08-24T10:11:58.437Z
"(144,87)",144,true,0,true,2026-08-24T10:05:04.033Z,1.12.6,1.8.1,,4.16.1,smallgroups-1-189-fs2-q3-findall,1692,1010,"(144, 87)",2026-08-24T10:11:58.52Z
"(144,88)",144,true,0,true,2026-08-24T10:05:04.033Z,1.12.6,1.8.1,,4.16.1,smallgroups-1-189-fs2-q3-findall,1692,1011,"(144, 88)",2026-08-24T10:11:58.604Z
"(144,89)",144,true,0,true,2026-08-24T10:05:04.033Z,1.12.6,1.8.1,,4.16.1,smallgroups-1-189-fs2-q3-findall,1692,1012,"(144, 89)",2026-08-24T10:11:58.687Z
"(144,90)",144,true,0,true,2026-08-24T10:05:04.033Z,1.12.6,1.8.1,,4.16.1,smallgroups-1-189-fs2-q3-findall,1692,1013,"(144, 90)",2026-08-24T10:11:58.829Z
"(144,91)",144,true,0,true,2026-08-24T10:05:04.033Z,1.12.6,1.8.1,,4.16.1,smallgroups-1-189-fs2-q3-findall,1692,1014,"(144, 91)",2026-08-24T10:11:58.939Z
"(144,92)",144,true,0,true,2026-08-24T10:05:04.033Z,1.12.6,1.8.1,,4.16.1,smallgroups-1-189-fs2-q3-findall,1692,1015,"(144, 92)",2026-08-24T10:11:59.089Z
"(144,93)",144,true,0,true,2026-08-24T10:05:04.033Z,1.12.6,1.8.1,,4.16.1,smallgroups-1-189-fs2-q3-findall,1692,1016,"(144, 93)",2026-08-24T10:11:59.198Z
"(144,94)",144,true,0,true,2026-08-24T10:05:04.033Z,1.12.6,1.8.1,,4.16.1,smallgroups-1-189-fs2-q3-findall,1692,1017,"(144, 94)",2026-08-24T10:11:59.317Z
"(144,95)",144,true,0,true,2026-08-24T10:05:04.033Z,1.12.6,1.8.1,,4.16.1,smallgroups-1-189-fs2-q3-findall,1692,1018,"(144, 95)",2026-08-24T10:11:59.43Z
"(144,96)",144,true,0,true,2026-08-24T10:05:04.033Z,1.12.6,1.8.1,,4.16.1,smallgroups-1-189-fs2-q3-findall,1692,1019,"(144, 96)",2026-08-24T10:11:59.497Z
"(144,97)",144,true,0,true,2026-08-24T10:05:04.033Z,1.12.6,1.8.1,,4.16.1,smallgroups-1-189-fs2-q3-findall,1692,1020,"(144, 97)",2026-08-24T10:11:59.565Z
"(144,98)",144,true,0,true,2026-08-24T10:05:04.033Z,1.12.6,1.8.1,,4.16.1,smallgroups-1-189-fs2-q3-findall,1692,1021,"(144, 98)",2026-08-24T10:11:59.633Z
"(144,99)",144,true,0,true,2026-08-24T10:05:04.033Z,1.12.6,1.8.1,,4.16.1,smallgroups-1-189-fs2-q3-findall,1692,1022,"(144, 99)",2026-08-24T10:11:59.7Z
"(144,100)",144,true,0,true,2026-08-24T10:05:04.033Z,1.12.6,1.8.1,,4.16.1,smallgroups-1-189-fs2-q3-findall,1692,1023,"(144, 100)",2026-08-24T10:12:00.506Z
"(144,101)",144,true,0,true,2026-08-24T10:05:04.033Z,1.12.6,1.8.1,,4.16.1,smallgroups-1-189-fs2-q3-findall,1692,1024,"(144, 101)",2026-08-24T10:12:03.246Z
"(144,102)",144,true,0,true,2026-08-24T10:05:04.033Z,1.12.6,1.8.1,,4.16.1,smallgroups-1-189-fs2-q3-findall,1692,1025,"(144, 102)",2026-08-24T10:12:03.692Z
"(144,103)",144,true,0,true,2026-08-24T10:05:04.033Z,1.12.6,1.8.1,,4.16.1,smallgroups-1-189-fs2-q3-findall,1692,1026,"(144, 103)",2026-08-24T10:12:04.155Z
"(144,104)",144,true,0,true,2026-08-24T10:05:04.033Z,1.12.6,1.8.1,,4.16.1,smallgroups-1-189-fs2-q3-findall,1692,1027,"(144, 104)",2026-08-24T10:12:06.286Z
"(144,105)",144,true,0,true,2026-08-24T10:05:04.033Z,1.12.6,1.8.1,,4.16.1,smallgroups-1-189-fs2-q3-findall,1692,1028,"(144, 105)",2026-08-24T10:12:06.689Z
"(144,106)",144,true,0,true,2026-08-24T10:05:04.033Z,1.12.6,1.8.1,,4.16.1,smallgroups-1-189-fs2-q3-findall,1692,1029,"(144, 106)",2026-08-24T10:12:06.896Z
"(144,107)",144,true,0,true,2026-08-24T10:05:04.033Z,1.12.6,1.8.1,,4.16.1,smallgroups-1-189-fs2-q3-findall,1692,1030,"(144, 107)",2026-08-24T10:12:08.75Z
"(144,108)",144,true,0,true,2026-08-24T10:05:04.033Z,1.12.6,1.8.1,,4.16.1,smallgroups-1-189-fs2-q3-findall,1692,1031,"(144, 108)",2026-08-24T10:12:08.947Z
"(144,109)",144,true,0,true,2026-08-24T10:05:04.033Z,1.12.6,1.8.1,,4.16.1,smallgroups-1-189-fs2-q3-findall,1692,1032,"(144, 109)",2026-08-24T10:12:08.983Z
"(144,110)",144,true,0,true,2026-08-24T10:05:04.033Z,1.12.6,1.8.1,,4.16.1,smallgroups-1-189-fs2-q3-findall,1692,1033,"(144, 110)",2026-08-24T10:12:09.106Z
"(144,111)",144,true,0,true,2026-08-24T10:05:04.033Z,1.12.6,1.8.1,,4.16.1,smallgroups-1-189-fs2-q3-findall,1692,1034,"(144, 111)",2026-08-24T10:12:09.151Z
"(144,112)",144,true,0,true,2026-08-24T10:05:04.033Z,1.12.6,1.8.1,,4.16.1,smallgroups-1-189-fs2-q3-findall,1692,1035,"(144, 112)",2026-08-24T10:12:09.332Z
"(144,113)",144,true,0,true,2026-08-24T10:05:04.033Z,1.12.6,1.8.1,,4.16.1,smallgroups-1-189-fs2-q3-findall,1692,1036,"(144, 113)",2026-08-24T10:12:11.223Z
"(144,114)",144,true,0,true,2026-08-24T10:05:04.033Z,1.12.6,1.8.1,,4.16.1,smallgroups-1-189-fs2-q3-findall,1692,1037,"(144, 114)",2026-08-24T10:12:11.264Z
"(144,115)",144,true,0,true,2026-08-24T10:05:04.033Z,1.12.6,1.8.1,,4.16.1,smallgroups-1-189-fs2-q3-findall,1692,1038,"(144, 115)",2026-08-24T10:12:11.299Z
"(144,116)",144,true,0,true,2026-08-24T10:05:04.033Z,1.12.6,1.8.1,,4.16.1,smallgroups-1-189-fs2-q3-findall,1692,1039,"(144, 116)",2026-08-24T10:12:11.332Z
"(144,117)",144,true,0,true,2026-08-24T10:05:04.033Z,1.12.6,1.8.1,,4.16.1,smallgroups-1-189-fs2-q3-findall,1692,1040,"(144, 117)",2026-08-24T10:12:11.357Z
"(144,118)",144,true,0,true,2026-08-24T10:05:04.033Z,1.12.6,1.8.1,,4.16.1,smallgroups-1-189-fs2-q3-findall,1692,1041,"(144, 118)",2026-08-24T10:12:11.38Z
"(144,119)",144,true,0,true,2026-08-24T10:05:04.033Z,1.12.6,1.8.1,,4.16.1,smallgroups-1-189-fs2-q3-findall,1692,1042,"(144, 119)",2026-08-24T10:12:11.403Z
"(144,120)",144,true,0,true,2026-08-24T10:05:04.033Z,1.12.6,1.8.1,,4.16.1,smallgroups-1-189-fs2-q3-findall,1692,1043,"(144, 120)",2026-08-24T10:12:11.424Z
"(144,121)",144,true,0,true,2026-08-24T10:05:04.033Z,1.12.6,1.8.1,,4.16.1,smallgroups-1-189-fs2-q3-findall,1692,1044,"(144, 121)",2026-08-24T10:12:11.518Z
"(144,122)",144,true,0,true,2026-08-24T10:05:04.033Z,1.12.6,1.8.1,,4.16.1,smallgroups-1-189-fs2-q3-findall,1692,1045,"(144, 122)",2026-08-24T10:12:11.611Z
"(144,123)",144,true,0,true,2026-08-24T10:05:04.033Z,1.12.6,1.8.1,,4.16.1,smallgroups-1-189-fs2-q3-findall,1692,1046,"(144, 123)",2026-08-24T10:12:11.68Z
"(144,124)",144,true,0,true,2026-08-24T10:05:04.033Z,1.12.6,1.8.1,,4.16.1,smallgroups-1-189-fs2-q3-findall,1692,1047,"(144, 124)",2026-08-24T10:12:11.738Z
"(144,125)",144,true,0,true,2026-08-24T10:05:04.033Z,1.12.6,1.8.1,,4.16.1,smallgroups-1-189-fs2-q3-findall,1692,1048,"(144, 125)",2026-08-24T10:12:11.794Z
"(144,126)",144,true,0,true,2026-08-24T10:05:04.033Z,1.12.6,1.8.1,,4.16.1,smallgroups-1-189-fs2-q3-findall,1692,1049,"(144, 126)",2026-08-24T10:12:11.83Z
"(144,127)",144,true,0,true,2026-08-24T10:05:04.033Z,1.12.6,1.8.1,,4.16.1,smallgroups-1-189-fs2-q3-findall,1692,1050,"(144, 127)",2026-08-24T10:12:11.896Z
"(144,128)",144,true,0,true,2026-08-24T10:05:04.033Z,1.12.6,1.8.1,,4.16.1,smallgroups-1-189-fs2-q3-findall,1692,1051,"(144, 128)",2026-08-24T10:12:11.968Z
"(144,129)",144,true,0,true,2026-08-24T10:05:04.033Z,1.12.6,1.8.1,,4.16.1,smallgroups-1-189-fs2-q3-findall,1692,1052,"(144, 129)",2026-08-24T10:12:12.018Z
"(144,130)",144,true,0,true,2026-08-24T10:05:04.033Z,1.12.6,1.8.1,,4.16.1,smallgroups-1-189-fs2-q3-findall,1692,1053,"(144, 130)",2026-08-24T10:12:12.07Z
"(144,131)",144,true,0,true,2026-08-24T10:05:04.033Z,1.12.6,1.8.1,,4.16.1,smallgroups-1-189-fs2-q3-findall,1692,1054,"(144, 131)",2026-08-24T10:12:12.102Z
"(144,132)",144,true,0,true,2026-08-24T10:05:04.033Z,1.12.6,1.8.1,,4.16.1,smallgroups-1-189-fs2-q3-findall,1692,1055,"(144, 132)",2026-08-24T10:12:12.157Z
"(144,133)",144,true,0,true,2026-08-24T10:05:04.033Z,1.12.6,1.8.1,,4.16.1,smallgroups-1-189-fs2-q3-findall,1692,1056,"(144, 133)",2026-08-24T10:12:12.191Z
"(144,134)",144,true,0,true,2026-08-24T10:05:04.033Z,1.12.6,1.8.1,,4.16.1,smallgroups-1-189-fs2-q3-findall,1692,1057,"(144, 134)",2026-08-24T10:12:12.249Z
"(144,135)",144,true,0,true,2026-08-24T10:05:04.033Z,1.12.6,1.8.1,,4.16.1,smallgroups-1-189-fs2-q3-findall,1692,1058,"(144, 135)",2026-08-24T10:12:12.286Z
"(144,136)",144,true,0,true,2026-08-24T10:05:04.033Z,1.12.6,1.8.1,,4.16.1,smallgroups-1-189-fs2-q3-findall,1692,1059,"(144, 136)",2026-08-24T10:12:12.326Z
"(144,137)",144,true,0,true,2026-08-24T10:05:04.033Z,1.12.6,1.8.1,,4.16.1,smallgroups-1-189-fs2-q3-findall,1692,1060,"(144, 137)",2026-08-24T10:12:12.395Z
"(144,138)",144,true,0,true,2026-08-24T10:05:04.033Z,1.12.6,1.8.1,,4.16.1,smallgroups-1-189-fs2-q3-findall,1692,1061,"(144, 138)",2026-08-24T10:12:12.458Z
"(144,139)",144,true,0,true,2026-08-24T10:05:04.033Z,1.12.6,1.8.1,,4.16.1,smallgroups-1-189-fs2-q3-findall,1692,1062,"(144, 139)",2026-08-24T10:12:12.515Z
"(144,140)",144,true,0,true,2026-08-24T10:05:04.033Z,1.12.6,1.8.1,,4.16.1,smallgroups-1-189-fs2-q3-findall,1692,1063,"(144, 140)",2026-08-24T10:12:12.575Z
"(144,141)",144,true,0,true,2026-08-24T10:05:04.033Z,1.12.6,1.8.1,,4.16.1,smallgroups-1-189-fs2-q3-findall,1692,1064,"(144, 141)",2026-08-24T10:12:12.644Z
"(144,142)",144,true,0,true,2026-08-24T10:05:04.033Z,1.12.6,1.8.1,,4.16.1,smallgroups-1-189-fs2-q3-findall,1692,1065,"(144, 142)",2026-08-24T10:12:12.707Z
"(144,143)",144,true,0,true,2026-08-24T10:05:04.033Z,1.12.6,1.8.1,,4.16.1,smallgroups-1-189-fs2-q3-findall,1692,1066,"(144, 143)",2026-08-24T10:12:13.445Z
"(144,144)",144,true,0,true,2026-08-24T10:05:04.033Z,1.12.6,1.8.1,,4.16.1,smallgroups-1-189-fs2-q3-findall,1692,1067,"(144, 144)",2026-08-24T10:12:13.508Z
"(144,145)",144,true,0,true,2026-08-24T10:05:04.033Z,1.12.6,1.8.1,,4.16.1,smallgroups-1-189-fs2-q3-findall,1692,1068,"(144, 145)",2026-08-24T10:12:13.563Z
"(144,146)",144,true,0,true,2026-08-24T10:05:04.033Z,1.12.6,1.8.1,,4.16.1,smallgroups-1-189-fs2-q3-findall,1692,1069,"(144, 146)",2026-08-24T10:12:13.668Z
"(144,147)",144,true,0,true,2026-08-24T10:05:04.033Z,1.12.6,1.8.1,,4.16.1,smallgroups-1-189-fs2-q3-findall,1692,1070,"(144, 147)",2026-08-24T10:12:13.728Z
"(144,148)",144,true,0,true,2026-08-24T10:05:04.033Z,1.12.6,1.8.1,,4.16.1,smallgroups-1-189-fs2-q3-findall,1692,1071,"(144, 148)",2026-08-24T10:12:13.783Z
"(144,149)",144,true,0,true,2026-08-24T10:05:04.033Z,1.12.6,1.8.1,,4.16.1,smallgroups-1-189-fs2-q3-findall,1692,1072,"(144, 149)",2026-08-24T10:12:13.878Z
"(144,150)",144,true,0,true,2026-08-24T10:05:04.033Z,1.12.6,1.8.1,,4.16.1,smallgroups-1-189-fs2-q3-findall,1692,1073,"(144, 150)",2026-08-24T10:12:13.954Z
"(144,151)",144,true,0,true,2026-08-24T10:05:04.033Z,1.12.6,1.8.1,,4.16.1,smallgroups-1-189-fs2-q3-findall,1692,1074,"(144, 151)",2026-08-24T10:12:14.029Z
"(144,152)",144,true,0,true,2026-08-24T10:05:04.033Z,1.12.6,1.8.1,,4.16.1,smallgroups-1-189-fs2-q3-findall,1692,1075,"(144, 152)",2026-08-24T10:12:14.097Z
"(144,153)",144,true,0,true,2026-08-24T10:05:04.033Z,1.12.6,1.8.1,,4.16.1,smallgroups-1-189-fs2-q3-findall,1692,1076,"(144, 153)",2026-08-24T10:12:14.165Z
"(144,154)",144,true,0,true,2026-08-24T10:05:04.033Z,1.12.6,1.8.1,,4.16.1,smallgroups-1-189-fs2-q3-findall,1692,1077,"(144, 154)",2026-08-24T10:12:14.226Z
"(144,155)",144,true,0,true,2026-08-24T10:05:04.033Z,1.12.6,1.8.1,,4.16.1,smallgroups-1-189-fs2-q3-findall,1692,1078,"(144, 155)",2026-08-24T10:12:14.38Z
"(144,156)",144,true,0,true,2026-08-24T10:05:04.033Z,1.12.6,1.8.1,,4.16.1,smallgroups-1-189-fs2-q3-findall,1692,1079,"(144, 156)",2026-08-24T10:12:16.021Z
"(144,157)",144,true,0,true,2026-08-24T10:05:04.033Z,1.12.6,1.8.1,,4.16.1,smallgroups-1-189-fs2-q3-findall,1692,1080,"(144, 157)",2026-08-24T10:12:16.16Z
"(144,158)",144,true,0,true,2026-08-24T10:05:04.033Z,1.12.6,1.8.1,,4.16.1,smallgroups-1-189-fs2-q3-findall,1692,1081,"(144, 158)",2026-08-24T10:12:16.326Z
"(144,159)",144,true,0,true,2026-08-24T10:05:04.033Z,1.12.6,1.8.1,,4.16.1,smallgroups-1-189-fs2-q3-findall,1692,1082,"(144, 159)",2026-08-24T10:12:16.627Z
"(144,160)",144,true,0,true,2026-08-24T10:05:04.033Z,1.12.6,1.8.1,,4.16.1,smallgroups-1-189-fs2-q3-findall,1692,1083,"(144, 160)",2026-08-24T10:12:16.797Z
"(144,161)",144,true,0,true,2026-08-24T10:05:04.033Z,1.12.6,1.8.1,,4.16.1,smallgroups-1-189-fs2-q3-findall,1692,1084,"(144, 161)",2026-08-24T10:12:16.965Z
"(144,162)",144,true,0,true,2026-08-24T10:05:04.033Z,1.12.6,1.8.1,,4.16.1,smallgroups-1-189-fs2-q3-findall,1692,1085,"(144, 162)",2026-08-24T10:12:17.112Z
"(144,163)",144,true,0,true,2026-08-24T10:05:04.033Z,1.12.6,1.8.1,,4.16.1,smallgroups-1-189-fs2-q3-findall,1692,1086,"(144, 163)",2026-08-24T10:12:17.25Z
"(144,164)",144,true,0,true,2026-08-24T10:05:04.033Z,1.12.6,1.8.1,,4.16.1,smallgroups-1-189-fs2-q3-findall,1692,1087,"(144, 164)",2026-08-24T10:12:17.396Z
"(144,165)",144,true,0,true,2026-08-24T10:05:04.033Z,1.12.6,1.8.1,,4.16.1,smallgroups-1-189-fs2-q3-findall,1692,1088,"(144, 165)",2026-08-24T10:12:18.304Z
"(144,166)",144,true,0,true,2026-08-24T10:05:04.033Z,1.12.6,1.8.1,,4.16.1,smallgroups-1-189-fs2-q3-findall,1692,1089,"(144, 166)",2026-08-24T10:12:18.629Z
"(144,167)",144,true,0,true,2026-08-24T10:05:04.033Z,1.12.6,1.8.1,,4.16.1,smallgroups-1-189-fs2-q3-findall,1692,1090,"(144, 167)",2026-08-24T10:12:18.821Z
"(144,168)",144,true,0,true,2026-08-24T10:05:04.033Z,1.12.6,1.8.1,,4.16.1,smallgroups-1-189-fs2-q3-findall,1692,1091,"(144, 168)",2026-08-24T10:12:18.943Z
"(144,169)",144,true,0,true,2026-08-24T10:05:04.033Z,1.12.6,1.8.1,,4.16.1,smallgroups-1-189-fs2-q3-findall,1692,1092,"(144, 169)",2026-08-24T10:12:19.106Z
"(144,170)",144,true,0,true,2026-08-24T10:05:04.033Z,1.12.6,1.8.1,,4.16.1,smallgroups-1-189-fs2-q3-findall,1692,1093,"(144, 170)",2026-08-24T10:12:19.231Z
"(144,171)",144,true,0,true,2026-08-24T10:05:04.033Z,1.12.6,1.8.1,,4.16.1,smallgroups-1-189-fs2-q3-findall,1692,1094,"(144, 171)",2026-08-24T10:12:19.354Z
"(144,172)",144,true,0,true,2026-08-24T10:05:04.033Z,1.12.6,1.8.1,,4.16.1,smallgroups-1-189-fs2-q3-findall,1692,1095,"(144, 172)",2026-08-24T10:12:20.169Z
"(144,173)",144,true,0,true,2026-08-24T10:05:04.033Z,1.12.6,1.8.1,,4.16.1,smallgroups-1-189-fs2-q3-findall,1692,1096,"(144, 173)",2026-08-24T10:12:20.251Z
"(144,174)",144,true,0,true,2026-08-24T10:05:04.033Z,1.12.6,1.8.1,,4.16.1,smallgroups-1-189-fs2-q3-findall,1692,1097,"(144, 174)",2026-08-24T10:12:20.335Z
"(144,175)",144,true,0,true,2026-08-24T10:05:04.033Z,1.12.6,1.8.1,,4.16.1,smallgroups-1-189-fs2-q3-findall,1692,1098,"(144, 175)",2026-08-24T10:12:20.416Z
"(144,176)",144,true,0,true,2026-08-24T10:05:04.033Z,1.12.6,1.8.1,,4.16.1,smallgroups-1-189-fs2-q3-findall,1692,1099,"(144, 176)",2026-08-24T10:12:20.613Z
"(144,177)",144,true,0,true,2026-08-24T10:05:04.033Z,1.12.6,1.8.1,,4.16.1,smallgroups-1-189-fs2-q3-findall,1692,1100,"(144, 177)",2026-08-24T10:12:20.754Z
"(144,178)",144,true,0,true,2026-08-24T10:05:04.033Z,1.12.6,1.8.1,,4.16.1,smallgroups-1-189-fs2-q3-findall,1692,1101,"(144, 178)",2026-08-24T10:12:23.392Z
"(144,179)",144,true,0,true,2026-08-24T10:05:04.033Z,1.12.6,1.8.1,,4.16.1,smallgroups-1-189-fs2-q3-findall,1692,1102,"(144, 179)",2026-08-24T10:12:23.874Z
"(144,180)",144,true,0,true,2026-08-24T10:05:04.033Z,1.12.6,1.8.1,,4.16.1,smallgroups-1-189-fs2-q3-findall,1692,1103,"(144, 180)",2026-08-24T10:12:25.301Z
"(144,181)",144,true,0,true,2026-08-24T10:05:04.033Z,1.12.6,1.8.1,,4.16.1,smallgroups-1-189-fs2-q3-findall,1692,1104,"(144, 181)",2026-08-24T10:12:25.726Z
"(144,182)",144,true,0,true,2026-08-24T10:05:04.033Z,1.12.6,1.8.1,,4.16.1,smallgroups-1-189-fs2-q3-findall,1692,1105,"(144, 182)",2026-08-24T10:12:25.744Z
"(144,183)",144,true,0,true,2026-08-24T10:05:04.033Z,1.12.6,1.8.1,,4.16.1,smallgroups-1-189-fs2-q3-findall,1692,1106,"(144, 183)",2026-08-24T10:12:25.774Z
"(144,184)",144,true,0,true,2026-08-24T10:05:04.033Z,1.12.6,1.8.1,,4.16.1,smallgroups-1-189-fs2-q3-findall,1692,1107,"(144, 184)",2026-08-24T10:12:25.802Z
"(144,185)",144,true,0,true,2026-08-24T10:05:04.033Z,1.12.6,1.8.1,,4.16.1,smallgroups-1-189-fs2-q3-findall,1692,1108,"(144, 185)",2026-08-24T10:12:25.841Z
"(144,186)",144,true,0,true,2026-08-24T10:05:04.033Z,1.12.6,1.8.1,,4.16.1,smallgroups-1-189-fs2-q3-findall,1692,1109,"(144, 186)",2026-08-24T10:12:25.881Z
"(144,187)",144,true,0,true,2026-08-24T10:05:04.033Z,1.12.6,1.8.1,,4.16.1,smallgroups-1-189-fs2-q3-findall,1692,1110,"(144, 187)",2026-08-24T10:12:25.906Z
"(144,188)",144,true,0,true,2026-08-24T10:05:04.033Z,1.12.6,1.8.1,,4.16.1,smallgroups-1-189-fs2-q3-findall,1692,1111,"(144, 188)",2026-08-24T10:12:25.98Z
"(144,189)",144,true,0,true,2026-08-24T10:05:04.033Z,1.12.6,1.8.1,,4.16.1,smallgroups-1-189-fs2-q3-findall,1692,1112,"(144, 189)",2026-08-24T10:12:26.021Z
"(144,190)",144,true,0,true,2026-08-24T10:05:04.033Z,1.12.6,1.8.1,,4.16.1,smallgroups-1-189-fs2-q3-findall,1692,1113,"(144, 190)",2026-08-24T10:12:26.074Z
"(144,191)",144,true,0,true,2026-08-24T10:05:04.033Z,1.12.6,1.8.1,,4.16.1,smallgroups-1-189-fs2-q3-findall,1692,1114,"(144, 191)",2026-08-24T10:12:26.134Z
"(144,192)",144,true,0,true,2026-08-24T10:05:04.033Z,1.12.6,1.8.1,,4.16.1,smallgroups-1-189-fs2-q3-findall,1692,1115,"(144, 192)",2026-08-24T10:12:26.266Z
"(144,193)",144,true,0,true,2026-08-24T10:05:04.033Z,1.12.6,1.8.1,,4.16.1,smallgroups-1-189-fs2-q3-findall,1692,1116,"(144, 193)",2026-08-24T10:12:26.425Z
"(144,194)",144,true,0,true,2026-08-24T10:05:04.033Z,1.12.6,1.8.1,,4.16.1,smallgroups-1-189-fs2-q3-findall,1692,1117,"(144, 194)",2026-08-24T10:12:27.306Z
"(144,195)",144,true,0,true,2026-08-24T10:05:04.033Z,1.12.6,1.8.1,,4.16.1,smallgroups-1-189-fs2-q3-findall,1692,1118,"(144, 195)",2026-08-24T10:12:27.649Z
"(144,196)",144,true,0,true,2026-08-24T10:05:04.033Z,1.12.6,1.8.1,,4.16.1,smallgroups-1-189-fs2-q3-findall,1692,1119,"(144, 196)",2026-08-24T10:12:27.858Z
"(144,197)",144,true,0,true,2026-08-24T10:05:04.033Z,1.12.6,1.8.1,,4.16.1,smallgroups-1-189-fs2-q3-findall,1692,1120,"(144, 197)",2026-08-24T10:12:30.722Z
"(145,1)",145,true,0,true,2026-08-24T10:05:04.033Z,1.12.6,1.8.1,,4.16.1,smallgroups-1-189-fs2-q3-findall,1692,1121,"(145, 1)",2026-08-24T10:12:41.499Z
"(146,1)",146,true,0,true,2026-08-24T10:05:04.033Z,1.12.6,1.8.1,,4.16.1,smallgroups-1-189-fs2-q3-findall,1692,1122,"(146, 1)",2026-08-24T10:12:47.3Z
"(146,2)",146,true,0,true,2026-08-24T10:05:04.033Z,1.12.6,1.8.1,,4.16.1,smallgroups-1-189-fs2-q3-findall,1692,1123,"(146, 2)",2026-08-24T10:12:53.527Z
"(147,1)",147,true,0,true,2026-08-24T10:05:04.033Z,1.12.6,1.8.1,,4.16.1,smallgroups-1-189-fs2-q3-findall,1692,1124,"(147, 1)",2026-08-24T10:12:53.931Z
"(147,2)",147,true,0,true,2026-08-24T10:05:04.033Z,1.12.6,1.8.1,,4.16.1,smallgroups-1-189-fs2-q3-findall,1692,1125,"(147, 2)",2026-08-24T10:12:59.599Z
"(147,3)",147,true,0,true,2026-08-24T10:05:04.033Z,1.12.6,1.8.1,,4.16.1,smallgroups-1-189-fs2-q3-findall,1692,1126,"(147, 3)",2026-08-24T10:12:59.7Z
"(147,4)",147,true,0,true,2026-08-24T10:05:04.033Z,1.12.6,1.8.1,,4.16.1,smallgroups-1-189-fs2-q3-findall,1692,1127,"(147, 4)",2026-08-24T10:12:59.772Z
"(147,5)",147,true,0,true,2026-08-24T10:05:04.033Z,1.12.6,1.8.1,,4.16.1,smallgroups-1-189-fs2-q3-findall,1692,1128,"(147, 5)",2026-08-24T10:12:59.846Z
"(147,6)",147,true,0,true,2026-08-24T10:05:04.033Z,1.12.6,1.8.1,,4.16.1,smallgroups-1-189-fs2-q3-findall,1692,1129,"(147, 6)",2026-08-24T10:13:01.798Z
"(148,1)",148,true,0,true,2026-08-24T10:05:04.033Z,1.12.6,1.8.1,,4.16.1,smallgroups-1-189-fs2-q3-findall,1692,1130,"(148, 1)",2026-08-24T10:13:02.873Z
"(148,2)",148,true,0,true,2026-08-24T10:05:04.033Z,1.12.6,1.8.1,,4.16.1,smallgroups-1-189-fs2-q3-findall,1692,1131,"(148, 2)",2026-08-24T10:13:09.81Z
"(148,3)",148,true,0,true,2026-08-24T10:05:04.033Z,1.12.6,1.8.1,,4.16.1,smallgroups-1-189-fs2-q3-findall,1692,1132,"(148, 3)",2026-08-24T10:13:09.974Z
"(148,4)",148,true,0,true,2026-08-24T10:05:04.033Z,1.12.6,1.8.1,,4.16.1,smallgroups-1-189-fs2-q3-findall,1692,1133,"(148, 4)",2026-08-24T10:13:10.766Z
"(148,5)",148,true,0,true,2026-08-24T10:05:04.033Z,1.12.6,1.8.1,,4.16.1,smallgroups-1-189-fs2-q3-findall,1692,1134,"(148, 5)",2026-08-24T10:13:15.536Z
"(150,1)",150,true,0,true,2026-08-24T10:05:04.033Z,1.12.6,1.8.1,,4.16.1,smallgroups-1-189-fs2-q3-findall,1692,1135,"(150, 1)",2026-08-24T10:13:16.087Z
"(150,2)",150,true,0,true,2026-08-24T10:05:04.033Z,1.12.6,1.8.1,,4.16.1,smallgroups-1-189-fs2-q3-findall,1692,1136,"(150, 2)",2026-08-24T10:13:16.678Z
"(150,3)",150,true,0,true,2026-08-24T10:05:04.033Z,1.12.6,1.8.1,,4.16.1,smallgroups-1-189-fs2-q3-findall,1692,1137,"(150, 3)",2026-08-24T10:13:17.026Z
"(150,4)",150,true,0,true,2026-08-24T10:05:04.033Z,1.12.6,1.8.1,,4.16.1,smallgroups-1-189-fs2-q3-findall,1692,1138,"(150, 4)",2026-08-24T10:13:20.104Z
"(150,5)",150,true,0,true,2026-08-24T10:05:04.033Z,1.12.6,1.8.1,,4.16.1,smallgroups-1-189-fs2-q3-findall,1692,1139,"(150, 5)",2026-08-24T10:13:20.133Z
"(150,6)",150,true,0,true,2026-08-24T10:05:04.033Z,1.12.6,1.8.1,,4.16.1,smallgroups-1-189-fs2-q3-findall,1692,1140,"(150, 6)",2026-08-24T10:13:20.153Z
"(150,7)",150,true,0,true,2026-08-24T10:05:04.033Z,1.12.6,1.8.1,,4.16.1,smallgroups-1-189-fs2-q3-findall,1692,1141,"(150, 7)",2026-08-24T10:13:20.204Z
"(150,8)",150,true,0,true,2026-08-24T10:05:04.033Z,1.12.6,1.8.1,,4.16.1,smallgroups-1-189-fs2-q3-findall,1692,1142,"(150, 8)",2026-08-24T10:13:21.64Z
"(150,9)",150,true,0,true,2026-08-24T10:05:04.033Z,1.12.6,1.8.1,,4.16.1,smallgroups-1-189-fs2-q3-findall,1692,1143,"(150, 9)",2026-08-24T10:13:21.841Z
"(150,10)",150,true,0,true,2026-08-24T10:05:04.033Z,1.12.6,1.8.1,,4.16.1,smallgroups-1-189-fs2-q3-findall,1692,1144,"(150, 10)",2026-08-24T10:13:22.231Z
"(150,11)",150,true,0,true,2026-08-24T10:05:04.033Z,1.12.6,1.8.1,,4.16.1,smallgroups-1-189-fs2-q3-findall,1692,1145,"(150, 11)",2026-08-24T10:13:22.409Z
"(150,12)",150,true,0,true,2026-08-24T10:05:04.033Z,1.12.6,1.8.1,,4.16.1,smallgroups-1-189-fs2-q3-findall,1692,1146,"(150, 12)",2026-08-24T10:13:22.609Z
"(150,13)",150,true,0,true,2026-08-24T10:05:04.033Z,1.12.6,1.8.1,,4.16.1,smallgroups-1-189-fs2-q3-findall,1692,1147,"(150, 13)",2026-08-24T10:13:24.612Z
"(152,1)",152,true,0,true,2026-08-24T10:05:04.033Z,1.12.6,1.8.1,,4.16.1,smallgroups-1-189-fs2-q3-findall,1692,1148,"(152, 1)",2026-08-24T10:13:25.322Z
"(152,2)",152,true,0,true,2026-08-24T10:05:04.033Z,1.12.6,1.8.1,,4.16.1,smallgroups-1-189-fs2-q3-findall,1692,1149,"(152, 2)",2026-08-24T10:13:32.185Z
"(152,3)",152,true,0,true,2026-08-24T10:05:04.033Z,1.12.6,1.8.1,,4.16.1,smallgroups-1-189-fs2-q3-findall,1692,1150,"(152, 3)",2026-08-24T10:13:32.439Z
"(152,4)",152,true,0,true,2026-08-24T10:05:04.033Z,1.12.6,1.8.1,,4.16.1,smallgroups-1-189-fs2-q3-findall,1692,1151,"(152, 4)",2026-08-24T10:13:32.702Z
"(152,5)",152,true,0,true,2026-08-24T10:05:04.033Z,1.12.6,1.8.1,,4.16.1,smallgroups-1-189-fs2-q3-findall,1692,1152,"(152, 5)",2026-08-24T10:13:32.949Z
"(152,6)",152,true,0,true,2026-08-24T10:05:04.033Z,1.12.6,1.8.1,,4.16.1,smallgroups-1-189-fs2-q3-findall,1692,1153,"(152, 6)",2026-08-24T10:13:33.538Z
"(152,7)",152,true,0,true,2026-08-24T10:05:04.033Z,1.12.6,1.8.1,,4.16.1,smallgroups-1-189-fs2-q3-findall,1692,1154,"(152, 7)",2026-08-24T10:13:33.845Z
"(152,8)",152,true,0,true,2026-08-24T10:05:04.033Z,1.12.6,1.8.1,,4.16.1,smallgroups-1-189-fs2-q3-findall,1692,1155,"(152, 8)",2026-08-24T10:13:38.612Z
"(152,9)",152,true,0,true,2026-08-24T10:05:04.033Z,1.12.6,1.8.1,,4.16.1,smallgroups-1-189-fs2-q3-findall,1692,1156,"(152, 9)",2026-08-24T10:13:39.843Z
"(152,10)",152,true,0,true,2026-08-24T10:05:04.033Z,1.12.6,1.8.1,,4.16.1,smallgroups-1-189-fs2-q3-findall,1692,1157,"(152, 10)",2026-08-24T10:13:40.618Z
"(152,11)",152,true,0,true,2026-08-24T10:05:04.033Z,1.12.6,1.8.1,,4.16.1,smallgroups-1-189-fs2-q3-findall,1692,1158,"(152, 11)",2026-08-24T10:13:41.23Z
"(152,12)",152,true,0,true,2026-08-24T10:05:04.033Z,1.12.6,1.8.1,,4.16.1,smallgroups-1-189-fs2-q3-findall,1692,1159,"(152, 12)",2026-08-24T10:13:45.369Z
"(153,1)",153,true,0,true,2026-08-24T10:05:04.033Z,1.12.6,1.8.1,,4.16.1,smallgroups-1-189-fs2-q3-findall,1692,1160,"(153, 1)",2026-08-24T10:13:49.791Z
"(153,2)",153,true,0,true,2026-08-24T10:05:04.033Z,1.12.6,1.8.1,,4.16.1,smallgroups-1-189-fs2-q3-findall,1692,1161,"(153, 2)",2026-08-24T10:13:52.697Z
"(154,1)",154,true,0,true,2026-08-24T10:05:04.033Z,1.12.6,1.8.1,,4.16.1,smallgroups-1-189-fs2-q3-findall,1692,1162,"(154, 1)",2026-08-24T10:13:56.748Z
"(154,2)",154,true,0,true,2026-08-24T10:05:04.033Z,1.12.6,1.8.1,,4.16.1,smallgroups-1-189-fs2-q3-findall,1692,1163,"(154, 2)",2026-08-24T10:13:59.734Z
"(154,3)",154,true,0,true,2026-08-24T10:05:04.033Z,1.12.6,1.8.1,,4.16.1,smallgroups-1-189-fs2-q3-findall,1692,1164,"(154, 3)",2026-08-24T10:14:02.946Z
"(154,4)",154,true,0,true,2026-08-24T10:05:04.033Z,1.12.6,1.8.1,,4.16.1,smallgroups-1-189-fs2-q3-findall,1692,1165,"(154, 4)",2026-08-24T10:14:09.567Z
"(155,1)",155,true,0,true,2026-08-24T10:05:04.033Z,1.12.6,1.8.1,,4.16.1,smallgroups-1-189-fs2-q3-findall,1692,1166,"(155, 1)",2026-08-24T10:14:09.649Z
"(155,2)",155,true,0,true,2026-08-24T10:05:04.033Z,1.12.6,1.8.1,,4.16.1,smallgroups-1-189-fs2-q3-findall,1692,1167,"(155, 2)",2026-08-24T10:14:21.429Z
"(156,1)",156,true,0,true,2026-08-24T10:05:04.033Z,1.12.6,1.8.1,,4.16.1,smallgroups-1-189-fs2-q3-findall,1692,1168,"(156, 1)",2026-08-24T10:14:21.474Z
"(156,2)",156,true,0,true,2026-08-24T10:05:04.033Z,1.12.6,1.8.1,,4.16.1,smallgroups-1-189-fs2-q3-findall,1692,1169,"(156, 2)",2026-08-24T10:14:21.637Z
"(156,3)",156,true,0,true,2026-08-24T10:05:04.033Z,1.12.6,1.8.1,,4.16.1,smallgroups-1-189-fs2-q3-findall,1692,1170,"(156, 3)",2026-08-24T10:14:23.179Z
"(156,4)",156,true,0,true,2026-08-24T10:05:04.033Z,1.12.6,1.8.1,,4.16.1,smallgroups-1-189-fs2-q3-findall,1692,1171,"(156, 4)",2026-08-24T10:14:23.444Z
"(156,5)",156,true,0,true,2026-08-24T10:05:04.033Z,1.12.6,1.8.1,,4.16.1,smallgroups-1-189-fs2-q3-findall,1692,1172,"(156, 5)",2026-08-24T10:14:23.734Z
"(156,6)",156,true,0,true,2026-08-24T10:05:04.033Z,1.12.6,1.8.1,,4.16.1,smallgroups-1-189-fs2-q3-findall,1692,1173,"(156, 6)",2026-08-24T10:14:27.22Z
"(156,7)",156,true,0,true,2026-08-24T10:05:04.033Z,1.12.6,1.8.1,,4.16.1,smallgroups-1-189-fs2-q3-findall,1692,1174,"(156, 7)",2026-08-24T10:14:27.244Z
"(156,8)",156,true,0,true,2026-08-24T10:05:04.033Z,1.12.6,1.8.1,,4.16.1,smallgroups-1-189-fs2-q3-findall,1692,1175,"(156, 8)",2026-08-24T10:14:27.285Z
"(156,9)",156,true,0,true,2026-08-24T10:05:04.033Z,1.12.6,1.8.1,,4.16.1,smallgroups-1-189-fs2-q3-findall,1692,1176,"(156, 9)",2026-08-24T10:14:27.342Z
"(156,10)",156,true,0,true,2026-08-24T10:05:04.033Z,1.12.6,1.8.1,,4.16.1,smallgroups-1-189-fs2-q3-findall,1692,1177,"(156, 10)",2026-08-24T10:14:27.407Z
"(156,11)",156,true,0,true,2026-08-24T10:05:04.033Z,1.12.6,1.8.1,,4.16.1,smallgroups-1-189-fs2-q3-findall,1692,1178,"(156, 11)",2026-08-24T10:14:27.803Z
"(156,12)",156,true,0,true,2026-08-24T10:05:04.033Z,1.12.6,1.8.1,,4.16.1,smallgroups-1-189-fs2-q3-findall,1692,1179,"(156, 12)",2026-08-24T10:14:27.921Z
"(156,13)",156,true,0,true,2026-08-24T10:05:04.033Z,1.12.6,1.8.1,,4.16.1,smallgroups-1-189-fs2-q3-findall,1692,1180,"(156, 13)",2026-08-24T10:14:28.139Z
"(156,14)",156,true,0,true,2026-08-24T10:05:04.033Z,1.12.6,1.8.1,,4.16.1,smallgroups-1-189-fs2-q3-findall,1692,1181,"(156, 14)",2026-08-24T10:14:28.218Z
"(156,15)",156,true,0,true,2026-08-24T10:05:04.033Z,1.12.6,1.8.1,,4.16.1,smallgroups-1-189-fs2-q3-findall,1692,1182,"(156, 15)",2026-08-24T10:14:28.488Z
"(156,16)",156,true,0,true,2026-08-24T10:05:04.033Z,1.12.6,1.8.1,,4.16.1,smallgroups-1-189-fs2-q3-findall,1692,1183,"(156, 16)",2026-08-24T10:14:30.061Z
"(156,17)",156,true,0,true,2026-08-24T10:05:04.033Z,1.12.6,1.8.1,,4.16.1,smallgroups-1-189-fs2-q3-findall,1692,1184,"(156, 17)",2026-08-24T10:14:30.354Z
"(156,18)",156,true,0,true,2026-08-24T10:05:04.033Z,1.12.6,1.8.1,,4.16.1,smallgroups-1-189-fs2-q3-findall,1692,1185,"(156, 18)",2026-08-24T10:14:33.213Z
"(158,1)",158,true,0,true,2026-08-24T10:05:04.033Z,1.12.6,1.8.1,,4.16.1,smallgroups-1-189-fs2-q3-findall,1692,1186,"(158, 1)",2026-08-24T10:14:40.753Z
"(158,2)",158,true,0,true,2026-08-24T10:05:04.033Z,1.12.6,1.8.1,,4.16.1,smallgroups-1-189-fs2-q3-findall,1692,1187,"(158, 2)",2026-08-24T10:14:49.824Z
"(159,1)",159,true,0,true,2026-08-24T10:05:04.033Z,1.12.6,1.8.1,,4.16.1,smallgroups-1-189-fs2-q3-findall,1692,1188,"(159, 1)",2026-08-24T10:14:57.281Z
"(160,1)",160,true,0,true,2026-08-24T10:05:04.033Z,1.12.6,1.8.1,,4.16.1,smallgroups-1-189-fs2-q3-findall,1692,1189,"(160, 1)",2026-08-24T10:14:57.605Z
"(160,2)",160,true,0,true,2026-08-24T10:05:04.033Z,1.12.6,1.8.1,,4.16.1,smallgroups-1-189-fs2-q3-findall,1692,1190,"(160, 2)",2026-08-24T10:15:04.599Z
"(160,3)",160,true,0,true,2026-08-24T10:05:04.033Z,1.12.6,1.8.1,,4.16.1,smallgroups-1-189-fs2-q3-findall,1692,1191,"(160, 3)",2026-08-24T10:15:04.728Z
"(160,4)",160,true,0,true,2026-08-24T10:05:04.033Z,1.12.6,1.8.1,,4.16.1,smallgroups-1-189-fs2-q3-findall,1692,1192,"(160, 4)",2026-08-24T10:15:05.039Z
"(160,5)",160,true,0,true,2026-08-24T10:05:04.033Z,1.12.6,1.8.1,,4.16.1,smallgroups-1-189-fs2-q3-findall,1692,1193,"(160, 5)",2026-08-24T10:15:05.245Z
"(160,6)",160,true,0,true,2026-08-24T10:05:04.033Z,1.12.6,1.8.1,,4.16.1,smallgroups-1-189-fs2-q3-findall,1692,1194,"(160, 6)",2026-08-24T10:15:05.407Z
"(160,7)",160,true,0,true,2026-08-24T10:05:04.033Z,1.12.6,1.8.1,,4.16.1,smallgroups-1-189-fs2-q3-findall,1692,1195,"(160, 7)",2026-08-24T10:15:05.569Z
"(160,8)",160,true,0,true,2026-08-24T10:05:04.033Z,1.12.6,1.8.1,,4.16.1,smallgroups-1-189-fs2-q3-findall,1692,1196,"(160, 8)",2026-08-24T10:15:05.729Z
"(160,9)",160,true,0,true,2026-08-24T10:05:04.033Z,1.12.6,1.8.1,,4.16.1,smallgroups-1-189-fs2-q3-findall,1692,1197,"(160, 9)",2026-08-24T10:15:06.0Z
"(160,10)",160,true,0,true,2026-08-24T10:05:04.033Z,1.12.6,1.8.1,,4.16.1,smallgroups-1-189-fs2-q3-findall,1692,1198,"(160, 10)",2026-08-24T10:15:06.187Z
"(160,11)",160,true,0,true,2026-08-24T10:05:04.033Z,1.12.6,1.8.1,,4.16.1,smallgroups-1-189-fs2-q3-findall,1692,1199,"(160, 11)",2026-08-24T10:15:06.376Z
"(160,12)",160,true,0,true,2026-08-24T10:05:04.033Z,1.12.6,1.8.1,,4.16.1,smallgroups-1-189-fs2-q3-findall,1692,1200,"(160, 12)",2026-08-24T10:15:06.537Z
"(160,13)",160,true,0,true,2026-08-24T10:05:04.033Z,1.12.6,1.8.1,,4.16.1,smallgroups-1-189-fs2-q3-findall,1692,1201,"(160, 13)",2026-08-24T10:15:06.629Z
"(160,14)",160,true,0,true,2026-08-24T10:05:04.033Z,1.12.6,1.8.1,,4.16.1,smallgroups-1-189-fs2-q3-findall,1692,1202,"(160, 14)",2026-08-24T10:15:07.395Z
"(160,15)",160,true,0,true,2026-08-24T10:05:04.033Z,1.12.6,1.8.1,,4.16.1,smallgroups-1-189-fs2-q3-findall,1692,1203,"(160, 15)",2026-08-24T10:15:07.489Z
"(160,16)",160,true,0,true,2026-08-24T10:05:04.033Z,1.12.6,1.8.1,,4.16.1,smallgroups-1-189-fs2-q3-findall,1692,1204,"(160, 16)",2026-08-24T10:15:07.581Z
"(160,17)",160,true,0,true,2026-08-24T10:05:04.033Z,1.12.6,1.8.1,,4.16.1,smallgroups-1-189-fs2-q3-findall,1692,1205,"(160, 17)",2026-08-24T10:15:07.674Z
"(160,18)",160,true,0,true,2026-08-24T10:05:04.033Z,1.12.6,1.8.1,,4.16.1,smallgroups-1-189-fs2-q3-findall,1692,1206,"(160, 18)",2026-08-24T10:15:07.951Z
"(160,19)",160,true,0,true,2026-08-24T10:05:04.033Z,1.12.6,1.8.1,,4.16.1,smallgroups-1-189-fs2-q3-findall,1692,1207,"(160, 19)",2026-08-24T10:15:08.145Z
"(160,20)",160,true,0,true,2026-08-24T10:05:04.033Z,1.12.6,1.8.1,,4.16.1,smallgroups-1-189-fs2-q3-findall,1692,1208,"(160, 20)",2026-08-24T10:15:08.446Z
"(160,21)",160,true,0,true,2026-08-24T10:05:04.033Z,1.12.6,1.8.1,,4.16.1,smallgroups-1-189-fs2-q3-findall,1692,1209,"(160, 21)",2026-08-24T10:15:08.647Z
"(160,22)",160,true,0,true,2026-08-24T10:05:04.033Z,1.12.6,1.8.1,,4.16.1,smallgroups-1-189-fs2-q3-findall,1692,1210,"(160, 22)",2026-08-24T10:15:09.354Z
"(160,23)",160,true,0,true,2026-08-24T10:05:04.033Z,1.12.6,1.8.1,,4.16.1,smallgroups-1-189-fs2-q3-findall,1692,1211,"(160, 23)",2026-08-24T10:15:09.511Z
"(160,24)",160,true,0,true,2026-08-24T10:05:04.033Z,1.12.6,1.8.1,,4.16.1,smallgroups-1-189-fs2-q3-findall,1692,1212,"(160, 24)",2026-08-24T10:15:09.674Z
"(160,25)",160,true,0,true,2026-08-24T10:05:04.033Z,1.12.6,1.8.1,,4.16.1,smallgroups-1-189-fs2-q3-findall,1692,1213,"(160, 25)",2026-08-24T10:15:09.837Z
"(160,26)",160,true,0,true,2026-08-24T10:05:04.033Z,1.12.6,1.8.1,,4.16.1,smallgroups-1-189-fs2-q3-findall,1692,1214,"(160, 26)",2026-08-24T10:15:09.999Z
"(160,27)",160,true,0,true,2026-08-24T10:05:04.033Z,1.12.6,1.8.1,,4.16.1,smallgroups-1-189-fs2-q3-findall,1692,1215,"(160, 27)",2026-08-24T10:15:10.19Z
"(160,28)",160,true,0,true,2026-08-24T10:05:04.033Z,1.12.6,1.8.1,,4.16.1,smallgroups-1-189-fs2-q3-findall,1692,1216,"(160, 28)",2026-08-24T10:15:10.349Z
"(160,29)",160,true,0,true,2026-08-24T10:05:04.033Z,1.12.6,1.8.1,,4.16.1,smallgroups-1-189-fs2-q3-findall,1692,1217,"(160, 29)",2026-08-24T10:15:10.438Z
"(160,30)",160,true,0,true,2026-08-24T10:05:04.033Z,1.12.6,1.8.1,,4.16.1,smallgroups-1-189-fs2-q3-findall,1692,1218,"(160, 30)",2026-08-24T10:15:10.522Z
"(160,31)",160,true,0,true,2026-08-24T10:05:04.033Z,1.12.6,1.8.1,,4.16.1,smallgroups-1-189-fs2-q3-findall,1692,1219,"(160, 31)",2026-08-24T10:15:10.606Z
"(160,32)",160,true,0,true,2026-08-24T10:05:04.033Z,1.12.6,1.8.1,,4.16.1,smallgroups-1-189-fs2-q3-findall,1692,1220,"(160, 32)",2026-08-24T10:15:11.183Z
"(160,33)",160,true,0,true,2026-08-24T10:05:04.033Z,1.12.6,1.8.1,,4.16.1,smallgroups-1-189-fs2-q3-findall,1692,1221,"(160, 33)",2026-08-24T10:15:11.241Z
"(160,34)",160,true,0,true,2026-08-24T10:05:04.033Z,1.12.6,1.8.1,,4.16.1,smallgroups-1-189-fs2-q3-findall,1692,1222,"(160, 34)",2026-08-24T10:15:11.298Z
"(160,35)",160,true,0,true,2026-08-24T10:05:04.033Z,1.12.6,1.8.1,,4.16.1,smallgroups-1-189-fs2-q3-findall,1692,1223,"(160, 35)",2026-08-24T10:15:11.355Z
"(160,36)",160,true,0,true,2026-08-24T10:05:04.033Z,1.12.6,1.8.1,,4.16.1,smallgroups-1-189-fs2-q3-findall,1692,1224,"(160, 36)",2026-08-24T10:15:11.41Z
"(160,37)",160,true,0,true,2026-08-24T10:05:04.033Z,1.12.6,1.8.1,,4.16.1,smallgroups-1-189-fs2-q3-findall,1692,1225,"(160, 37)",2026-08-24T10:15:11.603Z
"(160,38)",160,true,0,true,2026-08-24T10:05:04.033Z,1.12.6,1.8.1,,4.16.1,smallgroups-1-189-fs2-q3-findall,1692,1226,"(160, 38)",2026-08-24T10:15:11.809Z
"(160,39)",160,true,0,true,2026-08-24T10:05:04.033Z,1.12.6,1.8.1,,4.16.1,smallgroups-1-189-fs2-q3-findall,1692,1227,"(160, 39)",2026-08-24T10:15:11.917Z
"(160,40)",160,true,0,true,2026-08-24T10:05:04.033Z,1.12.6,1.8.1,,4.16.1,smallgroups-1-189-fs2-q3-findall,1692,1228,"(160, 40)",2026-08-24T10:15:12.018Z
"(160,41)",160,true,0,true,2026-08-24T10:05:04.033Z,1.12.6,1.8.1,,4.16.1,smallgroups-1-189-fs2-q3-findall,1692,1229,"(160, 41)",2026-08-24T10:15:12.117Z
"(160,42)",160,true,0,true,2026-08-24T10:05:04.033Z,1.12.6,1.8.1,,4.16.1,smallgroups-1-189-fs2-q3-findall,1692,1230,"(160, 42)",2026-08-24T10:15:13.52Z
"(160,43)",160,true,0,true,2026-08-24T10:05:04.033Z,1.12.6,1.8.1,,4.16.1,smallgroups-1-189-fs2-q3-findall,1692,1231,"(160, 43)",2026-08-24T10:15:13.623Z
"(160,44)",160,true,0,true,2026-08-24T10:05:04.033Z,1.12.6,1.8.1,,4.16.1,smallgroups-1-189-fs2-q3-findall,1692,1232,"(160, 44)",2026-08-24T10:15:13.725Z
"(160,45)",160,true,0,true,2026-08-24T10:05:04.033Z,1.12.6,1.8.1,,4.16.1,smallgroups-1-189-fs2-q3-findall,1692,1233,"(160, 45)",2026-08-24T10:15:14.446Z
"(160,46)",160,true,0,true,2026-08-24T10:05:04.033Z,1.12.6,1.8.1,,4.16.1,smallgroups-1-189-fs2-q3-findall,1692,1234,"(160, 46)",2026-08-24T10:15:18.019Z
"(160,47)",160,true,0,true,2026-08-24T10:05:04.033Z,1.12.6,1.8.1,,4.16.1,smallgroups-1-189-fs2-q3-findall,1692,1235,"(160, 47)",2026-08-24T10:15:18.685Z
"(160,48)",160,true,0,true,2026-08-24T10:05:04.033Z,1.12.6,1.8.1,,4.16.1,smallgroups-1-189-fs2-q3-findall,1692,1236,"(160, 48)",2026-08-24T10:15:20.734Z
"(160,49)",160,true,0,true,2026-08-24T10:05:04.033Z,1.12.6,1.8.1,,4.16.1,smallgroups-1-189-fs2-q3-findall,1692,1237,"(160, 49)",2026-08-24T10:15:20.956Z
"(160,50)",160,true,0,true,2026-08-24T10:05:04.033Z,1.12.6,1.8.1,,4.16.1,smallgroups-1-189-fs2-q3-findall,1692,1238,"(160, 50)",2026-08-24T10:15:21.178Z
"(160,51)",160,true,0,true,2026-08-24T10:05:04.033Z,1.12.6,1.8.1,,4.16.1,smallgroups-1-189-fs2-q3-findall,1692,1239,"(160, 51)",2026-08-24T10:15:21.41Z
"(160,52)",160,true,0,true,2026-08-24T10:05:04.033Z,1.12.6,1.8.1,,4.16.1,smallgroups-1-189-fs2-q3-findall,1692,1240,"(160, 52)",2026-08-24T10:15:22.343Z
"(160,53)",160,true,0,true,2026-08-24T10:05:04.033Z,1.12.6,1.8.1,,4.16.1,smallgroups-1-189-fs2-q3-findall,1692,1241,"(160, 53)",2026-08-24T10:15:22.659Z
"(160,54)",160,true,0,true,2026-08-24T10:05:04.033Z,1.12.6,1.8.1,,4.16.1,smallgroups-1-189-fs2-q3-findall,1692,1242,"(160, 54)",2026-08-24T10:15:22.977Z
"(160,55)",160,true,0,true,2026-08-24T10:05:04.033Z,1.12.6,1.8.1,,4.16.1,smallgroups-1-189-fs2-q3-findall,1692,1243,"(160, 55)",2026-08-24T10:15:24.233Z
"(160,56)",160,true,0,true,2026-08-24T10:05:04.033Z,1.12.6,1.8.1,,4.16.1,smallgroups-1-189-fs2-q3-findall,1692,1244,"(160, 56)",2026-08-24T10:15:24.541Z
"(160,57)",160,true,0,true,2026-08-24T10:05:04.033Z,1.12.6,1.8.1,,4.16.1,smallgroups-1-189-fs2-q3-findall,1692,1245,"(160, 57)",2026-08-24T10:15:24.846Z
"(160,58)",160,true,0,true,2026-08-24T10:05:04.033Z,1.12.6,1.8.1,,4.16.1,smallgroups-1-189-fs2-q3-findall,1692,1246,"(160, 58)",2026-08-24T10:15:25.166Z
"(160,59)",160,true,0,true,2026-08-24T10:05:04.033Z,1.12.6,1.8.1,,4.16.1,smallgroups-1-189-fs2-q3-findall,1692,1247,"(160, 59)",2026-08-24T10:15:29.878Z
"(160,60)",160,true,0,true,2026-08-24T10:05:04.033Z,1.12.6,1.8.1,,4.16.1,smallgroups-1-189-fs2-q3-findall,1692,1248,"(160, 60)",2026-08-24T10:15:31.158Z
"(160,61)",160,true,0,true,2026-08-24T10:05:04.033Z,1.12.6,1.8.1,,4.16.1,smallgroups-1-189-fs2-q3-findall,1692,1249,"(160, 61)",2026-08-24T10:15:31.366Z
"(160,62)",160,true,0,true,2026-08-24T10:05:04.033Z,1.12.6,1.8.1,,4.16.1,smallgroups-1-189-fs2-q3-findall,1692,1250,"(160, 62)",2026-08-24T10:15:31.576Z
"(160,63)",160,true,0,true,2026-08-24T10:05:04.033Z,1.12.6,1.8.1,,4.16.1,smallgroups-1-189-fs2-q3-findall,1692,1251,"(160, 63)",2026-08-24T10:15:31.793Z
"(160,64)",160,true,0,true,2026-08-24T10:05:04.033Z,1.12.6,1.8.1,,4.16.1,smallgroups-1-189-fs2-q3-findall,1692,1252,"(160, 64)",2026-08-24T10:15:31.919Z
"(160,65)",160,true,0,true,2026-08-24T10:05:04.033Z,1.12.6,1.8.1,,4.16.1,smallgroups-1-189-fs2-q3-findall,1692,1253,"(160, 65)",2026-08-24T10:15:31.979Z
"(160,66)",160,true,0,true,2026-08-24T10:05:04.033Z,1.12.6,1.8.1,,4.16.1,smallgroups-1-189-fs2-q3-findall,1692,1254,"(160, 66)",2026-08-24T10:15:32.586Z
"(160,67)",160,true,0,true,2026-08-24T10:05:04.033Z,1.12.6,1.8.1,,4.16.1,smallgroups-1-189-fs2-q3-findall,1692,1255,"(160, 67)",2026-08-24T10:15:32.642Z
"(160,68)",160,true,0,true,2026-08-24T10:05:04.033Z,1.12.6,1.8.1,,4.16.1,smallgroups-1-189-fs2-q3-findall,1692,1256,"(160, 68)",2026-08-24T10:15:32.68Z
"(160,69)",160,true,0,true,2026-08-24T10:05:04.033Z,1.12.6,1.8.1,,4.16.1,smallgroups-1-189-fs2-q3-findall,1692,1257,"(160, 69)",2026-08-24T10:15:32.717Z
"(160,70)",160,true,0,true,2026-08-24T10:05:04.033Z,1.12.6,1.8.1,,4.16.1,smallgroups-1-189-fs2-q3-findall,1692,1258,"(160, 70)",2026-08-24T10:15:32.755Z
"(160,71)",160,true,0,true,2026-08-24T10:05:04.033Z,1.12.6,1.8.1,,4.16.1,smallgroups-1-189-fs2-q3-findall,1692,1259,"(160, 71)",2026-08-24T10:15:32.792Z
"(160,72)",160,true,0,true,2026-08-24T10:05:04.033Z,1.12.6,1.8.1,,4.16.1,smallgroups-1-189-fs2-q3-findall,1692,1260,"(160, 72)",2026-08-24T10:15:32.912Z
"(160,73)",160,true,0,true,2026-08-24T10:05:04.033Z,1.12.6,1.8.1,,4.16.1,smallgroups-1-189-fs2-q3-findall,1692,1261,"(160, 73)",2026-08-24T10:15:32.968Z
"(160,74)",160,true,0,true,2026-08-24T10:05:04.033Z,1.12.6,1.8.1,,4.16.1,smallgroups-1-189-fs2-q3-findall,1692,1262,"(160, 74)",2026-08-24T10:15:33.004Z
"(160,75)",160,true,0,true,2026-08-24T10:05:04.033Z,1.12.6,1.8.1,,4.16.1,smallgroups-1-189-fs2-q3-findall,1692,1263,"(160, 75)",2026-08-24T10:15:33.123Z
"(160,76)",160,true,0,true,2026-08-24T10:05:04.033Z,1.12.6,1.8.1,,4.16.1,smallgroups-1-189-fs2-q3-findall,1692,1264,"(160, 76)",2026-08-24T10:15:33.182Z
"(160,77)",160,true,0,true,2026-08-24T10:05:04.033Z,1.12.6,1.8.1,,4.16.1,smallgroups-1-189-fs2-q3-findall,1692,1265,"(160, 77)",2026-08-24T10:15:33.24Z
"(160,78)",160,true,0,true,2026-08-24T10:05:04.033Z,1.12.6,1.8.1,,4.16.1,smallgroups-1-189-fs2-q3-findall,1692,1266,"(160, 78)",2026-08-24T10:15:33.3Z
"(160,79)",160,true,0,true,2026-08-24T10:05:04.033Z,1.12.6,1.8.1,,4.16.1,smallgroups-1-189-fs2-q3-findall,1692,1267,"(160, 79)",2026-08-24T10:15:33.364Z
"(160,80)",160,true,0,true,2026-08-24T10:05:04.033Z,1.12.6,1.8.1,,4.16.1,smallgroups-1-189-fs2-q3-findall,1692,1268,"(160, 80)",2026-08-24T10:15:33.404Z
"(160,81)",160,true,0,true,2026-08-24T10:05:04.033Z,1.12.6,1.8.1,,4.16.1,smallgroups-1-189-fs2-q3-findall,1692,1269,"(160, 81)",2026-08-24T10:15:33.474Z
"(160,82)",160,true,0,true,2026-08-24T10:05:04.033Z,1.12.6,1.8.1,,4.16.1,smallgroups-1-189-fs2-q3-findall,1692,1270,"(160, 82)",2026-08-24T10:15:33.513Z
"(160,83)",160,true,0,true,2026-08-24T10:05:04.033Z,1.12.6,1.8.1,,4.16.1,smallgroups-1-189-fs2-q3-findall,1692,1271,"(160, 83)",2026-08-24T10:15:34.864Z
"(160,84)",160,true,0,true,2026-08-24T10:05:04.033Z,1.12.6,1.8.1,,4.16.1,smallgroups-1-189-fs2-q3-findall,1692,1272,"(160, 84)",2026-08-24T10:15:34.9Z
"(160,85)",160,true,0,true,2026-08-24T10:05:04.033Z,1.12.6,1.8.1,,4.16.1,smallgroups-1-189-fs2-q3-findall,1692,1273,"(160, 85)",2026-08-24T10:15:34.935Z
"(160,86)",160,true,0,true,2026-08-24T10:05:04.033Z,1.12.6,1.8.1,,4.16.1,smallgroups-1-189-fs2-q3-findall,1692,1274,"(160, 86)",2026-08-24T10:15:34.973Z
"(160,87)",160,true,0,true,2026-08-24T10:05:04.033Z,1.12.6,1.8.1,,4.16.1,smallgroups-1-189-fs2-q3-findall,1692,1275,"(160, 87)",2026-08-24T10:15:35.039Z
"(160,88)",160,true,0,true,2026-08-24T10:05:04.033Z,1.12.6,1.8.1,,4.16.1,smallgroups-1-189-fs2-q3-findall,1692,1276,"(160, 88)",2026-08-24T10:15:35.079Z
"(160,89)",160,true,0,true,2026-08-24T10:05:04.033Z,1.12.6,1.8.1,,4.16.1,smallgroups-1-189-fs2-q3-findall,1692,1277,"(160, 89)",2026-08-24T10:15:35.272Z
"(160,90)",160,true,0,true,2026-08-24T10:05:04.033Z,1.12.6,1.8.1,,4.16.1,smallgroups-1-189-fs2-q3-findall,1692,1278,"(160, 90)",2026-08-24T10:15:35.431Z
"(160,91)",160,true,0,true,2026-08-24T10:05:04.033Z,1.12.6,1.8.1,,4.16.1,smallgroups-1-189-fs2-q3-findall,1692,1279,"(160, 91)",2026-08-24T10:15:35.585Z
"(160,92)",160,true,0,true,2026-08-24T10:05:04.033Z,1.12.6,1.8.1,,4.16.1,smallgroups-1-189-fs2-q3-findall,1692,1280,"(160, 92)",2026-08-24T10:15:35.883Z
"(160,93)",160,true,0,true,2026-08-24T10:05:04.033Z,1.12.6,1.8.1,,4.16.1,smallgroups-1-189-fs2-q3-findall,1692,1281,"(160, 93)",2026-08-24T10:15:36.078Z
"(160,94)",160,true,0,true,2026-08-24T10:05:04.033Z,1.12.6,1.8.1,,4.16.1,smallgroups-1-189-fs2-q3-findall,1692,1282,"(160, 94)",2026-08-24T10:15:36.28Z
"(160,95)",160,true,0,true,2026-08-24T10:05:04.033Z,1.12.6,1.8.1,,4.16.1,smallgroups-1-189-fs2-q3-findall,1692,1283,"(160, 95)",2026-08-24T10:15:37.057Z
"(160,96)",160,true,0,true,2026-08-24T10:05:04.033Z,1.12.6,1.8.1,,4.16.1,smallgroups-1-189-fs2-q3-findall,1692,1284,"(160, 96)",2026-08-24T10:15:37.212Z
"(160,97)",160,true,0,true,2026-08-24T10:05:04.033Z,1.12.6,1.8.1,,4.16.1,smallgroups-1-189-fs2-q3-findall,1692,1285,"(160, 97)",2026-08-24T10:15:37.36Z
"(160,98)",160,true,0,true,2026-08-24T10:05:04.033Z,1.12.6,1.8.1,,4.16.1,smallgroups-1-189-fs2-q3-findall,1692,1286,"(160, 98)",2026-08-24T10:15:37.489Z
"(160,99)",160,true,0,true,2026-08-24T10:05:04.033Z,1.12.6,1.8.1,,4.16.1,smallgroups-1-189-fs2-q3-findall,1692,1287,"(160, 99)",2026-08-24T10:15:37.592Z
"(160,100)",160,true,0,true,2026-08-24T10:05:04.033Z,1.12.6,1.8.1,,4.16.1,smallgroups-1-189-fs2-q3-findall,1692,1288,"(160, 100)",2026-08-24T10:15:37.688Z
"(160,101)",160,true,0,true,2026-08-24T10:05:04.033Z,1.12.6,1.8.1,,4.16.1,smallgroups-1-189-fs2-q3-findall,1692,1289,"(160, 101)",2026-08-24T10:15:37.823Z
"(160,102)",160,true,0,true,2026-08-24T10:05:04.033Z,1.12.6,1.8.1,,4.16.1,smallgroups-1-189-fs2-q3-findall,1692,1290,"(160, 102)",2026-08-24T10:15:37.961Z
"(160,103)",160,true,0,true,2026-08-24T10:05:04.033Z,1.12.6,1.8.1,,4.16.1,smallgroups-1-189-fs2-q3-findall,1692,1291,"(160, 103)",2026-08-24T10:15:38.075Z
"(160,104)",160,true,0,true,2026-08-24T10:05:04.033Z,1.12.6,1.8.1,,4.16.1,smallgroups-1-189-fs2-q3-findall,1692,1292,"(160, 104)",2026-08-24T10:15:38.182Z
"(160,105)",160,true,0,true,2026-08-24T10:05:04.033Z,1.12.6,1.8.1,,4.16.1,smallgroups-1-189-fs2-q3-findall,1692,1293,"(160, 105)",2026-08-24T10:15:38.815Z
"(160,106)",160,true,0,true,2026-08-24T10:05:04.033Z,1.12.6,1.8.1,,4.16.1,smallgroups-1-189-fs2-q3-findall,1692,1294,"(160, 106)",2026-08-24T10:15:38.917Z
"(160,107)",160,true,0,true,2026-08-24T10:05:04.033Z,1.12.6,1.8.1,,4.16.1,smallgroups-1-189-fs2-q3-findall,1692,1295,"(160, 107)",2026-08-24T10:15:39.017Z
"(160,108)",160,true,0,true,2026-08-24T10:05:04.033Z,1.12.6,1.8.1,,4.16.1,smallgroups-1-189-fs2-q3-findall,1692,1296,"(160, 108)",2026-08-24T10:15:39.148Z
"(160,109)",160,true,0,true,2026-08-24T10:05:04.033Z,1.12.6,1.8.1,,4.16.1,smallgroups-1-189-fs2-q3-findall,1692,1297,"(160, 109)",2026-08-24T10:15:39.255Z
"(160,110)",160,true,0,true,2026-08-24T10:05:04.033Z,1.12.6,1.8.1,,4.16.1,smallgroups-1-189-fs2-q3-findall,1692,1298,"(160, 110)",2026-08-24T10:15:39.356Z
"(160,111)",160,true,0,true,2026-08-24T10:05:04.033Z,1.12.6,1.8.1,,4.16.1,smallgroups-1-189-fs2-q3-findall,1692,1299,"(160, 111)",2026-08-24T10:15:39.455Z
"(160,112)",160,true,0,true,2026-08-24T10:05:04.033Z,1.12.6,1.8.1,,4.16.1,smallgroups-1-189-fs2-q3-findall,1692,1300,"(160, 112)",2026-08-24T10:15:39.589Z
"(160,113)",160,true,0,true,2026-08-24T10:05:04.033Z,1.12.6,1.8.1,,4.16.1,smallgroups-1-189-fs2-q3-findall,1692,1301,"(160, 113)",2026-08-24T10:15:39.722Z
"(160,114)",160,true,0,true,2026-08-24T10:05:04.033Z,1.12.6,1.8.1,,4.16.1,smallgroups-1-189-fs2-q3-findall,1692,1302,"(160, 114)",2026-08-24T10:15:39.861Z
"(160,115)",160,true,0,true,2026-08-24T10:05:04.033Z,1.12.6,1.8.1,,4.16.1,smallgroups-1-189-fs2-q3-findall,1692,1303,"(160, 115)",2026-08-24T10:15:40.493Z
"(160,116)",160,true,0,true,2026-08-24T10:05:04.033Z,1.12.6,1.8.1,,4.16.1,smallgroups-1-189-fs2-q3-findall,1692,1304,"(160, 116)",2026-08-24T10:15:40.597Z
"(160,117)",160,true,0,true,2026-08-24T10:05:04.033Z,1.12.6,1.8.1,,4.16.1,smallgroups-1-189-fs2-q3-findall,1692,1305,"(160, 117)",2026-08-24T10:15:40.702Z
"(160,118)",160,true,0,true,2026-08-24T10:05:04.033Z,1.12.6,1.8.1,,4.16.1,smallgroups-1-189-fs2-q3-findall,1692,1306,"(160, 118)",2026-08-24T10:15:40.804Z
"(160,119)",160,true,0,true,2026-08-24T10:05:04.033Z,1.12.6,1.8.1,,4.16.1,smallgroups-1-189-fs2-q3-findall,1692,1307,"(160, 119)",2026-08-24T10:15:40.9Z
"(160,120)",160,true,0,true,2026-08-24T10:05:04.033Z,1.12.6,1.8.1,,4.16.1,smallgroups-1-189-fs2-q3-findall,1692,1308,"(160, 120)",2026-08-24T10:15:41.195Z
"(160,121)",160,true,0,true,2026-08-24T10:05:04.033Z,1.12.6,1.8.1,,4.16.1,smallgroups-1-189-fs2-q3-findall,1692,1309,"(160, 121)",2026-08-24T10:15:41.398Z
"(160,122)",160,true,0,true,2026-08-24T10:05:04.033Z,1.12.6,1.8.1,,4.16.1,smallgroups-1-189-fs2-q3-findall,1692,1310,"(160, 122)",2026-08-24T10:15:42.987Z
"(160,123)",160,true,0,true,2026-08-24T10:05:04.033Z,1.12.6,1.8.1,,4.16.1,smallgroups-1-189-fs2-q3-findall,1692,1311,"(160, 123)",2026-08-24T10:15:43.155Z
"(160,124)",160,true,0,true,2026-08-24T10:05:04.033Z,1.12.6,1.8.1,,4.16.1,smallgroups-1-189-fs2-q3-findall,1692,1312,"(160, 124)",2026-08-24T10:15:43.324Z
"(160,125)",160,true,0,true,2026-08-24T10:05:04.033Z,1.12.6,1.8.1,,4.16.1,smallgroups-1-189-fs2-q3-findall,1692,1313,"(160, 125)",2026-08-24T10:15:43.494Z
"(160,126)",160,true,0,true,2026-08-24T10:05:04.033Z,1.12.6,1.8.1,,4.16.1,smallgroups-1-189-fs2-q3-findall,1692,1314,"(160, 126)",2026-08-24T10:15:43.661Z
"(160,127)",160,true,0,true,2026-08-24T10:05:04.033Z,1.12.6,1.8.1,,4.16.1,smallgroups-1-189-fs2-q3-findall,1692,1315,"(160, 127)",2026-08-24T10:15:43.78Z
"(160,128)",160,true,0,true,2026-08-24T10:05:04.033Z,1.12.6,1.8.1,,4.16.1,smallgroups-1-189-fs2-q3-findall,1692,1316,"(160, 128)",2026-08-24T10:15:43.896Z
"(160,129)",160,true,0,true,2026-08-24T10:05:04.033Z,1.12.6,1.8.1,,4.16.1,smallgroups-1-189-fs2-q3-findall,1692,1317,"(160, 129)",2026-08-24T10:15:43.985Z
"(160,130)",160,true,0,true,2026-08-24T10:05:04.033Z,1.12.6,1.8.1,,4.16.1,smallgroups-1-189-fs2-q3-findall,1692,1318,"(160, 130)",2026-08-24T10:15:44.078Z
"(160,131)",160,true,0,true,2026-08-24T10:05:04.033Z,1.12.6,1.8.1,,4.16.1,smallgroups-1-189-fs2-q3-findall,1692,1319,"(160, 131)",2026-08-24T10:15:44.156Z
"(160,132)",160,true,0,true,2026-08-24T10:05:04.033Z,1.12.6,1.8.1,,4.16.1,smallgroups-1-189-fs2-q3-findall,1692,1320,"(160, 132)",2026-08-24T10:15:44.23Z
"(160,133)",160,true,0,true,2026-08-24T10:05:04.033Z,1.12.6,1.8.1,,4.16.1,smallgroups-1-189-fs2-q3-findall,1692,1321,"(160, 133)",2026-08-24T10:15:44.31Z
"(160,134)",160,true,0,true,2026-08-24T10:05:04.033Z,1.12.6,1.8.1,,4.16.1,smallgroups-1-189-fs2-q3-findall,1692,1322,"(160, 134)",2026-08-24T10:15:44.389Z
"(160,135)",160,true,0,true,2026-08-24T10:05:04.033Z,1.12.6,1.8.1,,4.16.1,smallgroups-1-189-fs2-q3-findall,1692,1323,"(160, 135)",2026-08-24T10:15:44.463Z
"(160,136)",160,true,0,true,2026-08-24T10:05:04.033Z,1.12.6,1.8.1,,4.16.1,smallgroups-1-189-fs2-q3-findall,1692,1324,"(160, 136)",2026-08-24T10:15:44.537Z
"(160,137)",160,true,0,true,2026-08-24T10:05:04.033Z,1.12.6,1.8.1,,4.16.1,smallgroups-1-189-fs2-q3-findall,1692,1325,"(160, 137)",2026-08-24T10:15:45.246Z
"(160,138)",160,true,0,true,2026-08-24T10:05:04.033Z,1.12.6,1.8.1,,4.16.1,smallgroups-1-189-fs2-q3-findall,1692,1326,"(160, 138)",2026-08-24T10:15:45.322Z
"(160,139)",160,true,0,true,2026-08-24T10:05:04.033Z,1.12.6,1.8.1,,4.16.1,smallgroups-1-189-fs2-q3-findall,1692,1327,"(160, 139)",2026-08-24T10:15:45.393Z
"(160,140)",160,true,0,true,2026-08-24T10:05:04.033Z,1.12.6,1.8.1,,4.16.1,smallgroups-1-189-fs2-q3-findall,1692,1328,"(160, 140)",2026-08-24T10:15:45.468Z
"(160,141)",160,true,0,true,2026-08-24T10:05:04.033Z,1.12.6,1.8.1,,4.16.1,smallgroups-1-189-fs2-q3-findall,1692,1329,"(160, 141)",2026-08-24T10:15:45.769Z
"(160,142)",160,true,0,true,2026-08-24T10:05:04.033Z,1.12.6,1.8.1,,4.16.1,smallgroups-1-189-fs2-q3-findall,1692,1330,"(160, 142)",2026-08-24T10:15:45.985Z
"(160,143)",160,true,0,true,2026-08-24T10:05:04.033Z,1.12.6,1.8.1,,4.16.1,smallgroups-1-189-fs2-q3-findall,1692,1331,"(160, 143)",2026-08-24T10:15:46.307Z
"(160,144)",160,true,0,true,2026-08-24T10:05:04.033Z,1.12.6,1.8.1,,4.16.1,smallgroups-1-189-fs2-q3-findall,1692,1332,"(160, 144)",2026-08-24T10:15:47.158Z
"(160,145)",160,true,0,true,2026-08-24T10:05:04.033Z,1.12.6,1.8.1,,4.16.1,smallgroups-1-189-fs2-q3-findall,1692,1333,"(160, 145)",2026-08-24T10:15:47.335Z
"(160,146)",160,true,0,true,2026-08-24T10:05:04.033Z,1.12.6,1.8.1,,4.16.1,smallgroups-1-189-fs2-q3-findall,1692,1334,"(160, 146)",2026-08-24T10:15:47.561Z
"(160,147)",160,true,0,true,2026-08-24T10:05:04.033Z,1.12.6,1.8.1,,4.16.1,smallgroups-1-189-fs2-q3-findall,1692,1335,"(160, 147)",2026-08-24T10:15:47.776Z
"(160,148)",160,true,0,true,2026-08-24T10:05:04.033Z,1.12.6,1.8.1,,4.16.1,smallgroups-1-189-fs2-q3-findall,1692,1336,"(160, 148)",2026-08-24T10:15:47.989Z
"(160,149)",160,true,0,true,2026-08-24T10:05:04.033Z,1.12.6,1.8.1,,4.16.1,smallgroups-1-189-fs2-q3-findall,1692,1337,"(160, 149)",2026-08-24T10:15:48.194Z
"(160,150)",160,true,0,true,2026-08-24T10:05:04.033Z,1.12.6,1.8.1,,4.16.1,smallgroups-1-189-fs2-q3-findall,1692,1338,"(160, 150)",2026-08-24T10:15:49.765Z
"(160,151)",160,true,0,true,2026-08-24T10:05:04.033Z,1.12.6,1.8.1,,4.16.1,smallgroups-1-189-fs2-q3-findall,1692,1339,"(160, 151)",2026-08-24T10:15:49.944Z
"(160,152)",160,true,0,true,2026-08-24T10:05:04.033Z,1.12.6,1.8.1,,4.16.1,smallgroups-1-189-fs2-q3-findall,1692,1340,"(160, 152)",2026-08-24T10:15:50.061Z
"(160,153)",160,true,0,true,2026-08-24T10:05:04.033Z,1.12.6,1.8.1,,4.16.1,smallgroups-1-189-fs2-q3-findall,1692,1341,"(160, 153)",2026-08-24T10:15:50.171Z
"(160,154)",160,true,0,true,2026-08-24T10:05:04.033Z,1.12.6,1.8.1,,4.16.1,smallgroups-1-189-fs2-q3-findall,1692,1342,"(160, 154)",2026-08-24T10:15:50.287Z
"(160,155)",160,true,0,true,2026-08-24T10:05:04.033Z,1.12.6,1.8.1,,4.16.1,smallgroups-1-189-fs2-q3-findall,1692,1343,"(160, 155)",2026-08-24T10:15:50.441Z
"(160,156)",160,true,0,true,2026-08-24T10:05:04.033Z,1.12.6,1.8.1,,4.16.1,smallgroups-1-189-fs2-q3-findall,1692,1344,"(160, 156)",2026-08-24T10:15:50.554Z
"(160,157)",160,true,0,true,2026-08-24T10:05:04.033Z,1.12.6,1.8.1,,4.16.1,smallgroups-1-189-fs2-q3-findall,1692,1345,"(160, 157)",2026-08-24T10:15:50.669Z
"(160,158)",160,true,0,true,2026-08-24T10:05:04.033Z,1.12.6,1.8.1,,4.16.1,smallgroups-1-189-fs2-q3-findall,1692,1346,"(160, 158)",2026-08-24T10:15:50.793Z
"(160,159)",160,true,0,true,2026-08-24T10:05:04.033Z,1.12.6,1.8.1,,4.16.1,smallgroups-1-189-fs2-q3-findall,1692,1347,"(160, 159)",2026-08-24T10:15:50.92Z
"(160,160)",160,true,0,true,2026-08-24T10:05:04.033Z,1.12.6,1.8.1,,4.16.1,smallgroups-1-189-fs2-q3-findall,1692,1348,"(160, 160)",2026-08-24T10:15:51.044Z
"(160,161)",160,true,0,true,2026-08-24T10:05:04.033Z,1.12.6,1.8.1,,4.16.1,smallgroups-1-189-fs2-q3-findall,1692,1349,"(160, 161)",2026-08-24T10:15:51.175Z
"(160,162)",160,true,0,true,2026-08-24T10:05:04.033Z,1.12.6,1.8.1,,4.16.1,smallgroups-1-189-fs2-q3-findall,1692,1350,"(160, 162)",2026-08-24T10:15:51.95Z
"(160,163)",160,true,0,true,2026-08-24T10:05:04.033Z,1.12.6,1.8.1,,4.16.1,smallgroups-1-189-fs2-q3-findall,1692,1351,"(160, 163)",2026-08-24T10:15:52.061Z
"(160,164)",160,true,0,true,2026-08-24T10:05:04.033Z,1.12.6,1.8.1,,4.16.1,smallgroups-1-189-fs2-q3-findall,1692,1352,"(160, 164)",2026-08-24T10:15:52.179Z
"(160,165)",160,true,0,true,2026-08-24T10:05:04.033Z,1.12.6,1.8.1,,4.16.1,smallgroups-1-189-fs2-q3-findall,1692,1353,"(160, 165)",2026-08-24T10:15:52.303Z
"(160,166)",160,true,0,true,2026-08-24T10:05:04.033Z,1.12.6,1.8.1,,4.16.1,smallgroups-1-189-fs2-q3-findall,1692,1354,"(160, 166)",2026-08-24T10:15:52.463Z
"(160,167)",160,true,0,true,2026-08-24T10:05:04.033Z,1.12.6,1.8.1,,4.16.1,smallgroups-1-189-fs2-q3-findall,1692,1355,"(160, 167)",2026-08-24T10:15:52.581Z
"(160,168)",160,true,0,true,2026-08-24T10:05:04.033Z,1.12.6,1.8.1,,4.16.1,smallgroups-1-189-fs2-q3-findall,1692,1356,"(160, 168)",2026-08-24T10:15:52.697Z
"(160,169)",160,true,0,true,2026-08-24T10:05:04.033Z,1.12.6,1.8.1,,4.16.1,smallgroups-1-189-fs2-q3-findall,1692,1357,"(160, 169)",2026-08-24T10:15:52.841Z
"(160,170)",160,true,0,true,2026-08-24T10:05:04.033Z,1.12.6,1.8.1,,4.16.1,smallgroups-1-189-fs2-q3-findall,1692,1358,"(160, 170)",2026-08-24T10:15:52.949Z
"(160,171)",160,true,0,true,2026-08-24T10:05:04.033Z,1.12.6,1.8.1,,4.16.1,smallgroups-1-189-fs2-q3-findall,1692,1359,"(160, 171)",2026-08-24T10:15:53.063Z
"(160,172)",160,true,0,true,2026-08-24T10:05:04.033Z,1.12.6,1.8.1,,4.16.1,smallgroups-1-189-fs2-q3-findall,1692,1360,"(160, 172)",2026-08-24T10:15:53.789Z
"(160,173)",160,true,0,true,2026-08-24T10:05:04.033Z,1.12.6,1.8.1,,4.16.1,smallgroups-1-189-fs2-q3-findall,1692,1361,"(160, 173)",2026-08-24T10:15:54.058Z
"(160,174)",160,true,0,true,2026-08-24T10:05:04.033Z,1.12.6,1.8.1,,4.16.1,smallgroups-1-189-fs2-q3-findall,1692,1362,"(160, 174)",2026-08-24T10:15:54.27Z
"(160,175)",160,true,0,true,2026-08-24T10:05:04.033Z,1.12.6,1.8.1,,4.16.1,smallgroups-1-189-fs2-q3-findall,1692,1363,"(160, 175)",2026-08-24T10:15:57.648Z
"(160,176)",160,true,0,true,2026-08-24T10:05:04.033Z,1.12.6,1.8.1,,4.16.1,smallgroups-1-189-fs2-q3-findall,1692,1364,"(160, 176)",2026-08-24T10:15:59.079Z
"(160,177)",160,true,0,true,2026-08-24T10:05:04.033Z,1.12.6,1.8.1,,4.16.1,smallgroups-1-189-fs2-q3-findall,1692,1365,"(160, 177)",2026-08-24T10:16:00.468Z
"(160,178)",160,true,0,true,2026-08-24T10:05:04.033Z,1.12.6,1.8.1,,4.16.1,smallgroups-1-189-fs2-q3-findall,1692,1366,"(160, 178)",2026-08-24T10:16:01.128Z
"(160,179)",160,true,0,true,2026-08-24T10:05:04.033Z,1.12.6,1.8.1,,4.16.1,smallgroups-1-189-fs2-q3-findall,1692,1367,"(160, 179)",2026-08-24T10:16:03.209Z
"(160,180)",160,true,0,true,2026-08-24T10:05:04.033Z,1.12.6,1.8.1,,4.16.1,smallgroups-1-189-fs2-q3-findall,1692,1368,"(160, 180)",2026-08-24T10:16:03.919Z
"(160,181)",160,true,0,true,2026-08-24T10:05:04.033Z,1.12.6,1.8.1,,4.16.1,smallgroups-1-189-fs2-q3-findall,1692,1369,"(160, 181)",2026-08-24T10:16:04.261Z
"(160,182)",160,true,0,true,2026-08-24T10:05:04.033Z,1.12.6,1.8.1,,4.16.1,smallgroups-1-189-fs2-q3-findall,1692,1370,"(160, 182)",2026-08-24T10:16:05.158Z
"(160,183)",160,true,0,true,2026-08-24T10:05:04.033Z,1.12.6,1.8.1,,4.16.1,smallgroups-1-189-fs2-q3-findall,1692,1371,"(160, 183)",2026-08-24T10:16:05.47Z
"(160,184)",160,true,0,true,2026-08-24T10:05:04.033Z,1.12.6,1.8.1,,4.16.1,smallgroups-1-189-fs2-q3-findall,1692,1372,"(160, 184)",2026-08-24T10:16:05.759Z
"(160,185)",160,true,0,true,2026-08-24T10:05:04.033Z,1.12.6,1.8.1,,4.16.1,smallgroups-1-189-fs2-q3-findall,1692,1373,"(160, 185)",2026-08-24T10:16:06.639Z
"(160,186)",160,true,0,true,2026-08-24T10:05:04.033Z,1.12.6,1.8.1,,4.16.1,smallgroups-1-189-fs2-q3-findall,1692,1374,"(160, 186)",2026-08-24T10:16:06.93Z
"(160,187)",160,true,0,true,2026-08-24T10:05:04.033Z,1.12.6,1.8.1,,4.16.1,smallgroups-1-189-fs2-q3-findall,1692,1375,"(160, 187)",2026-08-24T10:16:07.194Z
"(160,188)",160,true,0,true,2026-08-24T10:05:04.033Z,1.12.6,1.8.1,,4.16.1,smallgroups-1-189-fs2-q3-findall,1692,1376,"(160, 188)",2026-08-24T10:16:07.519Z
"(160,189)",160,true,0,true,2026-08-24T10:05:04.033Z,1.12.6,1.8.1,,4.16.1,smallgroups-1-189-fs2-q3-findall,1692,1377,"(160, 189)",2026-08-24T10:16:09.18Z
"(160,190)",160,true,0,true,2026-08-24T10:05:04.033Z,1.12.6,1.8.1,,4.16.1,smallgroups-1-189-fs2-q3-findall,1692,1378,"(160, 190)",2026-08-24T10:16:12.2Z
"(160,191)",160,true,0,true,2026-08-24T10:05:04.033Z,1.12.6,1.8.1,,4.16.1,smallgroups-1-189-fs2-q3-findall,1692,1379,"(160, 191)",2026-08-24T10:16:13.449Z
"(160,192)",160,true,0,true,2026-08-24T10:05:04.033Z,1.12.6,1.8.1,,4.16.1,smallgroups-1-189-fs2-q3-findall,1692,1380,"(160, 192)",2026-08-24T10:16:14.147Z
"(160,193)",160,true,0,true,2026-08-24T10:05:04.033Z,1.12.6,1.8.1,,4.16.1,smallgroups-1-189-fs2-q3-findall,1692,1381,"(160, 193)",2026-08-24T10:16:15.798Z
"(160,194)",160,true,0,true,2026-08-24T10:05:04.033Z,1.12.6,1.8.1,,4.16.1,smallgroups-1-189-fs2-q3-findall,1692,1382,"(160, 194)",2026-08-24T10:16:16.11Z
"(160,195)",160,true,0,true,2026-08-24T10:05:04.033Z,1.12.6,1.8.1,,4.16.1,smallgroups-1-189-fs2-q3-findall,1692,1383,"(160, 195)",2026-08-24T10:16:16.417Z
"(160,196)",160,true,0,true,2026-08-24T10:05:04.033Z,1.12.6,1.8.1,,4.16.1,smallgroups-1-189-fs2-q3-findall,1692,1384,"(160, 196)",2026-08-24T10:16:16.729Z
"(160,197)",160,true,0,true,2026-08-24T10:05:04.033Z,1.12.6,1.8.1,,4.16.1,smallgroups-1-189-fs2-q3-findall,1692,1385,"(160, 197)",2026-08-24T10:16:16.962Z
"(160,198)",160,true,0,true,2026-08-24T10:05:04.033Z,1.12.6,1.8.1,,4.16.1,smallgroups-1-189-fs2-q3-findall,1692,1386,"(160, 198)",2026-08-24T10:16:17.195Z
"(160,199)",160,true,0,true,2026-08-24T10:05:04.033Z,1.12.6,1.8.1,,4.16.1,smallgroups-1-189-fs2-q3-findall,1692,1387,"(160, 199)",2026-08-24T10:16:17.827Z
"(160,200)",160,true,0,true,2026-08-24T10:05:04.033Z,1.12.6,1.8.1,,4.16.1,smallgroups-1-189-fs2-q3-findall,1692,1388,"(160, 200)",2026-08-24T10:16:17.951Z
"(160,201)",160,true,0,true,2026-08-24T10:05:04.033Z,1.12.6,1.8.1,,4.16.1,smallgroups-1-189-fs2-q3-findall,1692,1389,"(160, 201)",2026-08-24T10:16:18.01Z
"(160,202)",160,true,0,true,2026-08-24T10:05:04.033Z,1.12.6,1.8.1,,4.16.1,smallgroups-1-189-fs2-q3-findall,1692,1390,"(160, 202)",2026-08-24T10:16:18.071Z
"(160,203)",160,true,0,true,2026-08-24T10:05:04.033Z,1.12.6,1.8.1,,4.16.1,smallgroups-1-189-fs2-q3-findall,1692,1391,"(160, 203)",2026-08-24T10:16:18.198Z
"(160,204)",160,true,0,true,2026-08-24T10:05:04.033Z,1.12.6,1.8.1,,4.16.1,smallgroups-1-189-fs2-q3-findall,1692,1392,"(160, 204)",2026-08-24T10:16:18.265Z
"(160,205)",160,true,0,true,2026-08-24T10:05:04.033Z,1.12.6,1.8.1,,4.16.1,smallgroups-1-189-fs2-q3-findall,1692,1393,"(160, 205)",2026-08-24T10:16:18.324Z
"(160,206)",160,true,0,true,2026-08-24T10:05:04.033Z,1.12.6,1.8.1,,4.16.1,smallgroups-1-189-fs2-q3-findall,1692,1394,"(160, 206)",2026-08-24T10:16:18.382Z
"(160,207)",160,true,0,true,2026-08-24T10:05:04.033Z,1.12.6,1.8.1,,4.16.1,smallgroups-1-189-fs2-q3-findall,1692,1395,"(160, 207)",2026-08-24T10:16:18.444Z
"(160,208)",160,true,0,true,2026-08-24T10:05:04.033Z,1.12.6,1.8.1,,4.16.1,smallgroups-1-189-fs2-q3-findall,1692,1396,"(160, 208)",2026-08-24T10:16:18.504Z
"(160,209)",160,true,0,true,2026-08-24T10:05:04.033Z,1.12.6,1.8.1,,4.16.1,smallgroups-1-189-fs2-q3-findall,1692,1397,"(160, 209)",2026-08-24T10:16:18.567Z
"(160,210)",160,true,0,true,2026-08-24T10:05:04.033Z,1.12.6,1.8.1,,4.16.1,smallgroups-1-189-fs2-q3-findall,1692,1398,"(160, 210)",2026-08-24T10:16:18.703Z
"(160,211)",160,true,0,true,2026-08-24T10:05:04.033Z,1.12.6,1.8.1,,4.16.1,smallgroups-1-189-fs2-q3-findall,1692,1399,"(160, 211)",2026-08-24T10:16:18.776Z
"(160,212)",160,true,0,true,2026-08-24T10:05:04.033Z,1.12.6,1.8.1,,4.16.1,smallgroups-1-189-fs2-q3-findall,1692,1400,"(160, 212)",2026-08-24T10:16:18.854Z
"(160,213)",160,true,0,true,2026-08-24T10:05:04.033Z,1.12.6,1.8.1,,4.16.1,smallgroups-1-189-fs2-q3-findall,1692,1401,"(160, 213)",2026-08-24T10:16:19.683Z
"(160,214)",160,true,0,true,2026-08-24T10:05:04.033Z,1.12.6,1.8.1,,4.16.1,smallgroups-1-189-fs2-q3-findall,1692,1402,"(160, 214)",2026-08-24T10:16:20.014Z
"(160,215)",160,true,0,true,2026-08-24T10:05:04.033Z,1.12.6,1.8.1,,4.16.1,smallgroups-1-189-fs2-q3-findall,1692,1403,"(160, 215)",2026-08-24T10:16:20.249Z
"(160,216)",160,true,0,true,2026-08-24T10:05:04.033Z,1.12.6,1.8.1,,4.16.1,smallgroups-1-189-fs2-q3-findall,1692,1404,"(160, 216)",2026-08-24T10:16:20.48Z
"(160,217)",160,true,0,true,2026-08-24T10:05:04.033Z,1.12.6,1.8.1,,4.16.1,smallgroups-1-189-fs2-q3-findall,1692,1405,"(160, 217)",2026-08-24T10:16:22.052Z
"(160,218)",160,true,0,true,2026-08-24T10:05:04.033Z,1.12.6,1.8.1,,4.16.1,smallgroups-1-189-fs2-q3-findall,1692,1406,"(160, 218)",2026-08-24T10:16:22.211Z
"(160,219)",160,true,0,true,2026-08-24T10:05:04.033Z,1.12.6,1.8.1,,4.16.1,smallgroups-1-189-fs2-q3-findall,1692,1407,"(160, 219)",2026-08-24T10:16:22.359Z
"(160,220)",160,true,0,true,2026-08-24T10:05:04.033Z,1.12.6,1.8.1,,4.16.1,smallgroups-1-189-fs2-q3-findall,1692,1408,"(160, 220)",2026-08-24T10:16:22.527Z
"(160,221)",160,true,0,true,2026-08-24T10:05:04.033Z,1.12.6,1.8.1,,4.16.1,smallgroups-1-189-fs2-q3-findall,1692,1409,"(160, 221)",2026-08-24T10:16:22.685Z
"(160,222)",160,true,0,true,2026-08-24T10:05:04.033Z,1.12.6,1.8.1,,4.16.1,smallgroups-1-189-fs2-q3-findall,1692,1410,"(160, 222)",2026-08-24T10:16:22.835Z
"(160,223)",160,true,0,true,2026-08-24T10:05:04.033Z,1.12.6,1.8.1,,4.16.1,smallgroups-1-189-fs2-q3-findall,1692,1411,"(160, 223)",2026-08-24T10:16:22.991Z
"(160,224)",160,true,0,true,2026-08-24T10:05:04.033Z,1.12.6,1.8.1,,4.16.1,smallgroups-1-189-fs2-q3-findall,1692,1412,"(160, 224)",2026-08-24T10:16:23.142Z
"(160,225)",160,true,0,true,2026-08-24T10:05:04.033Z,1.12.6,1.8.1,,4.16.1,smallgroups-1-189-fs2-q3-findall,1692,1413,"(160, 225)",2026-08-24T10:16:23.295Z
"(160,226)",160,true,0,true,2026-08-24T10:05:04.033Z,1.12.6,1.8.1,,4.16.1,smallgroups-1-189-fs2-q3-findall,1692,1414,"(160, 226)",2026-08-24T10:16:24.461Z
"(160,227)",160,true,0,true,2026-08-24T10:05:04.033Z,1.12.6,1.8.1,,4.16.1,smallgroups-1-189-fs2-q3-findall,1692,1415,"(160, 227)",2026-08-24T10:16:24.745Z
"(160,228)",160,true,0,true,2026-08-24T10:05:04.033Z,1.12.6,1.8.1,,4.16.1,smallgroups-1-189-fs2-q3-findall,1692,1416,"(160, 228)",2026-08-24T10:16:29.004Z
"(160,229)",160,true,0,true,2026-08-24T10:05:04.033Z,1.12.6,1.8.1,,4.16.1,smallgroups-1-189-fs2-q3-findall,1692,1417,"(160, 229)",2026-08-24T10:16:29.709Z
"(160,230)",160,true,0,true,2026-08-24T10:05:04.033Z,1.12.6,1.8.1,,4.16.1,smallgroups-1-189-fs2-q3-findall,1692,1418,"(160, 230)",2026-08-24T10:16:31.261Z
"(160,231)",160,true,0,true,2026-08-24T10:05:04.033Z,1.12.6,1.8.1,,4.16.1,smallgroups-1-189-fs2-q3-findall,1692,1419,"(160, 231)",2026-08-24T10:16:31.912Z
"(160,232)",160,true,0,true,2026-08-24T10:05:04.033Z,1.12.6,1.8.1,,4.16.1,smallgroups-1-189-fs2-q3-findall,1692,1420,"(160, 232)",2026-08-24T10:16:33.171Z
"(160,233)",160,true,0,true,2026-08-24T10:05:04.033Z,1.12.6,1.8.1,,4.16.1,smallgroups-1-189-fs2-q3-findall,1692,1421,"(160, 233)",2026-08-24T10:16:33.724Z
"(160,234)",160,true,0,true,2026-08-24T10:05:04.033Z,1.12.6,1.8.1,,4.16.1,smallgroups-1-189-fs2-q3-findall,1692,1422,"(160, 234)",2026-08-24T10:16:33.746Z
"(160,235)",160,true,0,true,2026-08-24T10:05:04.033Z,1.12.6,1.8.1,,4.16.1,smallgroups-1-189-fs2-q3-findall,1692,1423,"(160, 235)",2026-08-24T10:16:33.774Z
"(160,236)",160,true,0,true,2026-08-24T10:05:04.033Z,1.12.6,1.8.1,,4.16.1,smallgroups-1-189-fs2-q3-findall,1692,1424,"(160, 236)",2026-08-24T10:16:33.909Z
"(160,237)",160,true,0,true,2026-08-24T10:05:04.033Z,1.12.6,1.8.1,,4.16.1,smallgroups-1-189-fs2-q3-findall,1692,1425,"(160, 237)",2026-08-24T10:16:35.896Z
"(160,238)",160,true,0,true,2026-08-24T10:05:04.033Z,1.12.6,1.8.1,,4.16.1,smallgroups-1-189-fs2-q3-findall,1692,1426,"(160, 238)",2026-08-24T10:16:38.561Z
"(161,1)",161,true,0,true,2026-08-24T10:05:04.033Z,1.12.6,1.8.1,,4.16.1,smallgroups-1-189-fs2-q3-findall,1692,1427,"(161, 1)",2026-08-24T10:16:53.404Z
"(162,1)",162,true,0,true,2026-08-24T10:05:04.033Z,1.12.6,1.8.1,,4.16.1,smallgroups-1-189-fs2-q3-findall,1692,1428,"(162, 1)",2026-08-24T10:16:53.606Z
"(162,2)",162,true,0,true,2026-08-24T10:05:04.033Z,1.12.6,1.8.1,,4.16.1,smallgroups-1-189-fs2-q3-findall,1692,1429,"(162, 2)",2026-08-24T10:16:57.04Z
"(162,3)",162,true,0,true,2026-08-24T10:05:04.033Z,1.12.6,1.8.1,,4.16.1,smallgroups-1-189-fs2-q3-findall,1692,1430,"(162, 3)",2026-08-24T10:16:57.191Z
"(162,4)",162,true,0,true,2026-08-24T10:05:04.033Z,1.12.6,1.8.1,,4.16.1,smallgroups-1-189-fs2-q3-findall,1692,1431,"(162, 4)",2026-08-24T10:16:57.245Z
"(162,5)",162,true,0,true,2026-08-24T10:05:04.033Z,1.12.6,1.8.1,,4.16.1,smallgroups-1-189-fs2-q3-findall,1692,1432,"(162, 5)",2026-08-24T10:16:57.281Z
"(162,6)",162,true,0,true,2026-08-24T10:05:04.033Z,1.12.6,1.8.1,,4.16.1,smallgroups-1-189-fs2-q3-findall,1692,1433,"(162, 6)",2026-08-24T10:16:57.336Z
"(162,7)",162,true,0,true,2026-08-24T10:05:04.033Z,1.12.6,1.8.1,,4.16.1,smallgroups-1-189-fs2-q3-findall,1692,1434,"(162, 7)",2026-08-24T10:16:57.473Z
"(162,8)",162,true,0,true,2026-08-24T10:05:04.033Z,1.12.6,1.8.1,,4.16.1,smallgroups-1-189-fs2-q3-findall,1692,1435,"(162, 8)",2026-08-24T10:16:57.792Z
"(162,9)",162,true,0,true,2026-08-24T10:05:04.033Z,1.12.6,1.8.1,,4.16.1,smallgroups-1-189-fs2-q3-findall,1692,1436,"(162, 9)",2026-08-24T10:16:57.832Z
"(162,10)",162,true,0,true,2026-08-24T10:05:04.033Z,1.12.6,1.8.1,,4.16.1,smallgroups-1-189-fs2-q3-findall,1692,1437,"(162, 10)",2026-08-24T10:16:57.877Z
"(162,11)",162,true,0,true,2026-08-24T10:05:04.033Z,1.12.6,1.8.1,,4.16.1,smallgroups-1-189-fs2-q3-findall,1692,1438,"(162, 11)",2026-08-24T10:16:57.901Z
"(162,12)",162,true,0,true,2026-08-24T10:05:04.033Z,1.12.6,1.8.1,,4.16.1,smallgroups-1-189-fs2-q3-findall,1692,1439,"(162, 12)",2026-08-24T10:16:57.941Z
"(162,13)",162,true,0,true,2026-08-24T10:05:04.033Z,1.12.6,1.8.1,,4.16.1,smallgroups-1-189-fs2-q3-findall,1692,1440,"(162, 13)",2026-08-24T10:16:57.965Z
"(162,14)",162,true,0,true,2026-08-24T10:05:04.033Z,1.12.6,1.8.1,,4.16.1,smallgroups-1-189-fs2-q3-findall,1692,1441,"(162, 14)",2026-08-24T10:16:58.005Z
"(162,15)",162,true,0,true,2026-08-24T10:05:04.033Z,1.12.6,1.8.1,,4.16.1,smallgroups-1-189-fs2-q3-findall,1692,1442,"(162, 15)",2026-08-24T10:16:58.028Z
"(162,16)",162,true,0,true,2026-08-24T10:05:04.033Z,1.12.6,1.8.1,,4.16.1,smallgroups-1-189-fs2-q3-findall,1692,1443,"(162, 16)",2026-08-24T10:16:58.166Z
"(162,17)",162,true,0,true,2026-08-24T10:05:04.033Z,1.12.6,1.8.1,,4.16.1,smallgroups-1-189-fs2-q3-findall,1692,1444,"(162, 17)",2026-08-24T10:16:58.208Z
"(162,18)",162,true,0,true,2026-08-24T10:05:04.033Z,1.12.6,1.8.1,,4.16.1,smallgroups-1-189-fs2-q3-findall,1692,1445,"(162, 18)",2026-08-24T10:16:58.352Z
"(162,19)",162,true,0,true,2026-08-24T10:05:04.033Z,1.12.6,1.8.1,,4.16.1,smallgroups-1-189-fs2-q3-findall,1692,1446,"(162, 19)",2026-08-24T10:16:58.377Z
"(162,20)",162,true,0,true,2026-08-24T10:05:04.033Z,1.12.6,1.8.1,,4.16.1,smallgroups-1-189-fs2-q3-findall,1692,1447,"(162, 20)",2026-08-24T10:16:58.4Z
"(162,21)",162,true,0,true,2026-08-24T10:05:04.033Z,1.12.6,1.8.1,,4.16.1,smallgroups-1-189-fs2-q3-findall,1692,1448,"(162, 21)",2026-08-24T10:16:58.423Z
"(162,22)",162,true,0,true,2026-08-24T10:05:04.033Z,1.12.6,1.8.1,,4.16.1,smallgroups-1-189-fs2-q3-findall,1692,1449,"(162, 22)",2026-08-24T10:16:58.446Z
"(162,23)",162,true,0,true,2026-08-24T10:05:04.033Z,1.12.6,1.8.1,,4.16.1,smallgroups-1-189-fs2-q3-findall,1692,1450,"(162, 23)",2026-08-24T10:17:00.377Z
"(162,24)",162,true,0,true,2026-08-24T10:05:04.033Z,1.12.6,1.8.1,,4.16.1,smallgroups-1-189-fs2-q3-findall,1692,1451,"(162, 24)",2026-08-24T10:17:00.589Z
"(162,25)",162,true,0,true,2026-08-24T10:05:04.033Z,1.12.6,1.8.1,,4.16.1,smallgroups-1-189-fs2-q3-findall,1692,1452,"(162, 25)",2026-08-24T10:17:00.801Z
"(162,26)",162,true,0,true,2026-08-24T10:05:04.033Z,1.12.6,1.8.1,,4.16.1,smallgroups-1-189-fs2-q3-findall,1692,1453,"(162, 26)",2026-08-24T10:17:02.668Z
"(162,27)",162,true,0,true,2026-08-24T10:05:04.033Z,1.12.6,1.8.1,,4.16.1,smallgroups-1-189-fs2-q3-findall,1692,1454,"(162, 27)",2026-08-24T10:17:02.871Z
"(162,28)",162,true,0,true,2026-08-24T10:05:04.033Z,1.12.6,1.8.1,,4.16.1,smallgroups-1-189-fs2-q3-findall,1692,1455,"(162, 28)",2026-08-24T10:17:02.952Z
"(162,29)",162,true,0,true,2026-08-24T10:05:04.033Z,1.12.6,1.8.1,,4.16.1,smallgroups-1-189-fs2-q3-findall,1692,1456,"(162, 29)",2026-08-24T10:17:03.025Z
"(162,30)",162,true,0,true,2026-08-24T10:05:04.033Z,1.12.6,1.8.1,,4.16.1,smallgroups-1-189-fs2-q3-findall,1692,1457,"(162, 30)",2026-08-24T10:17:04.42Z
"(162,31)",162,true,0,true,2026-08-24T10:05:04.033Z,1.12.6,1.8.1,,4.16.1,smallgroups-1-189-fs2-q3-findall,1692,1458,"(162, 31)",2026-08-24T10:17:04.489Z
"(162,32)",162,true,0,true,2026-08-24T10:05:04.033Z,1.12.6,1.8.1,,4.16.1,smallgroups-1-189-fs2-q3-findall,1692,1459,"(162, 32)",2026-08-24T10:17:04.652Z
"(162,33)",162,true,0,true,2026-08-24T10:05:04.033Z,1.12.6,1.8.1,,4.16.1,smallgroups-1-189-fs2-q3-findall,1692,1460,"(162, 33)",2026-08-24T10:17:04.945Z
"(162,34)",162,true,0,true,2026-08-24T10:05:04.033Z,1.12.6,1.8.1,,4.16.1,smallgroups-1-189-fs2-q3-findall,1692,1461,"(162, 34)",2026-08-24T10:17:05.01Z
"(162,35)",162,true,0,true,2026-08-24T10:05:04.033Z,1.12.6,1.8.1,,4.16.1,smallgroups-1-189-fs2-q3-findall,1692,1462,"(162, 35)",2026-08-24T10:17:05.081Z
"(162,36)",162,true,0,true,2026-08-24T10:05:04.033Z,1.12.6,1.8.1,,4.16.1,smallgroups-1-189-fs2-q3-findall,1692,1463,"(162, 36)",2026-08-24T10:17:05.143Z
"(162,37)",162,true,0,true,2026-08-24T10:05:04.033Z,1.12.6,1.8.1,,4.16.1,smallgroups-1-189-fs2-q3-findall,1692,1464,"(162, 37)",2026-08-24T10:17:05.214Z
"(162,38)",162,true,0,true,2026-08-24T10:05:04.033Z,1.12.6,1.8.1,,4.16.1,smallgroups-1-189-fs2-q3-findall,1692,1465,"(162, 38)",2026-08-24T10:17:05.349Z
"(162,39)",162,true,0,true,2026-08-24T10:05:04.033Z,1.12.6,1.8.1,,4.16.1,smallgroups-1-189-fs2-q3-findall,1692,1466,"(162, 39)",2026-08-24T10:17:05.509Z
"(162,40)",162,true,0,true,2026-08-24T10:05:04.033Z,1.12.6,1.8.1,,4.16.1,smallgroups-1-189-fs2-q3-findall,1692,1467,"(162, 40)",2026-08-24T10:17:05.553Z
"(162,41)",162,true,0,true,2026-08-24T10:05:04.033Z,1.12.6,1.8.1,,4.16.1,smallgroups-1-189-fs2-q3-findall,1692,1468,"(162, 41)",2026-08-24T10:17:05.622Z
"(162,42)",162,true,0,true,2026-08-24T10:05:04.033Z,1.12.6,1.8.1,,4.16.1,smallgroups-1-189-fs2-q3-findall,1692,1469,"(162, 42)",2026-08-24T10:17:05.666Z
"(162,43)",162,true,0,true,2026-08-24T10:05:04.033Z,1.12.6,1.8.1,,4.16.1,smallgroups-1-189-fs2-q3-findall,1692,1470,"(162, 43)",2026-08-24T10:17:05.71Z
"(162,44)",162,true,0,true,2026-08-24T10:05:04.033Z,1.12.6,1.8.1,,4.16.1,smallgroups-1-189-fs2-q3-findall,1692,1471,"(162, 44)",2026-08-24T10:17:05.773Z
"(162,45)",162,true,0,true,2026-08-24T10:05:04.033Z,1.12.6,1.8.1,,4.16.1,smallgroups-1-189-fs2-q3-findall,1692,1472,"(162, 45)",2026-08-24T10:17:06.635Z
"(162,46)",162,true,0,true,2026-08-24T10:05:04.033Z,1.12.6,1.8.1,,4.16.1,smallgroups-1-189-fs2-q3-findall,1692,1473,"(162, 46)",2026-08-24T10:17:06.681Z
"(162,47)",162,true,0,true,2026-08-24T10:05:04.033Z,1.12.6,1.8.1,,4.16.1,smallgroups-1-189-fs2-q3-findall,1692,1474,"(162, 47)",2026-08-24T10:17:07.853Z
"(162,48)",162,true,0,true,2026-08-24T10:05:04.033Z,1.12.6,1.8.1,,4.16.1,smallgroups-1-189-fs2-q3-findall,1692,1475,"(162, 48)",2026-08-24T10:17:08.694Z
"(162,49)",162,true,0,true,2026-08-24T10:05:04.033Z,1.12.6,1.8.1,,4.16.1,smallgroups-1-189-fs2-q3-findall,1692,1476,"(162, 49)",2026-08-24T10:17:08.941Z
"(162,50)",162,true,0,true,2026-08-24T10:05:04.033Z,1.12.6,1.8.1,,4.16.1,smallgroups-1-189-fs2-q3-findall,1692,1477,"(162, 50)",2026-08-24T10:17:09.18Z
"(162,51)",162,true,0,true,2026-08-24T10:05:04.033Z,1.12.6,1.8.1,,4.16.1,smallgroups-1-189-fs2-q3-findall,1692,1478,"(162, 51)",2026-08-24T10:17:11.035Z
"(162,52)",162,true,0,true,2026-08-24T10:05:04.033Z,1.12.6,1.8.1,,4.16.1,smallgroups-1-189-fs2-q3-findall,1692,1479,"(162, 52)",2026-08-24T10:17:11.223Z
"(162,53)",162,true,0,true,2026-08-24T10:05:04.033Z,1.12.6,1.8.1,,4.16.1,smallgroups-1-189-fs2-q3-findall,1692,1480,"(162, 53)",2026-08-24T10:17:11.372Z
"(162,54)",162,true,0,true,2026-08-24T10:05:04.033Z,1.12.6,1.8.1,,4.16.1,smallgroups-1-189-fs2-q3-findall,1692,1481,"(162, 54)",2026-08-24T10:17:11.562Z
"(162,55)",162,true,0,true,2026-08-24T10:05:04.033Z,1.12.6,1.8.1,,4.16.1,smallgroups-1-189-fs2-q3-findall,1692,1482,"(162, 55)",2026-08-24T10:17:13.851Z
"(164,1)",164,true,0,true,2026-08-24T10:05:04.033Z,1.12.6,1.8.1,,4.16.1,smallgroups-1-189-fs2-q3-findall,1692,1483,"(164, 1)",2026-08-24T10:17:15.461Z
"(164,2)",164,true,0,true,2026-08-24T10:05:04.033Z,1.12.6,1.8.1,,4.16.1,smallgroups-1-189-fs2-q3-findall,1692,1484,"(164, 2)",2026-08-24T10:17:24.402Z
"(164,3)",164,true,0,true,2026-08-24T10:05:04.033Z,1.12.6,1.8.1,,4.16.1,smallgroups-1-189-fs2-q3-findall,1692,1485,"(164, 3)",2026-08-24T10:17:24.619Z
"(164,4)",164,true,0,true,2026-08-24T10:05:04.033Z,1.12.6,1.8.1,,4.16.1,smallgroups-1-189-fs2-q3-findall,1692,1486,"(164, 4)",2026-08-24T10:17:25.684Z
"(164,5)",164,true,0,true,2026-08-24T10:05:04.033Z,1.12.6,1.8.1,,4.16.1,smallgroups-1-189-fs2-q3-findall,1692,1487,"(164, 5)",2026-08-24T10:17:31.778Z
"(165,1)",165,true,0,true,2026-08-24T10:05:04.033Z,1.12.6,1.8.1,,4.16.1,smallgroups-1-189-fs2-q3-findall,1692,1488,"(165, 1)",2026-08-24T10:17:31.834Z
"(165,2)",165,true,0,true,2026-08-24T10:05:04.033Z,1.12.6,1.8.1,,4.16.1,smallgroups-1-189-fs2-q3-findall,1692,1489,"(165, 2)",2026-08-24T10:17:38.651Z
"(166,1)",166,true,0,true,2026-08-24T10:05:04.033Z,1.12.6,1.8.1,,4.16.1,smallgroups-1-189-fs2-q3-findall,1692,1490,"(166, 1)",2026-08-24T10:17:47.165Z
"(166,2)",166,true,0,true,2026-08-24T10:05:04.033Z,1.12.6,1.8.1,,4.16.1,smallgroups-1-189-fs2-q3-findall,1692,1491,"(166, 2)",2026-08-24T10:17:57.303Z
"(168,1)",168,true,0,true,2026-08-24T10:05:04.033Z,1.12.6,1.8.1,,4.16.1,smallgroups-1-189-fs2-q3-findall,1692,1492,"(168, 1)",2026-08-24T10:17:57.366Z
"(168,2)",168,true,0,true,2026-08-24T10:05:04.033Z,1.12.6,1.8.1,,4.16.1,smallgroups-1-189-fs2-q3-findall,1692,1493,"(168, 2)",2026-08-24T10:17:57.574Z
"(168,3)",168,true,0,true,2026-08-24T10:05:04.033Z,1.12.6,1.8.1,,4.16.1,smallgroups-1-189-fs2-q3-findall,1692,1494,"(168, 3)",2026-08-24T10:17:58.563Z
"(168,4)",168,true,0,true,2026-08-24T10:05:04.033Z,1.12.6,1.8.1,,4.16.1,smallgroups-1-189-fs2-q3-findall,1692,1495,"(168, 4)",2026-08-24T10:17:58.817Z
"(168,5)",168,true,0,true,2026-08-24T10:05:04.033Z,1.12.6,1.8.1,,4.16.1,smallgroups-1-189-fs2-q3-findall,1692,1496,"(168, 5)",2026-08-24T10:17:59.026Z
"(168,6)",168,true,0,true,2026-08-24T10:05:04.033Z,1.12.6,1.8.1,,4.16.1,smallgroups-1-189-fs2-q3-findall,1692,1497,"(168, 6)",2026-08-24T10:18:03.065Z
"(168,7)",168,true,0,true,2026-08-24T10:05:04.033Z,1.12.6,1.8.1,,4.16.1,smallgroups-1-189-fs2-q3-findall,1692,1498,"(168, 7)",2026-08-24T10:18:03.101Z
"(168,8)",168,true,0,true,2026-08-24T10:05:04.033Z,1.12.6,1.8.1,,4.16.1,smallgroups-1-189-fs2-q3-findall,1692,1499,"(168, 8)",2026-08-24T10:18:03.161Z
"(168,9)",168,true,0,true,2026-08-24T10:05:04.033Z,1.12.6,1.8.1,,4.16.1,smallgroups-1-189-fs2-q3-findall,1692,1500,"(168, 9)",2026-08-24T10:18:03.197Z
"(168,10)",168,true,0,true,2026-08-24T10:05:04.033Z,1.12.6,1.8.1,,4.16.1,smallgroups-1-189-fs2-q3-findall,1692,1501,"(168, 10)",2026-08-24T10:18:03.263Z
"(168,11)",168,true,0,true,2026-08-24T10:05:04.033Z,1.12.6,1.8.1,,4.16.1,smallgroups-1-189-fs2-q3-findall,1692,1502,"(168, 11)",2026-08-24T10:18:03.302Z
"(168,12)",168,true,0,true,2026-08-24T10:05:04.033Z,1.12.6,1.8.1,,4.16.1,smallgroups-1-189-fs2-q3-findall,1692,1503,"(168, 12)",2026-08-24T10:18:03.393Z
"(168,13)",168,true,0,true,2026-08-24T10:05:04.033Z,1.12.6,1.8.1,,4.16.1,smallgroups-1-189-fs2-q3-findall,1692,1504,"(168, 13)",2026-08-24T10:18:03.494Z
"(168,14)",168,true,0,true,2026-08-24T10:05:04.033Z,1.12.6,1.8.1,,4.16.1,smallgroups-1-189-fs2-q3-findall,1692,1505,"(168, 14)",2026-08-24T10:18:04.06Z
"(168,15)",168,true,0,true,2026-08-24T10:05:04.033Z,1.12.6,1.8.1,,4.16.1,smallgroups-1-189-fs2-q3-findall,1692,1506,"(168, 15)",2026-08-24T10:18:04.149Z
"(168,16)",168,true,0,true,2026-08-24T10:05:04.033Z,1.12.6,1.8.1,,4.16.1,smallgroups-1-189-fs2-q3-findall,1692,1507,"(168, 16)",2026-08-24T10:18:04.225Z
"(168,17)",168,true,0,true,2026-08-24T10:05:04.033Z,1.12.6,1.8.1,,4.16.1,smallgroups-1-189-fs2-q3-findall,1692,1508,"(168, 17)",2026-08-24T10:18:04.307Z
"(168,18)",168,true,0,true,2026-08-24T10:05:04.033Z,1.12.6,1.8.1,,4.16.1,smallgroups-1-189-fs2-q3-findall,1692,1509,"(168, 18)",2026-08-24T10:18:04.38Z
"(168,19)",168,true,0,true,2026-08-24T10:05:04.033Z,1.12.6,1.8.1,,4.16.1,smallgroups-1-189-fs2-q3-findall,1692,1510,"(168, 19)",2026-08-24T10:18:04.561Z
"(168,20)",168,true,0,true,2026-08-24T10:05:04.033Z,1.12.6,1.8.1,,4.16.1,smallgroups-1-189-fs2-q3-findall,1692,1511,"(168, 20)",2026-08-24T10:18:04.634Z
"(168,21)",168,true,0,true,2026-08-24T10:05:04.033Z,1.12.6,1.8.1,,4.16.1,smallgroups-1-189-fs2-q3-findall,1692,1512,"(168, 21)",2026-08-24T10:18:04.706Z
"(168,22)",168,true,0,true,2026-08-24T10:05:04.033Z,1.12.6,1.8.1,,4.16.1,smallgroups-1-189-fs2-q3-findall,1692,1513,"(168, 22)",2026-08-24T10:18:06.309Z
"(168,23)",168,true,0,true,2026-08-24T10:05:04.033Z,1.12.6,1.8.1,,4.16.1,smallgroups-1-189-fs2-q3-findall,1692,1514,"(168, 23)",2026-08-24T10:18:06.381Z
"(168,24)",168,true,0,true,2026-08-24T10:05:04.033Z,1.12.6,1.8.1,,4.16.1,smallgroups-1-189-fs2-q3-findall,1692,1515,"(168, 24)",2026-08-24T10:18:06.587Z
"(168,25)",168,true,0,true,2026-08-24T10:05:04.033Z,1.12.6,1.8.1,,4.16.1,smallgroups-1-189-fs2-q3-findall,1692,1516,"(168, 25)",2026-08-24T10:18:06.847Z
"(168,26)",168,true,0,true,2026-08-24T10:05:04.033Z,1.12.6,1.8.1,,4.16.1,smallgroups-1-189-fs2-q3-findall,1692,1517,"(168, 26)",2026-08-24T10:18:07.05Z
"(168,27)",168,true,0,true,2026-08-24T10:05:04.033Z,1.12.6,1.8.1,,4.16.1,smallgroups-1-189-fs2-q3-findall,1692,1518,"(168, 27)",2026-08-24T10:18:07.338Z
"(168,28)",168,true,0,true,2026-08-24T10:05:04.033Z,1.12.6,1.8.1,,4.16.1,smallgroups-1-189-fs2-q3-findall,1692,1519,"(168, 28)",2026-08-24T10:18:07.567Z
"(168,29)",168,true,0,true,2026-08-24T10:05:04.033Z,1.12.6,1.8.1,,4.16.1,smallgroups-1-189-fs2-q3-findall,1692,1520,"(168, 29)",2026-08-24T10:18:08.37Z
"(168,30)",168,true,0,true,2026-08-24T10:05:04.033Z,1.12.6,1.8.1,,4.16.1,smallgroups-1-189-fs2-q3-findall,1692,1521,"(168, 30)",2026-08-24T10:18:08.894Z
"(168,31)",168,true,0,true,2026-08-24T10:05:04.033Z,1.12.6,1.8.1,,4.16.1,smallgroups-1-189-fs2-q3-findall,1692,1522,"(168, 31)",2026-08-24T10:18:09.137Z
"(168,32)",168,true,0,true,2026-08-24T10:05:04.033Z,1.12.6,1.8.1,,4.16.1,smallgroups-1-189-fs2-q3-findall,1692,1523,"(168, 32)",2026-08-24T10:18:10.051Z
"(168,33)",168,true,0,true,2026-08-24T10:05:04.033Z,1.12.6,1.8.1,,4.16.1,smallgroups-1-189-fs2-q3-findall,1692,1524,"(168, 33)",2026-08-24T10:18:10.314Z
"(168,34)",168,true,0,true,2026-08-24T10:05:04.033Z,1.12.6,1.8.1,,4.16.1,smallgroups-1-189-fs2-q3-findall,1692,1525,"(168, 34)",2026-08-24T10:18:10.503Z
"(168,35)",168,true,0,true,2026-08-24T10:05:04.033Z,1.12.6,1.8.1,,4.16.1,smallgroups-1-189-fs2-q3-findall,1692,1526,"(168, 35)",2026-08-24T10:18:10.71Z
"(168,36)",168,true,0,true,2026-08-24T10:05:04.033Z,1.12.6,1.8.1,,4.16.1,smallgroups-1-189-fs2-q3-findall,1692,1527,"(168, 36)",2026-08-24T10:18:11.281Z
"(168,37)",168,true,0,true,2026-08-24T10:05:04.033Z,1.12.6,1.8.1,,4.16.1,smallgroups-1-189-fs2-q3-findall,1692,1528,"(168, 37)",2026-08-24T10:18:11.553Z
"(168,38)",168,true,0,true,2026-08-24T10:05:04.033Z,1.12.6,1.8.1,,4.16.1,smallgroups-1-189-fs2-q3-findall,1692,1529,"(168, 38)",2026-08-24T10:18:11.772Z
"(168,39)",168,true,0,true,2026-08-24T10:05:04.033Z,1.12.6,1.8.1,,4.16.1,smallgroups-1-189-fs2-q3-findall,1692,1530,"(168, 39)",2026-08-24T10:18:15.774Z
"(168,40)",168,true,0,true,2026-08-24T10:05:04.033Z,1.12.6,1.8.1,,4.16.1,smallgroups-1-189-fs2-q3-findall,1692,1531,"(168, 40)",2026-08-24T10:18:16.454Z
"(168,41)",168,true,0,true,2026-08-24T10:05:04.033Z,1.12.6,1.8.1,,4.16.1,smallgroups-1-189-fs2-q3-findall,1692,1532,"(168, 41)",2026-08-24T10:18:17.732Z
"(168,42)",168,false,0,true,2026-08-24T10:05:04.033Z,1.12.6,1.8.1,,4.16.1,smallgroups-1-189-fs2-q3-findall,1692,1533,"(168, 42)",2026-08-24T10:18:17.761Z
"(168,43)",168,true,0,true,2026-08-24T10:05:04.033Z,1.12.6,1.8.1,,4.16.1,smallgroups-1-189-fs2-q3-findall,1692,1534,"(168, 43)",2026-08-24T10:18:17.778Z
"(168,44)",168,true,0,true,2026-08-24T10:05:04.033Z,1.12.6,1.8.1,,4.16.1,smallgroups-1-189-fs2-q3-findall,1692,1535,"(168, 44)",2026-08-24T10:18:17.829Z
"(168,45)",168,true,0,true,2026-08-24T10:05:04.033Z,1.12.6,1.8.1,,4.16.1,smallgroups-1-189-fs2-q3-findall,1692,1536,"(168, 45)",2026-08-24T10:18:17.927Z
"(168,46)",168,true,0,true,2026-08-24T10:05:04.033Z,1.12.6,1.8.1,,4.16.1,smallgroups-1-189-fs2-q3-findall,1692,1537,"(168, 46)",2026-08-24T10:18:17.972Z
"(168,47)",168,true,0,true,2026-08-24T10:05:04.033Z,1.12.6,1.8.1,,4.16.1,smallgroups-1-189-fs2-q3-findall,1692,1538,"(168, 47)",2026-08-24T10:18:18.035Z
"(168,48)",168,true,0,true,2026-08-24T10:05:04.033Z,1.12.6,1.8.1,,4.16.1,smallgroups-1-189-fs2-q3-findall,1692,1539,"(168, 48)",2026-08-24T10:18:18.083Z
"(168,49)",168,true,0,true,2026-08-24T10:05:04.033Z,1.12.6,1.8.1,,4.16.1,smallgroups-1-189-fs2-q3-findall,1692,1540,"(168, 49)",2026-08-24T10:18:18.106Z
"(168,50)",168,true,0,true,2026-08-24T10:05:04.033Z,1.12.6,1.8.1,,4.16.1,smallgroups-1-189-fs2-q3-findall,1692,1541,"(168, 50)",2026-08-24T10:18:18.212Z
"(168,51)",168,true,0,true,2026-08-24T10:05:04.033Z,1.12.6,1.8.1,,4.16.1,smallgroups-1-189-fs2-q3-findall,1692,1542,"(168, 51)",2026-08-24T10:18:18.376Z
"(168,52)",168,true,0,true,2026-08-24T10:05:04.033Z,1.12.6,1.8.1,,4.16.1,smallgroups-1-189-fs2-q3-findall,1692,1543,"(168, 52)",2026-08-24T10:18:19.857Z
"(168,53)",168,true,0,true,2026-08-24T10:05:04.033Z,1.12.6,1.8.1,,4.16.1,smallgroups-1-189-fs2-q3-findall,1692,1544,"(168, 53)",2026-08-24T10:18:19.936Z
"(168,54)",168,true,0,true,2026-08-24T10:05:04.033Z,1.12.6,1.8.1,,4.16.1,smallgroups-1-189-fs2-q3-findall,1692,1545,"(168, 54)",2026-08-24T10:18:20.242Z
"(168,55)",168,true,0,true,2026-08-24T10:05:04.033Z,1.12.6,1.8.1,,4.16.1,smallgroups-1-189-fs2-q3-findall,1692,1546,"(168, 55)",2026-08-24T10:18:20.717Z
"(168,56)",168,true,0,true,2026-08-24T10:05:04.033Z,1.12.6,1.8.1,,4.16.1,smallgroups-1-189-fs2-q3-findall,1692,1547,"(168, 56)",2026-08-24T10:18:21.56Z
"(168,57)",168,true,0,true,2026-08-24T10:05:04.033Z,1.12.6,1.8.1,,4.16.1,smallgroups-1-189-fs2-q3-findall,1692,1548,"(168, 57)",2026-08-24T10:18:23.872Z
"(170,1)",170,true,0,true,2026-08-24T10:05:04.033Z,1.12.6,1.8.1,,4.16.1,smallgroups-1-189-fs2-q3-findall,1692,1549,"(170, 1)",2026-08-24T10:18:29.002Z
"(170,2)",170,true,0,true,2026-08-24T10:05:04.033Z,1.12.6,1.8.1,,4.16.1,smallgroups-1-189-fs2-q3-findall,1692,1550,"(170, 2)",2026-08-24T10:18:32.946Z
"(170,3)",170,true,0,true,2026-08-24T10:05:04.033Z,1.12.6,1.8.1,,4.16.1,smallgroups-1-189-fs2-q3-findall,1692,1551,"(170, 3)",2026-08-24T10:18:36.948Z
"(170,4)",170,true,0,true,2026-08-24T10:05:04.033Z,1.12.6,1.8.1,,4.16.1,smallgroups-1-189-fs2-q3-findall,1692,1552,"(170, 4)",2026-08-24T10:18:45.512Z
"(171,1)",171,true,0,true,2026-08-24T10:05:04.033Z,1.12.6,1.8.1,,4.16.1,smallgroups-1-189-fs2-q3-findall,1692,1553,"(171, 1)",2026-08-24T10:18:45.64Z
"(171,2)",171,true,0,true,2026-08-24T10:05:04.033Z,1.12.6,1.8.1,,4.16.1,smallgroups-1-189-fs2-q3-findall,1692,1554,"(171, 2)",2026-08-24T10:18:51.778Z
"(171,3)",171,true,0,true,2026-08-24T10:05:04.033Z,1.12.6,1.8.1,,4.16.1,smallgroups-1-189-fs2-q3-findall,1692,1555,"(171, 3)",2026-08-24T10:18:52.009Z
"(171,4)",171,true,0,true,2026-08-24T10:05:04.033Z,1.12.6,1.8.1,,4.16.1,smallgroups-1-189-fs2-q3-findall,1692,1556,"(171, 4)",2026-08-24T10:18:52.142Z
"(171,5)",171,true,0,true,2026-08-24T10:05:04.033Z,1.12.6,1.8.1,,4.16.1,smallgroups-1-189-fs2-q3-findall,1692,1557,"(171, 5)",2026-08-24T10:18:56.763Z
"(172,1)",172,true,0,true,2026-08-24T10:05:04.033Z,1.12.6,1.8.1,,4.16.1,smallgroups-1-189-fs2-q3-findall,1692,1558,"(172, 1)",2026-08-24T10:18:57.839Z
"(172,2)",172,true,0,true,2026-08-24T10:05:04.033Z,1.12.6,1.8.1,,4.16.1,smallgroups-1-189-fs2-q3-findall,1692,1559,"(172, 2)",2026-08-24T10:19:08.595Z
"(172,3)",172,true,0,true,2026-08-24T10:05:04.033Z,1.12.6,1.8.1,,4.16.1,smallgroups-1-189-fs2-q3-findall,1692,1560,"(172, 3)",2026-08-24T10:19:09.815Z
"(172,4)",172,true,0,true,2026-08-24T10:05:04.033Z,1.12.6,1.8.1,,4.16.1,smallgroups-1-189-fs2-q3-findall,1692,1561,"(172, 4)",2026-08-24T10:19:16.64Z
"(174,1)",174,true,0,true,2026-08-24T10:05:04.033Z,1.12.6,1.8.1,,4.16.1,smallgroups-1-189-fs2-q3-findall,1692,1562,"(174, 1)",2026-08-24T10:19:17.519Z
"(174,2)",174,true,0,true,2026-08-24T10:05:04.033Z,1.12.6,1.8.1,,4.16.1,smallgroups-1-189-fs2-q3-findall,1692,1563,"(174, 2)",2026-08-24T10:19:18.451Z
"(174,3)",174,true,0,true,2026-08-24T10:05:04.033Z,1.12.6,1.8.1,,4.16.1,smallgroups-1-189-fs2-q3-findall,1692,1564,"(174, 3)",2026-08-24T10:19:19.111Z
"(174,4)",174,true,0,true,2026-08-24T10:05:04.033Z,1.12.6,1.8.1,,4.16.1,smallgroups-1-189-fs2-q3-findall,1692,1565,"(174, 4)",2026-08-24T10:19:24.544Z
"(175,1)",175,true,0,true,2026-08-24T10:05:04.033Z,1.12.6,1.8.1,,4.16.1,smallgroups-1-189-fs2-q3-findall,1692,1566,"(175, 1)",2026-08-24T10:19:40.064Z
"(175,2)",175,true,0,true,2026-08-24T10:05:04.033Z,1.12.6,1.8.1,,4.16.1,smallgroups-1-189-fs2-q3-findall,1692,1567,"(175, 2)",2026-08-24T10:19:44.814Z
"(176,1)",176,true,0,true,2026-08-24T10:05:04.033Z,1.12.6,1.8.1,,4.16.1,smallgroups-1-189-fs2-q3-findall,1692,1568,"(176, 1)",2026-08-24T10:19:45.1Z
"(176,2)",176,true,0,true,2026-08-24T10:05:04.033Z,1.12.6,1.8.1,,4.16.1,smallgroups-1-189-fs2-q3-findall,1692,1569,"(176, 2)",2026-08-24T10:19:54.394Z
"(176,3)",176,true,0,true,2026-08-24T10:05:04.033Z,1.12.6,1.8.1,,4.16.1,smallgroups-1-189-fs2-q3-findall,1692,1570,"(176, 3)",2026-08-24T10:19:54.681Z
"(176,4)",176,true,0,true,2026-08-24T10:05:04.033Z,1.12.6,1.8.1,,4.16.1,smallgroups-1-189-fs2-q3-findall,1692,1571,"(176, 4)",2026-08-24T10:19:54.928Z
"(176,5)",176,true,0,true,2026-08-24T10:05:04.033Z,1.12.6,1.8.1,,4.16.1,smallgroups-1-189-fs2-q3-findall,1692,1572,"(176, 5)",2026-08-24T10:19:55.16Z
"(176,6)",176,true,0,true,2026-08-24T10:05:04.033Z,1.12.6,1.8.1,,4.16.1,smallgroups-1-189-fs2-q3-findall,1692,1573,"(176, 6)",2026-08-24T10:19:55.701Z
"(176,7)",176,true,0,true,2026-08-24T10:05:04.033Z,1.12.6,1.8.1,,4.16.1,smallgroups-1-189-fs2-q3-findall,1692,1574,"(176, 7)",2026-08-24T10:19:55.944Z
"(176,8)",176,true,0,true,2026-08-24T10:05:04.033Z,1.12.6,1.8.1,,4.16.1,smallgroups-1-189-fs2-q3-findall,1692,1575,"(176, 8)",2026-08-24T10:19:56.226Z
"(176,9)",176,true,0,true,2026-08-24T10:05:04.033Z,1.12.6,1.8.1,,4.16.1,smallgroups-1-189-fs2-q3-findall,1692,1576,"(176, 9)",2026-08-24T10:19:56.467Z
"(176,10)",176,true,0,true,2026-08-24T10:05:04.033Z,1.12.6,1.8.1,,4.16.1,smallgroups-1-189-fs2-q3-findall,1692,1577,"(176, 10)",2026-08-24T10:19:56.753Z
"(176,11)",176,true,0,true,2026-08-24T10:05:04.033Z,1.12.6,1.8.1,,4.16.1,smallgroups-1-189-fs2-q3-findall,1692,1578,"(176, 11)",2026-08-24T10:19:57.289Z
"(176,12)",176,true,0,true,2026-08-24T10:05:04.033Z,1.12.6,1.8.1,,4.16.1,smallgroups-1-189-fs2-q3-findall,1692,1579,"(176, 12)",2026-08-24T10:19:57.54Z
"(176,13)",176,true,0,true,2026-08-24T10:05:04.033Z,1.12.6,1.8.1,,4.16.1,smallgroups-1-189-fs2-q3-findall,1692,1580,"(176, 13)",2026-08-24T10:19:57.778Z
"(176,14)",176,true,0,true,2026-08-24T10:05:04.033Z,1.12.6,1.8.1,,4.16.1,smallgroups-1-189-fs2-q3-findall,1692,1581,"(176, 14)",2026-08-24T10:19:57.904Z
"(176,15)",176,true,0,true,2026-08-24T10:05:04.033Z,1.12.6,1.8.1,,4.16.1,smallgroups-1-189-fs2-q3-findall,1692,1582,"(176, 15)",2026-08-24T10:19:58.377Z
"(176,16)",176,true,0,true,2026-08-24T10:05:04.033Z,1.12.6,1.8.1,,4.16.1,smallgroups-1-189-fs2-q3-findall,1692,1583,"(176, 16)",2026-08-24T10:19:58.508Z
"(176,17)",176,true,0,true,2026-08-24T10:05:04.033Z,1.12.6,1.8.1,,4.16.1,smallgroups-1-189-fs2-q3-findall,1692,1584,"(176, 17)",2026-08-24T10:19:58.635Z
"(176,18)",176,true,0,true,2026-08-24T10:05:04.033Z,1.12.6,1.8.1,,4.16.1,smallgroups-1-189-fs2-q3-findall,1692,1585,"(176, 18)",2026-08-24T10:19:58.921Z
"(176,19)",176,true,0,true,2026-08-24T10:05:04.033Z,1.12.6,1.8.1,,4.16.1,smallgroups-1-189-fs2-q3-findall,1692,1586,"(176, 19)",2026-08-24T10:20:04.378Z
"(176,20)",176,true,0,true,2026-08-24T10:05:04.033Z,1.12.6,1.8.1,,4.16.1,smallgroups-1-189-fs2-q3-findall,1692,1587,"(176, 20)",2026-08-24T10:20:06.611Z
"(176,21)",176,true,0,true,2026-08-24T10:05:04.033Z,1.12.6,1.8.1,,4.16.1,smallgroups-1-189-fs2-q3-findall,1692,1588,"(176, 21)",2026-08-24T10:20:07.613Z
"(176,22)",176,true,0,true,2026-08-24T10:05:04.033Z,1.12.6,1.8.1,,4.16.1,smallgroups-1-189-fs2-q3-findall,1692,1589,"(176, 22)",2026-08-24T10:20:13.191Z
"(176,23)",176,true,0,true,2026-08-24T10:05:04.033Z,1.12.6,1.8.1,,4.16.1,smallgroups-1-189-fs2-q3-findall,1692,1590,"(176, 23)",2026-08-24T10:20:15.271Z
"(176,24)",176,true,0,true,2026-08-24T10:05:04.033Z,1.12.6,1.8.1,,4.16.1,smallgroups-1-189-fs2-q3-findall,1692,1591,"(176, 24)",2026-08-24T10:20:15.669Z
"(176,25)",176,true,0,true,2026-08-24T10:05:04.033Z,1.12.6,1.8.1,,4.16.1,smallgroups-1-189-fs2-q3-findall,1692,1592,"(176, 25)",2026-08-24T10:20:16.068Z
"(176,26)",176,true,0,true,2026-08-24T10:05:04.033Z,1.12.6,1.8.1,,4.16.1,smallgroups-1-189-fs2-q3-findall,1692,1593,"(176, 26)",2026-08-24T10:20:16.939Z
"(176,27)",176,true,0,true,2026-08-24T10:05:04.033Z,1.12.6,1.8.1,,4.16.1,smallgroups-1-189-fs2-q3-findall,1692,1594,"(176, 27)",2026-08-24T10:20:17.19Z
"(176,28)",176,true,0,true,2026-08-24T10:05:04.033Z,1.12.6,1.8.1,,4.16.1,smallgroups-1-189-fs2-q3-findall,1692,1595,"(176, 28)",2026-08-24T10:20:17.476Z
"(176,29)",176,true,0,true,2026-08-24T10:05:04.033Z,1.12.6,1.8.1,,4.16.1,smallgroups-1-189-fs2-q3-findall,1692,1596,"(176, 29)",2026-08-24T10:20:17.731Z
"(176,30)",176,true,0,true,2026-08-24T10:05:04.033Z,1.12.6,1.8.1,,4.16.1,smallgroups-1-189-fs2-q3-findall,1692,1597,"(176, 30)",2026-08-24T10:20:18.297Z
"(176,31)",176,true,0,true,2026-08-24T10:05:04.033Z,1.12.6,1.8.1,,4.16.1,smallgroups-1-189-fs2-q3-findall,1692,1598,"(176, 31)",2026-08-24T10:20:18.453Z
"(176,32)",176,true,0,true,2026-08-24T10:05:04.033Z,1.12.6,1.8.1,,4.16.1,smallgroups-1-189-fs2-q3-findall,1692,1599,"(176, 32)",2026-08-24T10:20:18.603Z
"(176,33)",176,true,0,true,2026-08-24T10:05:04.033Z,1.12.6,1.8.1,,4.16.1,smallgroups-1-189-fs2-q3-findall,1692,1600,"(176, 33)",2026-08-24T10:20:18.754Z
"(176,34)",176,true,0,true,2026-08-24T10:05:04.033Z,1.12.6,1.8.1,,4.16.1,smallgroups-1-189-fs2-q3-findall,1692,1601,"(176, 34)",2026-08-24T10:20:19.175Z
"(176,35)",176,true,0,true,2026-08-24T10:05:04.033Z,1.12.6,1.8.1,,4.16.1,smallgroups-1-189-fs2-q3-findall,1692,1602,"(176, 35)",2026-08-24T10:20:19.536Z
"(176,36)",176,true,0,true,2026-08-24T10:05:04.033Z,1.12.6,1.8.1,,4.16.1,smallgroups-1-189-fs2-q3-findall,1692,1603,"(176, 36)",2026-08-24T10:20:20.172Z
"(176,37)",176,true,0,true,2026-08-24T10:05:04.033Z,1.12.6,1.8.1,,4.16.1,smallgroups-1-189-fs2-q3-findall,1692,1604,"(176, 37)",2026-08-24T10:20:24.955Z
"(176,38)",176,true,0,true,2026-08-24T10:05:04.033Z,1.12.6,1.8.1,,4.16.1,smallgroups-1-189-fs2-q3-findall,1692,1605,"(176, 38)",2026-08-24T10:20:26.332Z
"(176,39)",176,true,0,true,2026-08-24T10:05:04.033Z,1.12.6,1.8.1,,4.16.1,smallgroups-1-189-fs2-q3-findall,1692,1606,"(176, 39)",2026-08-24T10:20:28.436Z
"(176,40)",176,true,0,true,2026-08-24T10:05:04.033Z,1.12.6,1.8.1,,4.16.1,smallgroups-1-189-fs2-q3-findall,1692,1607,"(176, 40)",2026-08-24T10:20:29.254Z
"(176,41)",176,true,0,true,2026-08-24T10:05:04.033Z,1.12.6,1.8.1,,4.16.1,smallgroups-1-189-fs2-q3-findall,1692,1608,"(176, 41)",2026-08-24T10:20:30.089Z
"(176,42)",176,true,0,true,2026-08-24T10:05:04.033Z,1.12.6,1.8.1,,4.16.1,smallgroups-1-189-fs2-q3-findall,1692,1609,"(176, 42)",2026-08-24T10:20:33.485Z
"(177,1)",177,true,0,true,2026-08-24T10:05:04.033Z,1.12.6,1.8.1,,4.16.1,smallgroups-1-189-fs2-q3-findall,1692,1610,"(177, 1)",2026-08-24T10:20:44.623Z
"(178,1)",178,true,0,true,2026-08-24T10:05:04.033Z,1.12.6,1.8.1,,4.16.1,smallgroups-1-189-fs2-q3-findall,1692,1611,"(178, 1)",2026-08-24T10:20:55.28Z
"(178,2)",178,true,0,true,2026-08-24T10:05:04.033Z,1.12.6,1.8.1,,4.16.1,smallgroups-1-189-fs2-q3-findall,1692,1612,"(178, 2)",2026-08-24T10:21:07.583Z
"(180,1)",180,true,0,true,2026-08-24T10:05:04.033Z,1.12.6,1.8.1,,4.16.1,smallgroups-1-189-fs2-q3-findall,1692,1613,"(180, 1)",2026-08-24T10:21:07.863Z
"(180,2)",180,true,0,true,2026-08-24T10:05:04.033Z,1.12.6,1.8.1,,4.16.1,smallgroups-1-189-fs2-q3-findall,1692,1614,"(180, 2)",2026-08-24T10:21:08.213Z
"(180,3)",180,true,0,true,2026-08-24T10:05:04.033Z,1.12.6,1.8.1,,4.16.1,smallgroups-1-189-fs2-q3-findall,1692,1615,"(180, 3)",2026-08-24T10:21:08.454Z
"(180,4)",180,true,0,true,2026-08-24T10:05:04.033Z,1.12.6,1.8.1,,4.16.1,smallgroups-1-189-fs2-q3-findall,1692,1616,"(180, 4)",2026-08-24T10:21:11.527Z
"(180,5)",180,true,0,true,2026-08-24T10:05:04.033Z,1.12.6,1.8.1,,4.16.1,smallgroups-1-189-fs2-q3-findall,1692,1617,"(180, 5)",2026-08-24T10:21:12.062Z
"(180,6)",180,true,0,true,2026-08-24T10:05:04.033Z,1.12.6,1.8.1,,4.16.1,smallgroups-1-189-fs2-q3-findall,1692,1618,"(180, 6)",2026-08-24T10:21:12.112Z
"(180,7)",180,true,0,true,2026-08-24T10:05:04.033Z,1.12.6,1.8.1,,4.16.1,smallgroups-1-189-fs2-q3-findall,1692,1619,"(180, 7)",2026-08-24T10:21:12.175Z
"(180,8)",180,true,0,true,2026-08-24T10:05:04.033Z,1.12.6,1.8.1,,4.16.1,smallgroups-1-189-fs2-q3-findall,1692,1620,"(180, 8)",2026-08-24T10:21:12.394Z
"(180,9)",180,true,0,true,2026-08-24T10:05:04.033Z,1.12.6,1.8.1,,4.16.1,smallgroups-1-189-fs2-q3-findall,1692,1621,"(180, 9)",2026-08-24T10:21:12.753Z
"(180,10)",180,true,0,true,2026-08-24T10:05:04.033Z,1.12.6,1.8.1,,4.16.1,smallgroups-1-189-fs2-q3-findall,1692,1622,"(180, 10)",2026-08-24T10:21:14.235Z
"(180,11)",180,true,0,true,2026-08-24T10:05:04.033Z,1.12.6,1.8.1,,4.16.1,smallgroups-1-189-fs2-q3-findall,1692,1623,"(180, 11)",2026-08-24T10:21:14.467Z
"(180,12)",180,true,0,true,2026-08-24T10:05:04.033Z,1.12.6,1.8.1,,4.16.1,smallgroups-1-189-fs2-q3-findall,1692,1624,"(180, 12)",2026-08-24T10:21:17.125Z
"(180,13)",180,true,0,true,2026-08-24T10:05:04.033Z,1.12.6,1.8.1,,4.16.1,smallgroups-1-189-fs2-q3-findall,1692,1625,"(180, 13)",2026-08-24T10:21:17.49Z
"(180,14)",180,true,0,true,2026-08-24T10:05:04.033Z,1.12.6,1.8.1,,4.16.1,smallgroups-1-189-fs2-q3-findall,1692,1626,"(180, 14)",2026-08-24T10:21:18.018Z
"(180,15)",180,true,0,true,2026-08-24T10:05:04.033Z,1.12.6,1.8.1,,4.16.1,smallgroups-1-189-fs2-q3-findall,1692,1627,"(180, 15)",2026-08-24T10:21:18.279Z
"(180,16)",180,true,0,true,2026-08-24T10:05:04.033Z,1.12.6,1.8.1,,4.16.1,smallgroups-1-189-fs2-q3-findall,1692,1628,"(180, 16)",2026-08-24T10:21:19.175Z
"(180,17)",180,true,0,true,2026-08-24T10:05:04.033Z,1.12.6,1.8.1,,4.16.1,smallgroups-1-189-fs2-q3-findall,1692,1629,"(180, 17)",2026-08-24T10:21:19.432Z
"(180,18)",180,true,0,true,2026-08-24T10:05:04.033Z,1.12.6,1.8.1,,4.16.1,smallgroups-1-189-fs2-q3-findall,1692,1630,"(180, 18)",2026-08-24T10:21:22.98Z
"(180,19)",180,false,0,true,2026-08-24T10:05:04.033Z,1.12.6,1.8.1,,4.16.1,smallgroups-1-189-fs2-q3-findall,1692,1631,"(180, 19)",2026-08-24T10:21:23.051Z
"(180,20)",180,true,0,true,2026-08-24T10:05:04.033Z,1.12.6,1.8.1,,4.16.1,smallgroups-1-189-fs2-q3-findall,1692,1632,"(180, 20)",2026-08-24T10:21:23.174Z
"(180,21)",180,true,0,true,2026-08-24T10:05:04.033Z,1.12.6,1.8.1,,4.16.1,smallgroups-1-189-fs2-q3-findall,1692,1633,"(180, 21)",2026-08-24T10:21:23.234Z
"(180,22)",180,true,0,true,2026-08-24T10:05:04.033Z,1.12.6,1.8.1,,4.16.1,smallgroups-1-189-fs2-q3-findall,1692,1634,"(180, 22)",2026-08-24T10:21:23.291Z
"(180,23)",180,true,0,true,2026-08-24T10:05:04.033Z,1.12.6,1.8.1,,4.16.1,smallgroups-1-189-fs2-q3-findall,1692,1635,"(180, 23)",2026-08-24T10:21:23.373Z
"(180,24)",180,true,0,true,2026-08-24T10:05:04.033Z,1.12.6,1.8.1,,4.16.1,smallgroups-1-189-fs2-q3-findall,1692,1636,"(180, 24)",2026-08-24T10:21:23.421Z
"(180,25)",180,true,0,true,2026-08-24T10:05:04.033Z,1.12.6,1.8.1,,4.16.1,smallgroups-1-189-fs2-q3-findall,1692,1637,"(180, 25)",2026-08-24T10:21:23.455Z
"(180,26)",180,true,0,true,2026-08-24T10:05:04.033Z,1.12.6,1.8.1,,4.16.1,smallgroups-1-189-fs2-q3-findall,1692,1638,"(180, 26)",2026-08-24T10:21:23.572Z
"(180,27)",180,true,0,true,2026-08-24T10:05:04.033Z,1.12.6,1.8.1,,4.16.1,smallgroups-1-189-fs2-q3-findall,1692,1639,"(180, 27)",2026-08-24T10:21:24.401Z
"(180,28)",180,true,0,true,2026-08-24T10:05:04.033Z,1.12.6,1.8.1,,4.16.1,smallgroups-1-189-fs2-q3-findall,1692,1640,"(180, 28)",2026-08-24T10:21:24.556Z
"(180,29)",180,true,0,true,2026-08-24T10:05:04.033Z,1.12.6,1.8.1,,4.16.1,smallgroups-1-189-fs2-q3-findall,1692,1641,"(180, 29)",2026-08-24T10:21:24.65Z
"(180,30)",180,true,0,true,2026-08-24T10:05:04.033Z,1.12.6,1.8.1,,4.16.1,smallgroups-1-189-fs2-q3-findall,1692,1642,"(180, 30)",2026-08-24T10:21:24.712Z
"(180,31)",180,true,0,true,2026-08-24T10:05:04.033Z,1.12.6,1.8.1,,4.16.1,smallgroups-1-189-fs2-q3-findall,1692,1643,"(180, 31)",2026-08-24T10:21:24.933Z
"(180,32)",180,true,0,true,2026-08-24T10:05:04.033Z,1.12.6,1.8.1,,4.16.1,smallgroups-1-189-fs2-q3-findall,1692,1644,"(180, 32)",2026-08-24T10:21:25.323Z
"(180,33)",180,true,0,true,2026-08-24T10:05:04.033Z,1.12.6,1.8.1,,4.16.1,smallgroups-1-189-fs2-q3-findall,1692,1645,"(180, 33)",2026-08-24T10:21:26.456Z
"(180,34)",180,true,0,true,2026-08-24T10:05:04.033Z,1.12.6,1.8.1,,4.16.1,smallgroups-1-189-fs2-q3-findall,1692,1646,"(180, 34)",2026-08-24T10:21:26.713Z
"(180,35)",180,true,0,true,2026-08-24T10:05:04.033Z,1.12.6,1.8.1,,4.16.1,smallgroups-1-189-fs2-q3-findall,1692,1647,"(180, 35)",2026-08-24T10:21:26.986Z
"(180,36)",180,true,0,true,2026-08-24T10:05:04.033Z,1.12.6,1.8.1,,4.16.1,smallgroups-1-189-fs2-q3-findall,1692,1648,"(180, 36)",2026-08-24T10:21:27.244Z
"(180,37)",180,true,0,true,2026-08-24T10:05:04.033Z,1.12.6,1.8.1,,4.16.1,smallgroups-1-189-fs2-q3-findall,1692,1649,"(180, 37)",2026-08-24T10:21:31.295Z
"(182,1)",182,true,0,true,2026-08-24T10:05:04.033Z,1.12.6,1.8.1,,4.16.1,smallgroups-1-189-fs2-q3-findall,1692,1650,"(182, 1)",2026-08-24T10:21:38.382Z
"(182,2)",182,true,0,true,2026-08-24T10:05:04.033Z,1.12.6,1.8.1,,4.16.1,smallgroups-1-189-fs2-q3-findall,1692,1651,"(182, 2)",2026-08-24T10:21:44.144Z
"(182,3)",182,true,0,true,2026-08-24T10:05:04.033Z,1.12.6,1.8.1,,4.16.1,smallgroups-1-189-fs2-q3-findall,1692,1652,"(182, 3)",2026-08-24T10:21:50.16Z
"(182,4)",182,true,0,true,2026-08-24T10:05:04.033Z,1.12.6,1.8.1,,4.16.1,smallgroups-1-189-fs2-q3-findall,1692,1653,"(182, 4)",2026-08-24T10:22:00.724Z
"(183,1)",183,true,0,true,2026-08-24T10:05:04.033Z,1.12.6,1.8.1,,4.16.1,smallgroups-1-189-fs2-q3-findall,1692,1654,"(183, 1)",2026-08-24T10:22:01.858Z
"(183,2)",183,true,0,true,2026-08-24T10:05:04.033Z,1.12.6,1.8.1,,4.16.1,smallgroups-1-189-fs2-q3-findall,1692,1655,"(183, 2)",2026-08-24T10:22:13.107Z
"(184,1)",184,true,0,true,2026-08-24T10:05:04.033Z,1.12.6,1.8.1,,4.16.1,smallgroups-1-189-fs2-q3-findall,1692,1656,"(184, 1)",2026-08-24T10:22:13.762Z
"(184,2)",184,true,0,true,2026-08-24T10:05:04.033Z,1.12.6,1.8.1,,4.16.1,smallgroups-1-189-fs2-q3-findall,1692,1657,"(184, 2)",2026-08-24T10:22:24.711Z
"(184,3)",184,true,0,true,2026-08-24T10:05:04.033Z,1.12.6,1.8.1,,4.16.1,smallgroups-1-189-fs2-q3-findall,1692,1658,"(184, 3)",2026-08-24T10:22:25.116Z
"(184,4)",184,true,0,true,2026-08-24T10:05:04.033Z,1.12.6,1.8.1,,4.16.1,smallgroups-1-189-fs2-q3-findall,1692,1659,"(184, 4)",2026-08-24T10:22:25.795Z
"(184,5)",184,true,0,true,2026-08-24T10:05:04.033Z,1.12.6,1.8.1,,4.16.1,smallgroups-1-189-fs2-q3-findall,1692,1660,"(184, 5)",2026-08-24T10:22:26.201Z
"(184,6)",184,true,0,true,2026-08-24T10:05:04.033Z,1.12.6,1.8.1,,4.16.1,smallgroups-1-189-fs2-q3-findall,1692,1661,"(184, 6)",2026-08-24T10:22:27.83Z
"(184,7)",184,true,0,true,2026-08-24T10:05:04.033Z,1.12.6,1.8.1,,4.16.1,smallgroups-1-189-fs2-q3-findall,1692,1662,"(184, 7)",2026-08-24T10:22:28.333Z
"(184,8)",184,true,0,true,2026-08-24T10:05:04.033Z,1.12.6,1.8.1,,4.16.1,smallgroups-1-189-fs2-q3-findall,1692,1663,"(184, 8)",2026-08-24T10:22:34.934Z
"(184,9)",184,true,0,true,2026-08-24T10:05:04.033Z,1.12.6,1.8.1,,4.16.1,smallgroups-1-189-fs2-q3-findall,1692,1664,"(184, 9)",2026-08-24T10:22:37.275Z
"(184,10)",184,true,0,true,2026-08-24T10:05:04.033Z,1.12.6,1.8.1,,4.16.1,smallgroups-1-189-fs2-q3-findall,1692,1665,"(184, 10)",2026-08-24T10:22:38.958Z
"(184,11)",184,true,0,true,2026-08-24T10:05:04.033Z,1.12.6,1.8.1,,4.16.1,smallgroups-1-189-fs2-q3-findall,1692,1666,"(184, 11)",2026-08-24T10:22:39.764Z
"(184,12)",184,true,0,true,2026-08-24T10:05:04.033Z,1.12.6,1.8.1,,4.16.1,smallgroups-1-189-fs2-q3-findall,1692,1667,"(184, 12)",2026-08-24T10:22:45.546Z
"(185,1)",185,true,0,true,2026-08-24T10:05:04.033Z,1.12.6,1.8.1,,4.16.1,smallgroups-1-189-fs2-q3-findall,1692,1668,"(185, 1)",2026-08-24T10:23:06.474Z
"(186,1)",186,true,0,true,2026-08-24T10:05:04.033Z,1.12.6,1.8.1,,4.16.1,smallgroups-1-189-fs2-q3-findall,1692,1669,"(186, 1)",2026-08-24T10:23:06.552Z
"(186,2)",186,true,0,true,2026-08-24T10:05:04.033Z,1.12.6,1.8.1,,4.16.1,smallgroups-1-189-fs2-q3-findall,1692,1670,"(186, 2)",2026-08-24T10:23:06.84Z
"(186,3)",186,true,0,true,2026-08-24T10:05:04.033Z,1.12.6,1.8.1,,4.16.1,smallgroups-1-189-fs2-q3-findall,1692,1671,"(186, 3)",2026-08-24T10:23:08.236Z
"(186,4)",186,true,0,true,2026-08-24T10:05:04.033Z,1.12.6,1.8.1,,4.16.1,smallgroups-1-189-fs2-q3-findall,1692,1672,"(186, 4)",2026-08-24T10:23:08.932Z
"(186,5)",186,true,0,true,2026-08-24T10:05:04.033Z,1.12.6,1.8.1,,4.16.1,smallgroups-1-189-fs2-q3-findall,1692,1673,"(186, 5)",2026-08-24T10:23:10.007Z
"(186,6)",186,true,0,true,2026-08-24T10:05:04.033Z,1.12.6,1.8.1,,4.16.1,smallgroups-1-189-fs2-q3-findall,1692,1674,"(186, 6)",2026-08-24T10:23:16.183Z
"(187,1)",187,true,0,true,2026-08-24T10:05:04.033Z,1.12.6,1.8.1,,4.16.1,smallgroups-1-189-fs2-q3-findall,1692,1675,"(187, 1)",2026-08-24T10:23:39.981Z
"(188,1)",188,true,0,true,2026-08-24T10:05:04.033Z,1.12.6,1.8.1,,4.16.1,smallgroups-1-189-fs2-q3-findall,1692,1676,"(188, 1)",2026-08-24T10:23:42.401Z
"(188,2)",188,true,0,true,2026-08-24T10:05:04.033Z,1.12.6,1.8.1,,4.16.1,smallgroups-1-189-fs2-q3-findall,1692,1677,"(188, 2)",2026-08-24T10:23:55.383Z
"(188,3)",188,true,0,true,2026-08-24T10:05:04.033Z,1.12.6,1.8.1,,4.16.1,smallgroups-1-189-fs2-q3-findall,1692,1678,"(188, 3)",2026-08-24T10:23:57.155Z
"(188,4)",188,true,0,true,2026-08-24T10:05:04.033Z,1.12.6,1.8.1,,4.16.1,smallgroups-1-189-fs2-q3-findall,1692,1679,"(188, 4)",2026-08-24T10:24:04.488Z
"(189,1)",189,true,0,true,2026-08-24T10:05:04.033Z,1.12.6,1.8.1,,4.16.1,smallgroups-1-189-fs2-q3-findall,1692,1680,"(189, 1)",2026-08-24T10:24:04.634Z
"(189,2)",189,true,0,true,2026-08-24T10:05:04.033Z,1.12.6,1.8.1,,4.16.1,smallgroups-1-189-fs2-q3-findall,1692,1681,"(189, 2)",2026-08-24T10:24:11.72Z
"(189,3)",189,true,0,true,2026-08-24T10:05:04.033Z,1.12.6,1.8.1,,4.16.1,smallgroups-1-189-fs2-q3-findall,1692,1682,"(189, 3)",2026-08-24T10:24:11.854Z
"(189,4)",189,true,1,true,2026-08-24T10:05:04.033Z,1.12.6,1.8.1,,4.16.1,smallgroups-1-189-fs2-q3-findall,1692,1683,"(189, 4)",2026-08-24T10:24:13.281Z
"(189,5)",189,true,1,true,2026-08-24T10:05:04.033Z,1.12.6,1.8.1,,4.16.1,smallgroups-1-189-fs2-q3-findall,1692,1684,"(189, 5)",2026-08-24T10:24:14.062Z
"(189,6)",189,true,0,true,2026-08-24T10:05:04.033Z,1.12.6,1.8.1,,4.16.1,smallgroups-1-189-fs2-q3-findall,1692,1685,"(189, 6)",2026-08-24T10:24:14.204Z
"(189,7)",189,true,1,true,2026-08-24T10:05:04.033Z,1.12.6,1.8.1,,4.16.1,smallgroups-1-189-fs2-q3-findall,1692,1686,"(189, 7)",2026-08-24T10:24:14.345Z
"(189,8)",189,true,1,true,2026-08-24T10:05:04.033Z,1.12.6,1.8.1,,4.16.1,smallgroups-1-189-fs2-q3-findall,1692,1687,"(189, 8)",2026-08-24T10:24:14.486Z
"(189,9)",189,true,0,true,2026-08-24T10:05:04.033Z,1.12.6,1.8.1,,4.16.1,smallgroups-1-189-fs2-q3-findall,1692,1688,"(189, 9)",2026-08-24T10:24:17.529Z
"(189,10)",189,true,0,true,2026-08-24T10:05:04.033Z,1.12.6,1.8.1,,4.16.1,smallgroups-1-189-fs2-q3-findall,1692,1689,"(189, 10)",2026-08-24T10:24:19.143Z
"(189,11)",189,true,0,true,2026-08-24T10:05:04.033Z,1.12.6,1.8.1,,4.16.1,smallgroups-1-189-fs2-q3-findall,1692,1690,"(189, 11)",2026-08-24T10:24:19.492Z
"(189,12)",189,true,0,true,2026-08-24T10:05:04.033Z,1.12.6,1.8.1,,4.16.1,smallgroups-1-189-fs2-q3-findall,1692,1691,"(189, 12)",2026-08-24T10:24:19.645Z
"(189,13)",189,true,0,true,2026-08-24T10:05:04.033Z,1.12.6,1.8.1,,4.16.1,smallgroups-1-189-fs2-q3-findall,1692,1692,"(189, 13)",2026-08-24T10:24:22.48Z
